module_id:ID,name,module_no,description,module_sd_id,status,:LABEL
MOD_COURSE_001_M01,Foundations & Linear Data Structures,1,"Foundations & Linear Data Structures examines Classes and Stacks within Data Structures & Algorithms. Key technical concerns include Abstraction, encapsulation, state and behaviour, modularity, information hiding, with emphasis on how the contained topics are represented, analysed, and applied within their stated assumptions.",MSD_FOUNDATIONS_LINEAR_DATA_STRUCTURES,Active,Module
MOD_COURSE_001_M02,Linear Data Structures,2,"Linear Data Structures examines Queues and Linked Lists within Data Structures & Algorithms. Key technical concerns include FIFO ordering, abstraction, controlled access, operation complexity, Dynamic linkage, with emphasis on how the contained topics are represented, analysed, and applied within their stated assumptions.",MSD_LINEAR_DATA_STRUCTURES,Active,Module
MOD_COURSE_001_M03,Trees & Graphs,3,"Trees & Graphs examines Binary Search Tree (BST) and AVL Trees within Data Structures & Algorithms. Key technical concerns include Ordering invariant, recursive structure, search efficiency, height dependence, Height balance, with emphasis on how the contained topics are represented, analysed, and applied within their stated assumptions.",MSD_TREES_GRAPHS,Active,Module
MOD_COURSE_001_M04,Sorting & Searching,4,"Sorting & Searching examines Quick/Merge sort and Binary Search within Data Structures & Algorithms. Key technical concerns include Divide and conquer, ordering, complexity, partitioning/merging, logarithmic search, with emphasis on how the contained topics are represented, analysed, and applied within their stated assumptions.",MSD_SORTING_SEARCHING,Active,Module
MOD_COURSE_001_M05,Hashing,5,"Hashing examines Collision resolution within Data Structures & Algorithms. Key technical concerns include Hashing, occupancy/load factor, collision management, expected constant-time access under suitable assumptions, with emphasis on how the contained topics are represented, analysed, and applied within their stated assumptions.",MSD_HASHING,Active,Module
MOD_COURSE_002_M01,Propositional Logic,1,"Propositional Logic examines Truth tables within Discrete Mathematics. Key technical concerns include Boolean semantics, compositional evaluation, logical equivalence, with emphasis on how the contained topics are represented, analysed, and applied within their stated assumptions.",MSD_PROPOSITIONAL_LOGIC,Active,Module
MOD_COURSE_002_M02,Proof Techniques,2,"Proof Techniques examines Induction within Discrete Mathematics. Key technical concerns include Logical implication, well-founded progression, proof by cases over natural-number structure, with emphasis on how the contained topics are represented, analysed, and applied within their stated assumptions.",MSD_PROOF_TECHNIQUES,Active,Module
MOD_COURSE_002_M03,Set Theory & Relations,3,"Set Theory & Relations examines Equivalence relations within Discrete Mathematics. Key technical concerns include Reflexivity, symmetry, transitivity, partitioning, with emphasis on how the contained topics are represented, analysed, and applied within their stated assumptions.",MSD_SET_THEORY_RELATIONS,Active,Module
MOD_COURSE_002_M04,Combinatorics,4,"Combinatorics examines Pigeonhole principle within Discrete Mathematics. Key technical concerns include Counting, cardinality, unavoidable repetition, with emphasis on how the contained topics are represented, analysed, and applied within their stated assumptions.",MSD_COMBINATORICS,Active,Module
MOD_COURSE_002_M05,Graph Theory,5,"Graph Theory examines Trees within Discrete Mathematics. Key technical concerns include Hierarchy, connectivity, acyclicity, recursive decomposition, with emphasis on how the contained topics are represented, analysed, and applied within their stated assumptions.",MSD_GRAPH_THEORY,Active,Module
MOD_COURSE_003_M01,ER Modeling,1,"ER Modeling examines Entities, relationships & constraints within Database Management Systems. Key technical concerns include Data modelling, integrity, identity, structural constraints, with emphasis on how the contained topics are represented, analysed, and applied within their stated assumptions.",MSD_ER_MODELING,Active,Module
MOD_COURSE_003_M02,Relational Model,2,"Relational Model examines Relational algebra within Database Management Systems. Key technical concerns include Closure, relational composition, set semantics, query transformation, with emphasis on how the contained topics are represented, analysed, and applied within their stated assumptions.",MSD_RELATIONAL_MODEL,Active,Module
MOD_COURSE_003_M03,SQL,3,"SQL examines SQL queries within Database Management Systems. Key technical concerns include Declarative querying, set-oriented processing, integrity, transaction semantics, with emphasis on how the contained topics are represented, analysed, and applied within their stated assumptions.",MSD_SQL,Active,Module
MOD_COURSE_003_M04,Normalization,4,"Normalization examines Boyce-Codd Normal Form within Database Management Systems. Key technical concerns include Functional dependency, key-based determination, redundancy reduction, with emphasis on how the contained topics are represented, analysed, and applied within their stated assumptions.",MSD_NORMALIZATION,Active,Module
MOD_COURSE_003_M05,Transaction Management,5,"Transaction Management examines Concurrency control within Database Management Systems. Key technical concerns include Isolation, serializability, consistency, conflict management, with emphasis on how the contained topics are represented, analysed, and applied within their stated assumptions.",MSD_TRANSACTION_MANAGEMENT,Active,Module
MOD_COURSE_004_M01,Processes,1,"Processes examines Deadlocks within Operating Systems. Key technical concerns include Mutual exclusion, hold-and-wait, circular wait, resource allocation, with emphasis on how the contained topics are represented, analysed, and applied within their stated assumptions.",MSD_PROCESSES,Active,Module
MOD_COURSE_004_M02,Threads & Synchronization,2,"Threads & Synchronization examines Thread synchronization within Operating Systems. Key technical concerns include Mutual exclusion, ordering, atomicity, visibility, with emphasis on how the contained topics are represented, analysed, and applied within their stated assumptions.",MSD_THREADS_SYNCHRONIZATION,Active,Module
MOD_COURSE_004_M03,CPU Scheduling,3,"CPU Scheduling examines Scheduling algorithms within Operating Systems. Key technical concerns include Fairness, responsiveness, throughput, processor utilization, with emphasis on how the contained topics are represented, analysed, and applied within their stated assumptions.",MSD_CPU_SCHEDULING,Active,Module
MOD_COURSE_004_M04,Memory Management,4,"Memory Management examines Paging and virtual memory within Operating Systems. Key technical concerns include Address-space abstraction, locality, protection, memory utilization, with emphasis on how the contained topics are represented, analysed, and applied within their stated assumptions.",MSD_MEMORY_MANAGEMENT,Active,Module
MOD_COURSE_004_M05,File Systems,5,"File Systems examines File allocation and organization within Operating Systems. Key technical concerns include Storage organization, locality, allocation efficiency, reliability, with emphasis on how the contained topics are represented, analysed, and applied within their stated assumptions.",MSD_FILE_SYSTEMS,Active,Module
MOD_COURSE_005_M01,Digital Logic,1,"Digital Logic examines Arithmetic Logic Unit (ALU) within Computer Architecture. Key technical concerns include Combinational logic, arithmetic, Boolean operations, datapath design, with emphasis on how the contained topics are represented, analysed, and applied within their stated assumptions.",MSD_DIGITAL_LOGIC,Active,Module
MOD_COURSE_005_M02,Instruction Set Architecture,2,"Instruction Set Architecture examines Reduced Instruction Set Computer / Complex Instruction Set Computer (RISC/CISC) within Computer Architecture. Key technical concerns include Instruction-set abstraction, implementation trade-offs, performance, code density, with emphasis on how the contained topics are represented, analysed, and applied within their stated assumptions.",MSD_INSTRUCTION_SET_ARCHITECTURE,Active,Module
MOD_COURSE_005_M03,Pipelining,3,"Pipelining examines Pipeline hazards within Computer Architecture. Key technical concerns include Pipeline parallelism, dependency management, throughput, with emphasis on how the contained topics are represented, analysed, and applied within their stated assumptions.",MSD_PIPELINING,Active,Module
MOD_COURSE_005_M04,Memory Hierarchy,4,"Memory Hierarchy examines Caches and virtual memory within Computer Architecture. Key technical concerns include Locality, hierarchy, address translation, latency reduction, with emphasis on how the contained topics are represented, analysed, and applied within their stated assumptions.",MSD_MEMORY_HIERARCHY,Active,Module
MOD_COURSE_005_M05,I/O Systems,5,"I/O Systems examines I/O organization and interfaces within Computer Architecture. Key technical concerns include Data transfer, synchronization, buffering, device abstraction, with emphasis on how the contained topics are represented, analysed, and applied within their stated assumptions.",MSD_I_O_SYSTEMS,Active,Module
MOD_COURSE_006_M01,Divide & Conquer,1,"Divide & Conquer examines Merge sort within Design and Analysis of Algorithms. Key technical concerns include Divide and conquer, ordering, stability, predictable complexity, with emphasis on how the contained topics are represented, analysed, and applied within their stated assumptions.",MSD_DIVIDE_CONQUER,Active,Module
MOD_COURSE_006_M02,Dynamic Programming,2,"Dynamic Programming examines Knapsack within Design and Analysis of Algorithms. Key technical concerns include Combinatorial optimization, optimal substructure, resource allocation, capacity constraints, with emphasis on how the contained topics are represented, analysed, and applied within their stated assumptions.",MSD_DYNAMIC_PROGRAMMING,Active,Module
MOD_COURSE_006_M03,Greedy Algorithms,3,"Greedy Algorithms examines Activity selection within Design and Analysis of Algorithms. Key technical concerns include Greedy choice, feasibility, optimal substructure, with emphasis on how the contained topics are represented, analysed, and applied within their stated assumptions.",MSD_GREEDY_ALGORITHMS,Active,Module
MOD_COURSE_006_M04,Graph Algorithms,4,"Graph Algorithms examines Network flow within Design and Analysis of Algorithms. Key technical concerns include Conservation, capacity constraints, residual improvement, optimality, with emphasis on how the contained topics are represented, analysed, and applied within their stated assumptions.",MSD_GRAPH_ALGORITHMS,Active,Module
MOD_COURSE_006_M05,NP-Completeness,5,"NP-Completeness examines NP-complete problems within Design and Analysis of Algorithms. Key technical concerns include Computational complexity, reduction, tractability boundaries, with emphasis on how the contained topics are represented, analysed, and applied within their stated assumptions.",MSD_NP_COMPLETENESS,Active,Module
MOD_COURSE_007_M01,Software Development Life Cycle,1,"Software Development Life Cycle examines Process models within Software Engineering. Key technical concerns include Lifecycle management, iteration, risk, stakeholder feedback, with emphasis on how the contained topics are represented, analysed, and applied within their stated assumptions.",MSD_SOFTWARE_DEVELOPMENT_LIFE_CYCLE,Active,Module
MOD_COURSE_007_M02,Agile & Scrum,2,"Agile & Scrum examines Continuous integration and delivery within Software Engineering. Key technical concerns include Automation, repeatability, feedback, quality assurance, traceability, with emphasis on how the contained topics are represented, analysed, and applied within their stated assumptions.",MSD_AGILE_SCRUM,Active,Module
MOD_COURSE_007_M03,Requirements Engineering,3,"Requirements Engineering examines Use cases and requirements specification within Software Engineering. Key technical concerns include Stakeholder needs, completeness, consistency, verifiability, traceability, with emphasis on how the contained topics are represented, analysed, and applied within their stated assumptions.",MSD_REQUIREMENTS_ENGINEERING,Active,Module
MOD_COURSE_007_M04,System Design,4,"System Design examines Design patterns within Software Engineering. Key technical concerns include Abstraction, coupling/cohesion, reuse, trade-offs, with emphasis on how the contained topics are represented, analysed, and applied within their stated assumptions.",MSD_SYSTEM_DESIGN,Active,Module
MOD_COURSE_007_M05,Software Testing,5,"Software Testing examines Unit and integration testing within Software Engineering. Key technical concerns include Verification, isolation, interface correctness, regression detection, with emphasis on how the contained topics are represented, analysed, and applied within their stated assumptions.",MSD_SOFTWARE_TESTING,Active,Module
MOD_COURSE_008_M01,Physical Layer,1,"Physical Layer examines Transmission media and signalling within Computer Networks. Key technical concerns include Signal integrity, bandwidth, attenuation, interference, with emphasis on how the contained topics are represented, analysed, and applied within their stated assumptions.",MSD_PHYSICAL_LAYER,Active,Module
MOD_COURSE_008_M02,Data Link Layer,2,"Data Link Layer examines Framing and MAC within Computer Networks. Key technical concerns include Framing, addressing, error detection, medium access, with emphasis on how the contained topics are represented, analysed, and applied within their stated assumptions.",MSD_DATA_LINK_LAYER,Active,Module
MOD_COURSE_008_M03,Network Layer,3,"Network Layer examines IP addressing and routing within Computer Networks. Key technical concerns include Hierarchical addressing, forwarding, reachability, path selection, with emphasis on how the contained topics are represented, analysed, and applied within their stated assumptions.",MSD_NETWORK_LAYER,Active,Module
MOD_COURSE_008_M04,Transport Layer,4,"Transport Layer examines Transmission Control Protocol / User Datagram Protocol (TCP/UDP) within Computer Networks. Key technical concerns include End-to-end transport, multiplexing, reliability, congestion management, with emphasis on how the contained topics are represented, analysed, and applied within their stated assumptions.",MSD_TRANSPORT_LAYER,Active,Module
MOD_COURSE_008_M05,Application Layer,5,"Application Layer examines Hypertext Transfer Protocol (HTTP) within Computer Networks. Key technical concerns include Request/response, resource identification, stateless application semantics, extensibility, with emphasis on how the contained topics are represented, analysed, and applied within their stated assumptions.",MSD_APPLICATION_LAYER,Active,Module
MOD_COURSE_009_M01,Simple Stresses,1,"Simple Stresses examines Hooke's Law within Mechanics of Materials. Key technical concerns include Elasticity, proportionality, material stiffness, with emphasis on how the contained topics are represented, analysed, and applied within their stated assumptions.",MSD_SIMPLE_STRESSES,Active,Module
MOD_COURSE_009_M02,Bending Moment,2,"Bending Moment examines Flexure formula within Mechanics of Materials. Key technical concerns include Equilibrium, compatibility, elastic bending, section geometry, with emphasis on how the contained topics are represented, analysed, and applied within their stated assumptions.",MSD_BENDING_MOMENT,Active,Module
MOD_COURSE_009_M03,Bending Stresses,3,"Bending Stresses examines Bending stress distribution within Mechanics of Materials. Key technical concerns include Stress distribution, neutral axis, section geometry, with emphasis on how the contained topics are represented, analysed, and applied within their stated assumptions.",MSD_BENDING_STRESSES,Active,Module
MOD_COURSE_009_M04,Torsion,4,"Torsion examines Circular shafts within Mechanics of Materials. Key technical concerns include Torsion, shear stress, stiffness, strength, with emphasis on how the contained topics are represented, analysed, and applied within their stated assumptions.",MSD_TORSION,Active,Module
MOD_COURSE_009_M05,Deflection,5,"Deflection examines Beam deflection methods within Mechanics of Materials. Key technical concerns include Compatibility, stiffness, deformation, boundary conditions, with emphasis on how the contained topics are represented, analysed, and applied within their stated assumptions.",MSD_DEFLECTION,Active,Module
MOD_COURSE_010_M01,Fluid Properties,1,"Fluid Properties examines Viscosity within Fluid Mechanics. Key technical concerns include Defining mechanism/properties, governing conditions, assumptions and limitations, application/performance criteria for Viscosity, with emphasis on how the contained topics are represented, analysed, and applied within their stated assumptions.",MSD_FLUID_PROPERTIES,Active,Module
MOD_COURSE_010_M02,Hydrostatics,2,"Hydrostatics examines Buoyancy within Fluid Mechanics. Key technical concerns include Hydrostatic pressure, displaced volume, force equilibrium, with emphasis on how the contained topics are represented, analysed, and applied within their stated assumptions.",MSD_HYDROSTATICS,Active,Module
MOD_COURSE_010_M03,Kinematics,3,"Kinematics examines Continuity within Fluid Mechanics. Key technical concerns include Mass conservation, flux balance, continuity, with emphasis on how the contained topics are represented, analysed, and applied within their stated assumptions.",MSD_KINEMATICS,Active,Module
MOD_COURSE_010_M04,Dynamics,4,"Dynamics examines Reynolds number within Fluid Mechanics. Key technical concerns include Dimensional analysis, inertial-viscous balance, dynamic similarity, with emphasis on how the contained topics are represented, analysed, and applied within their stated assumptions.",MSD_DYNAMICS,Active,Module
MOD_COURSE_010_M05,Pipe Flow,5,"Pipe Flow examines Head loss and pipe-flow analysis within Fluid Mechanics. Key technical concerns include Energy conservation, friction, hydraulic resistance, efficiency, with emphasis on how the contained topics are represented, analysed, and applied within their stated assumptions.",MSD_PIPE_FLOW,Active,Module
MOD_COURSE_011_M01,Determinate Structures,1,"Determinate Structures examines Truss and beam analysis within Structural Analysis I. Key technical concerns include Equilibrium, load path, internal force, structural determinacy, with emphasis on how the contained topics are represented, analysed, and applied within their stated assumptions.",MSD_DETERMINATE_STRUCTURES,Active,Module
MOD_COURSE_011_M02,Deflections,2,"Deflections examines Moment-area theorem within Structural Analysis I. Key technical concerns include Curvature, integration, compatibility, with emphasis on how the contained topics are represented, analysed, and applied within their stated assumptions.",MSD_DEFLECTIONS,Active,Module
MOD_COURSE_011_M03,Energy Methods,3,"Energy Methods examines Virtual work within Structural Analysis I. Key technical concerns include Equilibrium, compatibility, work-energy relations, with emphasis on how the contained topics are represented, analysed, and applied within their stated assumptions.",MSD_ENERGY_METHODS,Active,Module
MOD_COURSE_011_M04,Influence Lines,4,"Influence Lines examines Influence-line construction within Structural Analysis I. Key technical concerns include Moving loads, structural response, position dependence, with emphasis on how the contained topics are represented, analysed, and applied within their stated assumptions.",MSD_INFLUENCE_LINES,Active,Module
MOD_COURSE_011_M05,Indeterminate Structures,5,"Indeterminate Structures examines Slope-deflection within Structural Analysis I. Key technical concerns include Stiffness, compatibility, equilibrium, with emphasis on how the contained topics are represented, analysed, and applied within their stated assumptions.",MSD_INDETERMINATE_STRUCTURES,Active,Module
MOD_COURSE_012_M01,Soil Classification,1,"Soil Classification examines Atterberg limits within Geotechnical Engineering. Key technical concerns include Consistency, plasticity, water-content dependence, with emphasis on how the contained topics are represented, analysed, and applied within their stated assumptions.",MSD_SOIL_CLASSIFICATION,Active,Module
MOD_COURSE_012_M02,Permeability,2,"Permeability examines Darcy's law within Geotechnical Engineering. Key technical concerns include Potential gradient, hydraulic conductivity, porous-media flow, with emphasis on how the contained topics are represented, analysed, and applied within their stated assumptions.",MSD_PERMEABILITY,Active,Module
MOD_COURSE_012_M03,Consolidation,3,"Consolidation examines Consolidation settlement within Geotechnical Engineering. Key technical concerns include Defining mechanism/properties, governing conditions, assumptions and limitations, application/performance criteria for Consolidation settlement, with emphasis on how the contained topics are represented, analysed, and applied within their stated assumptions.",MSD_CONSOLIDATION,Active,Module
MOD_COURSE_012_M04,Shear Strength,4,"Shear Strength examines Mohr-Coulomb failure criterion within Geotechnical Engineering. Key technical concerns include Shear strength, effective stress, friction, cohesion, with emphasis on how the contained topics are represented, analysed, and applied within their stated assumptions.",MSD_SHEAR_STRENGTH,Active,Module
MOD_COURSE_012_M05,Earth Pressure,5,"Earth Pressure examines Lateral earth pressure within Geotechnical Engineering. Key technical concerns include Stress state, equilibrium, soil-structure interaction, with emphasis on how the contained topics are represented, analysed, and applied within their stated assumptions.",MSD_EARTH_PRESSURE,Active,Module
MOD_COURSE_013_M01,Water Demand,1,"Water Demand examines Demand forecasting within Environmental Engineering. Key technical concerns include Defining mechanism/properties, governing conditions, assumptions and limitations, application/performance criteria for Demand forecasting, with emphasis on how the contained topics are represented, analysed, and applied within their stated assumptions.",MSD_WATER_DEMAND,Active,Module
MOD_COURSE_013_M02,Water Treatment,2,"Water Treatment examines Filtration within Environmental Engineering. Key technical concerns include Particle removal, hydraulic resistance, treatment performance, with emphasis on how the contained topics are represented, analysed, and applied within their stated assumptions.",MSD_WATER_TREATMENT,Active,Module
MOD_COURSE_013_M03,Wastewater Collection,3,"Wastewater Collection examines Sewer design within Environmental Engineering. Key technical concerns include Public health, hydraulic capacity, reliability, gravity flow, with emphasis on how the contained topics are represented, analysed, and applied within their stated assumptions.",MSD_WASTEWATER_COLLECTION,Active,Module
MOD_COURSE_013_M04,Sewage Treatment,4,"Sewage Treatment examines Activated sludge process within Environmental Engineering. Key technical concerns include Biological oxidation, mass balance, microbial growth, solids separation, with emphasis on how the contained topics are represented, analysed, and applied within their stated assumptions.",MSD_SEWAGE_TREATMENT,Active,Module
MOD_COURSE_013_M05,Solid Waste,5,"Solid Waste examines Solid-waste management within Environmental Engineering. Key technical concerns include Waste hierarchy, pollution prevention, resource recovery, public health, with emphasis on how the contained topics are represented, analysed, and applied within their stated assumptions.",MSD_SOLID_WASTE,Active,Module
MOD_COURSE_014_M01,Highway Planning,1,"Highway Planning examines Sight distance within Transportation Engineering. Key technical concerns include Safety, visibility, human factors, geometric design, with emphasis on how the contained topics are represented, analysed, and applied within their stated assumptions.",MSD_HIGHWAY_PLANNING,Active,Module
MOD_COURSE_014_M02,Geometric Design,2,"Geometric Design examines Super elevation within Transportation Engineering. Key technical concerns include Lateral stability, drainage, geometric transition, safety, with emphasis on how the contained topics are represented, analysed, and applied within their stated assumptions.",MSD_GEOMETRIC_DESIGN,Active,Module
MOD_COURSE_014_M03,Traffic Engineering,3,"Traffic Engineering examines Traffic flow and control within Transportation Engineering. Key technical concerns include Mobility, safety, capacity, accessibility, efficiency, with emphasis on how the contained topics are represented, analysed, and applied within their stated assumptions.",MSD_TRAFFIC_ENGINEERING,Active,Module
MOD_COURSE_014_M04,Pavement Materials,4,"Pavement Materials examines Bitumen testing within Transportation Engineering. Key technical concerns include Material characterization, temperature dependence, quality control, durability, with emphasis on how the contained topics are represented, analysed, and applied within their stated assumptions.",MSD_PAVEMENT_MATERIALS,Active,Module
MOD_COURSE_014_M05,Pavement Design,5,"Pavement Design examines Flexible pavement design within Transportation Engineering. Key technical concerns include Load distribution, durability, material efficiency, serviceability, with emphasis on how the contained topics are represented, analysed, and applied within their stated assumptions.",MSD_PAVEMENT_DESIGN,Active,Module
MOD_COURSE_015_M01,Project Lifecycle,1,"Project Lifecycle examines Gantt charts within Construction Planning & Management. Key technical concerns include Sequencing, visibility, schedule control, with emphasis on how the contained topics are represented, analysed, and applied within their stated assumptions.",MSD_PROJECT_LIFECYCLE,Active,Module
MOD_COURSE_015_M02,Network Techniques (CPM/PERT),2,"Network Techniques (CPM/PERT) examines Crashing within Construction Planning & Management. Key technical concerns include Time-cost trade-off, critical-path focus, resource allocation, with emphasis on how the contained topics are represented, analysed, and applied within their stated assumptions.",MSD_NETWORK_TECHNIQUES_CPM_PERT,Active,Module
MOD_COURSE_015_M03,Resource Allocation,3,"Resource Allocation examines Resource levelling within Construction Planning & Management. Key technical concerns include Resource constraints, feasibility, schedule stability, with emphasis on how the contained topics are represented, analysed, and applied within their stated assumptions.",MSD_RESOURCE_ALLOCATION,Active,Module
MOD_COURSE_015_M04,Cost Control,4,"Cost Control examines Depreciation and cost control within Construction Planning & Management. Key technical concerns include Lifecycle costing, accounting allocation, budget control, with emphasis on how the contained topics are represented, analysed, and applied within their stated assumptions.",MSD_COST_CONTROL,Active,Module
MOD_COURSE_015_M05,Construction Equipment,5,"Construction Equipment examines Equipment selection and productivity within Construction Planning & Management. Key technical concerns include Productivity, resource efficiency, safety, lifecycle economics, with emphasis on how the contained topics are represented, analysed, and applied within their stated assumptions.",MSD_CONSTRUCTION_EQUIPMENT,Active,Module
MOD_COURSE_016_M01,Basics of Surveying,1,"Basics of Surveying examines Errors within Surveying & Geomatics. Key technical concerns include Measurement quality, uncertainty, repeatability, error propagation, with emphasis on how the contained topics are represented, analysed, and applied within their stated assumptions.",MSD_BASICS_OF_SURVEYING,Active,Module
MOD_COURSE_016_M02,Leveling & Contouring,2,"Leveling & Contouring examines Benchmarks within Surveying & Geomatics. Key technical concerns include Reference frames, traceability, control, consistency, with emphasis on how the contained topics are represented, analysed, and applied within their stated assumptions.",MSD_LEVELING_CONTOURING,Active,Module
MOD_COURSE_016_M03,Theodolite Surveying,3,"Theodolite Surveying examines Angular measurement within Surveying & Geomatics. Key technical concerns include Geometric reference, precision, redundancy, instrument calibration, with emphasis on how the contained topics are represented, analysed, and applied within their stated assumptions.",MSD_THEODOLITE_SURVEYING,Active,Module
MOD_COURSE_016_M04,Curves,4,"Curves examines Horizontal and vertical curves within Surveying & Geomatics. Key technical concerns include Geometric continuity, safety, comfort, visibility, with emphasis on how the contained topics are represented, analysed, and applied within their stated assumptions.",MSD_CURVES,Active,Module
MOD_COURSE_016_M05,Modern Surveying (GPS/GIS),5,"Modern Surveying (GPS/GIS) examines GNSS/GPS and GIS applications within Surveying & Geomatics. Key technical concerns include Spatial reference, interoperability, positioning accuracy, spatial analysis, with emphasis on how the contained topics are represented, analysed, and applied within their stated assumptions.",MSD_MODERN_SURVEYING_GPS_GIS,Active,Module
MOD_COURSE_017_M01,Basic Concepts,1,"Basic Concepts examines Control volumes within Engineering Thermodynamics. Key technical concerns include Defining mechanism/properties, governing conditions, assumptions and limitations, application/performance criteria for Control volumes, with emphasis on how the contained topics are represented, analysed, and applied within their stated assumptions.",MSD_BASIC_CONCEPTS,Active,Module
MOD_COURSE_017_M02,First Law,2,"First Law examines Energy equation within Engineering Thermodynamics. Key technical concerns include Energy conservation, work/heat interactions, property accounting, with emphasis on how the contained topics are represented, analysed, and applied within their stated assumptions.",MSD_FIRST_LAW,Active,Module
MOD_COURSE_017_M03,Second Law,3,"Second Law examines Second-law analysis within Engineering Thermodynamics. Key technical concerns include Entropy, irreversibility, directionality, maximum performance, with emphasis on how the contained topics are represented, analysed, and applied within their stated assumptions.",MSD_SECOND_LAW,Active,Module
MOD_COURSE_017_M04,Entropy,4,"Entropy examines Entropy generation within Engineering Thermodynamics. Key technical concerns include Irreversibility, entropy production, lost work/exergy, with emphasis on how the contained topics are represented, analysed, and applied within their stated assumptions.",MSD_ENTROPY,Active,Module
MOD_COURSE_017_M05,Gas Power Cycles,5,"Gas Power Cycles examines Carnot cycle within Engineering Thermodynamics. Key technical concerns include Reversibility, temperature limits, efficiency bound, with emphasis on how the contained topics are represented, analysed, and applied within their stated assumptions.",MSD_GAS_POWER_CYCLES,Active,Module
MOD_COURSE_018_M01,Fluid Kinematics,1,"Fluid Kinematics examines Velocity and acceleration fields within Fluid Mechanics & Machinery. Key technical concerns include Kinematics, spatial gradients, material derivative, with emphasis on how the contained topics are represented, analysed, and applied within their stated assumptions.",MSD_FLUID_KINEMATICS,Active,Module
MOD_COURSE_018_M02,Conservation Laws,2,"Conservation Laws examines Navier-Stokes equation within Fluid Mechanics & Machinery. Key technical concerns include Momentum conservation, constitutive modelling, viscosity, with emphasis on how the contained topics are represented, analysed, and applied within their stated assumptions.",MSD_CONSERVATION_LAWS,Active,Module
MOD_COURSE_018_M03,Viscous Flow,3,"Viscous Flow examines Boundary layers within Fluid Mechanics & Machinery. Key technical concerns include Defining mechanism/properties, governing conditions, assumptions and limitations, application/performance criteria for Boundary layers, with emphasis on how the contained topics are represented, analysed, and applied within their stated assumptions.",MSD_VISCOUS_FLOW,Active,Module
MOD_COURSE_018_M04,Hydraulic Turbines,4,"Hydraulic Turbines examines Pelton and Francis turbines within Fluid Mechanics & Machinery. Key technical concerns include Energy conversion, hydraulic efficiency, flow control, mechanical power, with emphasis on how the contained topics are represented, analysed, and applied within their stated assumptions.",MSD_HYDRAULIC_TURBINES,Active,Module
MOD_COURSE_018_M05,Pumps,5,"Pumps examines Centrifugal pumps within Fluid Mechanics & Machinery. Key technical concerns include Defining mechanism/properties, governing conditions, assumptions and limitations, application/performance criteria for Centrifugal pumps, with emphasis on how the contained topics are represented, analysed, and applied within their stated assumptions.",MSD_PUMPS,Active,Module
MOD_COURSE_019_M01,Mechanisms,1,"Mechanisms examines Grashof's law within Kinematics of Machinery. Key technical concerns include Kinematic feasibility, link geometry, mobility, with emphasis on how the contained topics are represented, analysed, and applied within their stated assumptions.",MSD_MECHANISMS,Active,Module
MOD_COURSE_019_M02,Velocity/Acceleration Analysis,2,"Velocity/Acceleration Analysis examines Instantaneous centers within Kinematics of Machinery. Key technical concerns include Relative kinematics, rigid-body motion, instantaneous rotation, with emphasis on how the contained topics are represented, analysed, and applied within their stated assumptions.",MSD_VELOCITY_ACCELERATION_ANALYSIS,Active,Module
MOD_COURSE_019_M03,Cams,3,"Cams examines Cam displacement diagrams within Kinematics of Machinery. Key technical concerns include Prescribed motion, continuity, acceleration control, kinematics, with emphasis on how the contained topics are represented, analysed, and applied within their stated assumptions.",MSD_CAMS,Active,Module
MOD_COURSE_019_M04,Gears,4,"Gears examines Epicyclic gear trains within Kinematics of Machinery. Key technical concerns include Relative rotation, velocity ratio, compact power transmission, with emphasis on how the contained topics are represented, analysed, and applied within their stated assumptions.",MSD_GEARS,Active,Module
MOD_COURSE_019_M05,Friction,5,"Friction examines Friction in machine mechanisms within Kinematics of Machinery. Key technical concerns include Energy dissipation, contact mechanics, wear, efficiency, with emphasis on how the contained topics are represented, analysed, and applied within their stated assumptions.",MSD_FRICTION,Active,Module
MOD_COURSE_020_M01,Conduction,1,"Conduction examines Fins within Heat and Mass Transfer. Key technical concerns include Conduction-convection coupling, thermal resistance, surface area, with emphasis on how the contained topics are represented, analysed, and applied within their stated assumptions.",MSD_CONDUCTION,Active,Module
MOD_COURSE_020_M02,Convection,2,"Convection examines Free/forced convection within Heat and Mass Transfer. Key technical concerns include Convection, buoyancy, forced flow, boundary layers, with emphasis on how the contained topics are represented, analysed, and applied within their stated assumptions.",MSD_CONVECTION,Active,Module
MOD_COURSE_020_M03,Radiation,3,"Radiation examines Blackbody radiation within Heat and Mass Transfer. Key technical concerns include Thermal radiation, emissive power, temperature dependence, with emphasis on how the contained topics are represented, analysed, and applied within their stated assumptions.",MSD_RADIATION,Active,Module
MOD_COURSE_020_M04,Heat Exchangers,4,"Heat Exchangers examines Log Mean Temperature Difference (LMTD) within Heat and Mass Transfer. Key technical concerns include Defining mechanism/properties, governing conditions, assumptions and limitations, application/performance criteria for LMTD, with emphasis on how the contained topics are represented, analysed, and applied within their stated assumptions.",MSD_HEAT_EXCHANGERS,Active,Module
MOD_COURSE_020_M05,Mass Transfer,5,"Mass Transfer examines Mass diffusion and transfer coefficients within Heat and Mass Transfer. Key technical concerns include Species conservation, diffusion, convection, mass-transfer resistance, with emphasis on how the contained topics are represented, analysed, and applied within their stated assumptions.",MSD_MASS_TRANSFER,Active,Module
MOD_COURSE_021_M01,Dynamic Force Analysis,1,"Dynamic Force Analysis examines Flywheels within Dynamics of Machines. Key technical concerns include Energy storage, inertia, speed regulation, with emphasis on how the contained topics are represented, analysed, and applied within their stated assumptions.",MSD_DYNAMIC_FORCE_ANALYSIS,Active,Module
MOD_COURSE_021_M02,Balancing,2,"Balancing examines Static and dynamic balancing within Dynamics of Machines. Key technical concerns include Force balance, moment balance, vibration reduction, with emphasis on how the contained topics are represented, analysed, and applied within their stated assumptions.",MSD_BALANCING,Active,Module
MOD_COURSE_021_M03,Free Vibration,3,"Free Vibration examines Natural frequency within Dynamics of Machines. Key technical concerns include Inertia, stiffness, modal behaviour, with emphasis on how the contained topics are represented, analysed, and applied within their stated assumptions.",MSD_FREE_VIBRATION,Active,Module
MOD_COURSE_021_M04,Forced Vibration,4,"Forced Vibration examines Resonance within Dynamics of Machines. Key technical concerns include Dynamic amplification, frequency matching, damping, with emphasis on how the contained topics are represented, analysed, and applied within their stated assumptions.",MSD_FORCED_VIBRATION,Active,Module
MOD_COURSE_021_M05,Governors & Gyroscopes,5,"Governors & Gyroscopes examines Governor and gyroscope principles within Dynamics of Machines. Key technical concerns include Feedback/regulation, angular momentum, dynamic stability, with emphasis on how the contained topics are represented, analysed, and applied within their stated assumptions.",MSD_GOVERNORS_GYROSCOPES,Active,Module
MOD_COURSE_022_M01,Casting,1,"Casting examines Sand casting within Manufacturing Processes. Key technical concerns include Material shaping, solidification, resource use, process quality, with emphasis on how the contained topics are represented, analysed, and applied within their stated assumptions.",MSD_CASTING,Active,Module
MOD_COURSE_022_M02,Metal Forming,2,"Metal Forming examines Forging within Manufacturing Processes. Key technical concerns include Plastic deformation, material integrity, grain flow, energy input, with emphasis on how the contained topics are represented, analysed, and applied within their stated assumptions.",MSD_METAL_FORMING,Active,Module
MOD_COURSE_022_M03,Joining Processes,3,"Joining Processes examines Arc welding within Manufacturing Processes. Key technical concerns include Fusion, heat transfer, metallurgical control, joint integrity, with emphasis on how the contained topics are represented, analysed, and applied within their stated assumptions.",MSD_JOINING_PROCESSES,Active,Module
MOD_COURSE_022_M04,Machining,4,"Machining examines Lathe operations within Manufacturing Processes. Key technical concerns include Material removal, geometric accuracy, cutting mechanics, productivity, with emphasis on how the contained topics are represented, analysed, and applied within their stated assumptions.",MSD_MACHINING,Active,Module
MOD_COURSE_022_M05,Non-traditional Machining,5,"Non-traditional Machining examines Electrical discharge machining within Manufacturing Processes. Key technical concerns include Localized energy transfer, material removal, process control, with emphasis on how the contained topics are represented, analysed, and applied within their stated assumptions.",MSD_NON_TRADITIONAL_MACHINING,Active,Module
MOD_COURSE_023_M01,Failure Theories,1,"Failure Theories examines Von Mises within Design of Machine Elements. Key technical concerns include Distortion energy, yielding, multiaxial stress, with emphasis on how the contained topics are represented, analysed, and applied within their stated assumptions.",MSD_FAILURE_THEORIES,Active,Module
MOD_COURSE_023_M02,Fatigue Design,2,"Fatigue Design examines Goodman diagram within Design of Machine Elements. Key technical concerns include Fatigue, mean-stress effect, safety factor, with emphasis on how the contained topics are represented, analysed, and applied within their stated assumptions.",MSD_FATIGUE_DESIGN,Active,Module
MOD_COURSE_023_M03,Shafts & Keys,3,"Shafts & Keys examines Shaft and key design within Design of Machine Elements. Key technical concerns include Strength, stiffness, fatigue, torque transmission, with emphasis on how the contained topics are represented, analysed, and applied within their stated assumptions.",MSD_SHAFTS_KEYS,Active,Module
MOD_COURSE_023_M04,Springs & Bearings,4,"Springs & Bearings examines Journal bearings within Design of Machine Elements. Key technical concerns include Lubrication, friction reduction, load capacity, thermal management, with emphasis on how the contained topics are represented, analysed, and applied within their stated assumptions.",MSD_SPRINGS_BEARINGS,Active,Module
MOD_COURSE_023_M05,Gears,5,"Gears examines Gear design fundamentals within Design of Machine Elements. Key technical concerns include Power transmission, strength, wear, reliability, geometry, with emphasis on how the contained topics are represented, analysed, and applied within their stated assumptions.",MSD_GEARS,Active,Module
MOD_COURSE_024_M01,System Modeling,1,"System Modeling examines Laplace transforms within Control Systems Engineering. Key technical concerns include Linear systems, superposition, transform-domain analysis, with emphasis on how the contained topics are represented, analysed, and applied within their stated assumptions.",MSD_SYSTEM_MODELING,Active,Module
MOD_COURSE_024_M02,Time Domain Analysis,2,"Time Domain Analysis examines Time-domain response within Control Systems Engineering. Key technical concerns include Stability, transient performance, steady-state accuracy, with emphasis on how the contained topics are represented, analysed, and applied within their stated assumptions.",MSD_TIME_DOMAIN_ANALYSIS,Active,Module
MOD_COURSE_024_M03,Stability,3,"Stability examines Routh-Hurwitz and Nyquist criteria within Control Systems Engineering. Key technical concerns include Stability, pole location, feedback, robustness, with emphasis on how the contained topics are represented, analysed, and applied within their stated assumptions.",MSD_STABILITY,Active,Module
MOD_COURSE_024_M04,Frequency Domain Analysis,4,"Frequency Domain Analysis examines Bode plot within Control Systems Engineering. Key technical concerns include Frequency response, stability margins, bandwidth, with emphasis on how the contained topics are represented, analysed, and applied within their stated assumptions.",MSD_FREQUENCY_DOMAIN_ANALYSIS,Active,Module
MOD_COURSE_024_M05,Controller Design,5,"Controller Design examines PID control within Control Systems Engineering. Key technical concerns include Defining mechanism/properties, governing conditions, assumptions and limitations, application/performance criteria for PID control, with emphasis on how the contained topics are represented, analysed, and applied within their stated assumptions.",MSD_CONTROLLER_DESIGN,Active,Module
MOD_COURSE_025_M1,Intelligent Agents,1,"Examines the concepts and methods required to understand and work with intelligent agents. The module addresses agents and environments, rational action, agent architectures, and utility and performance measures, with emphasis on their relationships, assumptions, analytical use, and application within Artificial Intelligence.",MSD_COURSE_025_M1,Active,Module
MOD_COURSE_025_M2,Problem Solving and Search,2,"Examines the concepts and methods required to understand and work with problem solving and search. The module addresses state-space formulation, uninformed search, heuristic search, local search, and adversarial search, with emphasis on their relationships, assumptions, analytical use, and application within Artificial Intelligence.",MSD_COURSE_025_M2,Active,Module
MOD_COURSE_025_M3,Knowledge Representation and Reasoning,3,"Examines the concepts and methods required to understand and work with knowledge representation and reasoning. The module addresses propositional logic, first-order logic, ontologies, knowledge graphs, inference, and reasoning under uncertainty, with emphasis on their relationships, assumptions, analytical use, and application within Artificial Intelligence.",MSD_COURSE_025_M3,Active,Module
MOD_COURSE_025_M4,Planning and Decision Making,4,"Examines the concepts and methods required to understand and work with planning and decision making. The module addresses classical planning, partial-order planning, probabilistic decision making, Markov decision processes, and sequential decision making, with emphasis on their relationships, assumptions, analytical use, and application within Artificial Intelligence.",MSD_COURSE_025_M4,Active,Module
MOD_COURSE_025_M5,Machine Learning Foundations,5,"Establishes the foundational models, terminology, and governing principles machine learning foundations. The module addresses learning paradigms, hypothesis spaces, feature representations, generalization, bias-variance, and learning pipelines, with emphasis on their relationships, assumptions, analytical use, and application within Artificial Intelligence.",MSD_COURSE_025_M5,Active,Module
MOD_COURSE_025_M6,Natural Language Processing,6,"Examines the concepts and methods required to understand and work with natural language processing. The module addresses text representation, language models, sequence modelling, parsing, information extraction, and evaluation, with emphasis on their relationships, assumptions, analytical use, and application within Artificial Intelligence.",MSD_COURSE_025_M6,Active,Module
MOD_COURSE_025_M7,Computer Vision and Perception,7,"Examines the concepts and methods required to understand and work with computer vision and perception. The module addresses image formation, feature extraction, classification, object detection, segmentation, and evaluation, with emphasis on their relationships, assumptions, analytical use, and application within Artificial Intelligence.",MSD_COURSE_025_M7,Active,Module
MOD_COURSE_025_M8,"AI Systems, Safety and Ethics",8,"Examines how the relevant components are organised into functioning systems and how their interactions constrain performance ai systems, safety and ethics. The module addresses AI system architecture, robustness, interpretability, fairness, privacy, and safety and governance, with emphasis on their relationships, assumptions, analytical use, and application within Artificial Intelligence.",MSD_COURSE_025_M8,Active,Module
MOD_COURSE_026_M1,Learning Paradigms,1,"Examines the concepts and methods required to understand and work with learning paradigms. The module addresses supervised learning, unsupervised learning, semi-supervised learning, self-supervised learning, and reinforcement learning, with emphasis on their relationships, assumptions, analytical use, and application within Machine Learning.",MSD_COURSE_026_M1,Active,Module
MOD_COURSE_026_M2,Data Preparation and Feature Engineering,2,"Examines the concepts and methods required to understand and work with data preparation and feature engineering. The module addresses data cleaning, missing values, categorical encoding, scaling, feature selection, and leakage control, with emphasis on their relationships, assumptions, analytical use, and application within Machine Learning.",MSD_COURSE_026_M2,Active,Module
MOD_COURSE_026_M3,Regression and Classification,3,"Examines the concepts and methods required to understand and work with regression and classification. The module addresses linear regression, logistic regression, regularization, decision trees, ensemble methods, and support vector machines, with emphasis on their relationships, assumptions, analytical use, and application within Machine Learning.",MSD_COURSE_026_M3,Active,Module
MOD_COURSE_026_M4,Probabilistic and Bayesian Learning,4,"Examines the concepts and methods required to understand and work with probabilistic and bayesian learning. The module addresses probability models, Bayes rule, naive Bayes, graphical models, maximum likelihood, and Bayesian inference, with emphasis on their relationships, assumptions, analytical use, and application within Machine Learning.",MSD_COURSE_026_M4,Active,Module
MOD_COURSE_026_M5,Unsupervised Learning and Representation,5,"Examines the concepts and methods required to understand and work with unsupervised learning and representation. The module addresses clustering, dimensionality reduction, principal component analysis, mixture models, and manifold learning, with emphasis on their relationships, assumptions, analytical use, and application within Machine Learning.",MSD_COURSE_026_M5,Active,Module
MOD_COURSE_026_M6,Neural Networks and Deep Learning,6,"Examines the concepts and methods required to understand and work with neural networks and deep learning. The module addresses perceptrons, multilayer networks, backpropagation, convolutional networks, sequence models, and optimization, with emphasis on their relationships, assumptions, analytical use, and application within Machine Learning.",MSD_COURSE_026_M6,Active,Module
MOD_COURSE_026_M7,Model Evaluation and Deployment,7,"Develops the analytical methods used to formulate, solve, and evaluate problems model evaluation and deployment. The module addresses cross-validation, calibration, imbalanced data, hyperparameter selection, model monitoring, and reproducibility, with emphasis on their relationships, assumptions, analytical use, and application within Machine Learning.",MSD_COURSE_026_M7,Active,Module
MOD_COURSE_027_M1,Distributed System Models,1,"Examines the concepts and methods required to understand and work with distributed system models. The module addresses system models, communication models, time and ordering, failure models, and scalability, with emphasis on their relationships, assumptions, analytical use, and application within Distributed Systems.",MSD_COURSE_027_M1,Active,Module
MOD_COURSE_027_M2,Communication and Coordination,2,"Examines the mechanisms used to regulate, coordinate, or control system behaviour communication and coordination. The module addresses RPC, messaging, multicast, logical clocks, leader election, and distributed coordination, with emphasis on their relationships, assumptions, analytical use, and application within Distributed Systems.",MSD_COURSE_027_M2,Active,Module
MOD_COURSE_027_M3,Replication and Consistency,3,"Examines the concepts and methods required to understand and work with replication and consistency. The module addresses primary-backup replication, quorum systems, consistency models, consensus, and conflict resolution, with emphasis on their relationships, assumptions, analytical use, and application within Distributed Systems.",MSD_COURSE_027_M3,Active,Module
MOD_COURSE_027_M4,Distributed Transactions,4,"Examines the concepts and methods required to understand and work with distributed transactions. The module addresses atomic commit, two-phase commit, distributed concurrency control, serializability, and recovery, with emphasis on their relationships, assumptions, analytical use, and application within Distributed Systems.",MSD_COURSE_027_M4,Active,Module
MOD_COURSE_027_M5,Distributed Storage,5,"Examines the concepts and methods required to understand and work with distributed storage. The module addresses partitioning, distributed hash tables, distributed file systems, object storage, and metadata management, with emphasis on their relationships, assumptions, analytical use, and application within Distributed Systems.",MSD_COURSE_027_M5,Active,Module
MOD_COURSE_027_M6,Fault Tolerance and Recovery,6,"Examines the concepts and methods required to understand and work with fault tolerance and recovery. The module addresses failure detection, redundancy, checkpointing, recovery protocols, and Byzantine failures, with emphasis on their relationships, assumptions, analytical use, and application within Distributed Systems.",MSD_COURSE_027_M6,Active,Module
MOD_COURSE_027_M7,Distributed System Design,7,"Develops the design methods and decision criteria used to translate theory into an engineered or applied solution distributed system design. The module addresses availability, partition tolerance, load balancing, observability, and performance trade-offs, with emphasis on their relationships, assumptions, analytical use, and application within Distributed Systems.",MSD_COURSE_027_M7,Active,Module
MOD_COURSE_028_M1,Cloud Computing Models,1,"Examines the concepts and methods required to understand and work with cloud computing models. The module addresses IaaS, PaaS, SaaS, public/private/hybrid cloud, and shared responsibility, with emphasis on their relationships, assumptions, analytical use, and application within Cloud Computing and Virtualization.",MSD_COURSE_028_M1,Active,Module
MOD_COURSE_028_M2,Virtualization Technologies,2,"Examines the concepts and methods required to understand and work with virtualization technologies. The module addresses hypervisors, virtual machines, containers, hardware virtualization, and resource isolation, with emphasis on their relationships, assumptions, analytical use, and application within Cloud Computing and Virtualization.",MSD_COURSE_028_M2,Active,Module
MOD_COURSE_028_M3,Cloud Resource Management,3,"Examines the concepts and methods required to understand and work with cloud resource management. The module addresses provisioning, autoscaling, scheduling, resource allocation, and capacity planning, with emphasis on their relationships, assumptions, analytical use, and application within Cloud Computing and Virtualization.",MSD_COURSE_028_M3,Active,Module
MOD_COURSE_028_M4,Cloud Storage and Data Services,4,"Examines the concepts and methods required to understand and work with cloud storage and data services. The module addresses object storage, block storage, file storage, distributed databases, and data durability, with emphasis on their relationships, assumptions, analytical use, and application within Cloud Computing and Virtualization.",MSD_COURSE_028_M4,Active,Module
MOD_COURSE_028_M5,Cloud Networking,5,"Examines the concepts and methods required to understand and work with cloud networking. The module addresses virtual networks, subnets, routing, load balancing, service discovery, and network security, with emphasis on their relationships, assumptions, analytical use, and application within Cloud Computing and Virtualization.",MSD_COURSE_028_M5,Active,Module
MOD_COURSE_028_M6,Cloud Orchestration and Automation,6,"Examines the concepts and methods required to understand and work with cloud orchestration and automation. The module addresses infrastructure as code, configuration management, orchestration, service deployment, and autoscaling policies, with emphasis on their relationships, assumptions, analytical use, and application within Cloud Computing and Virtualization.",MSD_COURSE_028_M6,Active,Module
MOD_COURSE_028_M7,Cloud Security and Reliability,7,"Examines the concepts and methods required to understand and work with cloud security and reliability. The module addresses identity and access management, encryption, isolation, resilience, and backup and disaster recovery, with emphasis on their relationships, assumptions, analytical use, and application within Cloud Computing and Virtualization.",MSD_COURSE_028_M7,Active,Module
MOD_COURSE_029_M1,Data Center Architecture and Facilities,1,"Examines how the relevant components are organised into functioning systems and how their interactions constrain performance data center architecture and facilities. The module addresses site planning, rack layout, power distribution, cooling architecture, and physical security, with emphasis on their relationships, assumptions, analytical use, and application within Data Center Operations and Infrastructure.",MSD_COURSE_029_M1,Active,Module
MOD_COURSE_029_M2,Compute Infrastructure,2,"Examines the concepts and methods required to understand and work with compute infrastructure. The module addresses server architectures, processors, memory, storage controllers, accelerators, and hardware lifecycle, with emphasis on their relationships, assumptions, analytical use, and application within Data Center Operations and Infrastructure.",MSD_COURSE_029_M2,Active,Module
MOD_COURSE_029_M3,Storage and Data Infrastructure,3,"Examines the concepts and methods required to understand and work with storage and data infrastructure. The module addresses RAID, SAN, NAS, object storage, backup, and data protection, with emphasis on their relationships, assumptions, analytical use, and application within Data Center Operations and Infrastructure.",MSD_COURSE_029_M3,Active,Module
MOD_COURSE_029_M4,Data Center Networking,4,"Examines the concepts and methods required to understand and work with data center networking. The module addresses topologies, switching, routing, load balancing, network virtualization, and high-availability design, with emphasis on their relationships, assumptions, analytical use, and application within Data Center Operations and Infrastructure.",MSD_COURSE_029_M4,Active,Module
MOD_COURSE_029_M5,Power Systems and Energy Management,5,"Examines how the relevant components are organised into functioning systems and how their interactions constrain performance power systems and energy management. The module addresses UPS, generators, power distribution, PUE, demand management, and power quality, with emphasis on their relationships, assumptions, analytical use, and application within Data Center Operations and Infrastructure.",MSD_COURSE_029_M5,Active,Module
MOD_COURSE_029_M6,Cooling and Thermal Management,6,"Examines the concepts and methods required to understand and work with cooling and thermal management. The module addresses CRAC/CRAH, chilled water, airflow management, heat rejection, and thermal monitoring, with emphasis on their relationships, assumptions, analytical use, and application within Data Center Operations and Infrastructure.",MSD_COURSE_029_M6,Active,Module
MOD_COURSE_029_M7,Virtualization and Infrastructure Management,7,"Examines the concepts and methods required to understand and work with virtualization and infrastructure management. The module addresses hypervisors, containers, resource pools, capacity management, and infrastructure automation, with emphasis on their relationships, assumptions, analytical use, and application within Data Center Operations and Infrastructure.",MSD_COURSE_029_M7,Active,Module
MOD_COURSE_029_M8,"Monitoring, Reliability and Emerging Technologies",8,"Examines the concepts and methods required to understand and work with monitoring, reliability and emerging technologies. The module addresses DCIM, telemetry, incident management, redundancy, liquid cooling, and edge computing, with emphasis on their relationships, assumptions, analytical use, and application within Data Center Operations and Infrastructure.",MSD_COURSE_029_M8,Active,Module
MOD_COURSE_030_M1,Cement and Supplementary Materials,1,"Examines the constituent materials or components, their properties, and their influence on system performance cement and supplementary materials. The module addresses cement chemistry, hydration, supplementary cementitious materials, and blended cements, with emphasis on their relationships, assumptions, analytical use, and application within Concrete Technology.",MSD_COURSE_030_M1,Active,Module
MOD_COURSE_030_M2,Aggregates and Mix Constituents,2,"Examines the concepts and methods required to understand and work with aggregates and mix constituents. The module addresses aggregate grading, shape and texture, moisture, admixtures, and mixing water, with emphasis on their relationships, assumptions, analytical use, and application within Concrete Technology.",MSD_COURSE_030_M2,Active,Module
MOD_COURSE_030_M3,Concrete Mix Design,3,"Develops the design methods and decision criteria used to translate theory into an engineered or applied solution concrete mix design. The module addresses water-cement ratio, absolute volume method, target strength, workability, and proportioning, with emphasis on their relationships, assumptions, analytical use, and application within Concrete Technology.",MSD_COURSE_030_M3,Active,Module
MOD_COURSE_030_M4,Fresh Concrete,4,"Examines the concepts and methods required to understand and work with fresh concrete. The module addresses workability, segregation, bleeding, setting, placing, and compaction, with emphasis on their relationships, assumptions, analytical use, and application within Concrete Technology.",MSD_COURSE_030_M4,Active,Module
MOD_COURSE_030_M5,Hardened Concrete,5,"Examines the concepts and methods required to understand and work with hardened concrete. The module addresses strength, modulus, shrinkage, creep, permeability, and microstructure, with emphasis on their relationships, assumptions, analytical use, and application within Concrete Technology.",MSD_COURSE_030_M5,Active,Module
MOD_COURSE_030_M6,Concrete Production and Quality Control,6,"Examines the mechanisms used to regulate, coordinate, or control system behaviour concrete production and quality control. The module addresses batching, mixing, transport, sampling, and statistical quality control, with emphasis on their relationships, assumptions, analytical use, and application within Concrete Technology.",MSD_COURSE_030_M6,Active,Module
MOD_COURSE_030_M7,Durability and Special Concretes,7,"Examines the concepts and methods required to understand and work with durability and special concretes. The module addresses freeze-thaw, chloride ingress, sulfate attack, alkali-silica reaction, and high-performance and fiber-reinforced concrete, with emphasis on their relationships, assumptions, analytical use, and application within Concrete Technology.",MSD_COURSE_030_M7,Active,Module
MOD_COURSE_031_M1,Site Investigation and Subsurface Characterization,1,"Examines the concepts and methods required to understand and work with site investigation and subsurface characterization. The module addresses borings, sampling, in-situ testing, groundwater, and stratigraphy, with emphasis on their relationships, assumptions, analytical use, and application within Foundation Engineering.",MSD_COURSE_031_M1,Active,Module
MOD_COURSE_031_M2,Soil Parameters for Foundation Design,2,"Develops the design methods and decision criteria used to translate theory into an engineered or applied solution soil parameters for foundation design. The module addresses unit weight, shear strength, compressibility, permeability, and stiffness, with emphasis on their relationships, assumptions, analytical use, and application within Foundation Engineering.",MSD_COURSE_031_M2,Active,Module
MOD_COURSE_031_M3,Shallow Foundations,3,"Establishes the foundational models, terminology, and governing principles shallow foundations. The module addresses isolated footings, strip footings, combined footings, raft foundations, and load transfer, with emphasis on their relationships, assumptions, analytical use, and application within Foundation Engineering.",MSD_COURSE_031_M3,Active,Module
MOD_COURSE_031_M4,Bearing Capacity,4,"Examines the concepts and methods required to understand and work with bearing capacity. The module addresses Terzaghi theory, Meyerhof methods, Vesic concepts, eccentric loading, and inclined loads, with emphasis on their relationships, assumptions, analytical use, and application within Foundation Engineering.",MSD_COURSE_031_M4,Active,Module
MOD_COURSE_031_M5,Settlement Analysis,5,"Develops the analytical methods used to formulate, solve, and evaluate problems settlement analysis. The module addresses immediate settlement, consolidation settlement, differential settlement, and time-rate effects, with emphasis on their relationships, assumptions, analytical use, and application within Foundation Engineering.",MSD_COURSE_031_M5,Active,Module
MOD_COURSE_031_M6,Deep Foundations,6,"Establishes the foundational models, terminology, and governing principles deep foundations. The module addresses piles, pile capacity, group action, negative skin friction, and pile load testing, with emphasis on their relationships, assumptions, analytical use, and application within Foundation Engineering.",MSD_COURSE_031_M6,Active,Module
MOD_COURSE_031_M7,Foundation Design and Construction,7,"Develops the design methods and decision criteria used to translate theory into an engineered or applied solution foundation design and construction. The module addresses serviceability, structural checks, ground improvement, and construction monitoring, with emphasis on their relationships, assumptions, analytical use, and application within Foundation Engineering.",MSD_COURSE_031_M7,Active,Module
MOD_COURSE_032_M1,Hydrologic Processes,1,"Examines the concepts and methods required to understand and work with hydrologic processes. The module addresses precipitation, infiltration, evaporation, interception, runoff, and watershed processes, with emphasis on their relationships, assumptions, analytical use, and application within Water Resources Engineering.",MSD_COURSE_032_M1,Active,Module
MOD_COURSE_032_M2,Hydrologic Measurement and Data Analysis,2,"Develops the analytical methods used to formulate, solve, and evaluate problems hydrologic measurement and data analysis. The module addresses rain gauges, stream gauging, hydrographs, frequency analysis, and data consistency, with emphasis on their relationships, assumptions, analytical use, and application within Water Resources Engineering.",MSD_COURSE_032_M2,Active,Module
MOD_COURSE_032_M3,Hydrologic Modelling and Design,3,"Develops the design methods and decision criteria used to translate theory into an engineered or applied solution hydrologic modelling and design. The module addresses unit hydrograph, rainfall-runoff models, flood estimation, and design storms, with emphasis on their relationships, assumptions, analytical use, and application within Water Resources Engineering.",MSD_COURSE_032_M3,Active,Module
MOD_COURSE_032_M4,Reservoirs and Water Storage,4,"Examines the concepts and methods required to understand and work with reservoirs and water storage. The module addresses storage-yield analysis, reservoir routing, sedimentation, and operating rules, with emphasis on their relationships, assumptions, analytical use, and application within Water Resources Engineering.",MSD_COURSE_032_M4,Active,Module
MOD_COURSE_032_M5,Groundwater Resources,5,"Examines the concepts and methods required to understand and work with groundwater resources. The module addresses aquifers, Darcy law, well hydraulics, recharge, and groundwater modelling, with emphasis on their relationships, assumptions, analytical use, and application within Water Resources Engineering.",MSD_COURSE_032_M5,Active,Module
MOD_COURSE_032_M6,Water Resources Systems,6,"Examines how the relevant components are organised into functioning systems and how their interactions constrain performance water resources systems. The module addresses allocation, demand forecasting, systems analysis, optimization, and conjunctive use, with emphasis on their relationships, assumptions, analytical use, and application within Water Resources Engineering.",MSD_COURSE_032_M6,Active,Module
MOD_COURSE_032_M7,Flood and Drought Management,7,"Examines the concepts and methods required to understand and work with flood and drought management. The module addresses flood routing, floodplain management, drought indices, early warning, and risk analysis, with emphasis on their relationships, assumptions, analytical use, and application within Water Resources Engineering.",MSD_COURSE_032_M7,Active,Module
MOD_COURSE_033_M1,Fluid Properties and Fundamental Flow,1,"Establishes the foundational models, terminology, and governing principles fluid properties and fundamental flow. The module addresses pressure, viscosity, hydrostatics, Bernoulli equation, and control volumes, with emphasis on their relationships, assumptions, analytical use, and application within Hydraulics and Hydraulic Engineering.",MSD_COURSE_033_M1,Active,Module
MOD_COURSE_033_M2,Pipe Flow,2,"Examines the concepts and methods required to understand and work with pipe flow. The module addresses laminar flow, turbulent flow, Darcy-Weisbach, minor losses, and pipe networks, with emphasis on their relationships, assumptions, analytical use, and application within Hydraulics and Hydraulic Engineering.",MSD_COURSE_033_M2,Active,Module
MOD_COURSE_033_M3,Open Channel Flow,3,"Examines the concepts and methods required to understand and work with open channel flow. The module addresses specific energy, critical flow, uniform flow, gradually varied flow, and hydraulic jumps, with emphasis on their relationships, assumptions, analytical use, and application within Hydraulics and Hydraulic Engineering.",MSD_COURSE_033_M3,Active,Module
MOD_COURSE_033_M4,Hydraulic Machines,4,"Examines the concepts and methods required to understand and work with hydraulic machines. The module addresses centrifugal pumps, reciprocating pumps, turbines, cavitation, and performance curves, with emphasis on their relationships, assumptions, analytical use, and application within Hydraulics and Hydraulic Engineering.",MSD_COURSE_033_M4,Active,Module
MOD_COURSE_033_M5,Hydraulic Structures,5,"Examines the concepts and methods required to understand and work with hydraulic structures. The module addresses weirs, spillways, culverts, energy dissipators, and intake structures, with emphasis on their relationships, assumptions, analytical use, and application within Hydraulics and Hydraulic Engineering.",MSD_COURSE_033_M5,Active,Module
MOD_COURSE_033_M6,Transient Flow and Water Hammer,6,"Examines the concepts and methods required to understand and work with transient flow and water hammer. The module addresses surge pressure, elastic pipe flow, wave speed, and surge control, with emphasis on their relationships, assumptions, analytical use, and application within Hydraulics and Hydraulic Engineering.",MSD_COURSE_033_M6,Active,Module
MOD_COURSE_033_M7,Hydraulic System Design,7,"Develops the design methods and decision criteria used to translate theory into an engineered or applied solution hydraulic system design. The module addresses network analysis, pump selection, system curves, and operational control, with emphasis on their relationships, assumptions, analytical use, and application within Hydraulics and Hydraulic Engineering.",MSD_COURSE_033_M7,Active,Module
MOD_COURSE_034_M1,Minerals and Rocks,1,"Examines the concepts and methods required to understand and work with minerals and rocks. The module addresses mineral identification, igneous rocks, sedimentary rocks, and metamorphic rocks, with emphasis on their relationships, assumptions, analytical use, and application within Engineering Geology.",MSD_COURSE_034_M1,Active,Module
MOD_COURSE_034_M2,Weathering and Geological Processes,2,"Examines the concepts and methods required to understand and work with weathering and geological processes. The module addresses physical weathering, chemical weathering, erosion, and mass wasting, with emphasis on their relationships, assumptions, analytical use, and application within Engineering Geology.",MSD_COURSE_034_M2,Active,Module
MOD_COURSE_034_M3,Geological Structures and Discontinuities,3,"Examines the concepts and methods required to understand and work with geological structures and discontinuities. The module addresses bedding, folds, faults, joints, and shear zones, with emphasis on their relationships, assumptions, analytical use, and application within Engineering Geology.",MSD_COURSE_034_M3,Active,Module
MOD_COURSE_034_M4,Engineering Site Characterization,4,"Examines the concepts and methods required to understand and work with engineering site characterization. The module addresses geological mapping, discontinuity surveys, rock mass description, and geophysical methods, with emphasis on their relationships, assumptions, analytical use, and application within Engineering Geology.",MSD_COURSE_034_M4,Active,Module
MOD_COURSE_034_M5,Geological Hazards,5,"Examines the concepts and methods required to understand and work with geological hazards. The module addresses landslides, earthquakes, subsidence, expansive materials, and erosion hazards, with emphasis on their relationships, assumptions, analytical use, and application within Engineering Geology.",MSD_COURSE_034_M5,Active,Module
MOD_COURSE_034_M6,Geology for Foundations and Excavations,6,"Establishes the foundational models, terminology, and governing principles geology for foundations and excavations. The module addresses rock foundations, slope stability inputs, tunnelling geology, and excavation conditions, with emphasis on their relationships, assumptions, analytical use, and application within Engineering Geology.",MSD_COURSE_034_M6,Active,Module
MOD_COURSE_034_M7,Geology in Infrastructure Projects,7,"Examines the concepts and methods required to understand and work with geology in infrastructure projects. The module addresses dams, tunnels, roads, groundwater, and geological risk assessment, with emphasis on their relationships, assumptions, analytical use, and application within Engineering Geology.",MSD_COURSE_034_M7,Active,Module
MOD_COURSE_035_M1,Geometric Modelling,1,"Examines the concepts and methods required to understand and work with geometric modelling. The module addresses wireframe, surface modelling, solid modelling, parametric features, and constraints, with emphasis on their relationships, assumptions, analytical use, and application within CAD/CAM.",MSD_COURSE_035_M1,Active,Module
MOD_COURSE_035_M2,Computer-Aided Design,2,"Develops the design methods and decision criteria used to translate theory into an engineered or applied solution computer-aided design. The module addresses sketching, assemblies, design intent, tolerancing, and design documentation, with emphasis on their relationships, assumptions, analytical use, and application within CAD/CAM.",MSD_COURSE_035_M2,Active,Module
MOD_COURSE_035_M3,Engineering Graphics and Product Definition,3,"Examines the concepts and methods required to understand and work with engineering graphics and product definition. The module addresses sectioning, dimensioning, geometric dimensioning and tolerancing, and bills of materials, with emphasis on their relationships, assumptions, analytical use, and application within CAD/CAM.",MSD_COURSE_035_M3,Active,Module
MOD_COURSE_035_M4,Manufacturing Planning,4,"Examines the concepts and methods required to understand and work with manufacturing planning. The module addresses process planning, routing, tooling, setup planning, and computer-aided process planning, with emphasis on their relationships, assumptions, analytical use, and application within CAD/CAM.",MSD_COURSE_035_M4,Active,Module
MOD_COURSE_035_M5,CNC Programming and Machining,5,"Examines the concepts and methods required to understand and work with cnc programming and machining. The module addresses coordinate systems, G-code, tool paths, interpolation, and machining simulation, with emphasis on their relationships, assumptions, analytical use, and application within CAD/CAM.",MSD_COURSE_035_M5,Active,Module
MOD_COURSE_035_M6,Computer-Aided Manufacturing,6,"Examines the concepts and methods required to understand and work with computer-aided manufacturing. The module addresses CAM workflows, tool-path generation, verification, post-processing, and machining optimization, with emphasis on their relationships, assumptions, analytical use, and application within CAD/CAM.",MSD_COURSE_035_M6,Active,Module
MOD_COURSE_035_M7,CAD/CAM Integration and Product Data,7,"Examines the concepts and methods required to understand and work with cad/cam integration and product data. The module addresses associativity, product data exchange, PLM, digital thread, and model-based definition, with emphasis on their relationships, assumptions, analytical use, and application within CAD/CAM.",MSD_COURSE_035_M7,Active,Module
MOD_COURSE_036_M1,Sensors and Transducers,1,"Examines the concepts and methods required to understand and work with sensors and transducers. The module addresses measurement principles, position, velocity, force, pressure, and temperature sensing, with emphasis on their relationships, assumptions, analytical use, and application within Mechatronics.",MSD_COURSE_036_M1,Active,Module
MOD_COURSE_036_M2,Actuators and Drives,2,"Examines the concepts and methods required to understand and work with actuators and drives. The module addresses DC motors, stepper motors, servo drives, solenoids, and pneumatic and hydraulic actuators, with emphasis on their relationships, assumptions, analytical use, and application within Mechatronics.",MSD_COURSE_036_M2,Active,Module
MOD_COURSE_036_M3,Embedded Controllers,3,"Examines the mechanisms used to regulate, coordinate, or control system behaviour embedded controllers. The module addresses microcontrollers, I/O, timers, interrupts, ADC/DAC, and real-time execution, with emphasis on their relationships, assumptions, analytical use, and application within Mechatronics.",MSD_COURSE_036_M3,Active,Module
MOD_COURSE_036_M4,Signal Conditioning and Data Acquisition,4,"Examines the concepts and methods required to understand and work with signal conditioning and data acquisition. The module addresses amplification, filtering, isolation, sampling, and data acquisition, with emphasis on their relationships, assumptions, analytical use, and application within Mechatronics.",MSD_COURSE_036_M4,Active,Module
MOD_COURSE_036_M5,System Modelling and Control,5,"Examines the mechanisms used to regulate, coordinate, or control system behaviour system modelling and control. The module addresses dynamic models, transfer functions, state-space, feedback, and PID control, with emphasis on their relationships, assumptions, analytical use, and application within Mechatronics.",MSD_COURSE_036_M5,Active,Module
MOD_COURSE_036_M6,Mechatronic System Integration,6,"Examines the concepts and methods required to understand and work with mechatronic system integration. The module addresses mechanical-electrical interfaces, embedded software, control architecture, and system integration, with emphasis on their relationships, assumptions, analytical use, and application within Mechatronics.",MSD_COURSE_036_M6,Active,Module
MOD_COURSE_036_M7,Testing and Reliability of Mechatronic Systems,7,"Examines how the relevant components are organised into functioning systems and how their interactions constrain performance testing and reliability of mechatronic systems. The module addresses verification, validation, fault diagnosis, calibration, and reliability testing, with emphasis on their relationships, assumptions, analytical use, and application within Mechatronics.",MSD_COURSE_036_M7,Active,Module
MOD_COURSE_037_M1,Refrigeration Cycles,1,"Examines the concepts and methods required to understand and work with refrigeration cycles. The module addresses vapour-compression cycle, refrigeration effect, COP, and pressure-enthalpy analysis, with emphasis on their relationships, assumptions, analytical use, and application within Refrigeration and Air Conditioning.",MSD_COURSE_037_M1,Active,Module
MOD_COURSE_037_M2,Refrigerants and Environmental Considerations,2,"Examines the concepts and methods required to understand and work with refrigerants and environmental considerations. The module addresses refrigerant properties, classification, safety, and phase-out and alternatives, with emphasis on their relationships, assumptions, analytical use, and application within Refrigeration and Air Conditioning.",MSD_COURSE_037_M2,Active,Module
MOD_COURSE_037_M3,Refrigeration Components,3,"Examines the constituent materials or components, their properties, and their influence on system performance refrigeration components. The module addresses compressors, condensers, expansion devices, evaporators, and controls, with emphasis on their relationships, assumptions, analytical use, and application within Refrigeration and Air Conditioning.",MSD_COURSE_037_M3,Active,Module
MOD_COURSE_037_M4,Psychrometrics,4,"Examines the concepts and methods required to understand and work with psychrometrics. The module addresses humidity ratio, relative humidity, psychrometric chart, air mixing, and dew point, with emphasis on their relationships, assumptions, analytical use, and application within Refrigeration and Air Conditioning.",MSD_COURSE_037_M4,Active,Module
MOD_COURSE_037_M5,Air-Conditioning Loads,5,"Examines the concepts and methods required to understand and work with air-conditioning loads. The module addresses sensible and latent loads, heat gains, ventilation, infiltration, and load calculation, with emphasis on their relationships, assumptions, analytical use, and application within Refrigeration and Air Conditioning.",MSD_COURSE_037_M5,Active,Module
MOD_COURSE_037_M6,Air-Conditioning Systems,6,"Examines how the relevant components are organised into functioning systems and how their interactions constrain performance air-conditioning systems. The module addresses all-air systems, chilled-water systems, variable air volume, and equipment selection, with emphasis on their relationships, assumptions, analytical use, and application within Refrigeration and Air Conditioning.",MSD_COURSE_037_M6,Active,Module
MOD_COURSE_037_M7,System Performance and Diagnostics,7,"Examines the concepts and methods required to understand and work with system performance and diagnostics. The module addresses COP/EER, part-load performance, commissioning, fault diagnosis, and maintenance, with emphasis on their relationships, assumptions, analytical use, and application within Refrigeration and Air Conditioning.",MSD_COURSE_037_M7,Active,Module
MOD_COURSE_038_M1,Engine Cycles and Architecture,1,"Examines how the relevant components are organised into functioning systems and how their interactions constrain performance engine cycles and architecture. The module addresses Otto cycle, Diesel cycle, dual cycle, two-stroke/four-stroke, and engine configurations, with emphasis on their relationships, assumptions, analytical use, and application within Internal Combustion Engines.",MSD_COURSE_038_M1,Active,Module
MOD_COURSE_038_M2,Engine Components and Mechanics,2,"Examines the constituent materials or components, their properties, and their influence on system performance engine components and mechanics. The module addresses cylinder, piston, crankshaft, valve train, lubrication, and cooling, with emphasis on their relationships, assumptions, analytical use, and application within Internal Combustion Engines.",MSD_COURSE_038_M2,Active,Module
MOD_COURSE_038_M3,Air and Fuel Systems,3,"Examines how the relevant components are organised into functioning systems and how their interactions constrain performance air and fuel systems. The module addresses air intake, turbocharging, fuel injection, ignition, and mixture formation, with emphasis on their relationships, assumptions, analytical use, and application within Internal Combustion Engines.",MSD_COURSE_038_M3,Active,Module
MOD_COURSE_038_M4,Combustion in Engines,4,"Examines the concepts and methods required to understand and work with combustion in engines. The module addresses flame development, ignition delay, knock, combustion efficiency, and heat release, with emphasis on their relationships, assumptions, analytical use, and application within Internal Combustion Engines.",MSD_COURSE_038_M4,Active,Module
MOD_COURSE_038_M5,Engine Performance,5,"Examines the concepts and methods required to understand and work with engine performance. The module addresses brake power, indicated power, efficiency, specific fuel consumption, and performance testing, with emphasis on their relationships, assumptions, analytical use, and application within Internal Combustion Engines.",MSD_COURSE_038_M5,Active,Module
MOD_COURSE_038_M6,Emissions and After-Treatment,6,"Examines the concepts and methods required to understand and work with emissions and after-treatment. The module addresses NOx, particulate matter, CO, hydrocarbons, oxidation catalysts, and particulate filters, with emphasis on their relationships, assumptions, analytical use, and application within Internal Combustion Engines.",MSD_COURSE_038_M6,Active,Module
MOD_COURSE_038_M7,Engine Control and Diagnostics,7,"Examines the mechanisms used to regulate, coordinate, or control system behaviour engine control and diagnostics. The module addresses electronic control, sensors, actuators, diagnostics, and calibration, with emphasis on their relationships, assumptions, analytical use, and application within Internal Combustion Engines.",MSD_COURSE_038_M7,Active,Module
MOD_COURSE_039_M1,Material Structure and Properties,1,"Examines the concepts and methods required to understand and work with material structure and properties. The module addresses crystal structures, defects, diffusion, phase structure, and mechanical properties, with emphasis on their relationships, assumptions, analytical use, and application within Engineering Materials.",MSD_COURSE_039_M1,Active,Module
MOD_COURSE_039_M2,Ferrous Materials,2,"Examines the constituent materials or components, their properties, and their influence on system performance ferrous materials. The module addresses steels, cast irons, phase transformations, heat treatment, and alloying, with emphasis on their relationships, assumptions, analytical use, and application within Engineering Materials.",MSD_COURSE_039_M2,Active,Module
MOD_COURSE_039_M3,Non-Ferrous Materials,3,"Examines the constituent materials or components, their properties, and their influence on system performance non-ferrous materials. The module addresses aluminium, copper, titanium, nickel alloys, and selection criteria, with emphasis on their relationships, assumptions, analytical use, and application within Engineering Materials.",MSD_COURSE_039_M3,Active,Module
MOD_COURSE_039_M4,Polymers and Ceramics,4,"Examines the concepts and methods required to understand and work with polymers and ceramics. The module addresses thermoplastics, thermosets, elastomers, ceramics, and processing-property relations, with emphasis on their relationships, assumptions, analytical use, and application within Engineering Materials.",MSD_COURSE_039_M4,Active,Module
MOD_COURSE_039_M5,Composite Materials,5,"Examines the constituent materials or components, their properties, and their influence on system performance composite materials. The module addresses fibres, matrices, laminates, anisotropy, and failure mechanisms, with emphasis on their relationships, assumptions, analytical use, and application within Engineering Materials.",MSD_COURSE_039_M5,Active,Module
MOD_COURSE_039_M6,Material Processing,6,"Examines the concepts and methods required to understand and work with material processing. The module addresses casting, forming, machining, joining, and additive manufacturing, with emphasis on their relationships, assumptions, analytical use, and application within Engineering Materials.",MSD_COURSE_039_M6,Active,Module
MOD_COURSE_039_M7,Material Selection and Failure,7,"Examines the concepts and methods required to understand and work with material selection and failure. The module addresses Ashby-style selection, corrosion, fatigue, fracture, wear, and failure analysis, with emphasis on their relationships, assumptions, analytical use, and application within Engineering Materials.",MSD_COURSE_039_M7,Active,Module
MOD_COURSE_040_M1,"Units, Dimensions and Process Variables",1,"Examines the concepts and methods required to understand and work with units, dimensions and process variables. The module addresses SI units, dimensional consistency, concentration, flow rates, pressure, and temperature, with emphasis on their relationships, assumptions, analytical use, and application within Chemical Process Calculations.",MSD_COURSE_040_M1,Active,Module
MOD_COURSE_040_M2,Material Balances,2,"Examines the concepts and methods required to understand and work with material balances. The module addresses mass conservation, component balances, basis selection, recycle, and purge, with emphasis on their relationships, assumptions, analytical use, and application within Chemical Process Calculations.",MSD_COURSE_040_M2,Active,Module
MOD_COURSE_040_M3,Balances with Chemical Reactions,3,"Examines the concepts and methods required to understand and work with balances with chemical reactions. The module addresses stoichiometry, conversion, yield, selectivity, and extent of reaction, with emphasis on their relationships, assumptions, analytical use, and application within Chemical Process Calculations.",MSD_COURSE_040_M3,Active,Module
MOD_COURSE_040_M4,Energy Balances,4,"Examines the concepts and methods required to understand and work with energy balances. The module addresses enthalpy, heat capacity, phase change, heat effects, and steady-state energy balances, with emphasis on their relationships, assumptions, analytical use, and application within Chemical Process Calculations.",MSD_COURSE_040_M4,Active,Module
MOD_COURSE_040_M5,Combined Material and Energy Balances,5,"Examines the concepts and methods required to understand and work with combined material and energy balances. The module addresses coupled balances, process streams, heat integration basics, and degrees of freedom, with emphasis on their relationships, assumptions, analytical use, and application within Chemical Process Calculations.",MSD_COURSE_040_M5,Active,Module
MOD_COURSE_040_M6,Process Flow Calculations,6,"Examines the concepts and methods required to understand and work with process flow calculations. The module addresses flowsheets, stream tables, process specifications, numerical solution, and sensitivity, with emphasis on their relationships, assumptions, analytical use, and application within Chemical Process Calculations.",MSD_COURSE_040_M6,Active,Module
MOD_COURSE_041_M1,Fluid Properties and Flow Fundamentals,1,"Establishes the foundational models, terminology, and governing principles fluid properties and flow fundamentals. The module addresses density, viscosity, Newtonian fluids, hydrostatics, and pressure measurement, with emphasis on their relationships, assumptions, analytical use, and application within Fluid Flow and Heat Transfer.",MSD_COURSE_041_M1,Active,Module
MOD_COURSE_041_M2,Internal Flow,2,"Examines the concepts and methods required to understand and work with internal flow. The module addresses laminar flow, turbulent flow, friction factor, pipe fittings, and pumping requirements, with emphasis on their relationships, assumptions, analytical use, and application within Fluid Flow and Heat Transfer.",MSD_COURSE_041_M2,Active,Module
MOD_COURSE_041_M3,External Flow and Boundary Layers,3,"Examines the concepts and methods required to understand and work with external flow and boundary layers. The module addresses drag, boundary layers, flow separation, and pressure drop, with emphasis on their relationships, assumptions, analytical use, and application within Fluid Flow and Heat Transfer.",MSD_COURSE_041_M3,Active,Module
MOD_COURSE_041_M4,Momentum Transport and Dimensional Analysis,4,"Develops the analytical methods used to formulate, solve, and evaluate problems momentum transport and dimensional analysis. The module addresses momentum balance, dimensional groups, similitude, and scale-up, with emphasis on their relationships, assumptions, analytical use, and application within Fluid Flow and Heat Transfer.",MSD_COURSE_041_M4,Active,Module
MOD_COURSE_041_M5,Heat Conduction and Convection,5,"Examines the concepts and methods required to understand and work with heat conduction and convection. The module addresses Fourier law, steady conduction, transient conduction, and natural and forced convection, with emphasis on their relationships, assumptions, analytical use, and application within Fluid Flow and Heat Transfer.",MSD_COURSE_041_M5,Active,Module
MOD_COURSE_041_M6,Heat Exchangers,6,"Examines the concepts and methods required to understand and work with heat exchangers. The module addresses LMTD, effectiveness-NTU, exchanger configurations, fouling, and design, with emphasis on their relationships, assumptions, analytical use, and application within Fluid Flow and Heat Transfer.",MSD_COURSE_041_M6,Active,Module
MOD_COURSE_041_M7,Radiation and Thermal Systems,7,"Examines how the relevant components are organised into functioning systems and how their interactions constrain performance radiation and thermal systems. The module addresses thermal radiation, emissivity, view factors, combined modes, and insulation, with emphasis on their relationships, assumptions, analytical use, and application within Fluid Flow and Heat Transfer.",MSD_COURSE_041_M7,Active,Module
MOD_COURSE_042_M1,Diffusion and Mass-Transfer Fundamentals,1,"Establishes the foundational models, terminology, and governing principles diffusion and mass-transfer fundamentals. The module addresses Fick law, molecular diffusion, mass-transfer coefficients, and interfacial transport, with emphasis on their relationships, assumptions, analytical use, and application within Mass Transfer Operations.",MSD_COURSE_042_M1,Active,Module
MOD_COURSE_042_M2,Gas Absorption and Stripping,2,"Examines the concepts and methods required to understand and work with gas absorption and stripping. The module addresses equilibrium relations, operating lines, HTU/NTU, and packed columns, with emphasis on their relationships, assumptions, analytical use, and application within Mass Transfer Operations.",MSD_COURSE_042_M2,Active,Module
MOD_COURSE_042_M3,Distillation,3,"Examines the concepts and methods required to understand and work with distillation. The module addresses vapour-liquid equilibrium, McCabe-Thiele, reflux, tray efficiency, and multicomponent concepts, with emphasis on their relationships, assumptions, analytical use, and application within Mass Transfer Operations.",MSD_COURSE_042_M3,Active,Module
MOD_COURSE_042_M4,Liquid-Liquid Extraction,4,"Examines the concepts and methods required to understand and work with liquid-liquid extraction. The module addresses distribution coefficients, ternary diagrams, stagewise extraction, and solvent selection, with emphasis on their relationships, assumptions, analytical use, and application within Mass Transfer Operations.",MSD_COURSE_042_M4,Active,Module
MOD_COURSE_042_M5,Humidification and Drying,5,"Examines the concepts and methods required to understand and work with humidification and drying. The module addresses psychrometrics, wet-bulb temperature, drying curves, and drying-rate periods, with emphasis on their relationships, assumptions, analytical use, and application within Mass Transfer Operations.",MSD_COURSE_042_M5,Active,Module
MOD_COURSE_042_M6,Adsorption and Membrane Separation,6,"Examines the concepts and methods required to understand and work with adsorption and membrane separation. The module addresses adsorption equilibria, breakthrough, membrane transport, selectivity, and permeability, with emphasis on their relationships, assumptions, analytical use, and application within Mass Transfer Operations.",MSD_COURSE_042_M6,Active,Module
MOD_COURSE_042_M7,Mass-Transfer Equipment Design,7,"Develops the design methods and decision criteria used to translate theory into an engineered or applied solution mass-transfer equipment design. The module addresses column hydraulics, flooding, pressure drop, scale-up, and process integration, with emphasis on their relationships, assumptions, analytical use, and application within Mass Transfer Operations.",MSD_COURSE_042_M7,Active,Module
MOD_COURSE_043_M1,Reaction Kinetics,1,"Examines the concepts and methods required to understand and work with reaction kinetics. The module addresses rate laws, reaction order, Arrhenius equation, elementary reactions, and kinetic parameter estimation, with emphasis on their relationships, assumptions, analytical use, and application within Chemical Reaction Engineering.",MSD_COURSE_043_M1,Active,Module
MOD_COURSE_043_M2,Ideal Reactors,2,"Examines the concepts and methods required to understand and work with ideal reactors. The module addresses batch reactors, CSTR, PFR, reactor design equations, and residence time, with emphasis on their relationships, assumptions, analytical use, and application within Chemical Reaction Engineering.",MSD_COURSE_043_M2,Active,Module
MOD_COURSE_043_M3,Multiple Reactions,3,"Examines the concepts and methods required to understand and work with multiple reactions. The module addresses parallel reactions, series reactions, selectivity, yield, and reaction networks, with emphasis on their relationships, assumptions, analytical use, and application within Chemical Reaction Engineering.",MSD_COURSE_043_M3,Active,Module
MOD_COURSE_043_M4,Non-Isothermal Reactor Analysis,4,"Develops the analytical methods used to formulate, solve, and evaluate problems non-isothermal reactor analysis. The module addresses energy balances, heat generation, heat removal, ignition, and multiplicity, with emphasis on their relationships, assumptions, analytical use, and application within Chemical Reaction Engineering.",MSD_COURSE_043_M4,Active,Module
MOD_COURSE_043_M5,Residence Time and Reactor Performance,5,"Examines the concepts and methods required to understand and work with residence time and reactor performance. The module addresses RTD, E-curves, F-curves, segregation, and non-ideal flow, with emphasis on their relationships, assumptions, analytical use, and application within Chemical Reaction Engineering.",MSD_COURSE_043_M5,Active,Module
MOD_COURSE_043_M6,Heterogeneous Reactions,6,"Examines the concepts and methods required to understand and work with heterogeneous reactions. The module addresses gas-solid reactions, fluid-solid systems, catalyst pellets, and effectiveness factors, with emphasis on their relationships, assumptions, analytical use, and application within Chemical Reaction Engineering.",MSD_COURSE_043_M6,Active,Module
MOD_COURSE_043_M7,Reactor Design and Scale-Up,7,"Develops the design methods and decision criteria used to translate theory into an engineered or applied solution reactor design and scale-up. The module addresses reactor selection, mixing, heat transfer, safety, and scale-up constraints, with emphasis on their relationships, assumptions, analytical use, and application within Chemical Reaction Engineering.",MSD_COURSE_043_M7,Active,Module
MOD_COURSE_044_M1,Process Measurement,1,"Develops the measurement and interpretation framework needed to obtain and use reliable evidence process measurement. The module addresses temperature, pressure, flow, level, analytical measurements, and sensor dynamics, with emphasis on their relationships, assumptions, analytical use, and application within Process Control and Instrumentation.",MSD_COURSE_044_M1,Active,Module
MOD_COURSE_044_M2,Final Control Elements,2,"Examines the mechanisms used to regulate, coordinate, or control system behaviour final control elements. The module addresses control valves, valve characteristics, actuators, positioners, and sizing principles, with emphasis on their relationships, assumptions, analytical use, and application within Process Control and Instrumentation.",MSD_COURSE_044_M2,Active,Module
MOD_COURSE_044_M3,Process Dynamics,3,"Examines the concepts and methods required to understand and work with process dynamics. The module addresses first-order and higher-order models, dead time, process gain, and dynamic testing, with emphasis on their relationships, assumptions, analytical use, and application within Process Control and Instrumentation.",MSD_COURSE_044_M3,Active,Module
MOD_COURSE_044_M4,Feedback Control,4,"Examines the mechanisms used to regulate, coordinate, or control system behaviour feedback control. The module addresses closed-loop control, PID structure, stability, setpoint tracking, and disturbance rejection, with emphasis on their relationships, assumptions, analytical use, and application within Process Control and Instrumentation.",MSD_COURSE_044_M4,Active,Module
MOD_COURSE_044_M5,Controller Tuning,5,"Examines the mechanisms used to regulate, coordinate, or control system behaviour controller tuning. The module addresses Ziegler-Nichols, Cohen-Coon, IMC, robustness, and performance criteria, with emphasis on their relationships, assumptions, analytical use, and application within Process Control and Instrumentation.",MSD_COURSE_044_M5,Active,Module
MOD_COURSE_044_M6,Advanced Process Control,6,"Examines the mechanisms used to regulate, coordinate, or control system behaviour advanced process control. The module addresses cascade, feedforward, ratio control, override control, and model predictive control, with emphasis on their relationships, assumptions, analytical use, and application within Process Control and Instrumentation.",MSD_COURSE_044_M6,Active,Module
MOD_COURSE_044_M7,Industrial Control Systems,7,"Examines the mechanisms used to regulate, coordinate, or control system behaviour industrial control systems. The module addresses PLC, DCS, SCADA, alarm management, cybersecurity basics, and safety instrumented systems, with emphasis on their relationships, assumptions, analytical use, and application within Process Control and Instrumentation.",MSD_COURSE_044_M7,Active,Module
MOD_COURSE_045_M1,Magnetic Circuits and Electromechanical Conversion,1,"Examines the concepts and methods required to understand and work with magnetic circuits and electromechanical conversion. The module addresses magnetic circuits, induced EMF, torque production, and energy conversion, with emphasis on their relationships, assumptions, analytical use, and application within Electrical Machines.",MSD_COURSE_045_M1,Active,Module
MOD_COURSE_045_M2,Transformers,2,"Examines the concepts and methods required to understand and work with transformers. The module addresses ideal transformer, equivalent circuit, losses, regulation, and tests, with emphasis on their relationships, assumptions, analytical use, and application within Electrical Machines.",MSD_COURSE_045_M2,Active,Module
MOD_COURSE_045_M3,DC Machines,3,"Examines the concepts and methods required to understand and work with dc machines. The module addresses construction, EMF equation, torque, characteristics, and speed control, with emphasis on their relationships, assumptions, analytical use, and application within Electrical Machines.",MSD_COURSE_045_M3,Active,Module
MOD_COURSE_045_M4,Induction Machines,4,"Examines the concepts and methods required to understand and work with induction machines. The module addresses rotating magnetic field, equivalent circuit, torque-slip, starting, and speed control, with emphasis on their relationships, assumptions, analytical use, and application within Electrical Machines.",MSD_COURSE_045_M4,Active,Module
MOD_COURSE_045_M5,Synchronous Machines,5,"Examines the concepts and methods required to understand and work with synchronous machines. The module addresses EMF, phasors, synchronous impedance, power-angle relation, and excitation, with emphasis on their relationships, assumptions, analytical use, and application within Electrical Machines.",MSD_COURSE_045_M5,Active,Module
MOD_COURSE_045_M6,Machine Performance and Testing,6,"Examines the concepts and methods required to understand and work with machine performance and testing. The module addresses loss segregation, efficiency, temperature rise, load tests, and condition assessment, with emphasis on their relationships, assumptions, analytical use, and application within Electrical Machines.",MSD_COURSE_045_M6,Active,Module
MOD_COURSE_045_M7,Machine Applications and Drives,7,"Examines the concepts and methods required to understand and work with machine applications and drives. The module addresses motor selection, braking, variable-speed drives, duty cycles, and protection, with emphasis on their relationships, assumptions, analytical use, and application within Electrical Machines.",MSD_COURSE_045_M7,Active,Module
MOD_COURSE_046_M1,Power-System Components and Models,1,"Examines the constituent materials or components, their properties, and their influence on system performance power-system components and models. The module addresses generators, transformers, lines, cables, loads, and per-unit system, with emphasis on their relationships, assumptions, analytical use, and application within Power Systems.",MSD_COURSE_046_M1,Active,Module
MOD_COURSE_046_M2,Transmission and Distribution,2,"Examines the concepts and methods required to understand and work with transmission and distribution. The module addresses line parameters, voltage regulation, distribution feeders, and network topology, with emphasis on their relationships, assumptions, analytical use, and application within Power Systems.",MSD_COURSE_046_M2,Active,Module
MOD_COURSE_046_M3,Power-Flow Analysis,3,"Develops the analytical methods used to formulate, solve, and evaluate problems power-flow analysis. The module addresses bus types, admittance matrix, Gauss-Seidel, Newton-Raphson, and fast decoupled methods, with emphasis on their relationships, assumptions, analytical use, and application within Power Systems.",MSD_COURSE_046_M3,Active,Module
MOD_COURSE_046_M4,Fault Analysis,4,"Develops the analytical methods used to formulate, solve, and evaluate problems fault analysis. The module addresses symmetrical components, balanced faults, unbalanced faults, and short-circuit levels, with emphasis on their relationships, assumptions, analytical use, and application within Power Systems.",MSD_COURSE_046_M4,Active,Module
MOD_COURSE_046_M5,Protection Systems,5,"Examines how the relevant components are organised into functioning systems and how their interactions constrain performance protection systems. The module addresses relays, overcurrent protection, distance protection, differential protection, and coordination, with emphasis on their relationships, assumptions, analytical use, and application within Power Systems.",MSD_COURSE_046_M5,Active,Module
MOD_COURSE_046_M6,Power-System Stability,6,"Examines the concepts and methods required to understand and work with power-system stability. The module addresses transient stability, small-signal stability, rotor angle, and voltage stability, with emphasis on their relationships, assumptions, analytical use, and application within Power Systems.",MSD_COURSE_046_M6,Active,Module
MOD_COURSE_046_M7,System Operation and Emerging Grids,7,"Examines the operational principles and decisions required to run the relevant processes or systems reliably system operation and emerging grids. The module addresses economic dispatch, state estimation, SCADA/EMS, distributed generation, and microgrids, with emphasis on their relationships, assumptions, analytical use, and application within Power Systems.",MSD_COURSE_046_M7,Active,Module
MOD_COURSE_047_M1,Power Semiconductor Devices,1,"Examines the concepts and methods required to understand and work with power semiconductor devices. The module addresses diodes, thyristors, MOSFETs, IGBTs, and SiC and GaN devices, with emphasis on their relationships, assumptions, analytical use, and application within Power Electronics.",MSD_COURSE_047_M1,Active,Module
MOD_COURSE_047_M2,Controlled Rectifiers,2,"Examines the mechanisms used to regulate, coordinate, or control system behaviour controlled rectifiers. The module addresses uncontrolled rectifiers, phase-controlled converters, commutation, and harmonics, with emphasis on their relationships, assumptions, analytical use, and application within Power Electronics.",MSD_COURSE_047_M2,Active,Module
MOD_COURSE_047_M3,DC-DC Converters,3,"Examines the concepts and methods required to understand and work with dc-dc converters. The module addresses buck, boost, buck-boost, isolated converters, and continuous/discontinuous conduction, with emphasis on their relationships, assumptions, analytical use, and application within Power Electronics.",MSD_COURSE_047_M3,Active,Module
MOD_COURSE_047_M4,Inverters,4,"Examines the concepts and methods required to understand and work with inverters. The module addresses voltage-source inverters, current-source inverters, single-phase, and three-phase, with emphasis on their relationships, assumptions, analytical use, and application within Power Electronics.",MSD_COURSE_047_M4,Active,Module
MOD_COURSE_047_M5,PWM and Switching Control,5,"Examines the mechanisms used to regulate, coordinate, or control system behaviour pwm and switching control. The module addresses carrier-based PWM, space-vector PWM, switching losses, and gate drives, with emphasis on their relationships, assumptions, analytical use, and application within Power Electronics.",MSD_COURSE_047_M5,Active,Module
MOD_COURSE_047_M6,Power Quality and Thermal Management,6,"Examines the concepts and methods required to understand and work with power quality and thermal management. The module addresses harmonics, power factor, EMI, thermal design, and heat sinks, with emphasis on their relationships, assumptions, analytical use, and application within Power Electronics.",MSD_COURSE_047_M6,Active,Module
MOD_COURSE_047_M7,Applications of Power Electronics,7,"Examines the concepts and methods required to understand and work with applications of power electronics. The module addresses motor drives, renewable interfaces, UPS, HVDC, and EV charging, with emphasis on their relationships, assumptions, analytical use, and application within Power Electronics.",MSD_COURSE_047_M7,Active,Module
MOD_COURSE_048_M1,Measurement Fundamentals and Errors,1,"Establishes the foundational models, terminology, and governing principles measurement fundamentals and errors. The module addresses accuracy, precision, sensitivity, resolution, and systematic and random error, with emphasis on their relationships, assumptions, analytical use, and application within Electrical Measurements and Instrumentation.",MSD_COURSE_048_M1,Active,Module
MOD_COURSE_048_M2,Electrical Measuring Instruments,2,"Develops the measurement and interpretation framework needed to obtain and use reliable evidence electrical measuring instruments. The module addresses PMMC, moving-iron, dynamometer, digital instruments, and instrument transformers, with emphasis on their relationships, assumptions, analytical use, and application within Electrical Measurements and Instrumentation.",MSD_COURSE_048_M2,Active,Module
MOD_COURSE_048_M3,Sensors and Transducers,3,"Examines the concepts and methods required to understand and work with sensors and transducers. The module addresses resistive, inductive, capacitive, thermoelectric, magnetic, and optical transducers, with emphasis on their relationships, assumptions, analytical use, and application within Electrical Measurements and Instrumentation.",MSD_COURSE_048_M3,Active,Module
MOD_COURSE_048_M4,Signal Conditioning and Data Acquisition,4,"Examines the concepts and methods required to understand and work with signal conditioning and data acquisition. The module addresses amplification, filtering, isolation, ADC/DAC, sampling, and multiplexing, with emphasis on their relationships, assumptions, analytical use, and application within Electrical Measurements and Instrumentation.",MSD_COURSE_048_M4,Active,Module
MOD_COURSE_048_M5,Measurement Systems and Calibration,5,"Develops the measurement and interpretation framework needed to obtain and use reliable evidence measurement systems and calibration. The module addresses traceability, calibration procedures, reference standards, and adjustment versus calibration, with emphasis on their relationships, assumptions, analytical use, and application within Electrical Measurements and Instrumentation.",MSD_COURSE_048_M5,Active,Module
MOD_COURSE_048_M6,Uncertainty and Statistical Evaluation,6,"Develops the analytical methods used to formulate, solve, and evaluate problems uncertainty and statistical evaluation. The module addresses uncertainty components, propagation, repeatability, reproducibility, and confidence intervals, with emphasis on their relationships, assumptions, analytical use, and application within Electrical Measurements and Instrumentation.",MSD_COURSE_048_M6,Active,Module
MOD_COURSE_048_M7,Instrumentation Applications,7,"Develops the measurement and interpretation framework needed to obtain and use reliable evidence instrumentation applications. The module addresses power measurements, energy measurement, process instrumentation, data logging, and remote measurement, with emphasis on their relationships, assumptions, analytical use, and application within Electrical Measurements and Instrumentation.",MSD_COURSE_048_M7,Active,Module
MOD_COURSE_049_M1,Signal Representation,1,"Examines the concepts and methods required to understand and work with signal representation. The module addresses continuous/discrete signals, energy and power, transformations, and complex exponentials, with emphasis on their relationships, assumptions, analytical use, and application within Signals and Systems.",MSD_COURSE_049_M1,Active,Module
MOD_COURSE_049_M2,Linear Time-Invariant Systems,2,"Examines how the relevant components are organised into functioning systems and how their interactions constrain performance linear time-invariant systems. The module addresses linearity, time invariance, convolution, impulse response, and system properties, with emphasis on their relationships, assumptions, analytical use, and application within Signals and Systems.",MSD_COURSE_049_M2,Active,Module
MOD_COURSE_049_M3,Fourier Analysis,3,"Develops the analytical methods used to formulate, solve, and evaluate problems fourier analysis. The module addresses Fourier series, Fourier transform, spectra, bandwidth, and filtering, with emphasis on their relationships, assumptions, analytical use, and application within Signals and Systems.",MSD_COURSE_049_M3,Active,Module
MOD_COURSE_049_M4,Laplace Transform and System Analysis,4,"Develops the analytical methods used to formulate, solve, and evaluate problems laplace transform and system analysis. The module addresses Laplace transform, transfer functions, poles and zeros, and stability, with emphasis on their relationships, assumptions, analytical use, and application within Signals and Systems.",MSD_COURSE_049_M4,Active,Module
MOD_COURSE_049_M5,Z Transform and Discrete-Time Systems,5,"Examines how the relevant components are organised into functioning systems and how their interactions constrain performance z transform and discrete-time systems. The module addresses Z transform, ROC, difference equations, and digital-system response, with emphasis on their relationships, assumptions, analytical use, and application within Signals and Systems.",MSD_COURSE_049_M5,Active,Module
MOD_COURSE_049_M6,Sampling and Reconstruction,6,"Examines the concepts and methods required to understand and work with sampling and reconstruction. The module addresses Nyquist rate, aliasing, reconstruction, and quantization, with emphasis on their relationships, assumptions, analytical use, and application within Signals and Systems.",MSD_COURSE_049_M6,Active,Module
MOD_COURSE_049_M7,Applications and System Characterization,7,"Examines the concepts and methods required to understand and work with applications and system characterization. The module addresses frequency response, filters, modulation concepts, and signal measurement, with emphasis on their relationships, assumptions, analytical use, and application within Signals and Systems.",MSD_COURSE_049_M7,Active,Module
MOD_COURSE_050_M1,Foundations of Environmental Law,1,"Establishes the foundational models, terminology, and governing principles foundations of environmental law. The module addresses environmental rights, public trust, precaution, polluter pays, and sustainable development, with emphasis on their relationships, assumptions, analytical use, and application within Environmental Law and Environmental Governance.",MSD_COURSE_050_M1,Active,Module
MOD_COURSE_050_M2,Environmental Institutions and Regulatory Structure,2,"Examines the concepts and methods required to understand and work with environmental institutions and regulatory structure. The module addresses regulatory authorities, delegated legislation, jurisdiction, and environmental governance, with emphasis on their relationships, assumptions, analytical use, and application within Environmental Law and Environmental Governance.",MSD_COURSE_050_M2,Active,Module
MOD_COURSE_050_M3,Pollution Control Law,3,"Examines the mechanisms used to regulate, coordinate, or control system behaviour pollution control law. The module addresses air pollution regulation, water pollution regulation, waste regulation, and consent mechanisms, with emphasis on their relationships, assumptions, analytical use, and application within Environmental Law and Environmental Governance.",MSD_COURSE_050_M3,Active,Module
MOD_COURSE_050_M4,Environmental Liability and Enforcement,4,"Examines the concepts and methods required to understand and work with environmental liability and enforcement. The module addresses strict liability, environmental compensation, penalties, remediation, and compliance, with emphasis on their relationships, assumptions, analytical use, and application within Environmental Law and Environmental Governance.",MSD_COURSE_050_M4,Active,Module
MOD_COURSE_050_M5,Natural Resources and Environmental Governance,5,"Examines the legal concepts, institutional mechanisms, procedures, and accountability issues governing natural resources and environmental governance. The module addresses forests, biodiversity, water resources, land use, and common resources, with emphasis on their relationships, assumptions, analytical use, and application within Environmental Law and Environmental Governance.",MSD_COURSE_050_M5,Active,Module
MOD_COURSE_050_M6,Environmental Adjudication and Remedies,6,"Examines the concepts and methods required to understand and work with environmental adjudication and remedies. The module addresses tribunals, judicial review, writs, injunctions, and public interest litigation, with emphasis on their relationships, assumptions, analytical use, and application within Environmental Law and Environmental Governance.",MSD_COURSE_050_M6,Active,Module
MOD_COURSE_050_M7,Environmental Governance Practice,7,"Examines the legal concepts, institutional mechanisms, procedures, and accountability issues governing environmental governance practice. The module addresses permits, compliance systems, monitoring, reporting, and administrative decision-making, with emphasis on their relationships, assumptions, analytical use, and application within Environmental Law and Environmental Governance.",MSD_COURSE_050_M7,Active,Module
MOD_COURSE_051_M1,EIA Legal Framework,1,"Examines the legal concepts, institutional mechanisms, procedures, and accountability issues governing eia legal framework. The module addresses statutory basis, regulatory instruments, project categories, and competent authorities, with emphasis on their relationships, assumptions, analytical use, and application within Environmental Impact Assessment Law.",MSD_COURSE_051_M1,Active,Module
MOD_COURSE_051_M2,Screening and Scoping,2,"Examines the concepts and methods required to understand and work with screening and scoping. The module addresses screening, terms of reference, baseline requirements, and alternatives, with emphasis on their relationships, assumptions, analytical use, and application within Environmental Impact Assessment Law.",MSD_COURSE_051_M2,Active,Module
MOD_COURSE_051_M3,Impact Assessment and Environmental Appraisal,3,"Examines the concepts and methods required to understand and work with impact assessment and environmental appraisal. The module addresses impact prediction, cumulative impacts, risk, and mitigation hierarchy, with emphasis on their relationships, assumptions, analytical use, and application within Environmental Impact Assessment Law.",MSD_COURSE_051_M3,Active,Module
MOD_COURSE_051_M4,Public Participation and Consultation,4,"Examines the concepts and methods required to understand and work with public participation and consultation. The module addresses notice, disclosure, hearings, submissions, and procedural fairness, with emphasis on their relationships, assumptions, analytical use, and application within Environmental Impact Assessment Law.",MSD_COURSE_051_M4,Active,Module
MOD_COURSE_051_M5,Environmental Decision-Making,5,"Examines the concepts and methods required to understand and work with environmental decision-making. The module addresses appraisal committees, conditions, reasoned decisions, and judicial review, with emphasis on their relationships, assumptions, analytical use, and application within Environmental Impact Assessment Law.",MSD_COURSE_051_M5,Active,Module
MOD_COURSE_051_M6,Compliance and Post-Approval Monitoring,6,"Examines the concepts and methods required to understand and work with compliance and post-approval monitoring. The module addresses conditions, monitoring, reporting, non-compliance, and adaptive management, with emphasis on their relationships, assumptions, analytical use, and application within Environmental Impact Assessment Law.",MSD_COURSE_051_M6,Active,Module
MOD_COURSE_051_M7,EIA Litigation and Comparative Approaches,7,"Examines the concepts and methods required to understand and work with eia litigation and comparative approaches. The module addresses standing, remedies, evidentiary issues, and comparative EIA regimes, with emphasis on their relationships, assumptions, analytical use, and application within Environmental Impact Assessment Law.",MSD_COURSE_051_M7,Active,Module
MOD_COURSE_052_M1,Climate Governance and Legal Frameworks,1,"Examines the legal concepts, institutional mechanisms, procedures, and accountability issues governing climate governance and legal frameworks. The module addresses climate institutions, legislative instruments, executive policy, and federalism, with emphasis on their relationships, assumptions, analytical use, and application within Climate Change Law and Policy.",MSD_COURSE_052_M1,Active,Module
MOD_COURSE_052_M2,Mitigation Law and Policy,2,"Examines the legal concepts, institutional mechanisms, procedures, and accountability issues governing mitigation law and policy. The module addresses emissions regulation, carbon pricing concepts, energy regulation, and sectoral measures, with emphasis on their relationships, assumptions, analytical use, and application within Climate Change Law and Policy.",MSD_COURSE_052_M2,Active,Module
MOD_COURSE_052_M3,Adaptation and Resilience,3,"Examines the concepts and methods required to understand and work with adaptation and resilience. The module addresses adaptation duties, disaster risk, resilience planning, and vulnerable communities, with emphasis on their relationships, assumptions, analytical use, and application within Climate Change Law and Policy.",MSD_COURSE_052_M3,Active,Module
MOD_COURSE_052_M4,Climate Finance and Disclosure,4,"Examines the concepts and methods required to understand and work with climate finance and disclosure. The module addresses climate risk disclosure, sustainable finance, fiduciary considerations, and reporting, with emphasis on their relationships, assumptions, analytical use, and application within Climate Change Law and Policy.",MSD_COURSE_052_M4,Active,Module
MOD_COURSE_052_M5,International Climate Law,5,"Examines the legal concepts, institutional mechanisms, procedures, and accountability issues governing international climate law. The module addresses UNFCCC, Paris Agreement, nationally determined contributions, and transparency framework, with emphasis on their relationships, assumptions, analytical use, and application within Climate Change Law and Policy.",MSD_COURSE_052_M5,Active,Module
MOD_COURSE_052_M6,Climate Litigation and Accountability,6,"Examines the concepts and methods required to understand and work with climate litigation and accountability. The module addresses rights-based claims, government duties, corporate claims, and causation, with emphasis on their relationships, assumptions, analytical use, and application within Climate Change Law and Policy.",MSD_COURSE_052_M6,Active,Module
MOD_COURSE_052_M7,Climate Policy Implementation,7,"Examines the concepts and methods required to understand and work with climate policy implementation. The module addresses policy instruments, regulatory coordination, monitoring, and evaluation, with emphasis on their relationships, assumptions, analytical use, and application within Climate Change Law and Policy.",MSD_COURSE_052_M7,Active,Module
MOD_COURSE_053_M1,Contract Formation,1,"Examines the concepts and methods required to understand and work with contract formation. The module addresses offer, acceptance, consideration, intention, capacity, and consent, with emphasis on their relationships, assumptions, analytical use, and application within Contract Law and Commercial Agreements.",MSD_COURSE_053_M1,Active,Module
MOD_COURSE_053_M2,Contract Terms and Interpretation,2,"Examines the concepts and methods required to understand and work with contract terms and interpretation. The module addresses express terms, implied terms, conditions and warranties, interpretation, and exclusion clauses, with emphasis on their relationships, assumptions, analytical use, and application within Contract Law and Commercial Agreements.",MSD_COURSE_053_M2,Active,Module
MOD_COURSE_053_M3,Performance and Discharge,3,"Examines the concepts and methods required to understand and work with performance and discharge. The module addresses performance, frustration, novation, alteration, and discharge by agreement, with emphasis on their relationships, assumptions, analytical use, and application within Contract Law and Commercial Agreements.",MSD_COURSE_053_M3,Active,Module
MOD_COURSE_053_M4,Breach and Remedies,4,"Examines the concepts and methods required to understand and work with breach and remedies. The module addresses anticipatory breach, damages, specific performance, injunctions, and restitution, with emphasis on their relationships, assumptions, analytical use, and application within Contract Law and Commercial Agreements.",MSD_COURSE_053_M4,Active,Module
MOD_COURSE_053_M5,Commercial Risk Allocation,5,"Examines the concepts and methods required to understand and work with commercial risk allocation. The module addresses indemnities, limitation clauses, guarantees, force majeure, and insurance clauses, with emphasis on their relationships, assumptions, analytical use, and application within Contract Law and Commercial Agreements.",MSD_COURSE_053_M5,Active,Module
MOD_COURSE_053_M6,Contract Drafting and Negotiation,6,"Examines the concepts and methods required to understand and work with contract drafting and negotiation. The module addresses definitions, representations, covenants, schedules, and negotiation strategy, with emphasis on their relationships, assumptions, analytical use, and application within Contract Law and Commercial Agreements.",MSD_COURSE_053_M6,Active,Module
MOD_COURSE_053_M7,Commercial Agreements in Practice,7,"Examines the concepts and methods required to understand and work with commercial agreements in practice. The module addresses sale of goods, services, technology agreements, confidentiality, and dispute clauses, with emphasis on their relationships, assumptions, analytical use, and application within Contract Law and Commercial Agreements.",MSD_COURSE_053_M7,Active,Module
MOD_COURSE_054_M1,Employment Relationship and Conditions,1,"Examines the concepts and methods required to understand and work with employment relationship and conditions. The module addresses employment status, appointment terms, working conditions, and standing orders, with emphasis on their relationships, assumptions, analytical use, and application within Labour and Employment Law.",MSD_COURSE_054_M1,Active,Module
MOD_COURSE_054_M2,Wages and Benefits,2,"Examines the concepts and methods required to understand and work with wages and benefits. The module addresses wage regulation, deductions, bonus, social security, and leave, with emphasis on their relationships, assumptions, analytical use, and application within Labour and Employment Law.",MSD_COURSE_054_M2,Active,Module
MOD_COURSE_054_M3,Industrial Relations,3,"Examines the concepts and methods required to understand and work with industrial relations. The module addresses trade unions, collective bargaining, industrial disputes, and strikes and lockouts, with emphasis on their relationships, assumptions, analytical use, and application within Labour and Employment Law.",MSD_COURSE_054_M3,Active,Module
MOD_COURSE_054_M4,Occupational and Workplace Regulation,4,"Examines the concepts and methods required to understand and work with occupational and workplace regulation. The module addresses workplace safety, working hours, welfare, and employer duties, with emphasis on their relationships, assumptions, analytical use, and application within Labour and Employment Law.",MSD_COURSE_054_M4,Active,Module
MOD_COURSE_054_M5,Equality and Workplace Rights,5,"Examines the concepts and methods required to understand and work with equality and workplace rights. The module addresses non-discrimination, harassment, maternity protections, and reasonable workplace protections, with emphasis on their relationships, assumptions, analytical use, and application within Labour and Employment Law.",MSD_COURSE_054_M5,Active,Module
MOD_COURSE_054_M6,Dispute Resolution and Adjudication,6,"Examines the concepts and methods required to understand and work with dispute resolution and adjudication. The module addresses conciliation, labour authorities, tribunals, and judicial remedies, with emphasis on their relationships, assumptions, analytical use, and application within Labour and Employment Law.",MSD_COURSE_054_M6,Active,Module
MOD_COURSE_054_M7,Contemporary Employment Issues,7,"Examines the concepts and methods required to understand and work with contemporary employment issues. The module addresses platform work, fixed-term work, contract labour, remote work, and compliance systems, with emphasis on their relationships, assumptions, analytical use, and application within Labour and Employment Law.",MSD_COURSE_054_M7,Active,Module
MOD_COURSE_055_M1,Corporate Governance,1,"Examines the legal concepts, institutional mechanisms, procedures, and accountability issues governing corporate governance. The module addresses company organs, governance structures, shareholder rights, and disclosure, with emphasis on their relationships, assumptions, analytical use, and application within Corporate, Sustainability and ESG Law.",MSD_COURSE_055_M1,Active,Module
MOD_COURSE_055_M2,Directors Duties and Accountability,2,"Examines the concepts and methods required to understand and work with directors duties and accountability. The module addresses fiduciary duties, care, conflict management, and related-party transactions, with emphasis on their relationships, assumptions, analytical use, and application within Corporate, Sustainability and ESG Law.",MSD_COURSE_055_M2,Active,Module
MOD_COURSE_055_M3,Environmental and Social Responsibilities,3,"Examines the concepts and methods required to understand and work with environmental and social responsibilities. The module addresses corporate environmental duties, labour rights, community impacts, and supply-chain responsibility, with emphasis on their relationships, assumptions, analytical use, and application within Corporate, Sustainability and ESG Law.",MSD_COURSE_055_M3,Active,Module
MOD_COURSE_055_M4,ESG Disclosure and Reporting,4,"Examines the concepts and methods required to understand and work with esg disclosure and reporting. The module addresses materiality, non-financial disclosure, sustainability reporting, and assurance concepts, with emphasis on their relationships, assumptions, analytical use, and application within Corporate, Sustainability and ESG Law.",MSD_COURSE_055_M4,Active,Module
MOD_COURSE_055_M5,Sustainable Finance and Corporate Risk,5,"Examines the concepts and methods required to understand and work with sustainable finance and corporate risk. The module addresses green finance, climate risk, transition risk, and due diligence, with emphasis on their relationships, assumptions, analytical use, and application within Corporate, Sustainability and ESG Law.",MSD_COURSE_055_M5,Active,Module
MOD_COURSE_055_M6,Corporate Compliance and Enforcement,6,"Examines the concepts and methods required to understand and work with corporate compliance and enforcement. The module addresses compliance programs, investigations, whistleblowing, and sanctions, with emphasis on their relationships, assumptions, analytical use, and application within Corporate, Sustainability and ESG Law.",MSD_COURSE_055_M6,Active,Module
MOD_COURSE_055_M7,ESG Legal Practice and Disputes,7,"Examines the legal concepts, institutional mechanisms, procedures, and accountability issues governing esg legal practice and disputes. The module addresses greenwashing, stakeholder claims, disclosure liability, and contractual ESG clauses, with emphasis on their relationships, assumptions, analytical use, and application within Corporate, Sustainability and ESG Law.",MSD_COURSE_055_M7,Active,Module
MOD_COURSE_056_M1,Sociological Theory,1,"Examines the concepts and methods required to understand and work with sociological theory. The module addresses classical theory, functionalism, conflict theory, and symbolic interactionism, with emphasis on their relationships, assumptions, analytical use, and application within Sociology.",MSD_COURSE_056_M1,Active,Module
MOD_COURSE_056_M2,Social Institutions,2,"Examines the concepts and methods required to understand and work with social institutions. The module addresses family, education, religion, economy, polity, and institutional change, with emphasis on their relationships, assumptions, analytical use, and application within Sociology.",MSD_COURSE_056_M2,Active,Module
MOD_COURSE_056_M3,Culture and Socialization,3,"Examines the concepts and methods required to understand and work with culture and socialization. The module addresses culture, norms, values, identity, socialization, and deviance, with emphasis on their relationships, assumptions, analytical use, and application within Sociology.",MSD_COURSE_056_M3,Active,Module
MOD_COURSE_056_M4,Stratification and Inequality,4,"Examines the concepts and methods required to understand and work with stratification and inequality. The module addresses class, status, gender, race/ethnicity as social structure, mobility, and poverty, with emphasis on their relationships, assumptions, analytical use, and application within Sociology.",MSD_COURSE_056_M4,Active,Module
MOD_COURSE_056_M5,"Groups, Organizations and Networks",5,"Examines the concepts and methods required to understand and work with groups, organizations and networks. The module addresses primary/secondary groups, organizations, bureaucracy, and social networks, with emphasis on their relationships, assumptions, analytical use, and application within Sociology.",MSD_COURSE_056_M5,Active,Module
MOD_COURSE_056_M6,"Population, Urbanization and Social Change",6,"Examines the concepts and methods required to understand and work with population, urbanization and social change. The module addresses demography, migration, urbanization, globalization, and social movements, with emphasis on their relationships, assumptions, analytical use, and application within Sociology.",MSD_COURSE_056_M6,Active,Module
MOD_COURSE_056_M7,Contemporary Sociological Analysis,7,"Develops the analytical methods used to formulate, solve, and evaluate problems contemporary sociological analysis. The module addresses digital society, institutions and technology, comparative analysis, and mixed-method sociology, with emphasis on their relationships, assumptions, analytical use, and application within Sociology.",MSD_COURSE_056_M7,Active,Module
MOD_COURSE_057_M1,Social Cognition,1,"Examines the concepts and methods required to understand and work with social cognition. The module addresses schemas, attribution, heuristics, social perception, and judgment, with emphasis on their relationships, assumptions, analytical use, and application within Social Psychology.",MSD_COURSE_057_M1,Active,Module
MOD_COURSE_057_M2,Attitudes and Persuasion,2,"Examines the concepts and methods required to understand and work with attitudes and persuasion. The module addresses attitude formation, cognitive dissonance, persuasion models, and resistance, with emphasis on their relationships, assumptions, analytical use, and application within Social Psychology.",MSD_COURSE_057_M2,Active,Module
MOD_COURSE_057_M3,Interpersonal Processes,3,"Examines the concepts and methods required to understand and work with interpersonal processes. The module addresses attraction, relationships, prosocial behaviour, aggression, and conflict, with emphasis on their relationships, assumptions, analytical use, and application within Social Psychology.",MSD_COURSE_057_M3,Active,Module
MOD_COURSE_057_M4,Groups and Collective Behaviour,4,"Examines the concepts and methods required to understand and work with groups and collective behaviour. The module addresses group norms, conformity, obedience, group decision-making, and collective action, with emphasis on their relationships, assumptions, analytical use, and application within Social Psychology.",MSD_COURSE_057_M4,Active,Module
MOD_COURSE_057_M5,Identity and Intergroup Relations,5,"Examines the concepts and methods required to understand and work with identity and intergroup relations. The module addresses social identity, categorization, prejudice, stereotyping, and intergroup conflict, with emphasis on their relationships, assumptions, analytical use, and application within Social Psychology.",MSD_COURSE_057_M5,Active,Module
MOD_COURSE_057_M6,Social Influence and Communication,6,"Examines the concepts and methods required to understand and work with social influence and communication. The module addresses normative influence, informational influence, communication, and misinformation, with emphasis on their relationships, assumptions, analytical use, and application within Social Psychology.",MSD_COURSE_057_M6,Active,Module
MOD_COURSE_057_M7,Applications of Social Psychology,7,"Examines the concepts and methods required to understand and work with applications of social psychology. The module addresses health, organizations, education, environmental behaviour, and interventions, with emphasis on their relationships, assumptions, analytical use, and application within Social Psychology.",MSD_COURSE_057_M7,Active,Module
MOD_COURSE_058_M1,Growth and Structural Transformation,1,"Examines the concepts and methods required to understand and work with growth and structural transformation. The module addresses growth models, productivity, structural change, and industrialization, with emphasis on their relationships, assumptions, analytical use, and application within Development Economics.",MSD_COURSE_058_M1,Active,Module
MOD_COURSE_058_M2,Poverty and Inequality,2,"Examines the concepts and methods required to understand and work with poverty and inequality. The module addresses poverty measurement, inequality measures, redistribution, and multidimensional poverty, with emphasis on their relationships, assumptions, analytical use, and application within Development Economics.",MSD_COURSE_058_M2,Active,Module
MOD_COURSE_058_M3,Human Capital and Labour,3,"Examines the concepts and methods required to understand and work with human capital and labour. The module addresses education, health, labour markets, and returns to human capital, with emphasis on their relationships, assumptions, analytical use, and application within Development Economics.",MSD_COURSE_058_M3,Active,Module
MOD_COURSE_058_M4,Institutions and Development,4,"Examines the concepts and methods required to understand and work with institutions and development. The module addresses property rights, governance, political economy, and institutional quality, with emphasis on their relationships, assumptions, analytical use, and application within Development Economics.",MSD_COURSE_058_M4,Active,Module
MOD_COURSE_058_M5,"Markets, Finance and Development",5,"Examines the concepts and methods required to understand and work with markets, finance and development. The module addresses credit constraints, financial inclusion, market failures, and informal institutions, with emphasis on their relationships, assumptions, analytical use, and application within Development Economics.",MSD_COURSE_058_M5,Active,Module
MOD_COURSE_058_M6,Development Policy and Evaluation,6,"Develops the analytical methods used to formulate, solve, and evaluate problems development policy and evaluation. The module addresses program design, cost-benefit analysis, impact evaluation, and randomized trials, with emphasis on their relationships, assumptions, analytical use, and application within Development Economics.",MSD_COURSE_058_M6,Active,Module
MOD_COURSE_058_M7,International Development and Global Integration,7,"Examines the concepts and methods required to understand and work with international development and global integration. The module addresses trade, aid, migration, technology transfer, and global value chains, with emphasis on their relationships, assumptions, analytical use, and application within Development Economics.",MSD_COURSE_058_M7,Active,Module
MOD_COURSE_059_M1,Policy Concepts and Institutions,1,"Examines the concepts and methods required to understand and work with policy concepts and institutions. The module addresses policy problems, institutions, actors, and policy instruments, with emphasis on their relationships, assumptions, analytical use, and application within Public Policy and Governance.",MSD_COURSE_059_M1,Active,Module
MOD_COURSE_059_M2,Policy Formulation,2,"Examines the concepts and methods required to understand and work with policy formulation. The module addresses agenda setting, problem definition, evidence use, policy design, and stakeholder analysis, with emphasis on their relationships, assumptions, analytical use, and application within Public Policy and Governance.",MSD_COURSE_059_M2,Active,Module
MOD_COURSE_059_M3,Policy Implementation,3,"Examines the concepts and methods required to understand and work with policy implementation. The module addresses implementation structures, administrative capacity, street-level bureaucracy, and coordination, with emphasis on their relationships, assumptions, analytical use, and application within Public Policy and Governance.",MSD_COURSE_059_M3,Active,Module
MOD_COURSE_059_M4,Governance and Regulation,4,"Examines the legal concepts, institutional mechanisms, procedures, and accountability issues governing governance and regulation. The module addresses regulatory institutions, accountability, transparency, participation, and regulatory design, with emphasis on their relationships, assumptions, analytical use, and application within Public Policy and Governance.",MSD_COURSE_059_M4,Active,Module
MOD_COURSE_059_M5,Public Finance and Policy,5,"Examines the concepts and methods required to understand and work with public finance and policy. The module addresses budgets, public expenditure, fiscal instruments, procurement, and resource allocation, with emphasis on their relationships, assumptions, analytical use, and application within Public Policy and Governance.",MSD_COURSE_059_M5,Active,Module
MOD_COURSE_059_M6,Policy Evaluation,6,"Develops the analytical methods used to formulate, solve, and evaluate problems policy evaluation. The module addresses process evaluation, outcome evaluation, impact evaluation, and cost-effectiveness, with emphasis on their relationships, assumptions, analytical use, and application within Public Policy and Governance.",MSD_COURSE_059_M6,Active,Module
MOD_COURSE_059_M7,Digital Governance and Contemporary Policy,7,"Examines the legal concepts, institutional mechanisms, procedures, and accountability issues governing digital governance and contemporary policy. The module addresses digital public services, data governance, algorithmic decision-making, and platform regulation, with emphasis on their relationships, assumptions, analytical use, and application within Public Policy and Governance.",MSD_COURSE_059_M7,Active,Module
MOD_COURSE_060_M1,Research Design,1,"Develops the design methods and decision criteria used to translate theory into an engineered or applied solution research design. The module addresses research questions, theory and hypotheses, and exploratory/descriptive/explanatory designs, with emphasis on their relationships, assumptions, analytical use, and application within Research Methods in Social Sciences.",MSD_COURSE_060_M1,Active,Module
MOD_COURSE_060_M2,Sampling and Measurement,2,"Develops the measurement and interpretation framework needed to obtain and use reliable evidence sampling and measurement. The module addresses probability sampling, non-probability sampling, measurement scales, and instrument design, with emphasis on their relationships, assumptions, analytical use, and application within Research Methods in Social Sciences.",MSD_COURSE_060_M2,Active,Module
MOD_COURSE_060_M3,Qualitative Methods,3,"Develops methodological choices and evidence-handling practices for qualitative methods. The module addresses interviews, focus groups, observation, ethnography, and thematic analysis, with emphasis on their relationships, assumptions, analytical use, and application within Research Methods in Social Sciences.",MSD_COURSE_060_M3,Active,Module
MOD_COURSE_060_M4,Quantitative Methods and Data Analysis,4,"Develops the analytical methods used to formulate, solve, and evaluate problems quantitative methods and data analysis. The module addresses descriptive statistics, regression, hypothesis testing, and causal inference basics, with emphasis on their relationships, assumptions, analytical use, and application within Research Methods in Social Sciences.",MSD_COURSE_060_M4,Active,Module
MOD_COURSE_060_M5,Mixed Methods and Integration,5,"Develops methodological choices and evidence-handling practices for mixed methods and integration. The module addresses sequential designs, convergent designs, triangulation, and integration, with emphasis on their relationships, assumptions, analytical use, and application within Research Methods in Social Sciences.",MSD_COURSE_060_M5,Active,Module
MOD_COURSE_060_M6,"Validity, Reliability and Research Quality",6,"Develops methodological choices and evidence-handling practices for validity, reliability and research quality. The module addresses construct validity, internal validity, external validity, reliability, and reflexivity, with emphasis on their relationships, assumptions, analytical use, and application within Research Methods in Social Sciences.",MSD_COURSE_060_M6,Active,Module
MOD_COURSE_060_M7,Research Ethics and Integrity,7,"Develops methodological choices and evidence-handling practices for research ethics and integrity. The module addresses informed consent, confidentiality, research ethics review, data management, and reproducibility, with emphasis on their relationships, assumptions, analytical use, and application within Research Methods in Social Sciences.",MSD_COURSE_060_M7,Active,Module
