kfr_id:ID,name,domain,discipline,function_type,function_granularity,definition,scope,purpose,inputs,outputs,realization_or_mechanism,semantic_description,keywords_synonyms,status,:LABEL
KFR_000001,Apply Pigeonhole Principle to Pigeonhole principle,Engineering & Technology,Computer Science; Discrete Mathematics,Analysis / Application,Atomic,Operational capability to apply Pigeonhole Principle to Pigeonhole principle under the governing principle's stated assumptions and validity conditions.,Applies to finite counting and allocation arguments in which the number of objects exceeds the number of available categories or containers; it does not by itself identify which container contains the repeated objects.,"Use Pigeonhole Principle to obtain a technically justified analysis, calculation, classification, or decision concerning Pigeonhole principle.","Problem data, variables, relationships, assumptions, and boundary conditions relevant to Pigeonhole principle.","A principle-grounded analysis, calculation, classification, or decision concerning Pigeonhole principle.","Verify the applicability conditions of Pigeonhole Principle, map the concept-specific variables and relationships to the principle, and derive only the conclusions permitted by that principle.",Operationalizes Pigeonhole Principle for Pigeonhole principle. The function connects concept-specific evidence to a principle-grounded result within the stated scope and should not be generalized beyond the principle's assumptions.,Pigeonhole Principle; Pigeonhole principle,Active,KnowledgeFunction
KFR_000002,Apply Principle of Mathematical Induction to Induction,Engineering & Technology,Computer Science; Discrete Mathematics,Analysis / Application,Atomic,Operational capability to apply Principle of Mathematical Induction to Induction under the governing principle's stated assumptions and validity conditions.,Applies to statements indexed over an inductive domain such as the natural numbers; the induction step must explicitly establish the implication from the assumed case to the successor case.,"Use Principle of Mathematical Induction to obtain a technically justified analysis, calculation, classification, or decision concerning Induction.","Problem data, variables, relationships, assumptions, and boundary conditions relevant to Induction.","A principle-grounded analysis, calculation, classification, or decision concerning Induction.","Verify the applicability conditions of Principle of Mathematical Induction, map the concept-specific variables and relationships to the principle, and derive only the conclusions permitted by that principle.",Operationalizes Principle of Mathematical Induction for Induction. The function connects concept-specific evidence to a principle-grounded result within the stated scope and should not be generalized beyond the principle's assumptions.,Principle of Mathematical Induction; Induction,Active,KnowledgeFunction
KFR_000003,Apply Equivalence-Class Principle to Equivalence relations,Engineering & Technology,Computer Science; Discrete Mathematics,Analysis / Application,Atomic,Operational capability to apply Equivalence-Class Principle to Equivalence relations under the governing principle's stated assumptions and validity conditions.,"Applies when the relation is reflexive, symmetric, and transitive. It should not be generalized to arbitrary relations.","Use Equivalence-Class Principle to obtain a technically justified analysis, calculation, classification, or decision concerning Equivalence relations.","Problem data, variables, relationships, assumptions, and boundary conditions relevant to Equivalence relations.","A principle-grounded analysis, calculation, classification, or decision concerning Equivalence relations.","Verify the applicability conditions of Equivalence-Class Principle, map the concept-specific variables and relationships to the principle, and derive only the conclusions permitted by that principle.",Operationalizes Equivalence-Class Principle for Equivalence relations. The function connects concept-specific evidence to a principle-grounded result within the stated scope and should not be generalized beyond the principle's assumptions.,Equivalence-Class Principle; Equivalence relations,Active,KnowledgeFunction
KFR_000004,Formulate and check mass conservation balances using Conservation of Mass,Engineering & Technology,Chemical Engineering; Civil Engineering; Mechanical Engineering,Balance / Analysis,Atomic,"Operational capability to apply Conservation of Mass to mass conservation, Continuity under the governing principle's stated assumptions and validity conditions.",Applies to defined system or control-volume boundaries and requires consistent accounting of all relevant mass streams; chemical reaction changes species composition but does not destroy total mass in ordinary engineering balances.,"Use Conservation of Mass to obtain a technically justified analysis, calculation, classification, or decision concerning mass conservation, Continuity.","Problem data, variables, relationships, assumptions, and boundary conditions relevant to mass conservation, Continuity.","A principle-grounded analysis, calculation, classification, or decision concerning mass conservation, Continuity.","Verify the applicability conditions of Conservation of Mass, map the concept-specific variables and relationships to the principle, and derive only the conclusions permitted by that principle.","Operationalizes Conservation of Mass for mass conservation, Continuity. The function connects concept-specific evidence to a principle-grounded result within the stated scope and should not be generalized beyond the principle's assumptions.","Conservation of Mass; mass conservation, Continuity; mass conservation; Continuity",Active,KnowledgeFunction
KFR_000005,Formulate and check Energy equation balances using Conservation of Energy,Engineering & Technology,Mechanical Engineering; Chemical Engineering; Civil Engineering,Balance / Analysis,Atomic,"Operational capability to apply Conservation of Energy to Energy equation, energy balances, vapour-compression cycle, refrigeration effect, pressure-enthalpy analysis, sensible and latent loads, heat gains, Otto cycle, Diesel cycle, dual cycle, heat release, brake power, indicated power under the governing principle's stated assumptions and validity conditions.",Applies to properly defined system boundaries and consistent energy accounting. It does not imply that energy quality or ability to perform useful work is conserved.,"Use Conservation of Energy to obtain a technically justified analysis, calculation, classification, or decision concerning Energy equation, energy balances, vapour-compression cycle, refrigeration effect, pressure-enthalpy analysis, sensible and latent loads, heat gains, Otto cycle, Diesel cycle, dual cycle, heat release, brake power, indicated power.","Problem data, variables, relationships, assumptions, and boundary conditions relevant to Energy equation, energy balances, vapour-compression cycle, refrigeration effect, pressure-enthalpy analysis, sensible and latent loads, heat gains, Otto cycle, Diesel cycle, dual cycle, heat release, brake power, indicated power.","A principle-grounded analysis, calculation, classification, or decision concerning Energy equation, energy balances, vapour-compression cycle, refrigeration effect, pressure-enthalpy analysis, sensible and latent loads, heat gains, Otto cycle, Diesel cycle, dual cycle, heat release, brake power, indicated power.","Verify the applicability conditions of Conservation of Energy, map the concept-specific variables and relationships to the principle, and derive only the conclusions permitted by that principle.","Operationalizes Conservation of Energy for Energy equation, energy balances, vapour-compression cycle, refrigeration effect, pressure-enthalpy analysis, sensible and latent loads, heat gains, Otto cycle, Diesel cycle, dual cycle, heat release, brake power, indicated power. The function connects concept-specific evidence to a principle-grounded result within the stated scope and should not be generalized beyond the principle's assumptions.","Conservation of Energy; Energy equation, energy balances, vapour-compression cycle, refrigeration effect; Energy equation; energy balances; vapour-compression cycle; refrigeration effect; pressure-enthalpy analysis; sensible and latent loads",Active,KnowledgeFunction
KFR_000006,Apply Second Law of Thermodynamics to Second-law analysis,Engineering & Technology,Mechanical Engineering; Chemical Engineering,Analysis / Calculation,Atomic,"Operational capability to apply Second Law of Thermodynamics to Second-law analysis, Entropy generation, Coefficient of Performance (COP), Coefficient of Performance / Energy Efficiency Ratio (COP/EER) under the governing principle's stated assumptions and validity conditions.",Applies to thermodynamic processes and cycles subject to the stated system boundaries and equilibrium assumptions; it constrains achievable conversion efficiency and distinguishes reversible from irreversible processes.,"Use Second Law of Thermodynamics to obtain a technically justified analysis, calculation, classification, or decision concerning Second-law analysis, Entropy generation, Coefficient of Performance (COP), Coefficient of Performance / Energy Efficiency Ratio (COP/EER).","Problem data, variables, relationships, assumptions, and boundary conditions relevant to Second-law analysis, Entropy generation, Coefficient of Performance (COP), Coefficient of Performance / Energy Efficiency Ratio (COP/EER).","A principle-grounded analysis, calculation, classification, or decision concerning Second-law analysis, Entropy generation, Coefficient of Performance (COP), Coefficient of Performance / Energy Efficiency Ratio (COP/EER).","Verify the applicability conditions of Second Law of Thermodynamics, map the concept-specific variables and relationships to the principle, and derive only the conclusions permitted by that principle.","Operationalizes Second Law of Thermodynamics for Second-law analysis, Entropy generation, Coefficient of Performance (COP), Coefficient of Performance / Energy Efficiency Ratio (COP/EER). The function connects concept-specific evidence to a principle-grounded result within the stated scope and should not be generalized beyond the principle's assumptions.","Second Law of Thermodynamics; Second-law analysis, Entropy generation, COP, COP/EER; Second-law analysis; Entropy generation; Coefficient of Performance (COP); Coefficient of Performance / Energy Efficiency Ratio (COP/EER)",Active,KnowledgeFunction
KFR_000007,Apply Newton's Second Law of Motion to force,Engineering & Technology,Mechanical Engineering; Civil Engineering,Analysis / Calculation,Atomic,"Operational capability to apply Newton's Second Law of Motion to force, Velocity and acceleration fields, momentum balance under the governing principle's stated assumptions and validity conditions.",Applies in inertial reference frames and with forces defined consistently. The simple F = ma form assumes constant mass; variable-mass systems require momentum accounting.,"Use Newton's Second Law of Motion to obtain a technically justified analysis, calculation, classification, or decision concerning force, Velocity and acceleration fields, momentum balance.","Problem data, variables, relationships, assumptions, and boundary conditions relevant to force, Velocity and acceleration fields, momentum balance.","A principle-grounded analysis, calculation, classification, or decision concerning force, Velocity and acceleration fields, momentum balance.","Verify the applicability conditions of Newton's Second Law of Motion, map the concept-specific variables and relationships to the principle, and derive only the conclusions permitted by that principle.","Operationalizes Newton's Second Law of Motion for force, Velocity and acceleration fields, momentum balance. The function connects concept-specific evidence to a principle-grounded result within the stated scope and should not be generalized beyond the principle's assumptions.","Newton's Second Law of Motion; force, Velocity and acceleration fields, momentum balance; force; Velocity and acceleration fields; momentum balance",Active,KnowledgeFunction
KFR_000008,Apply Newton's Third Law to force,Engineering & Technology,Mechanical Engineering; Civil Engineering,Analysis / Calculation,Atomic,Operational capability to apply Newton's Third Law to force under the governing principle's stated assumptions and validity conditions.,Applies to paired interaction forces between bodies; the forces act on different bodies and therefore should not be cancelled within the free-body diagram of a single body.,"Use Newton's Third Law to obtain a technically justified analysis, calculation, classification, or decision concerning force.","Problem data, variables, relationships, assumptions, and boundary conditions relevant to force.","A principle-grounded analysis, calculation, classification, or decision concerning force.","Verify the applicability conditions of Newton's Third Law, map the concept-specific variables and relationships to the principle, and derive only the conclusions permitted by that principle.",Operationalizes Newton's Third Law for force. The function connects concept-specific evidence to a principle-grounded result within the stated scope and should not be generalized beyond the principle's assumptions.,Newton's Third Law; force,Active,KnowledgeFunction
KFR_000009,Apply Hooke's Law to Hooke's Law,Engineering & Technology,Civil Engineering; Mechanical Engineering,Prediction / Calculation,Atomic,"Operational capability to apply Hooke's Law to Hooke's Law, mechanical properties, stiffness under the governing principle's stated assumptions and validity conditions.",Applies only within the specified linear-elastic regime and under the assumptions of the adopted material model; it does not describe plastic or strongly nonlinear response.,"Use Hooke's Law to obtain a technically justified analysis, calculation, classification, or decision concerning Hooke's Law, mechanical properties, stiffness.","Problem data, variables, relationships, assumptions, and boundary conditions relevant to Hooke's Law, mechanical properties, stiffness.","A principle-grounded analysis, calculation, classification, or decision concerning Hooke's Law, mechanical properties, stiffness.","Verify the applicability conditions of Hooke's Law, map the concept-specific variables and relationships to the principle, and derive only the conclusions permitted by that principle.","Operationalizes Hooke's Law for Hooke's Law, mechanical properties, stiffness. The function connects concept-specific evidence to a principle-grounded result within the stated scope and should not be generalized beyond the principle's assumptions.","Hooke's Law; Hooke's Law, mechanical properties, stiffness; mechanical properties; stiffness",Active,KnowledgeFunction
KFR_000010,Apply Principle of Superposition to Laplace transforms,Engineering & Technology,Civil Engineering; Mechanical Engineering; Electrical Engineering,Analysis / Application,Atomic,"Operational capability to apply Principle of Superposition to Laplace transforms, system properties under the governing principle's stated assumptions and validity conditions.","Requires linearity of the governing system over the range considered. It does not generally apply to nonlinear material behaviour, nonlinear circuits, or nonlinear dynamics.","Use Principle of Superposition to obtain a technically justified analysis, calculation, classification, or decision concerning Laplace transforms, system properties.","Problem data, variables, relationships, assumptions, and boundary conditions relevant to Laplace transforms, system properties.","A principle-grounded analysis, calculation, classification, or decision concerning Laplace transforms, system properties.","Verify the applicability conditions of Principle of Superposition, map the concept-specific variables and relationships to the principle, and derive only the conclusions permitted by that principle.","Operationalizes Principle of Superposition for Laplace transforms, system properties. The function connects concept-specific evidence to a principle-grounded result within the stated scope and should not be generalized beyond the principle's assumptions.","Principle of Superposition; Laplace transforms, system properties; Laplace transforms; system properties",Active,KnowledgeFunction
KFR_000011,Formulate and check Continuity balances using Continuity Principle,Engineering & Technology,Civil Engineering; Chemical Engineering; Mechanical Engineering,Balance / Analysis,Atomic,"Operational capability to apply Continuity Principle to Continuity, Control volumes, mass conservation under the governing principle's stated assumptions and validity conditions.","Applies to defined control volumes or streamtubes with consistent density, velocity, and area descriptions; simplified forms require the relevant steady-state and incompressibility assumptions.","Use Continuity Principle to obtain a technically justified analysis, calculation, classification, or decision concerning Continuity, Control volumes, mass conservation.","Problem data, variables, relationships, assumptions, and boundary conditions relevant to Continuity, Control volumes, mass conservation.","A principle-grounded analysis, calculation, classification, or decision concerning Continuity, Control volumes, mass conservation.","Verify the applicability conditions of Continuity Principle, map the concept-specific variables and relationships to the principle, and derive only the conclusions permitted by that principle.","Operationalizes Continuity Principle for Continuity, Control volumes, mass conservation. The function connects concept-specific evidence to a principle-grounded result within the stated scope and should not be generalized beyond the principle's assumptions.","Continuity Principle; Continuity, Control volumes, mass conservation; Continuity; Control volumes; mass conservation",Active,KnowledgeFunction
KFR_000012,Apply Bernoulli Principle to Bernoulli equation,Engineering & Technology,Civil Engineering; Mechanical Engineering,Analysis / Application,Atomic,Operational capability to apply Bernoulli Principle to Bernoulli equation under the governing principle's stated assumptions and validity conditions.,"The elementary form applies to steady, incompressible, inviscid flow along a streamline with no shaft work or heat-transfer contribution between the selected points; extended energy equations are required otherwise.","Use Bernoulli Principle to obtain a technically justified analysis, calculation, classification, or decision concerning Bernoulli equation.","Problem data, variables, relationships, assumptions, and boundary conditions relevant to Bernoulli equation.","A principle-grounded analysis, calculation, classification, or decision concerning Bernoulli equation.","Verify the applicability conditions of Bernoulli Principle, map the concept-specific variables and relationships to the principle, and derive only the conclusions permitted by that principle.",Operationalizes Bernoulli Principle for Bernoulli equation. The function connects concept-specific evidence to a principle-grounded result within the stated scope and should not be generalized beyond the principle's assumptions.,Bernoulli Principle; Bernoulli equation,Active,KnowledgeFunction
KFR_000013,Apply Darcy's Law to Darcy's law,Engineering & Technology,Civil Engineering,Analysis / Calculation,Atomic,"Operational capability to apply Darcy's Law to Darcy's law, Soil permeability, well hydraulics, infiltration under the governing principle's stated assumptions and validity conditions.",Applies to laminar flow through porous media represented by an appropriate hydraulic conductivity and gradient; it is not a universal law for non-Darcy or highly inertial porous-media flow.,"Use Darcy's Law to obtain a technically justified analysis, calculation, classification, or decision concerning Darcy's law, Soil permeability, well hydraulics, infiltration.","Problem data, variables, relationships, assumptions, and boundary conditions relevant to Darcy's law, Soil permeability, well hydraulics, infiltration.","A principle-grounded analysis, calculation, classification, or decision concerning Darcy's law, Soil permeability, well hydraulics, infiltration.","Verify the applicability conditions of Darcy's Law, map the concept-specific variables and relationships to the principle, and derive only the conclusions permitted by that principle.","Operationalizes Darcy's Law for Darcy's law, Soil permeability, well hydraulics, infiltration. The function connects concept-specific evidence to a principle-grounded result within the stated scope and should not be generalized beyond the principle's assumptions.","Darcy's Law; Darcy's law, Soil permeability, well hydraulics, infiltration; Soil permeability; well hydraulics; infiltration",Active,KnowledgeFunction
KFR_000014,Evaluate Mohr-Coulomb failure criterion using Mohr-Coulomb Failure Criterion,Engineering & Technology,Civil Engineering,Analysis / Decision,Atomic,"Operational capability to apply Mohr-Coulomb Failure Criterion to Mohr-Coulomb failure criterion, shear strength under the governing principle's stated assumptions and validity conditions.",Applies as an idealized frictional failure criterion for soils and rocks within the assumptions of the selected effective-stress and strength model; it does not capture all nonlinear or strain-dependent failure behaviour.,"Use Mohr-Coulomb Failure Criterion to obtain a technically justified analysis, calculation, classification, or decision concerning Mohr-Coulomb failure criterion, shear strength.","Problem data, variables, relationships, assumptions, and boundary conditions relevant to Mohr-Coulomb failure criterion, shear strength.","A principle-grounded analysis, calculation, classification, or decision concerning Mohr-Coulomb failure criterion, shear strength.","Verify the applicability conditions of Mohr-Coulomb Failure Criterion, map the concept-specific variables and relationships to the principle, and derive only the conclusions permitted by that principle.","Operationalizes Mohr-Coulomb Failure Criterion for Mohr-Coulomb failure criterion, shear strength. The function connects concept-specific evidence to a principle-grounded result within the stated scope and should not be generalized beyond the principle's assumptions.","Mohr-Coulomb Failure Criterion; Mohr-Coulomb failure criterion, shear strength; shear strength",Active,KnowledgeFunction
KFR_000015,Apply Fourier's Law of Heat Conduction to Fourier law,Engineering & Technology,Mechanical Engineering; Chemical Engineering,Analysis / Calculation,Atomic,Operational capability to apply Fourier's Law of Heat Conduction to Fourier law under the governing principle's stated assumptions and validity conditions.,"Applies to conductive heat transfer within the assumptions of the constitutive model; thermal conductivity may depend on temperature, direction, material state, and microstructure.","Use Fourier's Law of Heat Conduction to obtain a technically justified analysis, calculation, classification, or decision concerning Fourier law.","Problem data, variables, relationships, assumptions, and boundary conditions relevant to Fourier law.","A principle-grounded analysis, calculation, classification, or decision concerning Fourier law.","Verify the applicability conditions of Fourier's Law of Heat Conduction, map the concept-specific variables and relationships to the principle, and derive only the conclusions permitted by that principle.",Operationalizes Fourier's Law of Heat Conduction for Fourier law. The function connects concept-specific evidence to a principle-grounded result within the stated scope and should not be generalized beyond the principle's assumptions.,Fourier's Law of Heat Conduction; Fourier law,Active,KnowledgeFunction
KFR_000016,Apply Fick's First Law to Fick law,Engineering & Technology,Chemical Engineering; Mechanical Engineering,Analysis / Calculation,Atomic,"Operational capability to apply Fick's First Law to Fick law, diffusion, molecular diffusion, mass-transfer coefficients under the governing principle's stated assumptions and validity conditions.",Applies primarily to steady or quasi-steady diffusion representations with an appropriate concentration coordinate and constant or specified diffusivity; transient accumulation requires the second law.,"Use Fick's First Law to obtain a technically justified analysis, calculation, classification, or decision concerning Fick law, diffusion, molecular diffusion, mass-transfer coefficients.","Problem data, variables, relationships, assumptions, and boundary conditions relevant to Fick law, diffusion, molecular diffusion, mass-transfer coefficients.","A principle-grounded analysis, calculation, classification, or decision concerning Fick law, diffusion, molecular diffusion, mass-transfer coefficients.","Verify the applicability conditions of Fick's First Law, map the concept-specific variables and relationships to the principle, and derive only the conclusions permitted by that principle.","Operationalizes Fick's First Law for Fick law, diffusion, molecular diffusion, mass-transfer coefficients. The function connects concept-specific evidence to a principle-grounded result within the stated scope and should not be generalized beyond the principle's assumptions.","Fick's First Law; Fick law, diffusion, molecular diffusion, mass-transfer coefficients; Fick law; diffusion; molecular diffusion; mass-transfer coefficients",Active,KnowledgeFunction
KFR_000017,Apply Arrhenius Temperature Dependence to Arrhenius equation,Engineering & Technology,Chemical Engineering,Prediction / Calculation,Atomic,Operational capability to apply Arrhenius Temperature Dependence to Arrhenius equation under the governing principle's stated assumptions and validity conditions.,Applies to reaction systems for which the Arrhenius representation is an adequate kinetic model over the stated temperature range; it is not a universal mechanistic explanation of all temperature effects.,"Use Arrhenius Temperature Dependence to obtain a technically justified analysis, calculation, classification, or decision concerning Arrhenius equation.","Problem data, variables, relationships, assumptions, and boundary conditions relevant to Arrhenius equation.","A principle-grounded analysis, calculation, classification, or decision concerning Arrhenius equation.","Verify the applicability conditions of Arrhenius Temperature Dependence, map the concept-specific variables and relationships to the principle, and derive only the conclusions permitted by that principle.",Operationalizes Arrhenius Temperature Dependence for Arrhenius equation. The function connects concept-specific evidence to a principle-grounded result within the stated scope and should not be generalized beyond the principle's assumptions.,Arrhenius Temperature Dependence; Arrhenius equation,Active,KnowledgeFunction
KFR_000018,Apply Le Chatelier's Principle to equilibrium relations,Engineering & Technology,Chemical Engineering,Analysis / Application,Atomic,"Operational capability to apply Le Chatelier's Principle to equilibrium relations, vapour-liquid equilibrium under the governing principle's stated assumptions and validity conditions.",Applies to systems at or near chemical equilibrium under the specified perturbation; it predicts the direction of response rather than providing the complete quantitative equilibrium composition.,"Use Le Chatelier's Principle to obtain a technically justified analysis, calculation, classification, or decision concerning equilibrium relations, vapour-liquid equilibrium.","Problem data, variables, relationships, assumptions, and boundary conditions relevant to equilibrium relations, vapour-liquid equilibrium.","A principle-grounded analysis, calculation, classification, or decision concerning equilibrium relations, vapour-liquid equilibrium.","Verify the applicability conditions of Le Chatelier's Principle, map the concept-specific variables and relationships to the principle, and derive only the conclusions permitted by that principle.","Operationalizes Le Chatelier's Principle for equilibrium relations, vapour-liquid equilibrium. The function connects concept-specific evidence to a principle-grounded result within the stated scope and should not be generalized beyond the principle's assumptions.","Le Chatelier's Principle; equilibrium relations, vapour-liquid equilibrium; equilibrium relations; vapour-liquid equilibrium",Active,KnowledgeFunction
KFR_000019,Apply Law of Mass Action to equilibrium relations,Engineering & Technology,Chemical Engineering,Analysis / Calculation,Atomic,"Operational capability to apply Law of Mass Action to equilibrium relations, rate laws, elementary reactions under the governing principle's stated assumptions and validity conditions.",Applies to reactions represented under the adopted thermodynamic and concentration/activity convention; equilibrium constants depend on temperature and the chosen standard-state formulation.,"Use Law of Mass Action to obtain a technically justified analysis, calculation, classification, or decision concerning equilibrium relations, rate laws, elementary reactions.","Problem data, variables, relationships, assumptions, and boundary conditions relevant to equilibrium relations, rate laws, elementary reactions.","A principle-grounded analysis, calculation, classification, or decision concerning equilibrium relations, rate laws, elementary reactions.","Verify the applicability conditions of Law of Mass Action, map the concept-specific variables and relationships to the principle, and derive only the conclusions permitted by that principle.","Operationalizes Law of Mass Action for equilibrium relations, rate laws, elementary reactions. The function connects concept-specific evidence to a principle-grounded result within the stated scope and should not be generalized beyond the principle's assumptions.","Law of Mass Action; equilibrium relations, rate laws, elementary reactions; equilibrium relations; rate laws; elementary reactions",Active,KnowledgeFunction
KFR_000020,Apply Ohm's Law to equivalent circuit,Engineering & Technology,Electrical Engineering,Analysis / Calculation,Atomic,Operational capability to apply Ohm's Law to equivalent circuit under the governing principle's stated assumptions and validity conditions.,Applies to elements exhibiting approximately linear voltage-current behaviour over the operating range; many semiconductor and nonlinear devices do not obey a constant-resistance form.,"Use Ohm's Law to obtain a technically justified analysis, calculation, classification, or decision concerning equivalent circuit.","Problem data, variables, relationships, assumptions, and boundary conditions relevant to equivalent circuit.","A principle-grounded analysis, calculation, classification, or decision concerning equivalent circuit.","Verify the applicability conditions of Ohm's Law, map the concept-specific variables and relationships to the principle, and derive only the conclusions permitted by that principle.",Operationalizes Ohm's Law for equivalent circuit. The function connects concept-specific evidence to a principle-grounded result within the stated scope and should not be generalized beyond the principle's assumptions.,Ohm's Law; equivalent circuit,Active,KnowledgeFunction
KFR_000021,Formulate and check current-source inverters balances using Kirchhoff's Current Law,Engineering & Technology,Electrical Engineering,Balance / Analysis,Atomic,Operational capability to apply Kirchhoff's Current Law to current-source inverters under the governing principle's stated assumptions and validity conditions.,Applies at circuit nodes under the adopted lumped-element approximation; displacement-current effects and distributed electromagnetic behaviour may require a field-based treatment.,"Use Kirchhoff's Current Law to obtain a technically justified analysis, calculation, classification, or decision concerning current-source inverters.","Problem data, variables, relationships, assumptions, and boundary conditions relevant to current-source inverters.","A principle-grounded analysis, calculation, classification, or decision concerning current-source inverters.","Verify the applicability conditions of Kirchhoff's Current Law, map the concept-specific variables and relationships to the principle, and derive only the conclusions permitted by that principle.",Operationalizes Kirchhoff's Current Law for current-source inverters. The function connects concept-specific evidence to a principle-grounded result within the stated scope and should not be generalized beyond the principle's assumptions.,Kirchhoff's Current Law; current-source inverters,Active,KnowledgeFunction
KFR_000022,Apply Faraday's Law of Electromagnetic Induction to transformers,Engineering & Technology,Electrical Engineering,Analysis / Calculation,Atomic,"Operational capability to apply Faraday's Law of Electromagnetic Induction to transformers, induced EMF, ideal transformer under the governing principle's stated assumptions and validity conditions.",Applies to electromagnetic induction with the sign convention represented by Lenz's law; circuit-level and field-level formulations must use compatible definitions of flux and induced emf.,"Use Faraday's Law of Electromagnetic Induction to obtain a technically justified analysis, calculation, classification, or decision concerning transformers, induced EMF, ideal transformer.","Problem data, variables, relationships, assumptions, and boundary conditions relevant to transformers, induced EMF, ideal transformer.","A principle-grounded analysis, calculation, classification, or decision concerning transformers, induced EMF, ideal transformer.","Verify the applicability conditions of Faraday's Law of Electromagnetic Induction, map the concept-specific variables and relationships to the principle, and derive only the conclusions permitted by that principle.","Operationalizes Faraday's Law of Electromagnetic Induction for transformers, induced EMF, ideal transformer. The function connects concept-specific evidence to a principle-grounded result within the stated scope and should not be generalized beyond the principle's assumptions.","Faraday's Law of Electromagnetic Induction; transformers, induced EMF, ideal transformer; transformers; induced EMF; ideal transformer",Active,KnowledgeFunction
KFR_000023,Apply Lenz's Law to transformers,Engineering & Technology,Electrical Engineering,Analysis / Calculation,Atomic,"Operational capability to apply Lenz's Law to transformers, induced EMF under the governing principle's stated assumptions and validity conditions.",Applies to electromagnetic induction and determines the sign/direction of induced response consistently with energy conservation.,"Use Lenz's Law to obtain a technically justified analysis, calculation, classification, or decision concerning transformers, induced EMF.","Problem data, variables, relationships, assumptions, and boundary conditions relevant to transformers, induced EMF.","A principle-grounded analysis, calculation, classification, or decision concerning transformers, induced EMF.","Verify the applicability conditions of Lenz's Law, map the concept-specific variables and relationships to the principle, and derive only the conclusions permitted by that principle.","Operationalizes Lenz's Law for transformers, induced EMF. The function connects concept-specific evidence to a principle-grounded result within the stated scope and should not be generalized beyond the principle's assumptions.","Lenz's Law; transformers, induced EMF; transformers; induced EMF",Active,KnowledgeFunction
KFR_000024,Apply Maximum Power Transfer Principle to equivalent circuit,Engineering & Technology,Electrical Engineering,Analysis / Application,Atomic,Operational capability to apply Maximum Power Transfer Principle to equivalent circuit under the governing principle's stated assumptions and validity conditions.,Applies to the stated source/load model and assumes the source network and load conditions represented by the theorem; reactive networks require the corresponding complex-conjugate matching condition.,"Use Maximum Power Transfer Principle to obtain a technically justified analysis, calculation, classification, or decision concerning equivalent circuit.","Problem data, variables, relationships, assumptions, and boundary conditions relevant to equivalent circuit.","A principle-grounded analysis, calculation, classification, or decision concerning equivalent circuit.","Verify the applicability conditions of Maximum Power Transfer Principle, map the concept-specific variables and relationships to the principle, and derive only the conclusions permitted by that principle.",Operationalizes Maximum Power Transfer Principle for equivalent circuit. The function connects concept-specific evidence to a principle-grounded result within the stated scope and should not be generalized beyond the principle's assumptions.,Maximum Power Transfer Principle; equivalent circuit,Active,KnowledgeFunction
KFR_000025,Evaluate Nyquist rate using Sampling Theorem,Engineering & Technology,Electrical Engineering,Analysis / Decision,Atomic,Operational capability to apply Sampling Theorem to Nyquist rate under the governing principle's stated assumptions and validity conditions.,Requires the signal to be appropriately band-limited and sampling to satisfy the stated conditions; practical reconstruction also depends on filtering and implementation quality.,"Use Sampling Theorem to obtain a technically justified analysis, calculation, classification, or decision concerning Nyquist rate.","Problem data, variables, relationships, assumptions, and boundary conditions relevant to Nyquist rate.","A principle-grounded analysis, calculation, classification, or decision concerning Nyquist rate.","Verify the applicability conditions of Sampling Theorem, map the concept-specific variables and relationships to the principle, and derive only the conclusions permitted by that principle.",Operationalizes Sampling Theorem for Nyquist rate. The function connects concept-specific evidence to a principle-grounded result within the stated scope and should not be generalized beyond the principle's assumptions.,Sampling Theorem; Nyquist rate,Active,KnowledgeFunction
KFR_000026,Evaluate Routh-Hurwitz and Nyquist criteria using Routh-Hurwitz Stability Criterion,Engineering & Technology,Mechanical Engineering; Electrical Engineering,Analysis / Decision,Atomic,"Operational capability to apply Routh-Hurwitz Stability Criterion to Routh-Hurwitz and Nyquist criteria, stability under the governing principle's stated assumptions and validity conditions.",Applies to characteristic polynomials with the conditions and coefficient structure required by the criterion; special cases such as zero rows require the established Routh procedures.,"Use Routh-Hurwitz Stability Criterion to obtain a technically justified analysis, calculation, classification, or decision concerning Routh-Hurwitz and Nyquist criteria, stability.","Problem data, variables, relationships, assumptions, and boundary conditions relevant to Routh-Hurwitz and Nyquist criteria, stability.","A principle-grounded analysis, calculation, classification, or decision concerning Routh-Hurwitz and Nyquist criteria, stability.","Verify the applicability conditions of Routh-Hurwitz Stability Criterion, map the concept-specific variables and relationships to the principle, and derive only the conclusions permitted by that principle.","Operationalizes Routh-Hurwitz Stability Criterion for Routh-Hurwitz and Nyquist criteria, stability. The function connects concept-specific evidence to a principle-grounded result within the stated scope and should not be generalized beyond the principle's assumptions.","Routh-Hurwitz Stability Criterion; Routh-Hurwitz and Nyquist criteria, stability; Routh-Hurwitz and Nyquist criteria; stability",Active,KnowledgeFunction
KFR_000027,Evaluate Routh-Hurwitz and Nyquist criteria using Nyquist Stability Criterion,Engineering & Technology,Electrical Engineering; Mechanical Engineering,Analysis / Decision,Atomic,"Operational capability to apply Nyquist Stability Criterion to Routh-Hurwitz and Nyquist criteria, stability under the governing principle's stated assumptions and validity conditions.",Applies to linear feedback systems under the assumptions of the Nyquist formulation and requires correct accounting of unstable open-loop poles and encirclement direction.,"Use Nyquist Stability Criterion to obtain a technically justified analysis, calculation, classification, or decision concerning Routh-Hurwitz and Nyquist criteria, stability.","Problem data, variables, relationships, assumptions, and boundary conditions relevant to Routh-Hurwitz and Nyquist criteria, stability.","A principle-grounded analysis, calculation, classification, or decision concerning Routh-Hurwitz and Nyquist criteria, stability.","Verify the applicability conditions of Nyquist Stability Criterion, map the concept-specific variables and relationships to the principle, and derive only the conclusions permitted by that principle.","Operationalizes Nyquist Stability Criterion for Routh-Hurwitz and Nyquist criteria, stability. The function connects concept-specific evidence to a principle-grounded result within the stated scope and should not be generalized beyond the principle's assumptions.","Nyquist Stability Criterion; Routh-Hurwitz and Nyquist criteria, stability; Routh-Hurwitz and Nyquist criteria; stability",Active,KnowledgeFunction
KFR_000028,Apply Bayes' Rule to Bayes rule,Engineering & Technology,Computer Science; Statistics; Machine Learning,Analysis / Calculation,Atomic,"Operational capability to apply Bayes' Rule to Bayes rule, Bayesian inference under the governing principle's stated assumptions and validity conditions.",Applies when the relevant conditional and marginal probabilities are defined; probability-zero evidence requires appropriate treatment and the interpretation depends on the chosen probabilistic model.,"Use Bayes' Rule to obtain a technically justified analysis, calculation, classification, or decision concerning Bayes rule, Bayesian inference.","Problem data, variables, relationships, assumptions, and boundary conditions relevant to Bayes rule, Bayesian inference.","A principle-grounded analysis, calculation, classification, or decision concerning Bayes rule, Bayesian inference.","Verify the applicability conditions of Bayes' Rule, map the concept-specific variables and relationships to the principle, and derive only the conclusions permitted by that principle.","Operationalizes Bayes' Rule for Bayes rule, Bayesian inference. The function connects concept-specific evidence to a principle-grounded result within the stated scope and should not be generalized beyond the principle's assumptions.","Bayes' Rule; Bayes rule, Bayesian inference; Bayes rule; Bayesian inference",Active,KnowledgeFunction
KFR_000029,Evaluate availability using CAP Theorem,Engineering & Technology,Computer Science,Analysis / Decision,Atomic,"Operational capability to apply CAP Theorem to availability, consistency models, partition tolerance under the governing principle's stated assumptions and validity conditions.",Applies to distributed systems in which network partitions are possible and to the precise consistency and availability definitions used in the theorem; it is not a statement that systems can provide only two properties under all conditions.,"Use CAP Theorem to obtain a technically justified analysis, calculation, classification, or decision concerning availability, consistency models, partition tolerance.","Problem data, variables, relationships, assumptions, and boundary conditions relevant to availability, consistency models, partition tolerance.","A principle-grounded analysis, calculation, classification, or decision concerning availability, consistency models, partition tolerance.","Verify the applicability conditions of CAP Theorem, map the concept-specific variables and relationships to the principle, and derive only the conclusions permitted by that principle.","Operationalizes CAP Theorem for availability, consistency models, partition tolerance. The function connects concept-specific evidence to a principle-grounded result within the stated scope and should not be generalized beyond the principle's assumptions.","CAP Theorem; availability, consistency models, partition tolerance; availability; consistency models; partition tolerance",Active,KnowledgeFunction
KFR_000030,Apply Byzantine Fault Tolerance Principle to Byzantine failures,Engineering & Technology,Computer Science,Analysis / Application,Atomic,Operational capability to apply Byzantine Fault Tolerance Principle to Byzantine failures under the governing principle's stated assumptions and validity conditions.,"Applies only under explicit assumptions about the number and behaviour of faulty participants, communication model, quorum structure, and protocol guarantees.","Use Byzantine Fault Tolerance Principle to obtain a technically justified analysis, calculation, classification, or decision concerning Byzantine failures.","Problem data, variables, relationships, assumptions, and boundary conditions relevant to Byzantine failures.","A principle-grounded analysis, calculation, classification, or decision concerning Byzantine failures.","Verify the applicability conditions of Byzantine Fault Tolerance Principle, map the concept-specific variables and relationships to the principle, and derive only the conclusions permitted by that principle.",Operationalizes Byzantine Fault Tolerance Principle for Byzantine failures. The function connects concept-specific evidence to a principle-grounded result within the stated scope and should not be generalized beyond the principle's assumptions.,Byzantine Fault Tolerance Principle; Byzantine failures,Active,KnowledgeFunction
KFR_000031,Apply Principle of Least Privilege to identity and access management,Engineering & Technology,Computer Science,Analysis / Application,Atomic,Operational capability to apply Principle of Least Privilege to identity and access management under the governing principle's stated assumptions and validity conditions.,"Applies to access-control design and should be evaluated against actual task requirements, trust boundaries, privilege inheritance, and operational constraints.","Use Principle of Least Privilege to obtain a technically justified analysis, calculation, classification, or decision concerning identity and access management.","Problem data, variables, relationships, assumptions, and boundary conditions relevant to identity and access management.","A principle-grounded analysis, calculation, classification, or decision concerning identity and access management.","Verify the applicability conditions of Principle of Least Privilege, map the concept-specific variables and relationships to the principle, and derive only the conclusions permitted by that principle.",Operationalizes Principle of Least Privilege for identity and access management. The function connects concept-specific evidence to a principle-grounded result within the stated scope and should not be generalized beyond the principle's assumptions.,Principle of Least Privilege; identity and access management,Active,KnowledgeFunction
KFR_000032,Apply Archimedes' Principle to Buoyancy,Engineering & Technology,Civil Engineering; Mechanical Engineering,Analysis / Application,Atomic,Operational capability to apply Archimedes' Principle to Buoyancy under the governing principle's stated assumptions and validity conditions.,Applies to bodies immersed in fluids under hydrostatic assumptions appropriate to the formulation; dynamic flow effects require additional analysis.,"Use Archimedes' Principle to obtain a technically justified analysis, calculation, classification, or decision concerning Buoyancy.","Problem data, variables, relationships, assumptions, and boundary conditions relevant to Buoyancy.","A principle-grounded analysis, calculation, classification, or decision concerning Buoyancy.","Verify the applicability conditions of Archimedes' Principle, map the concept-specific variables and relationships to the principle, and derive only the conclusions permitted by that principle.",Operationalizes Archimedes' Principle for Buoyancy. The function connects concept-specific evidence to a principle-grounded result within the stated scope and should not be generalized beyond the principle's assumptions.,Archimedes' Principle; Buoyancy,Active,KnowledgeFunction
KFR_000033,Apply Reynolds Similarity Principle to Reynolds number,Engineering & Technology,Civil Engineering; Mechanical Engineering; Chemical Engineering,Analysis / Application,Atomic,"Operational capability to apply Reynolds Similarity Principle to Reynolds number, dimensional groups, turbulent flow, similitude under the governing principle's stated assumptions and validity conditions.",Applies when the selected dimensionless groups capture the dominant physical mechanisms; matching Reynolds number alone is insufficient when other forces or transport mechanisms are significant.,"Use Reynolds Similarity Principle to obtain a technically justified analysis, calculation, classification, or decision concerning Reynolds number, dimensional groups, turbulent flow, similitude.","Problem data, variables, relationships, assumptions, and boundary conditions relevant to Reynolds number, dimensional groups, turbulent flow, similitude.","A principle-grounded analysis, calculation, classification, or decision concerning Reynolds number, dimensional groups, turbulent flow, similitude.","Verify the applicability conditions of Reynolds Similarity Principle, map the concept-specific variables and relationships to the principle, and derive only the conclusions permitted by that principle.","Operationalizes Reynolds Similarity Principle for Reynolds number, dimensional groups, turbulent flow, similitude. The function connects concept-specific evidence to a principle-grounded result within the stated scope and should not be generalized beyond the principle's assumptions.","Reynolds Similarity Principle; Reynolds number, dimensional groups, turbulent flow, similitude; Reynolds number; dimensional groups; turbulent flow; similitude",Active,KnowledgeFunction
KFR_000034,Formulate and check momentum balance balances using Conservation of Momentum,Engineering & Technology,Civil Engineering; Mechanical Engineering; Chemical Engineering,Balance / Analysis,Atomic,"Operational capability to apply Conservation of Momentum to momentum balance, Navier-Stokes equation under the governing principle's stated assumptions and validity conditions.",Applies to a defined system or control volume with all relevant external forces and momentum fluxes accounted for; simplified forms require explicit assumptions.,"Use Conservation of Momentum to obtain a technically justified analysis, calculation, classification, or decision concerning momentum balance, Navier-Stokes equation.","Problem data, variables, relationships, assumptions, and boundary conditions relevant to momentum balance, Navier-Stokes equation.","A principle-grounded analysis, calculation, classification, or decision concerning momentum balance, Navier-Stokes equation.","Verify the applicability conditions of Conservation of Momentum, map the concept-specific variables and relationships to the principle, and derive only the conclusions permitted by that principle.","Operationalizes Conservation of Momentum for momentum balance, Navier-Stokes equation. The function connects concept-specific evidence to a principle-grounded result within the stated scope and should not be generalized beyond the principle's assumptions.","Conservation of Momentum; momentum balance, Navier-Stokes equation; momentum balance; Navier-Stokes equation",Active,KnowledgeFunction
KFR_000035,Formulate and check current-source inverters balances using Conservation of Charge,Engineering & Technology,Electrical Engineering,Balance / Analysis,Atomic,Operational capability to apply Conservation of Charge to current-source inverters under the governing principle's stated assumptions and validity conditions.,Applies to electromagnetic systems subject to charge continuity; circuit and field formulations must account for charge accumulation consistently.,"Use Conservation of Charge to obtain a technically justified analysis, calculation, classification, or decision concerning current-source inverters.","Problem data, variables, relationships, assumptions, and boundary conditions relevant to current-source inverters.","A principle-grounded analysis, calculation, classification, or decision concerning current-source inverters.","Verify the applicability conditions of Conservation of Charge, map the concept-specific variables and relationships to the principle, and derive only the conclusions permitted by that principle.",Operationalizes Conservation of Charge for current-source inverters. The function connects concept-specific evidence to a principle-grounded result within the stated scope and should not be generalized beyond the principle's assumptions.,Conservation of Charge; current-source inverters,Active,KnowledgeFunction
KFR_000036,Apply Principle of Effective Stress to shear strength,Engineering & Technology,Civil Engineering,Analysis / Application,Atomic,"Operational capability to apply Principle of Effective Stress to shear strength, compressibility, Terzaghi theory under the governing principle's stated assumptions and validity conditions.",Applies to the assumptions of saturated soil mechanics and the adopted stress convention; partially saturated and complex multiphase systems require extended formulations.,"Use Principle of Effective Stress to obtain a technically justified analysis, calculation, classification, or decision concerning shear strength, compressibility, Terzaghi theory.","Problem data, variables, relationships, assumptions, and boundary conditions relevant to shear strength, compressibility, Terzaghi theory.","A principle-grounded analysis, calculation, classification, or decision concerning shear strength, compressibility, Terzaghi theory.","Verify the applicability conditions of Principle of Effective Stress, map the concept-specific variables and relationships to the principle, and derive only the conclusions permitted by that principle.","Operationalizes Principle of Effective Stress for shear strength, compressibility, Terzaghi theory. The function connects concept-specific evidence to a principle-grounded result within the stated scope and should not be generalized beyond the principle's assumptions.","Principle of Effective Stress; shear strength, compressibility, Terzaghi theory; shear strength; compressibility; Terzaghi theory",Active,KnowledgeFunction
KFR_000037,Apply Principle of Feedback to feedback,Engineering & Technology,Electrical Engineering; Mechanical Engineering,Analysis / Application,Atomic,"Operational capability to apply Principle of Feedback to feedback, closed-loop control, PID structure, setpoint tracking, disturbance rejection under the governing principle's stated assumptions and validity conditions.","Applies to feedback architectures with explicitly defined sensing, comparison, actuation, and dynamics; feedback does not inherently guarantee stability or improved performance.","Use Principle of Feedback to obtain a technically justified analysis, calculation, classification, or decision concerning feedback, closed-loop control, PID structure, setpoint tracking, disturbance rejection.","Problem data, variables, relationships, assumptions, and boundary conditions relevant to feedback, closed-loop control, PID structure, setpoint tracking, disturbance rejection.","A principle-grounded analysis, calculation, classification, or decision concerning feedback, closed-loop control, PID structure, setpoint tracking, disturbance rejection.","Verify the applicability conditions of Principle of Feedback, map the concept-specific variables and relationships to the principle, and derive only the conclusions permitted by that principle.","Operationalizes Principle of Feedback for feedback, closed-loop control, PID structure, setpoint tracking, disturbance rejection. The function connects concept-specific evidence to a principle-grounded result within the stated scope and should not be generalized beyond the principle's assumptions.","Principle of Feedback; feedback, closed-loop control, PID structure, setpoint tracking; feedback; closed-loop control; PID structure; setpoint tracking; disturbance rejection",Active,KnowledgeFunction
KFR_000038,Apply Separation Principle for Linear Control to state estimation,Engineering & Technology,Electrical Engineering,Analysis / Application,Atomic,Operational capability to apply Separation Principle for Linear Control to state estimation under the governing principle's stated assumptions and validity conditions.,"Applies specifically under the assumptions of the LQG formulation; it should not be generalized to arbitrary nonlinear, constrained, or non-Gaussian control problems.","Use Separation Principle for Linear Control to obtain a technically justified analysis, calculation, classification, or decision concerning state estimation.","Problem data, variables, relationships, assumptions, and boundary conditions relevant to state estimation.","A principle-grounded analysis, calculation, classification, or decision concerning state estimation.","Verify the applicability conditions of Separation Principle for Linear Control, map the concept-specific variables and relationships to the principle, and derive only the conclusions permitted by that principle.",Operationalizes Separation Principle for Linear Control for state estimation. The function connects concept-specific evidence to a principle-grounded result within the stated scope and should not be generalized beyond the principle's assumptions.,Separation Principle for Linear Control; state estimation,Active,KnowledgeFunction
KFR_000039,Apply Principle of Mass Transfer Driving Force to Mass diffusion and transfer coefficients,Engineering & Technology,Chemical Engineering,Analysis / Application,Atomic,Operational capability to apply Principle of Mass Transfer Driving Force to Mass diffusion and transfer coefficients under the governing principle's stated assumptions and validity conditions.,"Applies to the selected mass-transfer representation and phase-equilibrium assumptions; the definition of driving force depends on the chosen concentration, partial-pressure, fugacity, or other basis.","Use Principle of Mass Transfer Driving Force to obtain a technically justified analysis, calculation, classification, or decision concerning Mass diffusion and transfer coefficients.","Problem data, variables, relationships, assumptions, and boundary conditions relevant to Mass diffusion and transfer coefficients.","A principle-grounded analysis, calculation, classification, or decision concerning Mass diffusion and transfer coefficients.","Verify the applicability conditions of Principle of Mass Transfer Driving Force, map the concept-specific variables and relationships to the principle, and derive only the conclusions permitted by that principle.",Operationalizes Principle of Mass Transfer Driving Force for Mass diffusion and transfer coefficients. The function connects concept-specific evidence to a principle-grounded result within the stated scope and should not be generalized beyond the principle's assumptions.,Principle of Mass Transfer Driving Force; Mass diffusion and transfer coefficients,Active,KnowledgeFunction
KFR_000040,Apply Principle of Thermal Resistance to heat transfer,Engineering & Technology,Mechanical Engineering; Chemical Engineering,Analysis / Application,Atomic,Operational capability to apply Principle of Thermal Resistance to heat transfer under the governing principle's stated assumptions and validity conditions.,"Applies to linearized, steady heat-transfer networks where resistances can be defined consistently; contact, radiation, and nonlinear conductivity may require modified representations.","Use Principle of Thermal Resistance to obtain a technically justified analysis, calculation, classification, or decision concerning heat transfer.","Problem data, variables, relationships, assumptions, and boundary conditions relevant to heat transfer.","A principle-grounded analysis, calculation, classification, or decision concerning heat transfer.","Verify the applicability conditions of Principle of Thermal Resistance, map the concept-specific variables and relationships to the principle, and derive only the conclusions permitted by that principle.",Operationalizes Principle of Thermal Resistance for heat transfer. The function connects concept-specific evidence to a principle-grounded result within the stated scope and should not be generalized beyond the principle's assumptions.,Principle of Thermal Resistance; heat transfer,Active,KnowledgeFunction
KFR_000041,Apply Principle of Dimensional Homogeneity to dimensional groups,Engineering & Technology,Civil Engineering; Mechanical Engineering; Chemical Engineering,Analysis / Application,Atomic,"Operational capability to apply Principle of Dimensional Homogeneity to dimensional groups, dimensional consistency under the governing principle's stated assumptions and validity conditions.",Applies to equations representing physical quantities; dimensional consistency is necessary but does not by itself establish physical correctness.,"Use Principle of Dimensional Homogeneity to obtain a technically justified analysis, calculation, classification, or decision concerning dimensional groups, dimensional consistency.","Problem data, variables, relationships, assumptions, and boundary conditions relevant to dimensional groups, dimensional consistency.","A principle-grounded analysis, calculation, classification, or decision concerning dimensional groups, dimensional consistency.","Verify the applicability conditions of Principle of Dimensional Homogeneity, map the concept-specific variables and relationships to the principle, and derive only the conclusions permitted by that principle.","Operationalizes Principle of Dimensional Homogeneity for dimensional groups, dimensional consistency. The function connects concept-specific evidence to a principle-grounded result within the stated scope and should not be generalized beyond the principle's assumptions.","Principle of Dimensional Homogeneity; dimensional groups, dimensional consistency; dimensional groups; dimensional consistency",Active,KnowledgeFunction
KFR_000042,Evaluate dimensional groups using Buckingham Pi Theorem,Engineering & Technology,Civil Engineering; Mechanical Engineering; Chemical Engineering,Analysis / Decision,Atomic,"Operational capability to apply Buckingham Pi Theorem to dimensional groups, Reynolds number under the governing principle's stated assumptions and validity conditions.",Applies when the variables and fundamental dimensions are correctly identified and the dimensional matrix has the required rank.,"Use Buckingham Pi Theorem to obtain a technically justified analysis, calculation, classification, or decision concerning dimensional groups, Reynolds number.","Problem data, variables, relationships, assumptions, and boundary conditions relevant to dimensional groups, Reynolds number.","A principle-grounded analysis, calculation, classification, or decision concerning dimensional groups, Reynolds number.","Verify the applicability conditions of Buckingham Pi Theorem, map the concept-specific variables and relationships to the principle, and derive only the conclusions permitted by that principle.","Operationalizes Buckingham Pi Theorem for dimensional groups, Reynolds number. The function connects concept-specific evidence to a principle-grounded result within the stated scope and should not be generalized beyond the principle's assumptions.","Buckingham Pi Theorem; dimensional groups, Reynolds number; dimensional groups; Reynolds number",Active,KnowledgeFunction
KFR_000043,Apply Principle of Superposition in Linear Circuits to equivalent circuit,Engineering & Technology,Electrical Engineering,Analysis / Application,Atomic,Operational capability to apply Principle of Superposition in Linear Circuits to equivalent circuit under the governing principle's stated assumptions and validity conditions.,Requires linear circuit elements and linear operating conditions; dependent sources remain active according to the circuit model.,"Use Principle of Superposition in Linear Circuits to obtain a technically justified analysis, calculation, classification, or decision concerning equivalent circuit.","Problem data, variables, relationships, assumptions, and boundary conditions relevant to equivalent circuit.","A principle-grounded analysis, calculation, classification, or decision concerning equivalent circuit.","Verify the applicability conditions of Principle of Superposition in Linear Circuits, map the concept-specific variables and relationships to the principle, and derive only the conclusions permitted by that principle.",Operationalizes Principle of Superposition in Linear Circuits for equivalent circuit. The function connects concept-specific evidence to a principle-grounded result within the stated scope and should not be generalized beyond the principle's assumptions.,Principle of Superposition in Linear Circuits; equivalent circuit,Active,KnowledgeFunction
KFR_000044,Evaluate equivalent circuit using Thevenin Equivalence Principle,Engineering & Technology,Electrical Engineering,Analysis / Decision,Atomic,Operational capability to apply Thevenin Equivalence Principle to equivalent circuit under the governing principle's stated assumptions and validity conditions.,Applies to linear two-terminal networks and the selected terminal conditions; nonlinear networks require an appropriate local or nonlinear equivalent treatment.,"Use Thevenin Equivalence Principle to obtain a technically justified analysis, calculation, classification, or decision concerning equivalent circuit.","Problem data, variables, relationships, assumptions, and boundary conditions relevant to equivalent circuit.","A principle-grounded analysis, calculation, classification, or decision concerning equivalent circuit.","Verify the applicability conditions of Thevenin Equivalence Principle, map the concept-specific variables and relationships to the principle, and derive only the conclusions permitted by that principle.",Operationalizes Thevenin Equivalence Principle for equivalent circuit. The function connects concept-specific evidence to a principle-grounded result within the stated scope and should not be generalized beyond the principle's assumptions.,Thevenin Equivalence Principle; equivalent circuit,Active,KnowledgeFunction
KFR_000045,Evaluate equivalent circuit using Norton's Equivalence Principle,Engineering & Technology,Electrical Engineering,Analysis / Decision,Atomic,Operational capability to apply Norton's Equivalence Principle to equivalent circuit under the governing principle's stated assumptions and validity conditions.,Applies to linear two-terminal networks under the adopted circuit model.,"Use Norton's Equivalence Principle to obtain a technically justified analysis, calculation, classification, or decision concerning equivalent circuit.","Problem data, variables, relationships, assumptions, and boundary conditions relevant to equivalent circuit.","A principle-grounded analysis, calculation, classification, or decision concerning equivalent circuit.","Verify the applicability conditions of Norton's Equivalence Principle, map the concept-specific variables and relationships to the principle, and derive only the conclusions permitted by that principle.",Operationalizes Norton's Equivalence Principle for equivalent circuit. The function connects concept-specific evidence to a principle-grounded result within the stated scope and should not be generalized beyond the principle's assumptions.,Norton's Equivalence Principle; equivalent circuit,Active,KnowledgeFunction
KFR_000046,Assess precaution using Precautionary Principle,Law,Environmental Law,Assessment / Decision,Atomic,Operational capability to apply Precautionary Principle to precaution under the governing principle's stated assumptions and validity conditions.,"Applies to environmental decision-making under scientific uncertainty and must be interpreted with the legal threshold, proportionality, evidence, and procedural requirements of the governing legal regime.","Use Precautionary Principle to obtain a technically justified analysis, calculation, classification, or decision concerning precaution.","Problem data, variables, relationships, assumptions, and boundary conditions relevant to precaution.","A principle-grounded analysis, calculation, classification, or decision concerning precaution.","Verify the applicability conditions of Precautionary Principle, map the concept-specific variables and relationships to the principle, and derive only the conclusions permitted by that principle.",Operationalizes Precautionary Principle for precaution. The function connects concept-specific evidence to a principle-grounded result within the stated scope and should not be generalized beyond the principle's assumptions.,Precautionary Principle; precaution,Active,KnowledgeFunction
KFR_000047,Assess polluter pays using Polluter Pays Principle,Law,Environmental Law,Assessment / Decision,Atomic,Operational capability to apply Polluter Pays Principle to polluter pays under the governing principle's stated assumptions and validity conditions.,"Applies as a legal/policy principle within the relevant jurisdiction and does not automatically determine every question of liability, compensation, or causation.","Use Polluter Pays Principle to obtain a technically justified analysis, calculation, classification, or decision concerning polluter pays.","Problem data, variables, relationships, assumptions, and boundary conditions relevant to polluter pays.","A principle-grounded analysis, calculation, classification, or decision concerning polluter pays.","Verify the applicability conditions of Polluter Pays Principle, map the concept-specific variables and relationships to the principle, and derive only the conclusions permitted by that principle.",Operationalizes Polluter Pays Principle for polluter pays. The function connects concept-specific evidence to a principle-grounded result within the stated scope and should not be generalized beyond the principle's assumptions.,Polluter Pays Principle; polluter pays,Active,KnowledgeFunction
KFR_000048,Assess sustainable development using Sustainable Development Principle,Law,Environmental Law; Climate Change Law,Assessment / Decision,Atomic,Operational capability to apply Sustainable Development Principle to sustainable development under the governing principle's stated assumptions and validity conditions.,"Applies as a legal and governance principle subject to the constitutional, statutory, and judicial framework of the jurisdiction; it does not prescribe a single universal balancing formula.","Use Sustainable Development Principle to obtain a technically justified analysis, calculation, classification, or decision concerning sustainable development.","Problem data, variables, relationships, assumptions, and boundary conditions relevant to sustainable development.","A principle-grounded analysis, calculation, classification, or decision concerning sustainable development.","Verify the applicability conditions of Sustainable Development Principle, map the concept-specific variables and relationships to the principle, and derive only the conclusions permitted by that principle.",Operationalizes Sustainable Development Principle for sustainable development. The function connects concept-specific evidence to a principle-grounded result within the stated scope and should not be generalized beyond the principle's assumptions.,Sustainable Development Principle; sustainable development,Active,KnowledgeFunction
KFR_000049,Assess public trust using Public Trust Doctrine,Law,Environmental Law,Assessment / Decision,Atomic,Operational capability to apply Public Trust Doctrine to public trust under the governing principle's stated assumptions and validity conditions.,Applies to resources and circumstances recognized by the governing legal system; the precise scope of trusteeship and remedies is jurisdiction-specific.,"Use Public Trust Doctrine to obtain a technically justified analysis, calculation, classification, or decision concerning public trust.","Problem data, variables, relationships, assumptions, and boundary conditions relevant to public trust.","A principle-grounded analysis, calculation, classification, or decision concerning public trust.","Verify the applicability conditions of Public Trust Doctrine, map the concept-specific variables and relationships to the principle, and derive only the conclusions permitted by that principle.",Operationalizes Public Trust Doctrine for public trust. The function connects concept-specific evidence to a principle-grounded result within the stated scope and should not be generalized beyond the principle's assumptions.,Public Trust Doctrine; public trust,Active,KnowledgeFunction
KFR_000050,Assess sustainable development using Intergenerational Equity Principle,Law,Environmental Law; Climate Change Law,Assessment / Decision,Atomic,Operational capability to apply Intergenerational Equity Principle to sustainable development under the governing principle's stated assumptions and validity conditions.,Applies where recognized in the governing legal or policy framework; it does not require all present benefits to be rejected in favour of future interests.,"Use Intergenerational Equity Principle to obtain a technically justified analysis, calculation, classification, or decision concerning sustainable development.","Problem data, variables, relationships, assumptions, and boundary conditions relevant to sustainable development.","A principle-grounded analysis, calculation, classification, or decision concerning sustainable development.","Verify the applicability conditions of Intergenerational Equity Principle, map the concept-specific variables and relationships to the principle, and derive only the conclusions permitted by that principle.",Operationalizes Intergenerational Equity Principle for sustainable development. The function connects concept-specific evidence to a principle-grounded result within the stated scope and should not be generalized beyond the principle's assumptions.,Intergenerational Equity Principle; sustainable development,Active,KnowledgeFunction
KFR_000051,Assess participation using Environmental Participation Principle,Law,Environmental Law; Public Policy,Assessment / Decision,Atomic,Operational capability to apply Environmental Participation Principle to participation under the governing principle's stated assumptions and validity conditions.,Applies to participation processes recognized by law or policy; participation does not necessarily imply a veto over the final decision.,"Use Environmental Participation Principle to obtain a technically justified analysis, calculation, classification, or decision concerning participation.","Problem data, variables, relationships, assumptions, and boundary conditions relevant to participation.","A principle-grounded analysis, calculation, classification, or decision concerning participation.","Verify the applicability conditions of Environmental Participation Principle, map the concept-specific variables and relationships to the principle, and derive only the conclusions permitted by that principle.",Operationalizes Environmental Participation Principle for participation. The function connects concept-specific evidence to a principle-grounded result within the stated scope and should not be generalized beyond the principle's assumptions.,Environmental Participation Principle; participation,Active,KnowledgeFunction
KFR_000052,Assess statutory basis using Rule of Law,Law,Law,Assessment / Decision,Atomic,"Operational capability to apply Rule of Law to statutory basis, regulatory instruments, jurisdiction, judicial review under the governing principle's stated assumptions and validity conditions.",Applies as a constitutional and legal governance principle whose precise institutional requirements depend on the jurisdiction.,"Use Rule of Law to obtain a technically justified analysis, calculation, classification, or decision concerning statutory basis, regulatory instruments, jurisdiction, judicial review.","Problem data, variables, relationships, assumptions, and boundary conditions relevant to statutory basis, regulatory instruments, jurisdiction, judicial review.","A principle-grounded analysis, calculation, classification, or decision concerning statutory basis, regulatory instruments, jurisdiction, judicial review.","Verify the applicability conditions of Rule of Law, map the concept-specific variables and relationships to the principle, and derive only the conclusions permitted by that principle.","Operationalizes Rule of Law for statutory basis, regulatory instruments, jurisdiction, judicial review. The function connects concept-specific evidence to a principle-grounded result within the stated scope and should not be generalized beyond the principle's assumptions.","Rule of Law; statutory basis, regulatory instruments, jurisdiction, judicial review; statutory basis; regulatory instruments; jurisdiction; judicial review",Active,KnowledgeFunction
KFR_000053,Assess procedural fairness using Principle of Natural Justice,Law,Law,Assessment / Decision,Atomic,"Operational capability to apply Principle of Natural Justice to procedural fairness, notice, disclosure, hearings under the governing principle's stated assumptions and validity conditions.","Applies to administrative, disciplinary, and other decision contexts where procedural fairness is required; content varies with the statutory and factual setting.","Use Principle of Natural Justice to obtain a technically justified analysis, calculation, classification, or decision concerning procedural fairness, notice, disclosure, hearings.","Problem data, variables, relationships, assumptions, and boundary conditions relevant to procedural fairness, notice, disclosure, hearings.","A principle-grounded analysis, calculation, classification, or decision concerning procedural fairness, notice, disclosure, hearings.","Verify the applicability conditions of Principle of Natural Justice, map the concept-specific variables and relationships to the principle, and derive only the conclusions permitted by that principle.","Operationalizes Principle of Natural Justice for procedural fairness, notice, disclosure, hearings. The function connects concept-specific evidence to a principle-grounded result within the stated scope and should not be generalized beyond the principle's assumptions.","Principle of Natural Justice; procedural fairness, notice, disclosure, hearings; procedural fairness; notice; disclosure; hearings",Active,KnowledgeFunction
KFR_000054,Assess fiduciary duties using Fiduciary Duty Principle,Law,Corporate Law,Assessment / Decision,Atomic,"Operational capability to apply Fiduciary Duty Principle to fiduciary duties, fiduciary considerations under the governing principle's stated assumptions and validity conditions.",Applies only where a fiduciary relationship or statutory fiduciary duty exists; exact duties vary by role and jurisdiction.,"Use Fiduciary Duty Principle to obtain a technically justified analysis, calculation, classification, or decision concerning fiduciary duties, fiduciary considerations.","Problem data, variables, relationships, assumptions, and boundary conditions relevant to fiduciary duties, fiduciary considerations.","A principle-grounded analysis, calculation, classification, or decision concerning fiduciary duties, fiduciary considerations.","Verify the applicability conditions of Fiduciary Duty Principle, map the concept-specific variables and relationships to the principle, and derive only the conclusions permitted by that principle.","Operationalizes Fiduciary Duty Principle for fiduciary duties, fiduciary considerations. The function connects concept-specific evidence to a principle-grounded result within the stated scope and should not be generalized beyond the principle's assumptions.","Fiduciary Duty Principle; fiduciary duties, fiduciary considerations; fiduciary duties; fiduciary considerations",Active,KnowledgeFunction
KFR_000055,Assess informed consent using Principle of Informed Consent,Social Science,Social Science; Research Methods,Assessment / Decision,Atomic,Operational capability to apply Principle of Informed Consent to informed consent under the governing principle's stated assumptions and validity conditions.,Applies to human-subject research subject to the applicable ethics framework; consent requirements may be modified only under recognized ethical and regulatory conditions.,"Use Principle of Informed Consent to obtain a technically justified analysis, calculation, classification, or decision concerning informed consent.","Problem data, variables, relationships, assumptions, and boundary conditions relevant to informed consent.","A principle-grounded analysis, calculation, classification, or decision concerning informed consent.","Verify the applicability conditions of Principle of Informed Consent, map the concept-specific variables and relationships to the principle, and derive only the conclusions permitted by that principle.",Operationalizes Principle of Informed Consent for informed consent. The function connects concept-specific evidence to a principle-grounded result within the stated scope and should not be generalized beyond the principle's assumptions.,Principle of Informed Consent; informed consent,Active,KnowledgeFunction
KFR_000056,Assess informed consent using Principle of Respect for Persons,Social Science,Social Science; Research Methods,Assessment / Decision,Atomic,Operational capability to apply Principle of Respect for Persons to informed consent under the governing principle's stated assumptions and validity conditions.,"Applies to human-subject research and requires assessment of autonomy, vulnerability, and appropriate protections.","Use Principle of Respect for Persons to obtain a technically justified analysis, calculation, classification, or decision concerning informed consent.","Problem data, variables, relationships, assumptions, and boundary conditions relevant to informed consent.","A principle-grounded analysis, calculation, classification, or decision concerning informed consent.","Verify the applicability conditions of Principle of Respect for Persons, map the concept-specific variables and relationships to the principle, and derive only the conclusions permitted by that principle.",Operationalizes Principle of Respect for Persons for informed consent. The function connects concept-specific evidence to a principle-grounded result within the stated scope and should not be generalized beyond the principle's assumptions.,Principle of Respect for Persons; informed consent,Active,KnowledgeFunction
KFR_000057,Apply Principle of Evidence-Based Policy to Policy evaluation,Social Science,Public Policy and Governance,Analysis / Application,Atomic,"Operational capability to apply Principle of Evidence-Based Policy to Policy evaluation, evidence use under the governing principle's stated assumptions and validity conditions.",Applies to policy formulation and evaluation; evidence is one input to decision-making and does not eliminate legitimate value judgments or political choices.,"Use Principle of Evidence-Based Policy to obtain a technically justified analysis, calculation, classification, or decision concerning Policy evaluation, evidence use.","Problem data, variables, relationships, assumptions, and boundary conditions relevant to Policy evaluation, evidence use.","A principle-grounded analysis, calculation, classification, or decision concerning Policy evaluation, evidence use.","Verify the applicability conditions of Principle of Evidence-Based Policy, map the concept-specific variables and relationships to the principle, and derive only the conclusions permitted by that principle.","Operationalizes Principle of Evidence-Based Policy for Policy evaluation, evidence use. The function connects concept-specific evidence to a principle-grounded result within the stated scope and should not be generalized beyond the principle's assumptions.","Principle of Evidence-Based Policy; Policy evaluation, evidence use; Policy evaluation; evidence use",Active,KnowledgeFunction
KFR_000058,Assess transparency using Principle of Transparency,Social Science,Public Policy and Governance,Assessment / Decision,Atomic,Operational capability to apply Principle of Transparency to transparency under the governing principle's stated assumptions and validity conditions.,Applies to public governance and disclosure systems within the applicable legal framework; transparency does not require unrestricted disclosure of protected information.,"Use Principle of Transparency to obtain a technically justified analysis, calculation, classification, or decision concerning transparency.","Problem data, variables, relationships, assumptions, and boundary conditions relevant to transparency.","A principle-grounded analysis, calculation, classification, or decision concerning transparency.","Verify the applicability conditions of Principle of Transparency, map the concept-specific variables and relationships to the principle, and derive only the conclusions permitted by that principle.",Operationalizes Principle of Transparency for transparency. The function connects concept-specific evidence to a principle-grounded result within the stated scope and should not be generalized beyond the principle's assumptions.,Principle of Transparency; transparency,Active,KnowledgeFunction
KFR_000059,Assess accountability using Principle of Accountability,Social Science,Public Policy and Governance,Assessment / Decision,Atomic,Operational capability to apply Principle of Accountability to accountability under the governing principle's stated assumptions and validity conditions.,Applies to the institutional roles and accountability mechanisms established by the relevant governance framework.,"Use Principle of Accountability to obtain a technically justified analysis, calculation, classification, or decision concerning accountability.","Problem data, variables, relationships, assumptions, and boundary conditions relevant to accountability.","A principle-grounded analysis, calculation, classification, or decision concerning accountability.","Verify the applicability conditions of Principle of Accountability, map the concept-specific variables and relationships to the principle, and derive only the conclusions permitted by that principle.",Operationalizes Principle of Accountability for accountability. The function connects concept-specific evidence to a principle-grounded result within the stated scope and should not be generalized beyond the principle's assumptions.,Principle of Accountability; accountability,Active,KnowledgeFunction
KFR_000060,Assess participation using Principle of Participation,Social Science,Public Policy and Governance,Assessment / Decision,Atomic,Operational capability to apply Principle of Participation to participation under the governing principle's stated assumptions and validity conditions.,Applies to participatory governance mechanisms appropriate to the decision context; participation does not necessarily confer decision rights.,"Use Principle of Participation to obtain a technically justified analysis, calculation, classification, or decision concerning participation.","Problem data, variables, relationships, assumptions, and boundary conditions relevant to participation.","A principle-grounded analysis, calculation, classification, or decision concerning participation.","Verify the applicability conditions of Principle of Participation, map the concept-specific variables and relationships to the principle, and derive only the conclusions permitted by that principle.",Operationalizes Principle of Participation for participation. The function connects concept-specific evidence to a principle-grounded result within the stated scope and should not be generalized beyond the principle's assumptions.,Principle of Participation; participation,Active,KnowledgeFunction
KFR_000061,Apply Opportunity-Cost Principle to resource allocation,Social Science,Development Economics,Analysis / Application,Atomic,"Operational capability to apply Opportunity-Cost Principle to resource allocation, Public resource allocation under the governing principle's stated assumptions and validity conditions.","Applies when alternatives are mutually constrained by scarce resources, time, or other decision limits; the relevant opportunity cost depends on the feasible choice set.","Use Opportunity-Cost Principle to obtain a technically justified analysis, calculation, classification, or decision concerning resource allocation, Public resource allocation.","Problem data, variables, relationships, assumptions, and boundary conditions relevant to resource allocation, Public resource allocation.","A principle-grounded analysis, calculation, classification, or decision concerning resource allocation, Public resource allocation.","Verify the applicability conditions of Opportunity-Cost Principle, map the concept-specific variables and relationships to the principle, and derive only the conclusions permitted by that principle.","Operationalizes Opportunity-Cost Principle for resource allocation, Public resource allocation. The function connects concept-specific evidence to a principle-grounded result within the stated scope and should not be generalized beyond the principle's assumptions.","Opportunity-Cost Principle; resource allocation, Public resource allocation; resource allocation; Public resource allocation",Active,KnowledgeFunction
KFR_000062,Apply Principle of Diminishing Marginal Returns to returns to human capital,Social Science,Development Economics,Analysis / Application,Atomic,Operational capability to apply Principle of Diminishing Marginal Returns to returns to human capital under the governing principle's stated assumptions and validity conditions.,Applies to the specified production function and input regime; it does not imply that total output necessarily decreases when the variable input rises.,"Use Principle of Diminishing Marginal Returns to obtain a technically justified analysis, calculation, classification, or decision concerning returns to human capital.","Problem data, variables, relationships, assumptions, and boundary conditions relevant to returns to human capital.","A principle-grounded analysis, calculation, classification, or decision concerning returns to human capital.","Verify the applicability conditions of Principle of Diminishing Marginal Returns, map the concept-specific variables and relationships to the principle, and derive only the conclusions permitted by that principle.",Operationalizes Principle of Diminishing Marginal Returns for returns to human capital. The function connects concept-specific evidence to a principle-grounded result within the stated scope and should not be generalized beyond the principle's assumptions.,Principle of Diminishing Marginal Returns; returns to human capital,Active,KnowledgeFunction
KFR_000063,Apply Principle of Comparative Advantage to trade,Social Science,Development Economics,Analysis / Application,Atomic,Operational capability to apply Principle of Comparative Advantage to trade under the governing principle's stated assumptions and validity conditions.,Applies to comparative-cost analysis with clearly defined alternatives and opportunity costs; it is distinct from absolute advantage.,"Use Principle of Comparative Advantage to obtain a technically justified analysis, calculation, classification, or decision concerning trade.","Problem data, variables, relationships, assumptions, and boundary conditions relevant to trade.","A principle-grounded analysis, calculation, classification, or decision concerning trade.","Verify the applicability conditions of Principle of Comparative Advantage, map the concept-specific variables and relationships to the principle, and derive only the conclusions permitted by that principle.",Operationalizes Principle of Comparative Advantage for trade. The function connects concept-specific evidence to a principle-grounded result within the stated scope and should not be generalized beyond the principle's assumptions.,Principle of Comparative Advantage; trade,Active,KnowledgeFunction
KFR_000064,Apply Principle of Methodological Transparency to reproducibility,Social Science,Social Science; Research Methods,Analysis / Application,Atomic,Operational capability to apply Principle of Methodological Transparency to reproducibility under the governing principle's stated assumptions and validity conditions.,"Applies to empirical research and requires disclosure proportionate to the method, data sensitivity, and ethical constraints; it does not require disclosure of protected personal or proprietary information.","Use Principle of Methodological Transparency to obtain a technically justified analysis, calculation, classification, or decision concerning reproducibility.","Problem data, variables, relationships, assumptions, and boundary conditions relevant to reproducibility.","A principle-grounded analysis, calculation, classification, or decision concerning reproducibility.","Verify the applicability conditions of Principle of Methodological Transparency, map the concept-specific variables and relationships to the principle, and derive only the conclusions permitted by that principle.",Operationalizes Principle of Methodological Transparency for reproducibility. The function connects concept-specific evidence to a principle-grounded result within the stated scope and should not be generalized beyond the principle's assumptions.,Principle of Methodological Transparency; reproducibility,Active,KnowledgeFunction
KFR_000065,Apply Principle of Measurement Validity to construct validity,Social Science,Social Science; Research Methods,Analysis / Application,Atomic,"Operational capability to apply Principle of Measurement Validity to construct validity, internal validity, external validity under the governing principle's stated assumptions and validity conditions.",Applies to operational definitions and measurement instruments; validity is evidence-based and context-specific rather than a permanent intrinsic property of an instrument.,"Use Principle of Measurement Validity to obtain a technically justified analysis, calculation, classification, or decision concerning construct validity, internal validity, external validity.","Problem data, variables, relationships, assumptions, and boundary conditions relevant to construct validity, internal validity, external validity.","A principle-grounded analysis, calculation, classification, or decision concerning construct validity, internal validity, external validity.","Verify the applicability conditions of Principle of Measurement Validity, map the concept-specific variables and relationships to the principle, and derive only the conclusions permitted by that principle.","Operationalizes Principle of Measurement Validity for construct validity, internal validity, external validity. The function connects concept-specific evidence to a principle-grounded result within the stated scope and should not be generalized beyond the principle's assumptions.","Principle of Measurement Validity; construct validity, internal validity, external validity; construct validity; internal validity; external validity",Active,KnowledgeFunction
KFR_000066,Formulate and check Governor and gyroscope principles balances using Conservation of Angular Momentum,Engineering & Technology,Mechanical Engineering,Balance / Analysis,Atomic,Operational capability to apply Conservation of Angular Momentum to Governor and gyroscope principles under the governing principle's stated assumptions and validity conditions.,Applies to a clearly defined system and reference point/axis with all relevant external moments and angular-momentum fluxes accounted for.,"Use Conservation of Angular Momentum to obtain a technically justified analysis, calculation, classification, or decision concerning Governor and gyroscope principles.","Problem data, variables, relationships, assumptions, and boundary conditions relevant to Governor and gyroscope principles.","A principle-grounded analysis, calculation, classification, or decision concerning Governor and gyroscope principles.","Verify the applicability conditions of Conservation of Angular Momentum, map the concept-specific variables and relationships to the principle, and derive only the conclusions permitted by that principle.",Operationalizes Conservation of Angular Momentum for Governor and gyroscope principles. The function connects concept-specific evidence to a principle-grounded result within the stated scope and should not be generalized beyond the principle's assumptions.,Conservation of Angular Momentum; Governor and gyroscope principles,Active,KnowledgeFunction
KFR_000067,Apply Rational-Agent Principle to rational action,Engineering & Technology,Artificial Intelligence,Analysis / Application,Atomic,"Operational capability to apply Rational-Agent Principle to rational action, utility and performance measures under the governing principle's stated assumptions and validity conditions.","Applies to agents making decisions under specified objectives, percepts, actions, and environmental uncertainty; it does not imply perfect rationality or omniscience.","Use Rational-Agent Principle to obtain a technically justified analysis, calculation, classification, or decision concerning rational action, utility and performance measures.","Problem data, variables, relationships, assumptions, and boundary conditions relevant to rational action, utility and performance measures.","A principle-grounded analysis, calculation, classification, or decision concerning rational action, utility and performance measures.","Verify the applicability conditions of Rational-Agent Principle, map the concept-specific variables and relationships to the principle, and derive only the conclusions permitted by that principle.","Operationalizes Rational-Agent Principle for rational action, utility and performance measures. The function connects concept-specific evidence to a principle-grounded result within the stated scope and should not be generalized beyond the principle's assumptions.","Rational-Agent Principle; rational action, utility and performance measures; rational action; utility and performance measures",Active,KnowledgeFunction
KFR_000068,Apply Heuristic Dominance Principle to heuristic search,Engineering & Technology,Artificial Intelligence,Analysis / Application,Atomic,Operational capability to apply Heuristic Dominance Principle to heuristic search under the governing principle's stated assumptions and validity conditions.,Applies to heuristic search when heuristic admissibility and consistency conditions are satisfied.,"Use Heuristic Dominance Principle to obtain a technically justified analysis, calculation, classification, or decision concerning heuristic search.","Problem data, variables, relationships, assumptions, and boundary conditions relevant to heuristic search.","A principle-grounded analysis, calculation, classification, or decision concerning heuristic search.","Verify the applicability conditions of Heuristic Dominance Principle, map the concept-specific variables and relationships to the principle, and derive only the conclusions permitted by that principle.",Operationalizes Heuristic Dominance Principle for heuristic search. The function connects concept-specific evidence to a principle-grounded result within the stated scope and should not be generalized beyond the principle's assumptions.,Heuristic Dominance Principle; heuristic search,Active,KnowledgeFunction
KFR_000069,Apply Bayesian Decision Principle to probabilistic decision making,Engineering & Technology,Artificial Intelligence,Analysis / Application,Atomic,"Operational capability to apply Bayesian Decision Principle to probabilistic decision making, Bayesian inference under the governing principle's stated assumptions and validity conditions.",Applies to probabilistic decision problems with explicit beliefs and utility models.,"Use Bayesian Decision Principle to obtain a technically justified analysis, calculation, classification, or decision concerning probabilistic decision making, Bayesian inference.","Problem data, variables, relationships, assumptions, and boundary conditions relevant to probabilistic decision making, Bayesian inference.","A principle-grounded analysis, calculation, classification, or decision concerning probabilistic decision making, Bayesian inference.","Verify the applicability conditions of Bayesian Decision Principle, map the concept-specific variables and relationships to the principle, and derive only the conclusions permitted by that principle.","Operationalizes Bayesian Decision Principle for probabilistic decision making, Bayesian inference. The function connects concept-specific evidence to a principle-grounded result within the stated scope and should not be generalized beyond the principle's assumptions.","Bayesian Decision Principle; probabilistic decision making, Bayesian inference; probabilistic decision making; Bayesian inference",Active,KnowledgeFunction
KFR_000070,Apply Empirical Risk Minimization Principle to learning paradigms,Engineering & Technology,Machine Learning,Analysis / Application,Atomic,"Operational capability to apply Empirical Risk Minimization Principle to learning paradigms, learning pipelines under the governing principle's stated assumptions and validity conditions.",Applies to supervised learning objectives and does not by itself guarantee generalization.,"Use Empirical Risk Minimization Principle to obtain a technically justified analysis, calculation, classification, or decision concerning learning paradigms, learning pipelines.","Problem data, variables, relationships, assumptions, and boundary conditions relevant to learning paradigms, learning pipelines.","A principle-grounded analysis, calculation, classification, or decision concerning learning paradigms, learning pipelines.","Verify the applicability conditions of Empirical Risk Minimization Principle, map the concept-specific variables and relationships to the principle, and derive only the conclusions permitted by that principle.","Operationalizes Empirical Risk Minimization Principle for learning paradigms, learning pipelines. The function connects concept-specific evidence to a principle-grounded result within the stated scope and should not be generalized beyond the principle's assumptions.","Empirical Risk Minimization Principle; learning paradigms, learning pipelines; learning paradigms; learning pipelines",Active,KnowledgeFunction
KFR_000071,Apply Bias-Variance Trade-off Principle to bias-variance,Engineering & Technology,Machine Learning,Analysis / Application,Atomic,Operational capability to apply Bias-Variance Trade-off Principle to bias-variance under the governing principle's stated assumptions and validity conditions.,Applies to predictive modelling under repeated sampling and is not a universal decomposition for every loss/model without conditions.,"Use Bias-Variance Trade-off Principle to obtain a technically justified analysis, calculation, classification, or decision concerning bias-variance.","Problem data, variables, relationships, assumptions, and boundary conditions relevant to bias-variance.","A principle-grounded analysis, calculation, classification, or decision concerning bias-variance.","Verify the applicability conditions of Bias-Variance Trade-off Principle, map the concept-specific variables and relationships to the principle, and derive only the conclusions permitted by that principle.",Operationalizes Bias-Variance Trade-off Principle for bias-variance. The function connects concept-specific evidence to a principle-grounded result within the stated scope and should not be generalized beyond the principle's assumptions.,Bias-Variance Trade-off Principle; bias-variance,Active,KnowledgeFunction
KFR_000072,Apply Regularization Principle to regularization,Engineering & Technology,Machine Learning,Analysis / Application,Atomic,Operational capability to apply Regularization Principle to regularization under the governing principle's stated assumptions and validity conditions.,Applies when the regularized objective and penalty are defined; the choice of regularization strength remains data-dependent.,"Use Regularization Principle to obtain a technically justified analysis, calculation, classification, or decision concerning regularization.","Problem data, variables, relationships, assumptions, and boundary conditions relevant to regularization.","A principle-grounded analysis, calculation, classification, or decision concerning regularization.","Verify the applicability conditions of Regularization Principle, map the concept-specific variables and relationships to the principle, and derive only the conclusions permitted by that principle.",Operationalizes Regularization Principle for regularization. The function connects concept-specific evidence to a principle-grounded result within the stated scope and should not be generalized beyond the principle's assumptions.,Regularization Principle; regularization,Active,KnowledgeFunction
KFR_000073,Evaluate optimization using No-Free-Lunch Theorem for Optimization,Engineering & Technology,Machine Learning,Analysis / Decision,Atomic,Operational capability to apply No-Free-Lunch Theorem for Optimization to optimization under the governing principle's stated assumptions and validity conditions.,Scope is theoretical and depends on the specified averaging assumptions; it does not say all algorithms perform identically on real datasets.,"Use No-Free-Lunch Theorem for Optimization to obtain a technically justified analysis, calculation, classification, or decision concerning optimization.","Problem data, variables, relationships, assumptions, and boundary conditions relevant to optimization.","A principle-grounded analysis, calculation, classification, or decision concerning optimization.","Verify the applicability conditions of No-Free-Lunch Theorem for Optimization, map the concept-specific variables and relationships to the principle, and derive only the conclusions permitted by that principle.",Operationalizes No-Free-Lunch Theorem for Optimization for optimization. The function connects concept-specific evidence to a principle-grounded result within the stated scope and should not be generalized beyond the principle's assumptions.,No-Free-Lunch Theorem for Optimization; optimization,Active,KnowledgeFunction
KFR_000074,Evaluate consensus using Impossibility of Deterministic Consensus in Asynchronous Systems,Engineering & Technology,Distributed Systems,Analysis / Decision,Atomic,Operational capability to apply Impossibility of Deterministic Consensus in Asynchronous Systems to consensus under the governing principle's stated assumptions and validity conditions.,Applies to the FLP model and should not be generalized to partially synchronous systems or randomized algorithms.,"Use Impossibility of Deterministic Consensus in Asynchronous Systems to obtain a technically justified analysis, calculation, classification, or decision concerning consensus.","Problem data, variables, relationships, assumptions, and boundary conditions relevant to consensus.","A principle-grounded analysis, calculation, classification, or decision concerning consensus.","Verify the applicability conditions of Impossibility of Deterministic Consensus in Asynchronous Systems, map the concept-specific variables and relationships to the principle, and derive only the conclusions permitted by that principle.",Operationalizes Impossibility of Deterministic Consensus in Asynchronous Systems for consensus. The function connects concept-specific evidence to a principle-grounded result within the stated scope and should not be generalized beyond the principle's assumptions.,Impossibility of Deterministic Consensus in Asynchronous Systems; consensus,Active,KnowledgeFunction
KFR_000075,Apply Water-Cement Ratio Principle to water-cement ratio,Engineering & Technology,Concrete Technology,Analysis / Application,Atomic,Operational capability to apply Water-Cement Ratio Principle to water-cement ratio under the governing principle's stated assumptions and validity conditions.,"Applies to specified materials, mixture proportions, curing and age; it is not a universal one-variable predictor of every concrete property.","Use Water-Cement Ratio Principle to obtain a technically justified analysis, calculation, classification, or decision concerning water-cement ratio.","Problem data, variables, relationships, assumptions, and boundary conditions relevant to water-cement ratio.","A principle-grounded analysis, calculation, classification, or decision concerning water-cement ratio.","Verify the applicability conditions of Water-Cement Ratio Principle, map the concept-specific variables and relationships to the principle, and derive only the conclusions permitted by that principle.",Operationalizes Water-Cement Ratio Principle for water-cement ratio. The function connects concept-specific evidence to a principle-grounded result within the stated scope and should not be generalized beyond the principle's assumptions.,Water-Cement Ratio Principle; water-cement ratio,Active,KnowledgeFunction
KFR_000076,Apply Abrams' Law to water-cement ratio,Engineering & Technology,Concrete Technology,Analysis / Calculation,Atomic,Operational capability to apply Abrams' Law to water-cement ratio under the governing principle's stated assumptions and validity conditions.,"Applies within the material, age, curing and mixture ranges for which the empirical relation is established.","Use Abrams' Law to obtain a technically justified analysis, calculation, classification, or decision concerning water-cement ratio.","Problem data, variables, relationships, assumptions, and boundary conditions relevant to water-cement ratio.","A principle-grounded analysis, calculation, classification, or decision concerning water-cement ratio.","Verify the applicability conditions of Abrams' Law, map the concept-specific variables and relationships to the principle, and derive only the conclusions permitted by that principle.",Operationalizes Abrams' Law for water-cement ratio. The function connects concept-specific evidence to a principle-grounded result within the stated scope and should not be generalized beyond the principle's assumptions.,Abrams' Law; water-cement ratio,Active,KnowledgeFunction
KFR_000077,Apply Darcy-Buckingham Law to Soil permeability,Engineering & Technology,Water Resources Engineering,Analysis / Calculation,Atomic,Operational capability to apply Darcy-Buckingham Law to Soil permeability under the governing principle's stated assumptions and validity conditions.,"Applies primarily to water flow in unsaturated or variably saturated porous media within the continuum and constitutive assumptions of the Darcy-Buckingham formulation; hydraulic conductivity may depend on pressure head or water content, and preferential or strongly non-Darcian flow requires additional treatment.","Use Darcy-Buckingham Law to obtain a technically justified analysis, calculation, classification, or decision concerning Soil permeability.","Problem data, variables, relationships, assumptions, and boundary conditions relevant to Soil permeability.","A principle-grounded analysis, calculation, classification, or decision concerning Soil permeability.","Verify the applicability conditions of Darcy-Buckingham Law, map the concept-specific variables and relationships to the principle, and derive only the conclusions permitted by that principle.",Operationalizes Darcy-Buckingham Law for Soil permeability. The function connects concept-specific evidence to a principle-grounded result within the stated scope and should not be generalized beyond the principle's assumptions.,Darcy-Buckingham Law; Soil permeability,Active,KnowledgeFunction
KFR_000078,Apply Unit Hydrograph Principle to unit hydrograph,Engineering & Technology,Water Resources Engineering,Analysis / Application,Atomic,"Operational capability to apply Unit Hydrograph Principle to unit hydrograph, rainfall-runoff models under the governing principle's stated assumptions and validity conditions.",Applies under the assumptions of linearity and time invariance used by unit-hydrograph theory.,"Use Unit Hydrograph Principle to obtain a technically justified analysis, calculation, classification, or decision concerning unit hydrograph, rainfall-runoff models.","Problem data, variables, relationships, assumptions, and boundary conditions relevant to unit hydrograph, rainfall-runoff models.","A principle-grounded analysis, calculation, classification, or decision concerning unit hydrograph, rainfall-runoff models.","Verify the applicability conditions of Unit Hydrograph Principle, map the concept-specific variables and relationships to the principle, and derive only the conclusions permitted by that principle.","Operationalizes Unit Hydrograph Principle for unit hydrograph, rainfall-runoff models. The function connects concept-specific evidence to a principle-grounded result within the stated scope and should not be generalized beyond the principle's assumptions.","Unit Hydrograph Principle; unit hydrograph, rainfall-runoff models; unit hydrograph; rainfall-runoff models",Active,KnowledgeFunction
KFR_000079,Apply Uniformitarianism Principle to sedimentary rocks,Engineering & Technology,Engineering Geology,Analysis / Application,Atomic,"Operational capability to apply Uniformitarianism Principle to sedimentary rocks, physical weathering, chemical weathering, erosion under the governing principle's stated assumptions and validity conditions.",Applies to geological interpretation without assuming that past rates and conditions were identical to present ones.,"Use Uniformitarianism Principle to obtain a technically justified analysis, calculation, classification, or decision concerning sedimentary rocks, physical weathering, chemical weathering, erosion.","Problem data, variables, relationships, assumptions, and boundary conditions relevant to sedimentary rocks, physical weathering, chemical weathering, erosion.","A principle-grounded analysis, calculation, classification, or decision concerning sedimentary rocks, physical weathering, chemical weathering, erosion.","Verify the applicability conditions of Uniformitarianism Principle, map the concept-specific variables and relationships to the principle, and derive only the conclusions permitted by that principle.","Operationalizes Uniformitarianism Principle for sedimentary rocks, physical weathering, chemical weathering, erosion. The function connects concept-specific evidence to a principle-grounded result within the stated scope and should not be generalized beyond the principle's assumptions.","Uniformitarianism Principle; sedimentary rocks, physical weathering, chemical weathering, erosion; sedimentary rocks; physical weathering; chemical weathering; erosion",Active,KnowledgeFunction
KFR_000080,Apply Superposition Principle in Stratigraphy to bedding,Engineering & Technology,Engineering Geology,Analysis / Application,Atomic,"Operational capability to apply Superposition Principle in Stratigraphy to bedding, sedimentary rocks under the governing principle's stated assumptions and validity conditions.",Applies to sedimentary sequences that have not been overturned or otherwise structurally disrupted.,"Use Superposition Principle in Stratigraphy to obtain a technically justified analysis, calculation, classification, or decision concerning bedding, sedimentary rocks.","Problem data, variables, relationships, assumptions, and boundary conditions relevant to bedding, sedimentary rocks.","A principle-grounded analysis, calculation, classification, or decision concerning bedding, sedimentary rocks.","Verify the applicability conditions of Superposition Principle in Stratigraphy, map the concept-specific variables and relationships to the principle, and derive only the conclusions permitted by that principle.","Operationalizes Superposition Principle in Stratigraphy for bedding, sedimentary rocks. The function connects concept-specific evidence to a principle-grounded result within the stated scope and should not be generalized beyond the principle's assumptions.","Superposition Principle in Stratigraphy; bedding, sedimentary rocks; bedding; sedimentary rocks",Active,KnowledgeFunction
KFR_000081,Apply Design-for-Manufacture Principle to bills of materials,Engineering & Technology,CAD/CAM,Analysis / Application,Atomic,"Operational capability to apply Design-for-Manufacture Principle to bills of materials, process planning, tool paths under the governing principle's stated assumptions and validity conditions.",Applies to design decisions intended for manufacturability; exact rules depend on process and production context.,"Use Design-for-Manufacture Principle to obtain a technically justified analysis, calculation, classification, or decision concerning bills of materials, process planning, tool paths.","Problem data, variables, relationships, assumptions, and boundary conditions relevant to bills of materials, process planning, tool paths.","A principle-grounded analysis, calculation, classification, or decision concerning bills of materials, process planning, tool paths.","Verify the applicability conditions of Design-for-Manufacture Principle, map the concept-specific variables and relationships to the principle, and derive only the conclusions permitted by that principle.","Operationalizes Design-for-Manufacture Principle for bills of materials, process planning, tool paths. The function connects concept-specific evidence to a principle-grounded result within the stated scope and should not be generalized beyond the principle's assumptions.","Design-for-Manufacture Principle; bills of materials, process planning, tool paths; bills of materials; process planning; tool paths",Active,KnowledgeFunction
KFR_000082,Apply Hall-Petch Relationship to mechanical properties,Engineering & Technology,Engineering Materials,Prediction / Calculation,Atomic,Operational capability to apply Hall-Petch Relationship to mechanical properties under the governing principle's stated assumptions and validity conditions.,Applies over material and grain-size regimes where the empirical relationship is valid.,"Use Hall-Petch Relationship to obtain a technically justified analysis, calculation, classification, or decision concerning mechanical properties.","Problem data, variables, relationships, assumptions, and boundary conditions relevant to mechanical properties.","A principle-grounded analysis, calculation, classification, or decision concerning mechanical properties.","Verify the applicability conditions of Hall-Petch Relationship, map the concept-specific variables and relationships to the principle, and derive only the conclusions permitted by that principle.",Operationalizes Hall-Petch Relationship for mechanical properties. The function connects concept-specific evidence to a principle-grounded result within the stated scope and should not be generalized beyond the principle's assumptions.,Hall-Petch Relationship; mechanical properties,Active,KnowledgeFunction
KFR_000083,Apply Newtonian Fluid Constitutive Principle to Newtonian fluids,Engineering & Technology,Fluid Flow and Heat Transfer,Prediction / Calculation,Atomic,Operational capability to apply Newtonian Fluid Constitutive Principle to Newtonian fluids under the governing principle's stated assumptions and validity conditions.,Applies to fluids behaving approximately Newtonian over the relevant shear-rate and temperature range.,"Use Newtonian Fluid Constitutive Principle to obtain a technically justified analysis, calculation, classification, or decision concerning Newtonian fluids.","Problem data, variables, relationships, assumptions, and boundary conditions relevant to Newtonian fluids.","A principle-grounded analysis, calculation, classification, or decision concerning Newtonian fluids.","Verify the applicability conditions of Newtonian Fluid Constitutive Principle, map the concept-specific variables and relationships to the principle, and derive only the conclusions permitted by that principle.",Operationalizes Newtonian Fluid Constitutive Principle for Newtonian fluids. The function connects concept-specific evidence to a principle-grounded result within the stated scope and should not be generalized beyond the principle's assumptions.,Newtonian Fluid Constitutive Principle; Newtonian fluids,Active,KnowledgeFunction
KFR_000084,Apply Closed-Loop Stability Principle to closed-loop control,Engineering & Technology,Process Control and Instrumentation,Analysis / Application,Atomic,"Operational capability to apply Closed-Loop Stability Principle to closed-loop control, stability under the governing principle's stated assumptions and validity conditions.",Applies to defined mathematical models and stability criteria; nonlinear and time-varying systems require appropriate analysis.,"Use Closed-Loop Stability Principle to obtain a technically justified analysis, calculation, classification, or decision concerning closed-loop control, stability.","Problem data, variables, relationships, assumptions, and boundary conditions relevant to closed-loop control, stability.","A principle-grounded analysis, calculation, classification, or decision concerning closed-loop control, stability.","Verify the applicability conditions of Closed-Loop Stability Principle, map the concept-specific variables and relationships to the principle, and derive only the conclusions permitted by that principle.","Operationalizes Closed-Loop Stability Principle for closed-loop control, stability. The function connects concept-specific evidence to a principle-grounded result within the stated scope and should not be generalized beyond the principle's assumptions.","Closed-Loop Stability Principle; closed-loop control, stability; closed-loop control; stability",Active,KnowledgeFunction
KFR_000085,Apply Internal Model Principle to setpoint tracking,Engineering & Technology,Process Control and Instrumentation,Analysis / Application,Atomic,"Operational capability to apply Internal Model Principle to setpoint tracking, disturbance rejection under the governing principle's stated assumptions and validity conditions.",Applies to specified signal classes and closed-loop regulation/tracking objectives.,"Use Internal Model Principle to obtain a technically justified analysis, calculation, classification, or decision concerning setpoint tracking, disturbance rejection.","Problem data, variables, relationships, assumptions, and boundary conditions relevant to setpoint tracking, disturbance rejection.","A principle-grounded analysis, calculation, classification, or decision concerning setpoint tracking, disturbance rejection.","Verify the applicability conditions of Internal Model Principle, map the concept-specific variables and relationships to the principle, and derive only the conclusions permitted by that principle.","Operationalizes Internal Model Principle for setpoint tracking, disturbance rejection. The function connects concept-specific evidence to a principle-grounded result within the stated scope and should not be generalized beyond the principle's assumptions.","Internal Model Principle; setpoint tracking, disturbance rejection; setpoint tracking; disturbance rejection",Active,KnowledgeFunction
KFR_000086,Apply Electromechanical Energy Conversion Principle to magnetic circuits,Engineering & Technology,Electrical Engineering,Analysis / Application,Atomic,"Operational capability to apply Electromechanical Energy Conversion Principle to magnetic circuits, torque production, energy conversion under the governing principle's stated assumptions and validity conditions.",Applies to defined magnetic systems and appropriate energy/co-energy formulations.,"Use Electromechanical Energy Conversion Principle to obtain a technically justified analysis, calculation, classification, or decision concerning magnetic circuits, torque production, energy conversion.","Problem data, variables, relationships, assumptions, and boundary conditions relevant to magnetic circuits, torque production, energy conversion.","A principle-grounded analysis, calculation, classification, or decision concerning magnetic circuits, torque production, energy conversion.","Verify the applicability conditions of Electromechanical Energy Conversion Principle, map the concept-specific variables and relationships to the principle, and derive only the conclusions permitted by that principle.","Operationalizes Electromechanical Energy Conversion Principle for magnetic circuits, torque production, energy conversion. The function connects concept-specific evidence to a principle-grounded result within the stated scope and should not be generalized beyond the principle's assumptions.","Electromechanical Energy Conversion Principle; magnetic circuits, torque production, energy conversion; magnetic circuits; torque production; energy conversion",Active,KnowledgeFunction
KFR_000087,Apply Symmetrical Components Principle to symmetrical components,Engineering & Technology,Power Systems,Analysis / Application,Atomic,"Operational capability to apply Symmetrical Components Principle to symmetrical components, balanced faults, unbalanced faults under the governing principle's stated assumptions and validity conditions.",Applies to three-phase systems and phasor-domain analysis under the assumptions of symmetrical-component theory.,"Use Symmetrical Components Principle to obtain a technically justified analysis, calculation, classification, or decision concerning symmetrical components, balanced faults, unbalanced faults.","Problem data, variables, relationships, assumptions, and boundary conditions relevant to symmetrical components, balanced faults, unbalanced faults.","A principle-grounded analysis, calculation, classification, or decision concerning symmetrical components, balanced faults, unbalanced faults.","Verify the applicability conditions of Symmetrical Components Principle, map the concept-specific variables and relationships to the principle, and derive only the conclusions permitted by that principle.","Operationalizes Symmetrical Components Principle for symmetrical components, balanced faults, unbalanced faults. The function connects concept-specific evidence to a principle-grounded result within the stated scope and should not be generalized beyond the principle's assumptions.","Symmetrical Components Principle; symmetrical components, balanced faults, unbalanced faults; symmetrical components; balanced faults; unbalanced faults",Active,KnowledgeFunction
KFR_000088,Apply Power-Angle Stability Principle to power-angle relation,Engineering & Technology,Power Systems,Analysis / Application,Atomic,"Operational capability to apply Power-Angle Stability Principle to power-angle relation, transient stability, rotor angle under the governing principle's stated assumptions and validity conditions.",Applies to specified synchronous-machine and network models; stability assessment requires dynamic conditions and disturbance definition.,"Use Power-Angle Stability Principle to obtain a technically justified analysis, calculation, classification, or decision concerning power-angle relation, transient stability, rotor angle.","Problem data, variables, relationships, assumptions, and boundary conditions relevant to power-angle relation, transient stability, rotor angle.","A principle-grounded analysis, calculation, classification, or decision concerning power-angle relation, transient stability, rotor angle.","Verify the applicability conditions of Power-Angle Stability Principle, map the concept-specific variables and relationships to the principle, and derive only the conclusions permitted by that principle.","Operationalizes Power-Angle Stability Principle for power-angle relation, transient stability, rotor angle. The function connects concept-specific evidence to a principle-grounded result within the stated scope and should not be generalized beyond the principle's assumptions.","Power-Angle Stability Principle; power-angle relation, transient stability, rotor angle; power-angle relation; transient stability; rotor angle",Active,KnowledgeFunction
KFR_000089,Apply Volt-Second Balance Principle to buck,Engineering & Technology,Power Electronics,Analysis / Application,Atomic,"Operational capability to apply Volt-Second Balance Principle to buck, boost, buck-boost under the governing principle's stated assumptions and validity conditions.",Applies to periodic steady-state converter operation where inductor flux does not drift.,"Use Volt-Second Balance Principle to obtain a technically justified analysis, calculation, classification, or decision concerning buck, boost, buck-boost.","Problem data, variables, relationships, assumptions, and boundary conditions relevant to buck, boost, buck-boost.","A principle-grounded analysis, calculation, classification, or decision concerning buck, boost, buck-boost.","Verify the applicability conditions of Volt-Second Balance Principle, map the concept-specific variables and relationships to the principle, and derive only the conclusions permitted by that principle.","Operationalizes Volt-Second Balance Principle for buck, boost, buck-boost. The function connects concept-specific evidence to a principle-grounded result within the stated scope and should not be generalized beyond the principle's assumptions.","Volt-Second Balance Principle; buck, boost, buck-boost; buck; boost; buck-boost",Active,KnowledgeFunction
KFR_000090,Apply Charge-Balance Principle to buck,Engineering & Technology,Power Electronics,Analysis / Application,Atomic,"Operational capability to apply Charge-Balance Principle to buck, boost, buck-boost under the governing principle's stated assumptions and validity conditions.",Applies to periodic steady-state converter operation without net capacitor charge drift.,"Use Charge-Balance Principle to obtain a technically justified analysis, calculation, classification, or decision concerning buck, boost, buck-boost.","Problem data, variables, relationships, assumptions, and boundary conditions relevant to buck, boost, buck-boost.","A principle-grounded analysis, calculation, classification, or decision concerning buck, boost, buck-boost.","Verify the applicability conditions of Charge-Balance Principle, map the concept-specific variables and relationships to the principle, and derive only the conclusions permitted by that principle.","Operationalizes Charge-Balance Principle for buck, boost, buck-boost. The function connects concept-specific evidence to a principle-grounded result within the stated scope and should not be generalized beyond the principle's assumptions.","Charge-Balance Principle; buck, boost, buck-boost; buck; boost; buck-boost",Active,KnowledgeFunction
KFR_000091,Apply Measurement Traceability Principle to traceability,Engineering & Technology,Electrical Engineering,Analysis / Application,Atomic,"Operational capability to apply Measurement Traceability Principle to traceability, reference standards under the governing principle's stated assumptions and validity conditions.","Applies to measurement results with defined references, calibration chains and uncertainty contributions; traceability is not itself a statement of accuracy.","Use Measurement Traceability Principle to obtain a technically justified analysis, calculation, classification, or decision concerning traceability, reference standards.","Problem data, variables, relationships, assumptions, and boundary conditions relevant to traceability, reference standards.","A principle-grounded analysis, calculation, classification, or decision concerning traceability, reference standards.","Verify the applicability conditions of Measurement Traceability Principle, map the concept-specific variables and relationships to the principle, and derive only the conclusions permitted by that principle.","Operationalizes Measurement Traceability Principle for traceability, reference standards. The function connects concept-specific evidence to a principle-grounded result within the stated scope and should not be generalized beyond the principle's assumptions.","Measurement Traceability Principle; traceability, reference standards; traceability; reference standards",Active,KnowledgeFunction
KFR_000092,Apply Uncertainty Propagation Principle to uncertainty components,Engineering & Technology,Electrical Engineering,Analysis / Application,Atomic,"Operational capability to apply Uncertainty Propagation Principle to uncertainty components, propagation under the governing principle's stated assumptions and validity conditions.",Applies to defined measurement models and stated uncertainty evaluation methods.,"Use Uncertainty Propagation Principle to obtain a technically justified analysis, calculation, classification, or decision concerning uncertainty components, propagation.","Problem data, variables, relationships, assumptions, and boundary conditions relevant to uncertainty components, propagation.","A principle-grounded analysis, calculation, classification, or decision concerning uncertainty components, propagation.","Verify the applicability conditions of Uncertainty Propagation Principle, map the concept-specific variables and relationships to the principle, and derive only the conclusions permitted by that principle.","Operationalizes Uncertainty Propagation Principle for uncertainty components, propagation. The function connects concept-specific evidence to a principle-grounded result within the stated scope and should not be generalized beyond the principle's assumptions.","Uncertainty Propagation Principle; uncertainty components, propagation; uncertainty components; propagation",Active,KnowledgeFunction
KFR_000093,Apply Convolution Principle for LTI Systems to linearity,Engineering & Technology,Signals and Systems,Analysis / Application,Atomic,"Operational capability to apply Convolution Principle for LTI Systems to linearity, time invariance, convolution, impulse response under the governing principle's stated assumptions and validity conditions.",Applies to LTI systems with appropriate mathematical conditions.,"Use Convolution Principle for LTI Systems to obtain a technically justified analysis, calculation, classification, or decision concerning linearity, time invariance, convolution, impulse response.","Problem data, variables, relationships, assumptions, and boundary conditions relevant to linearity, time invariance, convolution, impulse response.","A principle-grounded analysis, calculation, classification, or decision concerning linearity, time invariance, convolution, impulse response.","Verify the applicability conditions of Convolution Principle for LTI Systems, map the concept-specific variables and relationships to the principle, and derive only the conclusions permitted by that principle.","Operationalizes Convolution Principle for LTI Systems for linearity, time invariance, convolution, impulse response. The function connects concept-specific evidence to a principle-grounded result within the stated scope and should not be generalized beyond the principle's assumptions.","Convolution Principle for LTI Systems; linearity, time invariance, convolution, impulse response; linearity; time invariance; convolution; impulse response",Active,KnowledgeFunction
KFR_000094,Apply Fourier Decomposition Principle to Fourier series,Engineering & Technology,Signals and Systems,Analysis / Application,Atomic,"Operational capability to apply Fourier Decomposition Principle to Fourier series, Fourier transform, spectra under the governing principle's stated assumptions and validity conditions.",Applies within the convergence and transform conditions of Fourier analysis.,"Use Fourier Decomposition Principle to obtain a technically justified analysis, calculation, classification, or decision concerning Fourier series, Fourier transform, spectra.","Problem data, variables, relationships, assumptions, and boundary conditions relevant to Fourier series, Fourier transform, spectra.","A principle-grounded analysis, calculation, classification, or decision concerning Fourier series, Fourier transform, spectra.","Verify the applicability conditions of Fourier Decomposition Principle, map the concept-specific variables and relationships to the principle, and derive only the conclusions permitted by that principle.","Operationalizes Fourier Decomposition Principle for Fourier series, Fourier transform, spectra. The function connects concept-specific evidence to a principle-grounded result within the stated scope and should not be generalized beyond the principle's assumptions.","Fourier Decomposition Principle; Fourier series, Fourier transform, spectra; Fourier series; Fourier transform; spectra",Active,KnowledgeFunction
KFR_000095,Evaluate poles and zeros using Final-Value Theorem,Engineering & Technology,Signals and Systems,Analysis / Decision,Atomic,Operational capability to apply Final-Value Theorem to poles and zeros under the governing principle's stated assumptions and validity conditions.,Applies only when the required pole conditions hold; it cannot be used indiscriminately for unstable systems.,"Use Final-Value Theorem to obtain a technically justified analysis, calculation, classification, or decision concerning poles and zeros.","Problem data, variables, relationships, assumptions, and boundary conditions relevant to poles and zeros.","A principle-grounded analysis, calculation, classification, or decision concerning poles and zeros.","Verify the applicability conditions of Final-Value Theorem, map the concept-specific variables and relationships to the principle, and derive only the conclusions permitted by that principle.",Operationalizes Final-Value Theorem for poles and zeros. The function connects concept-specific evidence to a principle-grounded result within the stated scope and should not be generalized beyond the principle's assumptions.,Final-Value Theorem; poles and zeros,Active,KnowledgeFunction
KFR_000096,Assess mitigation hierarchy using Mitigation Hierarchy Principle,Law,Environmental Impact Assessment Law,Assessment / Decision,Atomic,Operational capability to apply Mitigation Hierarchy Principle to mitigation hierarchy under the governing principle's stated assumptions and validity conditions.,Applies to impact-management decisions and should not be treated as permission to offset avoidable impacts.,"Use Mitigation Hierarchy Principle to obtain a technically justified analysis, calculation, classification, or decision concerning mitigation hierarchy.","Problem data, variables, relationships, assumptions, and boundary conditions relevant to mitigation hierarchy.","A principle-grounded analysis, calculation, classification, or decision concerning mitigation hierarchy.","Verify the applicability conditions of Mitigation Hierarchy Principle, map the concept-specific variables and relationships to the principle, and derive only the conclusions permitted by that principle.",Operationalizes Mitigation Hierarchy Principle for mitigation hierarchy. The function connects concept-specific evidence to a principle-grounded result within the stated scope and should not be generalized beyond the principle's assumptions.,Mitigation Hierarchy Principle; mitigation hierarchy,Active,KnowledgeFunction
KFR_000097,Assess offer using Freedom of Contract Principle,Law,Contract Law and Commercial Agreements,Assessment / Decision,Atomic,"Operational capability to apply Freedom of Contract Principle to offer, acceptance, consent under the governing principle's stated assumptions and validity conditions.","Applies subject to capacity, legality, public policy, consumer protection and other mandatory rules.","Use Freedom of Contract Principle to obtain a technically justified analysis, calculation, classification, or decision concerning offer, acceptance, consent.","Problem data, variables, relationships, assumptions, and boundary conditions relevant to offer, acceptance, consent.","A principle-grounded analysis, calculation, classification, or decision concerning offer, acceptance, consent.","Verify the applicability conditions of Freedom of Contract Principle, map the concept-specific variables and relationships to the principle, and derive only the conclusions permitted by that principle.","Operationalizes Freedom of Contract Principle for offer, acceptance, consent. The function connects concept-specific evidence to a principle-grounded result within the stated scope and should not be generalized beyond the principle's assumptions.","Freedom of Contract Principle; offer, acceptance, consent; offer; acceptance; consent",Active,KnowledgeFunction
KFR_000098,Assess collective bargaining using Collective Bargaining Principle,Law,Labour and Employment Law,Assessment / Decision,Atomic,Operational capability to apply Collective Bargaining Principle to collective bargaining under the governing principle's stated assumptions and validity conditions.,Applies to collective labour relations and depends on statutory recognition and bargaining frameworks.,"Use Collective Bargaining Principle to obtain a technically justified analysis, calculation, classification, or decision concerning collective bargaining.","Problem data, variables, relationships, assumptions, and boundary conditions relevant to collective bargaining.","A principle-grounded analysis, calculation, classification, or decision concerning collective bargaining.","Verify the applicability conditions of Collective Bargaining Principle, map the concept-specific variables and relationships to the principle, and derive only the conclusions permitted by that principle.",Operationalizes Collective Bargaining Principle for collective bargaining. The function connects concept-specific evidence to a principle-grounded result within the stated scope and should not be generalized beyond the principle's assumptions.,Collective Bargaining Principle; collective bargaining,Active,KnowledgeFunction
KFR_000099,Assess non-discrimination using Equal Remuneration Principle,Law,Labour and Employment Law,Assessment / Decision,Atomic,Operational capability to apply Equal Remuneration Principle to non-discrimination under the governing principle's stated assumptions and validity conditions.,Applies to comparable work/value assessment under the governing legal framework.,"Use Equal Remuneration Principle to obtain a technically justified analysis, calculation, classification, or decision concerning non-discrimination.","Problem data, variables, relationships, assumptions, and boundary conditions relevant to non-discrimination.","A principle-grounded analysis, calculation, classification, or decision concerning non-discrimination.","Verify the applicability conditions of Equal Remuneration Principle, map the concept-specific variables and relationships to the principle, and derive only the conclusions permitted by that principle.",Operationalizes Equal Remuneration Principle for non-discrimination. The function connects concept-specific evidence to a principle-grounded result within the stated scope and should not be generalized beyond the principle's assumptions.,Equal Remuneration Principle; non-discrimination,Active,KnowledgeFunction
KFR_000100,Assess workplace safety using Occupational Safety Prevention Principle,Law,Labour and Employment Law,Assessment / Decision,Atomic,"Operational capability to apply Occupational Safety Prevention Principle to workplace safety, employer duties under the governing principle's stated assumptions and validity conditions.",Applies to workplace risk management and the applicable occupational safety regime.,"Use Occupational Safety Prevention Principle to obtain a technically justified analysis, calculation, classification, or decision concerning workplace safety, employer duties.","Problem data, variables, relationships, assumptions, and boundary conditions relevant to workplace safety, employer duties.","A principle-grounded analysis, calculation, classification, or decision concerning workplace safety, employer duties.","Verify the applicability conditions of Occupational Safety Prevention Principle, map the concept-specific variables and relationships to the principle, and derive only the conclusions permitted by that principle.","Operationalizes Occupational Safety Prevention Principle for workplace safety, employer duties. The function connects concept-specific evidence to a principle-grounded result within the stated scope and should not be generalized beyond the principle's assumptions.","Occupational Safety Prevention Principle; workplace safety, employer duties; workplace safety; employer duties",Active,KnowledgeFunction
KFR_000101,Assess materiality using Materiality Principle in Corporate Disclosure,Law,"Corporate, Sustainability and ESG Law",Assessment / Decision,Atomic,"Operational capability to apply Materiality Principle in Corporate Disclosure to materiality, non-financial disclosure under the governing principle's stated assumptions and validity conditions.",Applies to the relevant reporting framework and materiality definition; materiality thresholds depend on context.,"Use Materiality Principle in Corporate Disclosure to obtain a technically justified analysis, calculation, classification, or decision concerning materiality, non-financial disclosure.","Problem data, variables, relationships, assumptions, and boundary conditions relevant to materiality, non-financial disclosure.","A principle-grounded analysis, calculation, classification, or decision concerning materiality, non-financial disclosure.","Verify the applicability conditions of Materiality Principle in Corporate Disclosure, map the concept-specific variables and relationships to the principle, and derive only the conclusions permitted by that principle.","Operationalizes Materiality Principle in Corporate Disclosure for materiality, non-financial disclosure. The function connects concept-specific evidence to a principle-grounded result within the stated scope and should not be generalized beyond the principle's assumptions.","Materiality Principle in Corporate Disclosure; materiality, non-financial disclosure; materiality; non-financial disclosure",Active,KnowledgeFunction
KFR_000102,Apply Reflexivity Principle in Social Research to reflexivity,Social Science,Sociology,Research / Method Design,Atomic,Operational capability to apply Reflexivity Principle in Social Research to reflexivity under the governing principle's stated assumptions and validity conditions.,Applies especially to qualitative and interpretive research; implementation varies by methodology.,"Use Reflexivity Principle in Social Research to obtain a technically justified analysis, calculation, classification, or decision concerning reflexivity.","Problem data, variables, relationships, assumptions, and boundary conditions relevant to reflexivity.","A principle-grounded analysis, calculation, classification, or decision concerning reflexivity.","Verify the applicability conditions of Reflexivity Principle in Social Research, map the concept-specific variables and relationships to the principle, and derive only the conclusions permitted by that principle.",Operationalizes Reflexivity Principle in Social Research for reflexivity. The function connects concept-specific evidence to a principle-grounded result within the stated scope and should not be generalized beyond the principle's assumptions.,Reflexivity Principle in Social Research; reflexivity,Active,KnowledgeFunction
KFR_000103,Apply Cognitive Dissonance Principle to cognitive dissonance,Social Science,Social Psychology,Analysis / Application,Atomic,Operational capability to apply Cognitive Dissonance Principle to cognitive dissonance under the governing principle's stated assumptions and validity conditions.,Applies to specified cognitive inconsistency conditions; magnitude and reduction strategies depend on context.,"Use Cognitive Dissonance Principle to obtain a technically justified analysis, calculation, classification, or decision concerning cognitive dissonance.","Problem data, variables, relationships, assumptions, and boundary conditions relevant to cognitive dissonance.","A principle-grounded analysis, calculation, classification, or decision concerning cognitive dissonance.","Verify the applicability conditions of Cognitive Dissonance Principle, map the concept-specific variables and relationships to the principle, and derive only the conclusions permitted by that principle.",Operationalizes Cognitive Dissonance Principle for cognitive dissonance. The function connects concept-specific evidence to a principle-grounded result within the stated scope and should not be generalized beyond the principle's assumptions.,Cognitive Dissonance Principle; cognitive dissonance,Active,KnowledgeFunction
KFR_000104,Apply Social Identity Principle to social identity,Social Science,Social Psychology,Analysis / Application,Atomic,"Operational capability to apply Social Identity Principle to social identity, categorization under the governing principle's stated assumptions and validity conditions.",Applies to social categorization and identification processes rather than treating group membership as a complete explanation of behaviour.,"Use Social Identity Principle to obtain a technically justified analysis, calculation, classification, or decision concerning social identity, categorization.","Problem data, variables, relationships, assumptions, and boundary conditions relevant to social identity, categorization.","A principle-grounded analysis, calculation, classification, or decision concerning social identity, categorization.","Verify the applicability conditions of Social Identity Principle, map the concept-specific variables and relationships to the principle, and derive only the conclusions permitted by that principle.","Operationalizes Social Identity Principle for social identity, categorization. The function connects concept-specific evidence to a principle-grounded result within the stated scope and should not be generalized beyond the principle's assumptions.","Social Identity Principle; social identity, categorization; social identity; categorization",Active,KnowledgeFunction
KFR_000105,Apply Human Capital Investment Principle to returns to human capital,Social Science,Development Economics,Analysis / Application,Atomic,Operational capability to apply Human Capital Investment Principle to returns to human capital under the governing principle's stated assumptions and validity conditions.,"Applies to human-capital accumulation and requires attention to quality, access, incentives and distribution.","Use Human Capital Investment Principle to obtain a technically justified analysis, calculation, classification, or decision concerning returns to human capital.","Problem data, variables, relationships, assumptions, and boundary conditions relevant to returns to human capital.","A principle-grounded analysis, calculation, classification, or decision concerning returns to human capital.","Verify the applicability conditions of Human Capital Investment Principle, map the concept-specific variables and relationships to the principle, and derive only the conclusions permitted by that principle.",Operationalizes Human Capital Investment Principle for returns to human capital. The function connects concept-specific evidence to a principle-grounded result within the stated scope and should not be generalized beyond the principle's assumptions.,Human Capital Investment Principle; returns to human capital,Active,KnowledgeFunction
KFR_000106,Assess institutions using Subsidiarity Principle,Social Science,Public Policy and Governance,Assessment / Decision,Atomic,"Operational capability to apply Subsidiarity Principle to institutions, implementation structures under the governing principle's stated assumptions and validity conditions.",Applies to multilevel governance arrangements and depends on constitutional/institutional allocation of powers.,"Use Subsidiarity Principle to obtain a technically justified analysis, calculation, classification, or decision concerning institutions, implementation structures.","Problem data, variables, relationships, assumptions, and boundary conditions relevant to institutions, implementation structures.","A principle-grounded analysis, calculation, classification, or decision concerning institutions, implementation structures.","Verify the applicability conditions of Subsidiarity Principle, map the concept-specific variables and relationships to the principle, and derive only the conclusions permitted by that principle.","Operationalizes Subsidiarity Principle for institutions, implementation structures. The function connects concept-specific evidence to a principle-grounded result within the stated scope and should not be generalized beyond the principle's assumptions.","Subsidiarity Principle; institutions, implementation structures; institutions; implementation structures",Active,KnowledgeFunction
KFR_000107,Apply Falsifiability Principle to theory and hypotheses,Social Science,Research Methods in Social Sciences,Research / Method Design,Atomic,Operational capability to apply Falsifiability Principle to theory and hypotheses under the governing principle's stated assumptions and validity conditions.,Applies to empirical claims that can be operationalized and tested; it does not imply that every useful scientific statement is immediately falsifiable.,"Use Falsifiability Principle to obtain a technically justified analysis, calculation, classification, or decision concerning theory and hypotheses.","Problem data, variables, relationships, assumptions, and boundary conditions relevant to theory and hypotheses.","A principle-grounded analysis, calculation, classification, or decision concerning theory and hypotheses.","Verify the applicability conditions of Falsifiability Principle, map the concept-specific variables and relationships to the principle, and derive only the conclusions permitted by that principle.",Operationalizes Falsifiability Principle for theory and hypotheses. The function connects concept-specific evidence to a principle-grounded result within the stated scope and should not be generalized beyond the principle's assumptions.,Falsifiability Principle; theory and hypotheses,Active,KnowledgeFunction
KFR_000108,Apply Triangulation Principle to triangulation,Social Science,Research Methods in Social Sciences,Research / Method Design,Atomic,Operational capability to apply Triangulation Principle to triangulation under the governing principle's stated assumptions and validity conditions.,Applies when the different evidence streams are genuinely relevant and their limitations are considered.,"Use Triangulation Principle to obtain a technically justified analysis, calculation, classification, or decision concerning triangulation.","Problem data, variables, relationships, assumptions, and boundary conditions relevant to triangulation.","A principle-grounded analysis, calculation, classification, or decision concerning triangulation.","Verify the applicability conditions of Triangulation Principle, map the concept-specific variables and relationships to the principle, and derive only the conclusions permitted by that principle.",Operationalizes Triangulation Principle for triangulation. The function connects concept-specific evidence to a principle-grounded result within the stated scope and should not be generalized beyond the principle's assumptions.,Triangulation Principle; triangulation,Active,KnowledgeFunction
KFR_000109,Apply Bellman Optimality Principle to Markov decision processes,Engineering & Technology,Artificial Intelligence,Analysis / Application,Atomic,"Operational capability to apply Bellman Optimality Principle to Markov decision processes, sequential decision making under the governing principle's stated assumptions and validity conditions.",Applies to sequential decision problems satisfying the dynamic-programming formulation and appropriate state representation.,"Use Bellman Optimality Principle to obtain a technically justified analysis, calculation, classification, or decision concerning Markov decision processes, sequential decision making.","Problem data, variables, relationships, assumptions, and boundary conditions relevant to Markov decision processes, sequential decision making.","A principle-grounded analysis, calculation, classification, or decision concerning Markov decision processes, sequential decision making.","Verify the applicability conditions of Bellman Optimality Principle, map the concept-specific variables and relationships to the principle, and derive only the conclusions permitted by that principle.","Operationalizes Bellman Optimality Principle for Markov decision processes, sequential decision making. The function connects concept-specific evidence to a principle-grounded result within the stated scope and should not be generalized beyond the principle's assumptions.","Bellman Optimality Principle; Markov decision processes, sequential decision making; Markov decision processes; sequential decision making",Active,KnowledgeFunction
KFR_000110,Apply PAC Learning Principle to learning paradigms,Engineering & Technology,Machine Learning,Analysis / Application,Atomic,"Operational capability to apply PAC Learning Principle to learning paradigms, generalization under the governing principle's stated assumptions and validity conditions.",Applies to the formal PAC model and its assumptions; it is a theoretical learnability framework rather than a guarantee for arbitrary deployed models.,"Use PAC Learning Principle to obtain a technically justified analysis, calculation, classification, or decision concerning learning paradigms, generalization.","Problem data, variables, relationships, assumptions, and boundary conditions relevant to learning paradigms, generalization.","A principle-grounded analysis, calculation, classification, or decision concerning learning paradigms, generalization.","Verify the applicability conditions of PAC Learning Principle, map the concept-specific variables and relationships to the principle, and derive only the conclusions permitted by that principle.","Operationalizes PAC Learning Principle for learning paradigms, generalization. The function connects concept-specific evidence to a principle-grounded result within the stated scope and should not be generalized beyond the principle's assumptions.","PAC Learning Principle; learning paradigms, generalization; learning paradigms; generalization",Active,KnowledgeFunction
KFR_000111,Apply Quorum Intersection Principle to quorum systems,Engineering & Technology,Distributed Systems,Analysis / Application,Atomic,Operational capability to apply Quorum Intersection Principle to quorum systems under the governing principle's stated assumptions and validity conditions.,Applies to the quorum definitions and fault model of the specific protocol; quorum sizes alone do not guarantee correctness without protocol rules.,"Use Quorum Intersection Principle to obtain a technically justified analysis, calculation, classification, or decision concerning quorum systems.","Problem data, variables, relationships, assumptions, and boundary conditions relevant to quorum systems.","A principle-grounded analysis, calculation, classification, or decision concerning quorum systems.","Verify the applicability conditions of Quorum Intersection Principle, map the concept-specific variables and relationships to the principle, and derive only the conclusions permitted by that principle.",Operationalizes Quorum Intersection Principle for quorum systems. The function connects concept-specific evidence to a principle-grounded result within the stated scope and should not be generalized beyond the principle's assumptions.,Quorum Intersection Principle; quorum systems,Active,KnowledgeFunction
KFR_000112,Apply Hess's Law to heat effects,Engineering & Technology,Chemical Engineering,Analysis / Calculation,Atomic,Operational capability to apply Hess's Law to heat effects under the governing principle's stated assumptions and validity conditions.,Applies because enthalpy is a state function and requires consistent reaction definitions and conditions.,"Use Hess's Law to obtain a technically justified analysis, calculation, classification, or decision concerning heat effects.","Problem data, variables, relationships, assumptions, and boundary conditions relevant to heat effects.","A principle-grounded analysis, calculation, classification, or decision concerning heat effects.","Verify the applicability conditions of Hess's Law, map the concept-specific variables and relationships to the principle, and derive only the conclusions permitted by that principle.",Operationalizes Hess's Law for heat effects. The function connects concept-specific evidence to a principle-grounded result within the stated scope and should not be generalized beyond the principle's assumptions.,Hess's Law; heat effects,Active,KnowledgeFunction
KFR_000113,Apply Raoult's Law to vapour-liquid equilibrium,Engineering & Technology,Mass Transfer Operations,Analysis / Calculation,Atomic,Operational capability to apply Raoult's Law to vapour-liquid equilibrium under the governing principle's stated assumptions and validity conditions.,Applies to ideal or approximately ideal solutions and requires appropriate phase-equilibrium conditions.,"Use Raoult's Law to obtain a technically justified analysis, calculation, classification, or decision concerning vapour-liquid equilibrium.","Problem data, variables, relationships, assumptions, and boundary conditions relevant to vapour-liquid equilibrium.","A principle-grounded analysis, calculation, classification, or decision concerning vapour-liquid equilibrium.","Verify the applicability conditions of Raoult's Law, map the concept-specific variables and relationships to the principle, and derive only the conclusions permitted by that principle.",Operationalizes Raoult's Law for vapour-liquid equilibrium. The function connects concept-specific evidence to a principle-grounded result within the stated scope and should not be generalized beyond the principle's assumptions.,Raoult's Law; vapour-liquid equilibrium,Active,KnowledgeFunction
KFR_000114,Apply Henry's Law to equilibrium relations,Engineering & Technology,Mass Transfer Operations,Analysis / Calculation,Atomic,Operational capability to apply Henry's Law to equilibrium relations under the governing principle's stated assumptions and validity conditions.,Applies to dilute systems and requires consistent convention for the Henry-law constant.,"Use Henry's Law to obtain a technically justified analysis, calculation, classification, or decision concerning equilibrium relations.","Problem data, variables, relationships, assumptions, and boundary conditions relevant to equilibrium relations.","A principle-grounded analysis, calculation, classification, or decision concerning equilibrium relations.","Verify the applicability conditions of Henry's Law, map the concept-specific variables and relationships to the principle, and derive only the conclusions permitted by that principle.",Operationalizes Henry's Law for equilibrium relations. The function connects concept-specific evidence to a principle-grounded result within the stated scope and should not be generalized beyond the principle's assumptions.,Henry's Law; equilibrium relations,Active,KnowledgeFunction
KFR_000115,Evaluate phase structure using Gibbs Phase Rule,Engineering & Technology,Chemical Engineering,Analysis / Decision,Atomic,"Operational capability to apply Gibbs Phase Rule to phase structure, phase change under the governing principle's stated assumptions and validity conditions.",Applies to systems at thermodynamic equilibrium under the specified variables and component definitions.,"Use Gibbs Phase Rule to obtain a technically justified analysis, calculation, classification, or decision concerning phase structure, phase change.","Problem data, variables, relationships, assumptions, and boundary conditions relevant to phase structure, phase change.","A principle-grounded analysis, calculation, classification, or decision concerning phase structure, phase change.","Verify the applicability conditions of Gibbs Phase Rule, map the concept-specific variables and relationships to the principle, and derive only the conclusions permitted by that principle.","Operationalizes Gibbs Phase Rule for phase structure, phase change. The function connects concept-specific evidence to a principle-grounded result within the stated scope and should not be generalized beyond the principle's assumptions.","Gibbs Phase Rule; phase structure, phase change; phase structure; phase change",Active,KnowledgeFunction
KFR_000116,Apply Ampere's Circuital Law to magnetic circuits,Engineering & Technology,Electrical Engineering,Analysis / Calculation,Atomic,Operational capability to apply Ampere's Circuital Law to magnetic circuits under the governing principle's stated assumptions and validity conditions.,"Applies to specified current distributions and, in time-varying systems, requires the displacement-current term in the Maxwell-Ampere law.","Use Ampere's Circuital Law to obtain a technically justified analysis, calculation, classification, or decision concerning magnetic circuits.","Problem data, variables, relationships, assumptions, and boundary conditions relevant to magnetic circuits.","A principle-grounded analysis, calculation, classification, or decision concerning magnetic circuits.","Verify the applicability conditions of Ampere's Circuital Law, map the concept-specific variables and relationships to the principle, and derive only the conclusions permitted by that principle.",Operationalizes Ampere's Circuital Law for magnetic circuits. The function connects concept-specific evidence to a principle-grounded result within the stated scope and should not be generalized beyond the principle's assumptions.,Ampere's Circuital Law; magnetic circuits,Active,KnowledgeFunction
KFR_000117,Evaluate Fourier transform using Parseval's Theorem,Engineering & Technology,Signals and Systems,Analysis / Decision,Atomic,Operational capability to apply Parseval's Theorem to Fourier transform under the governing principle's stated assumptions and validity conditions.,Applies to signals satisfying the required square-integrability or transform conditions.,"Use Parseval's Theorem to obtain a technically justified analysis, calculation, classification, or decision concerning Fourier transform.","Problem data, variables, relationships, assumptions, and boundary conditions relevant to Fourier transform.","A principle-grounded analysis, calculation, classification, or decision concerning Fourier transform.","Verify the applicability conditions of Parseval's Theorem, map the concept-specific variables and relationships to the principle, and derive only the conclusions permitted by that principle.",Operationalizes Parseval's Theorem for Fourier transform. The function connects concept-specific evidence to a principle-grounded result within the stated scope and should not be generalized beyond the principle's assumptions.,Parseval's Theorem; Fourier transform,Active,KnowledgeFunction
KFR_000118,Evaluate Moment-area theorem using Moment-Area Theorem,Engineering & Technology,Civil Engineering,Analysis / Decision,Atomic,Operational capability to apply Moment-Area Theorem to Moment-area theorem under the governing principle's stated assumptions and validity conditions.,"Applies to beams satisfying the assumptions of the moment-area method, including the relevant beam theory, loading and material conditions.","Use Moment-Area Theorem to obtain a technically justified analysis, calculation, classification, or decision concerning Moment-area theorem.","Problem data, variables, relationships, assumptions, and boundary conditions relevant to Moment-area theorem.","A principle-grounded analysis, calculation, classification, or decision concerning Moment-area theorem.","Verify the applicability conditions of Moment-Area Theorem, map the concept-specific variables and relationships to the principle, and derive only the conclusions permitted by that principle.",Operationalizes Moment-Area Theorem for Moment-area theorem. The function connects concept-specific evidence to a principle-grounded result within the stated scope and should not be generalized beyond the principle's assumptions.,Moment-Area Theorem; Moment-area theorem,Active,KnowledgeFunction
KFR_000119,Evaluate Grashof's law using Grashof's Criterion,Engineering & Technology,Mechanical Engineering,Analysis / Decision,Atomic,Operational capability to apply Grashof's Criterion to Grashof's law under the governing principle's stated assumptions and validity conditions.,"Applies to planar four-bar mechanisms and the link-length criterion; joint limits, interference and practical transmission effects require additional analysis.","Use Grashof's Criterion to obtain a technically justified analysis, calculation, classification, or decision concerning Grashof's law.","Problem data, variables, relationships, assumptions, and boundary conditions relevant to Grashof's law.","A principle-grounded analysis, calculation, classification, or decision concerning Grashof's law.","Verify the applicability conditions of Grashof's Criterion, map the concept-specific variables and relationships to the principle, and derive only the conclusions permitted by that principle.",Operationalizes Grashof's Criterion for Grashof's law. The function connects concept-specific evidence to a principle-grounded result within the stated scope and should not be generalized beyond the principle's assumptions.,Grashof's Criterion; Grashof's law,Active,KnowledgeFunction
KFR_000120,Apply End-to-End Principle to TCP/UDP,Engineering & Technology,Computer Science,Analysis / Application,Atomic,Operational capability to apply End-to-End Principle to Transmission Control Protocol / User Datagram Protocol (TCP/UDP) under the governing principle's stated assumptions and validity conditions.,"Applies as an architectural design principle, not an absolute prohibition on lower-layer support; performance, security, reliability, and operational requirements can justify lower-layer mechanisms.","Use End-to-End Principle to obtain a technically justified analysis, calculation, classification, or decision concerning Transmission Control Protocol / User Datagram Protocol (TCP/UDP).","Problem data, variables, relationships, assumptions, and boundary conditions relevant to Transmission Control Protocol / User Datagram Protocol (TCP/UDP).","A principle-grounded analysis, calculation, classification, or decision concerning Transmission Control Protocol / User Datagram Protocol (TCP/UDP).","Verify the applicability conditions of End-to-End Principle, map the concept-specific variables and relationships to the principle, and derive only the conclusions permitted by that principle.",Operationalizes End-to-End Principle for Transmission Control Protocol / User Datagram Protocol (TCP/UDP). The function connects concept-specific evidence to a principle-grounded result within the stated scope and should not be generalized beyond the principle's assumptions.,End-to-End Principle; TCP/UDP; Transmission Control Protocol / User Datagram Protocol (TCP/UDP),Active,KnowledgeFunction
KFR_000121,Apply Separation of Concerns Principle to Design patterns,Engineering & Technology,Computer Science,Analysis / Application,Atomic,Operational capability to apply Separation of Concerns Principle to Design patterns under the governing principle's stated assumptions and validity conditions.,"Applies to architecture and software design; the appropriate separation depends on cohesion, coupling, interfaces, and system requirements.","Use Separation of Concerns Principle to obtain a technically justified analysis, calculation, classification, or decision concerning Design patterns.","Problem data, variables, relationships, assumptions, and boundary conditions relevant to Design patterns.","A principle-grounded analysis, calculation, classification, or decision concerning Design patterns.","Verify the applicability conditions of Separation of Concerns Principle, map the concept-specific variables and relationships to the principle, and derive only the conclusions permitted by that principle.",Operationalizes Separation of Concerns Principle for Design patterns. The function connects concept-specific evidence to a principle-grounded result within the stated scope and should not be generalized beyond the principle's assumptions.,Separation of Concerns Principle; Design patterns,Active,KnowledgeFunction
KFR_000122,Apply Pascal's Principle to hydrostatics,Engineering & Technology,Mechanical Engineering,Analysis / Application,Atomic,Operational capability to apply Pascal's Principle to hydrostatics under the governing principle's stated assumptions and validity conditions.,"Applies to confined fluids under the assumptions of Pascal's law; hydraulic-machine applications additionally require accounting for geometry, losses, and mechanical efficiency.","Use Pascal's Principle to obtain a technically justified analysis, calculation, classification, or decision concerning hydrostatics.","Problem data, variables, relationships, assumptions, and boundary conditions relevant to hydrostatics.","A principle-grounded analysis, calculation, classification, or decision concerning hydrostatics.","Verify the applicability conditions of Pascal's Principle, map the concept-specific variables and relationships to the principle, and derive only the conclusions permitted by that principle.",Operationalizes Pascal's Principle for hydrostatics. The function connects concept-specific evidence to a principle-grounded result within the stated scope and should not be generalized beyond the principle's assumptions.,Pascal's Principle; hydrostatics,Active,KnowledgeFunction
KFR_000123,Apply Principle of Virtual Work to Virtual work,Engineering & Technology,Civil Engineering; Mechanical Engineering,Analysis / Application,Atomic,Operational capability to apply Principle of Virtual Work to Virtual work under the governing principle's stated assumptions and validity conditions.,"Applies to equilibrium and compatible virtual displacements under the adopted idealization; the virtual displacement is a mathematical variation, not necessarily an actual motion.","Use Principle of Virtual Work to obtain a technically justified analysis, calculation, classification, or decision concerning Virtual work.","Problem data, variables, relationships, assumptions, and boundary conditions relevant to Virtual work.","A principle-grounded analysis, calculation, classification, or decision concerning Virtual work.","Verify the applicability conditions of Principle of Virtual Work, map the concept-specific variables and relationships to the principle, and derive only the conclusions permitted by that principle.",Operationalizes Principle of Virtual Work for Virtual work. The function connects concept-specific evidence to a principle-grounded result within the stated scope and should not be generalized beyond the principle's assumptions.,Principle of Virtual Work; Virtual work,Active,KnowledgeFunction
KFR_000124,Apply Principle of Minimum Potential Energy to Beam deflection methods; Virtual work,Engineering & Technology,Civil Engineering; Mechanical Engineering,Analysis / Application,Atomic,"Operational capability to apply Principle of Minimum Potential Energy to Beam deflection methods, Virtual work under the governing principle's stated assumptions and validity conditions.",Applies to conservative systems and stable equilibrium configurations within the adopted elastic model; unstable equilibria are not minima.,"Use Principle of Minimum Potential Energy to obtain a technically justified analysis, calculation, classification, or decision concerning Beam deflection methods, Virtual work.","Problem data, variables, relationships, assumptions, and boundary conditions relevant to Beam deflection methods, Virtual work.","A principle-grounded analysis, calculation, classification, or decision concerning Beam deflection methods, Virtual work.","Verify the applicability conditions of Principle of Minimum Potential Energy, map the concept-specific variables and relationships to the principle, and derive only the conclusions permitted by that principle.","Operationalizes Principle of Minimum Potential Energy for Beam deflection methods, Virtual work. The function connects concept-specific evidence to a principle-grounded result within the stated scope and should not be generalized beyond the principle's assumptions.",Principle of Minimum Potential Energy; Beam deflection methods; Virtual work,Active,KnowledgeFunction
KFR_000125,Apply Principle of Virtual Displacements to Virtual work,Engineering & Technology,Civil Engineering; Mechanical Engineering,Analysis / Application,Atomic,Operational capability to apply Principle of Virtual Displacements to Virtual work under the governing principle's stated assumptions and validity conditions.,Applies to static equilibrium under compatible virtual displacements and the adopted idealization.,"Use Principle of Virtual Displacements to obtain a technically justified analysis, calculation, classification, or decision concerning Virtual work.","Problem data, variables, relationships, assumptions, and boundary conditions relevant to Virtual work.","A principle-grounded analysis, calculation, classification, or decision concerning Virtual work.","Verify the applicability conditions of Principle of Virtual Displacements, map the concept-specific variables and relationships to the principle, and derive only the conclusions permitted by that principle.",Operationalizes Principle of Virtual Displacements for Virtual work. The function connects concept-specific evidence to a principle-grounded result within the stated scope and should not be generalized beyond the principle's assumptions.,Principle of Virtual Displacements; Virtual work,Active,KnowledgeFunction
KFR_000126,Apply Common but Differentiated Responsibilities Principle to UNFCCC; Paris Agreement,Law,Climate Change Law,Analysis / Application,Atomic,"Operational capability to apply Common but Differentiated Responsibilities Principle to United Nations Framework Convention on Climate Change (UNFCCC), Paris Agreement under the governing principle's stated assumptions and validity conditions.",Applies within the specific international environmental or climate regime in which the principle is invoked; its legal effect depends on the treaty and negotiating context.,"Use Common but Differentiated Responsibilities Principle to obtain a technically justified analysis, calculation, classification, or decision concerning United Nations Framework Convention on Climate Change (UNFCCC), Paris Agreement.","Problem data, variables, relationships, assumptions, and boundary conditions relevant to United Nations Framework Convention on Climate Change (UNFCCC), Paris Agreement.","A principle-grounded analysis, calculation, classification, or decision concerning United Nations Framework Convention on Climate Change (UNFCCC), Paris Agreement.","Verify the applicability conditions of Common but Differentiated Responsibilities Principle, map the concept-specific variables and relationships to the principle, and derive only the conclusions permitted by that principle.","Operationalizes Common but Differentiated Responsibilities Principle for United Nations Framework Convention on Climate Change (UNFCCC), Paris Agreement. The function connects concept-specific evidence to a principle-grounded result within the stated scope and should not be generalized beyond the principle's assumptions.",Common but Differentiated Responsibilities Principle; UNFCCC; Paris Agreement; United Nations Framework Convention on Climate Change (UNFCCC),Active,KnowledgeFunction
KFR_000127,Apply Pacta Sunt Servanda to performance; discharge by agreement,Law,Contract Law,Analysis / Application,Atomic,"Operational capability to apply Pacta Sunt Servanda to performance, discharge by agreement under the governing principle's stated assumptions and validity conditions.","Applies to binding agreements within the governing contract-law regime; mandatory law, impossibility, illegality, and recognized doctrines can qualify performance obligations.","Use Pacta Sunt Servanda to obtain a technically justified analysis, calculation, classification, or decision concerning performance, discharge by agreement.","Problem data, variables, relationships, assumptions, and boundary conditions relevant to performance, discharge by agreement.","A principle-grounded analysis, calculation, classification, or decision concerning performance, discharge by agreement.","Verify the applicability conditions of Pacta Sunt Servanda, map the concept-specific variables and relationships to the principle, and derive only the conclusions permitted by that principle.","Operationalizes Pacta Sunt Servanda for performance, discharge by agreement. The function connects concept-specific evidence to a principle-grounded result within the stated scope and should not be generalized beyond the principle's assumptions.",Pacta Sunt Servanda; performance; discharge by agreement,Active,KnowledgeFunction
KFR_000128,Apply Contra Proferentem Principle to interpretation; exclusion clauses,Law,Contract Law,Analysis / Application,Atomic,"Operational capability to apply Contra Proferentem Principle to interpretation, exclusion clauses under the governing principle's stated assumptions and validity conditions.",Applies only where the governing legal system recognizes the doctrine and where ambiguity remains after applicable interpretive principles have been considered.,"Use Contra Proferentem Principle to obtain a technically justified analysis, calculation, classification, or decision concerning interpretation, exclusion clauses.","Problem data, variables, relationships, assumptions, and boundary conditions relevant to interpretation, exclusion clauses.","A principle-grounded analysis, calculation, classification, or decision concerning interpretation, exclusion clauses.","Verify the applicability conditions of Contra Proferentem Principle, map the concept-specific variables and relationships to the principle, and derive only the conclusions permitted by that principle.","Operationalizes Contra Proferentem Principle for interpretation, exclusion clauses. The function connects concept-specific evidence to a principle-grounded result within the stated scope and should not be generalized beyond the principle's assumptions.",Contra Proferentem Principle; interpretation; exclusion clauses,Active,KnowledgeFunction
KFR_000129,Apply Separate Legal Personality Doctrine to company organs; shareholder rights,Law,Corporate Law,Analysis / Application,Atomic,"Operational capability to apply Separate Legal Personality Doctrine to company organs, shareholder rights under the governing principle's stated assumptions and validity conditions.","Applies to incorporated entities subject to statutory exceptions, including circumstances in which courts or legislation permit attribution, lifting of the corporate veil, or direct liability.","Use Separate Legal Personality Doctrine to obtain a technically justified analysis, calculation, classification, or decision concerning company organs, shareholder rights.","Problem data, variables, relationships, assumptions, and boundary conditions relevant to company organs, shareholder rights.","A principle-grounded analysis, calculation, classification, or decision concerning company organs, shareholder rights.","Verify the applicability conditions of Separate Legal Personality Doctrine, map the concept-specific variables and relationships to the principle, and derive only the conclusions permitted by that principle.","Operationalizes Separate Legal Personality Doctrine for company organs, shareholder rights. The function connects concept-specific evidence to a principle-grounded result within the stated scope and should not be generalized beyond the principle's assumptions.",Separate Legal Personality Doctrine; company organs; shareholder rights,Active,KnowledgeFunction
KFR_000130,Apply Principle of Beneficence to informed consent; research ethics review,Social Science,Social Science; Research Methods,Analysis / Application,Atomic,"Operational capability to apply Principle of Beneficence to informed consent, research ethics review under the governing principle's stated assumptions and validity conditions.","Applies to ethical research planning and requires context-specific assessment of risks, benefits, alternatives, and mitigation measures.","Use Principle of Beneficence to obtain a technically justified analysis, calculation, classification, or decision concerning informed consent, research ethics review.","Problem data, variables, relationships, assumptions, and boundary conditions relevant to informed consent, research ethics review.","A principle-grounded analysis, calculation, classification, or decision concerning informed consent, research ethics review.","Verify the applicability conditions of Principle of Beneficence, map the concept-specific variables and relationships to the principle, and derive only the conclusions permitted by that principle.","Operationalizes Principle of Beneficence for informed consent, research ethics review. The function connects concept-specific evidence to a principle-grounded result within the stated scope and should not be generalized beyond the principle's assumptions.",Principle of Beneficence; informed consent; research ethics review,Active,KnowledgeFunction
KFR_000131,Apply Principle of Justice in Research to informed consent; research ethics review,Social Science,Social Science; Research Methods,Analysis / Application,Atomic,"Operational capability to apply Principle of Justice in Research to informed consent, research ethics review under the governing principle's stated assumptions and validity conditions.","Applies to participant selection, access, compensation, and distribution of research burdens and benefits under the relevant ethical framework.","Use Principle of Justice in Research to obtain a technically justified analysis, calculation, classification, or decision concerning informed consent, research ethics review.","Problem data, variables, relationships, assumptions, and boundary conditions relevant to informed consent, research ethics review.","A principle-grounded analysis, calculation, classification, or decision concerning informed consent, research ethics review.","Verify the applicability conditions of Principle of Justice in Research, map the concept-specific variables and relationships to the principle, and derive only the conclusions permitted by that principle.","Operationalizes Principle of Justice in Research for informed consent, research ethics review. The function connects concept-specific evidence to a principle-grounded result within the stated scope and should not be generalized beyond the principle's assumptions.",Principle of Justice in Research; informed consent; research ethics review,Active,KnowledgeFunction
KFR_000132,Apply Rule of Mixtures to fibres; matrices; laminates,Engineering & Technology,Engineering Materials,Analysis / Application,Atomic,"Operational capability to apply Rule of Mixtures to fibres, matrices, laminates under the governing principle's stated assumptions and validity conditions.",Applies to properties and loading directions for which the assumed mixture model is appropriate.,"Use Rule of Mixtures to obtain a technically justified analysis, calculation, classification, or decision concerning fibres, matrices, laminates.","Problem data, variables, relationships, assumptions, and boundary conditions relevant to fibres, matrices, laminates.","A principle-grounded analysis, calculation, classification, or decision concerning fibres, matrices, laminates.","Verify the applicability conditions of Rule of Mixtures, map the concept-specific variables and relationships to the principle, and derive only the conclusions permitted by that principle.","Operationalizes Rule of Mixtures for fibres, matrices, laminates. The function connects concept-specific evidence to a principle-grounded result within the stated scope and should not be generalized beyond the principle's assumptions.",Rule of Mixtures; fibres; matrices; laminates,Active,KnowledgeFunction
KFR_000133,Apply Reciprocity Principle in Social Interaction to attraction; relationships; prosocial behaviour,Social Science,Social Psychology,Analysis / Application,Atomic,"Operational capability to apply Reciprocity Principle in Social Interaction to attraction, relationships, prosocial behaviour under the governing principle's stated assumptions and validity conditions.",Applies to social-exchange settings and cultural contexts; it is not a universal moral rule.,"Use Reciprocity Principle in Social Interaction to obtain a technically justified analysis, calculation, classification, or decision concerning attraction, relationships, prosocial behaviour.","Problem data, variables, relationships, assumptions, and boundary conditions relevant to attraction, relationships, prosocial behaviour.","A principle-grounded analysis, calculation, classification, or decision concerning attraction, relationships, prosocial behaviour.","Verify the applicability conditions of Reciprocity Principle in Social Interaction, map the concept-specific variables and relationships to the principle, and derive only the conclusions permitted by that principle.","Operationalizes Reciprocity Principle in Social Interaction for attraction, relationships, prosocial behaviour. The function connects concept-specific evidence to a principle-grounded result within the stated scope and should not be generalized beyond the principle's assumptions.",Reciprocity Principle in Social Interaction; attraction; relationships; prosocial behaviour,Active,KnowledgeFunction
KFR_000134,Apply Replication Principle to reproducibility; Measurement reproducibility,Social Science,Research Methods in Social Sciences,Analysis / Application,Atomic,"Operational capability to apply Replication Principle to reproducibility, Measurement reproducibility under the governing principle's stated assumptions and validity conditions.","Applies to findings for which the design, data, procedures or conceptual target permit meaningful replication; replication need not produce identical numerical results.","Use Replication Principle to obtain a technically justified analysis, calculation, classification, or decision concerning reproducibility, Measurement reproducibility.","Problem data, variables, relationships, assumptions, and boundary conditions relevant to reproducibility, Measurement reproducibility.","A principle-grounded analysis, calculation, classification, or decision concerning reproducibility, Measurement reproducibility.","Verify the applicability conditions of Replication Principle, map the concept-specific variables and relationships to the principle, and derive only the conclusions permitted by that principle.","Operationalizes Replication Principle for reproducibility, Measurement reproducibility. The function connects concept-specific evidence to a principle-grounded result within the stated scope and should not be generalized beyond the principle's assumptions.",Replication Principle; reproducibility; Measurement reproducibility,Active,KnowledgeFunction
KFR_000135,Apply Central Limit Theorem to descriptive statistics; hypothesis testing,Social Science,Research Methods in Social Sciences,Analysis / Application,Atomic,"Operational capability to apply Central Limit Theorem to descriptive statistics, hypothesis testing under the governing principle's stated assumptions and validity conditions.",Applies under stated assumptions and does not imply that every raw dataset is normally distributed.,"Use Central Limit Theorem to obtain a technically justified analysis, calculation, classification, or decision concerning descriptive statistics, hypothesis testing.","Problem data, variables, relationships, assumptions, and boundary conditions relevant to descriptive statistics, hypothesis testing.","A principle-grounded analysis, calculation, classification, or decision concerning descriptive statistics, hypothesis testing.","Verify the applicability conditions of Central Limit Theorem, map the concept-specific variables and relationships to the principle, and derive only the conclusions permitted by that principle.","Operationalizes Central Limit Theorem for descriptive statistics, hypothesis testing. The function connects concept-specific evidence to a principle-grounded result within the stated scope and should not be generalized beyond the principle's assumptions.",Central Limit Theorem; descriptive statistics; hypothesis testing,Active,KnowledgeFunction
KFR_000136,Apply Law of Large Numbers to probability sampling; descriptive statistics,Social Science,Research Methods in Social Sciences,Analysis / Application,Atomic,"Operational capability to apply Law of Large Numbers to probability sampling, descriptive statistics under the governing principle's stated assumptions and validity conditions.",Applies to specified stochastic assumptions and does not guarantee that any finite sample is close to the expectation.,"Use Law of Large Numbers to obtain a technically justified analysis, calculation, classification, or decision concerning probability sampling, descriptive statistics.","Problem data, variables, relationships, assumptions, and boundary conditions relevant to probability sampling, descriptive statistics.","A principle-grounded analysis, calculation, classification, or decision concerning probability sampling, descriptive statistics.","Verify the applicability conditions of Law of Large Numbers, map the concept-specific variables and relationships to the principle, and derive only the conclusions permitted by that principle.","Operationalizes Law of Large Numbers for probability sampling, descriptive statistics. The function connects concept-specific evidence to a principle-grounded result within the stated scope and should not be generalized beyond the principle's assumptions.",Law of Large Numbers; probability sampling; descriptive statistics,Active,KnowledgeFunction
