guardrail_id:ID,guardrail_level,topic,allowed_concepts,excluded_claims,evidence_type,status,:LABEL
GR_COURSE_001,Course,Data Structures & Algorithms,Foundations & Linear Data Structures; classes; objects; encapsulation; state and behaviour; abstraction; implementation of abstract data types; LIFO operations; push/pop; stack representation; expression processing; backtracking; Linear Data Structures; FIFO operations; queue representation; buffering; scheduling; breadth-first processing; dynamic nodes; pointers/references; insertion; deletion; traversal; Trees & Graphs; binary search trees; ordered search; balanced search trees; rotations; height balance; logarithmic search; update operations; Sorting & Searching; comparison sorting; partitioning; merging; time complexity; auxiliary space; search space reduction; comparison operations; Hashing; hash functions; hash tables; collisions; chaining; open addressing,"Ordinary data-structure implementation, complexity analysis, searching, sorting, or traversal does not by itself establish an environmental, social, resource, governance, or other sustainability mechanism.",Curriculum-derived disciplinary scope,Active,DisciplineGuardrail
GR_COURSE_002,Course,Discrete Mathematics,Propositional Logic; logical connectives; satisfiability; implication; equivalence; Proof Techniques; mathematical induction; base case; inductive hypothesis; inductive step; proof structure; Set Theory & Relations; sets; relations; reflexivity; symmetry; transitivity; equivalence classes; Combinatorics; counting arguments; finite sets; injectivity; occupancy; combinatorial proof; Graph Theory; trees; vertices and edges; paths; connectivity; spanning structures,,Curriculum-derived disciplinary scope,Active,DisciplineGuardrail
GR_COURSE_003,Course,Database Management Systems,ER Modeling; entities; attributes; relationships; cardinality; integrity constraints; Relational Model; relations; selection; projection; joins; set operations; relational expressions; SQL; SELECT; aggregation; filtering; query formulation; Normalization; functional dependencies; candidate keys; decomposition; lossless join; Transaction Management; transactions; serializability; locking; isolation; concurrency anomalies,"Database modelling, querying, normalization, transaction processing, or performance tuning does not by itself establish sustainability monitoring, transparency, accountability, optimization, or corrective-action relevance; an explicit sustainability purpose or mechanism is required.",Curriculum-derived disciplinary scope,Active,DisciplineGuardrail
GR_COURSE_004,Course,Operating Systems,Processes; resource allocation; deadlock conditions; prevention; avoidance; detection; Threads & Synchronization; threads; mutual exclusion; locks; semaphores; race conditions; synchronization; CPU Scheduling; process states; scheduling criteria; preemption; turnaround time; Memory Management; virtual memory; pages; frames; page tables; address translation; page faults; File Systems; allocation methods; directories; storage organization; file access,,Curriculum-derived disciplinary scope,Active,DisciplineGuardrail
GR_COURSE_005,Course,Computer Architecture,Digital Logic; arithmetic logic unit; Boolean operations; arithmetic operations; datapath; control signals; Instruction Set Architecture; instruction formats; RISC; CISC; addressing modes; Pipelining; instruction pipeline; data hazards; control hazards; structural hazards; hazard mitigation; Memory Hierarchy; cache; locality; cache mapping; virtual memory; I/O Systems; device interfaces; buses; interrupts; controllers,,Curriculum-derived disciplinary scope,Active,DisciplineGuardrail
GR_COURSE_006,Course,Design and Analysis of Algorithms,Divide & Conquer; divide and conquer; sorting; recurrence; time complexity; auxiliary space; Dynamic Programming; 0/1 knapsack; optimal substructure; overlapping subproblems; state representation; capacity constraints; value optimization; Greedy Algorithms; feasibility; selection strategy; optimality; scheduling; Graph Algorithms; graphs; flow networks; capacities; max-flow; min-cut; NP-Completeness; complexity classes; polynomial time; reductions; NP,,Curriculum-derived disciplinary scope,Active,DisciplineGuardrail
GR_COURSE_007,Course,Software Engineering,Software Development Life Cycle; software lifecycle; process models; requirements; development activities; verification; Agile & Scrum; CI/CD; automated builds; integration; deployment pipelines; testing; Requirements Engineering; stakeholders; use cases; functional requirements; non-functional requirements; System Design; software architecture; design patterns; modularity; interfaces; maintainability; Software Testing; unit tests; integration tests; test cases; defect detection,,Curriculum-derived disciplinary scope,Active,DisciplineGuardrail
GR_COURSE_008,Course,Computer Networks,Physical Layer; transmission media; signalling; bandwidth; attenuation; Data Link Layer; frames; MAC addressing; medium access control; error detection; Network Layer; IP addressing; subnetting; routing; forwarding; Transport Layer; TCP; UDP; reliability; flow control; congestion control; Application Layer; HTTP; client-server communication; requests; responses; web protocols,,Curriculum-derived disciplinary scope,Active,DisciplineGuardrail
GR_COURSE_009,Course,Mechanics of Materials,Simple Stresses; stress; strain; elastic modulus; linear elasticity; axial loading; Bending Moment; flexural stress; section properties; neutral axis; beam theory; Bending Stresses; stress distribution; bending; section modulus; flexural behaviour; Torsion; shear stress; torque; polar moment; angle of twist; Deflection; beam deflection; stiffness; curvature; superposition; serviceability,,Curriculum-derived disciplinary scope,Active,DisciplineGuardrail
GR_COURSE_010,Course,Fluid Mechanics,Fluid Properties; viscosity; shear stress; Newtonian fluids; kinematic viscosity; Hydrostatics; pressure; buoyant force; Archimedes principle; stability; Kinematics; continuity equation; conservation of mass; flow rate; velocity; streamlines; Dynamics; Reynolds number; laminar flow; turbulent flow; similarity; flow regime; Pipe Flow; head loss; friction factor; pressure drop,,Curriculum-derived disciplinary scope,Active,DisciplineGuardrail
GR_COURSE_011,Course,Structural Analysis I,Determinate Structures; statically determinate structures; trusses; beams; reactions; internal forces; Deflections; beam deflection; slope; moment-area method; curvature; Energy Methods; virtual work; structural displacement; internal work; Influence Lines; moving loads; Indeterminate Structures; slope-deflection method; joint rotations; member end moments,,Curriculum-derived disciplinary scope,Active,DisciplineGuardrail
GR_COURSE_012,Course,Geotechnical Engineering,Soil Classification; liquid limit; plastic limit; plasticity index; fine-grained soils; Permeability; hydraulic gradient; seepage; Darcy's law; groundwater flow; Consolidation; settlement; effective stress; pore pressure; time-dependent deformation; Shear Strength; cohesion; friction angle; failure envelope; Earth Pressure; retaining structures; active pressure; passive pressure; lateral stress,,Curriculum-derived disciplinary scope,Active,DisciplineGuardrail
GR_COURSE_013,Course,Environmental Engineering,Water Demand; per-capita demand; demand variation; forecasting; water supply planning; Water Treatment; filtration; suspended solids; filter media; turbidity removal; Wastewater Collection; sewer hydraulics; flow; slope; self-cleansing velocity; Sewage Treatment; biological wastewater treatment; activated sludge; aeration; microorganisms; secondary treatment; Solid Waste; collection; transport; processing; disposal; resource recovery,"An environmental-engineering topic is not automatically a sustainability recommendation. The application must establish the specific prevention, resource, ecological, health, equity, governance, or other mechanism supporting an SCR.",Curriculum-derived disciplinary scope,Active,DisciplineGuardrail
GR_COURSE_014,Course,Transportation Engineering,Highway Planning; sight distance; stopping sight distance; decision sight distance; safety; Geometric Design; superelevation; horizontal curves; lateral acceleration; vehicle-road interaction; Traffic Engineering; traffic flow; capacity; speed; density; signal control; traffic operations; Pavement Materials; bitumen; penetration; ductility; softening point; viscosity; temperature susceptibility; Pavement Design; pavement structure; flexible pavement; traffic loading; subgrade; pavement performance,,Curriculum-derived disciplinary scope,Active,DisciplineGuardrail
GR_COURSE_015,Course,Construction Planning & Management,Project Lifecycle; project scheduling; activities; duration; sequencing; Gantt chart; Network Techniques (CPM/PERT); CPM; PERT; critical path; schedule compression; time-cost trade-off; Resource Allocation; resource constraints; levelling; scheduling; workforce/equipment allocation; Cost Control; construction cost; depreciation; cash flow; project accounting; Construction Equipment; productivity; equipment selection; operating cost; utilization,,Curriculum-derived disciplinary scope,Active,DisciplineGuardrail
GR_COURSE_016,Course,Surveying & Geomatics,Basics of Surveying; surveying; measurement error; accuracy; precision; error propagation; Leveling & Contouring; levelling; benchmarks; reduced levels; contours; elevation; Theodolite Surveying; theodolite; horizontal angles; vertical angles; surveying observations; Curves; survey curves; horizontal curves; vertical curves; alignment; setting out; Modern Surveying (GPS/GIS); GNSS; GPS; GIS; spatial data; positioning; geospatial analysis,,Curriculum-derived disciplinary scope,Active,DisciplineGuardrail
GR_COURSE_017,Course,Engineering Thermodynamics,Basic Concepts; thermodynamic systems; control volumes; mass flow; energy flow; steady-flow processes; First Law; energy balance; heat transfer; work; internal energy; enthalpy; Second Law; irreversibility; exergy; entropy; thermodynamic efficiency; entropy generation; dissipation; efficiency; Gas Power Cycles; power cycles; Carnot cycle; thermal efficiency; heat reservoirs; reversible processes,,Curriculum-derived disciplinary scope,Active,DisciplineGuardrail
GR_COURSE_018,Course,Fluid Mechanics & Machinery,Fluid Kinematics; velocity field; acceleration; streamlines; pathlines; Conservation Laws; momentum equation; Navier-Stokes equations; pressure; viscous forces; Viscous Flow; boundary layer; shear; drag; separation; Hydraulic Turbines; Pelton turbine; Francis turbine; hydraulic power; efficiency; Pumps; centrifugal pumps; head; flow rate; pump efficiency,,Curriculum-derived disciplinary scope,Active,DisciplineGuardrail
GR_COURSE_019,Course,Kinematics of Machinery,Mechanisms; four-bar linkage; Grashof criterion; mobility; motion; Velocity/Acceleration Analysis; velocity analysis; instantaneous centers; rigid-body motion; angular velocity; Cams; followers; displacement diagrams; velocity; acceleration; Gears; epicyclic trains; gear ratios; relative motion; Friction; contact; wear; efficiency; machine mechanisms,,Curriculum-derived disciplinary scope,Active,DisciplineGuardrail
GR_COURSE_020,Course,Heat and Mass Transfer,Conduction; fins; heat transfer enhancement; thermal resistance; temperature distribution; Convection; natural convection; forced convection; heat-transfer coefficient; boundary layer; Radiation; thermal radiation; blackbody; emissive power; absorptivity; radiative heat transfer; Heat Exchangers; LMTD; temperature difference; heat-transfer area; exchanger effectiveness; Mass Transfer; diffusion; concentration gradient; mass-transfer coefficient; species transport,,Curriculum-derived disciplinary scope,Active,DisciplineGuardrail
GR_COURSE_021,Course,Dynamics of Machines,Dynamic Force Analysis; flywheel; energy fluctuation; speed regulation; rotational dynamics; Balancing; unbalance; centrifugal force; vibration; rotating machinery; Free Vibration; natural frequency; stiffness; mass; damping; Forced Vibration; resonance; excitation frequency; amplitude; Governors & Gyroscopes; governors; gyroscopic effects; angular momentum; stability,,Curriculum-derived disciplinary scope,Active,DisciplineGuardrail
GR_COURSE_022,Course,Manufacturing Processes,Casting; moulding; sand casting; solidification; defects; Metal Forming; forging; plastic deformation; dies; forming load; Joining Processes; joining; arc welding; weld pool; heat affected zone; joint integrity; Machining; turning; lathe; cutting speed; feed; tool geometry; Non-traditional Machining; EDM; electrical discharge; material removal; dielectric,,Curriculum-derived disciplinary scope,Active,DisciplineGuardrail
GR_COURSE_023,Course,Design of Machine Elements,Failure Theories; yield criterion; von Mises stress; ductile materials; equivalent stress; Fatigue Design; Goodman relation; mean stress; alternating stress; fatigue strength; Shafts & Keys; shafts; keys; torque; torsion; combined loading; Springs & Bearings; bearings; journal bearing; lubrication; friction; wear; Gears; gear design; gear ratio; tooth strength; contact stress,,Curriculum-derived disciplinary scope,Active,DisciplineGuardrail
GR_COURSE_024,Course,Control Systems Engineering,System Modeling; system modelling; Laplace transform; transfer function; differential equations; Time Domain Analysis; time-domain analysis; transient response; steady-state response; step response; Stability; Routh-Hurwitz; Nyquist criterion; closed-loop stability; Frequency Domain Analysis; frequency response; Bode plot; magnitude; phase; bandwidth; Controller Design; PID; proportional action; integral action; derivative action,,Curriculum-derived disciplinary scope,Active,DisciplineGuardrail
GR_COURSE_025,Course,Artificial Intelligence,agents and environments; rational action; agent architectures; utility and performance measures; state-space formulation; uninformed search; heuristic search; local search; adversarial search; propositional logic; first-order logic; ontologies; knowledge graphs; inference; reasoning under uncertainty; classical planning; partial-order planning; probabilistic decision making; Markov decision processes; sequential decision making; learning paradigms; hypothesis spaces; feature representations; generalization; bias-variance; learning pipelines; text representation; language models; sequence modelling; parsing; information extraction; evaluation; image formation; feature extraction; classification; object detection; segmentation; evaluation; AI system architecture; robustness; interpretability; fairness; privacy; safety and governance,,Curriculum-derived disciplinary scope,Active,DisciplineGuardrail
GR_COURSE_026,Course,Machine Learning,supervised learning; unsupervised learning; semi-supervised learning; self-supervised learning; reinforcement learning; data cleaning; missing values; categorical encoding; scaling; feature selection; leakage control; linear regression; logistic regression; regularization; decision trees; ensemble methods; support vector machines; probability models; Bayes rule; naive Bayes; graphical models; maximum likelihood; Bayesian inference; clustering; dimensionality reduction; principal component analysis; mixture models; manifold learning; perceptrons; multilayer networks; backpropagation; convolutional networks; sequence models; optimization; cross-validation; calibration; imbalanced data; hyperparameter selection; model monitoring; reproducibility,,Curriculum-derived disciplinary scope,Active,DisciplineGuardrail
GR_COURSE_027,Course,Distributed Systems,system models; communication models; time and ordering; failure models; scalability; RPC; messaging; multicast; logical clocks; leader election; distributed coordination; primary-backup replication; quorum systems; consistency models; consensus; conflict resolution; atomic commit; two-phase commit; distributed concurrency control; serializability; recovery; partitioning; distributed hash tables; distributed file systems; object storage; metadata management; failure detection; redundancy; checkpointing; recovery protocols; Byzantine failures; availability; partition tolerance; load balancing; observability; performance trade-offs,,Curriculum-derived disciplinary scope,Active,DisciplineGuardrail
GR_COURSE_028,Course,Cloud Computing and Virtualization,IaaS; PaaS; SaaS; public/private/hybrid cloud; shared responsibility; hypervisors; virtual machines; containers; hardware virtualization; resource isolation; provisioning; autoscaling; scheduling; resource allocation; capacity planning; object storage; block storage; file storage; distributed databases; data durability; virtual networks; subnets; routing; load balancing; service discovery; network security; infrastructure as code; configuration management; orchestration; service deployment; autoscaling policies; identity and access management; encryption; isolation; resilience; backup and disaster recovery,"Cloud scheduling, virtualization, scaling, or resource allocation does not by itself establish sustainability, equity, or need-based allocation; the application must explicitly connect allocation or capacity decisions to energy, resource, need, impact, or another sustainability consequence.",Curriculum-derived disciplinary scope,Active,DisciplineGuardrail
GR_COURSE_029,Course,Data Center Operations and Infrastructure,site planning; rack layout; power distribution; cooling architecture; physical security; server architectures; processors; memory; storage controllers; accelerators; hardware lifecycle; RAID; SAN; NAS; object storage; backup; data protection; topologies; switching; routing; load balancing; network virtualization; high-availability design; UPS; generators; power distribution; PUE; demand management; power quality; CRAC/CRAH; chilled water; airflow management; heat rejection; thermal monitoring; hypervisors; containers; resource pools; capacity management; infrastructure automation; DCIM; telemetry; incident management; redundancy; liquid cooling; edge computing,,Curriculum-derived disciplinary scope,Active,DisciplineGuardrail
GR_COURSE_030,Course,Concrete Technology,cement chemistry; hydration; supplementary cementitious materials; blended cements; aggregate grading; shape and texture; moisture; admixtures; mixing water; water-cement ratio; absolute volume method; target strength; workability; proportioning; workability; segregation; bleeding; setting; placing; compaction; strength; modulus; shrinkage; creep; permeability; microstructure; batching; mixing; transport; sampling; statistical quality control; freeze-thaw; chloride ingress; sulfate attack; alkali-silica reaction; high-performance and fiber-reinforced concrete,,Curriculum-derived disciplinary scope,Active,DisciplineGuardrail
GR_COURSE_031,Course,Foundation Engineering,borings; sampling; in-situ testing; groundwater; stratigraphy; unit weight; shear strength; compressibility; permeability; stiffness; isolated footings; strip footings; combined footings; raft foundations; load transfer; Terzaghi theory; Meyerhof methods; Vesic concepts; eccentric loading; inclined loads; immediate settlement; consolidation settlement; differential settlement; time-rate effects; piles; pile capacity; group action; negative skin friction; pile load testing; serviceability; structural checks; ground improvement; construction monitoring,,Curriculum-derived disciplinary scope,Active,DisciplineGuardrail
GR_COURSE_032,Course,Water Resources Engineering,precipitation; infiltration; evaporation; interception; runoff; watershed processes; rain gauges; stream gauging; hydrographs; frequency analysis; data consistency; unit hydrograph; rainfall-runoff models; flood estimation; design storms; storage-yield analysis; reservoir routing; sedimentation; operating rules; aquifers; Darcy law; well hydraulics; recharge; groundwater modelling; allocation; demand forecasting; systems analysis; optimization; conjunctive use; flood routing; floodplain management; drought indices; early warning; risk analysis,"Hydrologic analysis, water balance, recharge calculation, or flow estimation does not by itself establish resource regeneration, allocation equity, or local ecological fit; the corresponding renewal, allocation, or site-fit mechanism must be explicit.",Curriculum-derived disciplinary scope,Active,DisciplineGuardrail
GR_COURSE_033,Course,Hydraulics and Hydraulic Engineering,pressure; viscosity; hydrostatics; Bernoulli equation; control volumes; laminar flow; turbulent flow; Darcy-Weisbach; minor losses; pipe networks; specific energy; critical flow; uniform flow; gradually varied flow; hydraulic jumps; centrifugal pumps; reciprocating pumps; turbines; cavitation; performance curves; weirs; spillways; culverts; energy dissipators; intake structures; surge pressure; elastic pipe flow; wave speed; surge control; network analysis; pump selection; system curves; operational control,"Hydraulic flow, head-loss, pressure, pipe sizing, or network analysis does not by itself establish water security, equitable access, demand management, or leakage reduction; the application context must supply that sustainability mechanism.",Curriculum-derived disciplinary scope,Active,DisciplineGuardrail
GR_COURSE_034,Course,Engineering Geology,mineral identification; igneous rocks; sedimentary rocks; metamorphic rocks; physical weathering; chemical weathering; erosion; mass wasting; bedding; folds; faults; joints; shear zones; geological mapping; discontinuity surveys; rock mass description; geophysical methods; landslides; earthquakes; subsidence; expansive materials; erosion hazards; rock foundations; slope stability inputs; tunnelling geology; excavation conditions; dams; tunnels; roads; groundwater; geological risk assessment,,Curriculum-derived disciplinary scope,Active,DisciplineGuardrail
GR_COURSE_035,Course,CAD/CAM,wireframe; surface modelling; solid modelling; parametric features; constraints; sketching; assemblies; design intent; tolerancing; design documentation; sectioning; dimensioning; geometric dimensioning and tolerancing; bills of materials; process planning; routing; tooling; setup planning; computer-aided process planning; coordinate systems; G-code; tool paths; interpolation; machining simulation; CAM workflows; tool-path generation; verification; post-processing; machining optimization; associativity; product data exchange; PLM; digital thread; model-based definition,,Curriculum-derived disciplinary scope,Active,DisciplineGuardrail
GR_COURSE_036,Course,Mechatronics,measurement principles; position; velocity; force; pressure; temperature sensing; DC motors; stepper motors; servo drives; solenoids; pneumatic and hydraulic actuators; microcontrollers; I/O; timers; interrupts; ADC/DAC; real-time execution; amplification; filtering; isolation; sampling; data acquisition; dynamic models; transfer functions; state-space; feedback; PID control; mechanical-electrical interfaces; embedded software; control architecture; system integration; verification; validation; fault diagnosis; calibration; reliability testing,,Curriculum-derived disciplinary scope,Active,DisciplineGuardrail
GR_COURSE_037,Course,Refrigeration and Air Conditioning,vapour-compression cycle; refrigeration effect; COP; pressure-enthalpy analysis; refrigerant properties; classification; safety; phase-out and alternatives; compressors; condensers; expansion devices; evaporators; controls; humidity ratio; relative humidity; psychrometric chart; air mixing; dew point; sensible and latent loads; heat gains; ventilation; infiltration; load calculation; all-air systems; chilled-water systems; variable air volume; equipment selection; COP/EER; part-load performance; commissioning; fault diagnosis; maintenance,"Thermodynamic performance, refrigeration-cycle analysis, or equipment sizing does not by itself establish preventive maintenance, repairability, or asset-life extension; condition, deterioration, maintenance, or service-life evidence is required.",Curriculum-derived disciplinary scope,Active,DisciplineGuardrail
GR_COURSE_038,Course,Internal Combustion Engines,Otto cycle; Diesel cycle; dual cycle; two-stroke/four-stroke; engine configurations; cylinder; piston; crankshaft; valve train; lubrication; cooling; air intake; turbocharging; fuel injection; ignition; mixture formation; flame development; ignition delay; knock; combustion efficiency; heat release; brake power; indicated power; efficiency; specific fuel consumption; performance testing; NOx; particulate matter; CO; hydrocarbons; oxidation catalysts; particulate filters; electronic control; sensors; actuators; diagnostics; calibration,,Curriculum-derived disciplinary scope,Active,DisciplineGuardrail
GR_COURSE_039,Course,Engineering Materials,crystal structures; defects; diffusion; phase structure; mechanical properties; steels; cast irons; phase transformations; heat treatment; alloying; aluminium; copper; titanium; nickel alloys; selection criteria; thermoplastics; thermosets; elastomers; ceramics; processing-property relations; fibres; matrices; laminates; anisotropy; failure mechanisms; casting; forming; machining; joining; additive manufacturing; Ashby-style selection; corrosion; fatigue; fracture; wear; failure analysis,,Curriculum-derived disciplinary scope,Active,DisciplineGuardrail
GR_COURSE_040,Course,Chemical Process Calculations,SI units; dimensional consistency; concentration; flow rates; pressure; temperature; mass conservation; component balances; basis selection; recycle; purge; stoichiometry; conversion; yield; selectivity; extent of reaction; enthalpy; heat capacity; phase change; heat effects; steady-state energy balances; coupled balances; process streams; heat integration basics; degrees of freedom; flowsheets; stream tables; process specifications; numerical solution; sensitivity,,Curriculum-derived disciplinary scope,Active,DisciplineGuardrail
GR_COURSE_041,Course,Fluid Flow and Heat Transfer,density; viscosity; Newtonian fluids; hydrostatics; pressure measurement; laminar flow; turbulent flow; friction factor; pipe fittings; pumping requirements; drag; boundary layers; flow separation; pressure drop; momentum balance; dimensional groups; similitude; scale-up; Fourier law; steady conduction; transient conduction; natural and forced convection; LMTD; effectiveness-NTU; exchanger configurations; fouling; design; thermal radiation; emissivity; view factors; combined modes; insulation,,Curriculum-derived disciplinary scope,Active,DisciplineGuardrail
GR_COURSE_042,Course,Mass Transfer Operations,Fick law; molecular diffusion; mass-transfer coefficients; interfacial transport; equilibrium relations; operating lines; HTU/NTU; packed columns; vapour-liquid equilibrium; McCabe-Thiele; reflux; tray efficiency; multicomponent concepts; distribution coefficients; ternary diagrams; stagewise extraction; solvent selection; psychrometrics; wet-bulb temperature; drying curves; drying-rate periods; adsorption equilibria; breakthrough; membrane transport; selectivity; permeability; column hydraulics; flooding; pressure drop; scale-up; process integration,,Curriculum-derived disciplinary scope,Active,DisciplineGuardrail
GR_COURSE_043,Course,Chemical Reaction Engineering,rate laws; reaction order; Arrhenius equation; elementary reactions; kinetic parameter estimation; batch reactors; CSTR; PFR; reactor design equations; residence time; parallel reactions; series reactions; selectivity; yield; reaction networks; energy balances; heat generation; heat removal; ignition; multiplicity; RTD; E-curves; F-curves; segregation; non-ideal flow; gas-solid reactions; fluid-solid systems; catalyst pellets; effectiveness factors; reactor selection; mixing; heat transfer; safety; scale-up constraints,,Curriculum-derived disciplinary scope,Active,DisciplineGuardrail
GR_COURSE_044,Course,Process Control and Instrumentation,temperature; pressure; flow; level; analytical measurements; sensor dynamics; control valves; valve characteristics; actuators; positioners; sizing principles; first-order and higher-order models; dead time; process gain; dynamic testing; closed-loop control; PID structure; stability; setpoint tracking; disturbance rejection; Ziegler-Nichols; Cohen-Coon; IMC; robustness; performance criteria; cascade; feedforward; ratio control; override control; model predictive control; PLC; DCS; SCADA; alarm management; cybersecurity basics; safety instrumented systems,"Feedback, control, instrumentation, or threshold comparison does not by itself establish sustainability monitoring or corrective action; the measured variable and control response must be linked to an explicit sustainability performance objective.",Curriculum-derived disciplinary scope,Active,DisciplineGuardrail
GR_COURSE_045,Course,Electrical Machines,magnetic circuits; induced EMF; torque production; energy conversion; ideal transformer; equivalent circuit; losses; regulation; tests; construction; EMF equation; torque; characteristics; speed control; rotating magnetic field; equivalent circuit; torque-slip; starting; speed control; EMF; phasors; synchronous impedance; power-angle relation; excitation; loss segregation; efficiency; temperature rise; load tests; condition assessment; motor selection; braking; variable-speed drives; duty cycles; protection,,Curriculum-derived disciplinary scope,Active,DisciplineGuardrail
GR_COURSE_046,Course,Power Systems,generators; transformers; lines; cables; loads; per-unit system; line parameters; voltage regulation; distribution feeders; network topology; bus types; admittance matrix; Gauss-Seidel; Newton-Raphson; fast decoupled methods; symmetrical components; balanced faults; unbalanced faults; short-circuit levels; relays; overcurrent protection; distance protection; differential protection; coordination; transient stability; small-signal stability; rotor angle; voltage stability; economic dispatch; state estimation; SCADA/EMS; distributed generation; microgrids,,Curriculum-derived disciplinary scope,Active,DisciplineGuardrail
GR_COURSE_047,Course,Power Electronics,diodes; thyristors; MOSFETs; IGBTs; SiC and GaN devices; uncontrolled rectifiers; phase-controlled converters; commutation; harmonics; buck; boost; buck-boost; isolated converters; continuous/discontinuous conduction; voltage-source inverters; current-source inverters; single-phase; three-phase; carrier-based PWM; space-vector PWM; switching losses; gate drives; harmonics; power factor; EMI; thermal design; heat sinks; motor drives; renewable interfaces; UPS; HVDC; EV charging,,Curriculum-derived disciplinary scope,Active,DisciplineGuardrail
GR_COURSE_048,Course,Electrical Measurements and Instrumentation,accuracy; precision; sensitivity; resolution; systematic and random error; PMMC; moving-iron; dynamometer; digital instruments; instrument transformers; resistive; inductive; capacitive; thermoelectric; magnetic; optical transducers; amplification; filtering; isolation; ADC/DAC; sampling; multiplexing; traceability; calibration procedures; reference standards; adjustment versus calibration; uncertainty components; propagation; repeatability; reproducibility; confidence intervals; power measurements; energy measurement; process instrumentation; data logging; remote measurement,,Curriculum-derived disciplinary scope,Active,DisciplineGuardrail
GR_COURSE_049,Course,Signals and Systems,continuous/discrete signals; energy and power; transformations; complex exponentials; linearity; time invariance; convolution; impulse response; system properties; Fourier series; Fourier transform; spectra; bandwidth; filtering; Laplace transform; transfer functions; poles and zeros; stability; Z transform; ROC; difference equations; digital-system response; Nyquist rate; aliasing; reconstruction; quantization; frequency response; filters; modulation concepts; signal measurement,,Curriculum-derived disciplinary scope,Active,DisciplineGuardrail
GR_COURSE_050,Course,Environmental Law and Environmental Governance,environmental rights; public trust; precaution; polluter pays; sustainable development; regulatory authorities; delegated legislation; jurisdiction; environmental governance; air pollution regulation; water pollution regulation; waste regulation; consent mechanisms; strict liability; environmental compensation; penalties; remediation; compliance; forests; biodiversity; water resources; land use; common resources; tribunals; judicial review; writs; injunctions; public interest litigation; permits; compliance systems; monitoring; reporting; administrative decision-making,"Environmental law or governance content does not by itself establish meaningful participation, accountability, equity, or polluter-pays responsibility; the relevant rights, influence, responsibility, cost, or decision mechanism must be evidenced.",Curriculum-derived disciplinary scope,Active,DisciplineGuardrail
GR_COURSE_051,Course,Environmental Impact Assessment Law,statutory basis; regulatory instruments; project categories; competent authorities; screening; terms of reference; baseline requirements; alternatives; impact prediction; cumulative impacts; risk; mitigation hierarchy; notice; disclosure; hearings; submissions; procedural fairness; appraisal committees; conditions; reasoned decisions; judicial review; conditions; monitoring; reporting; non-compliance; adaptive management; standing; remedies; evidentiary issues; comparative EIA regimes,"Detailed engineering design, laboratory methods, and environmental modelling are outside the legal guardrail unless they are explicitly used as evidence or technical inputs to an EIA decision, compliance determination, or legal dispute.",Curriculum-derived disciplinary scope,Active,DisciplineGuardrail
GR_COURSE_052,Course,Climate Change Law and Policy,climate institutions; legislative instruments; executive policy; federalism; emissions regulation; carbon pricing concepts; energy regulation; sectoral measures; adaptation duties; disaster risk; resilience planning; vulnerable communities; climate risk disclosure; sustainable finance; fiduciary considerations; reporting; UNFCCC; Paris Agreement; nationally determined contributions; transparency framework; rights-based claims; government duties; corporate claims; causation; policy instruments; regulatory coordination; monitoring; evaluation,"Climate-system modelling, emissions measurement, and engineering design are outside the legal-policy guardrail unless explicitly used as evidence, regulatory inputs, disclosure requirements, or implementation mechanisms.",Curriculum-derived disciplinary scope,Active,DisciplineGuardrail
GR_COURSE_053,Course,Contract Law and Commercial Agreements,offer; acceptance; consideration; intention; capacity; consent; express terms; implied terms; conditions and warranties; interpretation; exclusion clauses; performance; frustration; novation; alteration; discharge by agreement; anticipatory breach; damages; specific performance; injunctions; restitution; indemnities; limitation clauses; guarantees; force majeure; insurance clauses; definitions; representations; covenants; schedules; negotiation strategy; sale of goods; services; technology agreements; confidentiality; dispute clauses,,Curriculum-derived disciplinary scope,Active,DisciplineGuardrail
GR_COURSE_054,Course,Labour and Employment Law,employment status; appointment terms; working conditions; standing orders; wage regulation; deductions; bonus; social security; leave; trade unions; collective bargaining; industrial disputes; strikes and lockouts; workplace safety; working hours; welfare; employer duties; non-discrimination; harassment; maternity protections; reasonable workplace protections; conciliation; labour authorities; tribunals; judicial remedies; platform work; fixed-term work; contract labour; remote work; compliance systems,,Curriculum-derived disciplinary scope,Active,DisciplineGuardrail
GR_COURSE_055,Course,"Corporate, Sustainability and ESG Law",company organs; governance structures; shareholder rights; disclosure; fiduciary duties; care; conflict management; related-party transactions; corporate environmental duties; labour rights; community impacts; supply-chain responsibility; materiality; non-financial disclosure; sustainability reporting; assurance concepts; green finance; climate risk; transition risk; due diligence; compliance programs; investigations; whistleblowing; sanctions; greenwashing; stakeholder claims; disclosure liability; contractual ESG clauses,,Curriculum-derived disciplinary scope,Active,DisciplineGuardrail
GR_COURSE_056,Course,Sociology,classical theory; functionalism; conflict theory; symbolic interactionism; family; education; religion; economy; polity; institutional change; culture; norms; values; identity; socialization; deviance; class; status; gender; race/ethnicity as social structure; mobility; poverty; primary/secondary groups; organizations; bureaucracy; social networks; demography; migration; urbanization; globalization; social movements; digital society; institutions and technology; comparative analysis; mixed-method sociology,"Clinical diagnosis, individual psychotherapy, and purely biological explanations of behaviour are outside the sociological guardrail; economic, political, or technological concepts should be included only where they are analysed as social structures, institutions, or processes.",Curriculum-derived disciplinary scope,Active,DisciplineGuardrail
GR_COURSE_057,Course,Social Psychology,schemas; attribution; heuristics; social perception; judgment; attitude formation; cognitive dissonance; persuasion models; resistance; attraction; relationships; prosocial behaviour; aggression; conflict; group norms; conformity; obedience; group decision-making; collective action; social identity; categorization; prejudice; stereotyping; intergroup conflict; normative influence; informational influence; communication; misinformation; health; organizations; education; environmental behaviour; interventions,"Clinical diagnosis and treatment, purely individual personality assessment, and macroeconomic or macro-level policy analysis are outside the social-psychology guardrail unless an explicit social-psychological mechanism is being studied.",Curriculum-derived disciplinary scope,Active,DisciplineGuardrail
GR_COURSE_058,Course,Development Economics,growth models; productivity; structural change; industrialization; poverty measurement; inequality measures; redistribution; multidimensional poverty; education; health; labour markets; returns to human capital; property rights; governance; political economy; institutional quality; credit constraints; financial inclusion; market failures; informal institutions; program design; cost-benefit analysis; impact evaluation; randomized trials; trade; aid; migration; technology transfer; global value chains,,Curriculum-derived disciplinary scope,Active,DisciplineGuardrail
GR_COURSE_059,Course,Public Policy and Governance,policy problems; institutions; actors; policy instruments; agenda setting; problem definition; evidence use; policy design; stakeholder analysis; implementation structures; administrative capacity; street-level bureaucracy; coordination; regulatory institutions; accountability; transparency; participation; regulatory design; budgets; public expenditure; fiscal instruments; procurement; resource allocation; process evaluation; outcome evaluation; impact evaluation; cost-effectiveness; digital public services; data governance; algorithmic decision-making; platform regulation,,Curriculum-derived disciplinary scope,Active,DisciplineGuardrail
GR_COURSE_060,Course,Research Methods in Social Sciences,research questions; theory and hypotheses; exploratory/descriptive/explanatory designs; probability sampling; non-probability sampling; measurement scales; instrument design; interviews; focus groups; observation; ethnography; thematic analysis; descriptive statistics; regression; hypothesis testing; causal inference basics; sequential designs; convergent designs; triangulation; integration; construct validity; internal validity; external validity; reliability; reflexivity; informed consent; confidentiality; research ethics review; data management; reproducibility,,Curriculum-derived disciplinary scope,Active,DisciplineGuardrail
GR_MOD_COURSE_001_M01,Module,Foundations & Linear Data Structures,classes; objects; encapsulation; state and behaviour; abstraction; implementation of abstract data types; LIFO operations; push/pop; stack representation; expression processing; backtracking,,Curriculum-derived disciplinary scope,Active,DisciplineGuardrail
GR_MOD_COURSE_001_M02,Module,Linear Data Structures,FIFO operations; queue representation; buffering; scheduling; breadth-first processing; dynamic nodes; pointers/references; insertion; deletion; traversal,,Curriculum-derived disciplinary scope,Active,DisciplineGuardrail
GR_MOD_COURSE_001_M03,Module,Trees & Graphs,binary search trees; ordered search; insertion; deletion; traversal; balanced search trees; rotations; height balance; logarithmic search; update operations,,Curriculum-derived disciplinary scope,Active,DisciplineGuardrail
GR_MOD_COURSE_001_M04,Module,Sorting & Searching,comparison sorting; partitioning; merging; time complexity; auxiliary space; ordered search; logarithmic search; search space reduction; comparison operations,,Curriculum-derived disciplinary scope,Active,DisciplineGuardrail
GR_MOD_COURSE_001_M05,Module,Hashing,hash functions; hash tables; collisions; chaining; open addressing,,Curriculum-derived disciplinary scope,Active,DisciplineGuardrail
GR_MOD_COURSE_002_M01,Module,Propositional Logic,propositional logic; logical connectives; satisfiability; implication; equivalence,,Curriculum-derived disciplinary scope,Active,DisciplineGuardrail
GR_MOD_COURSE_002_M02,Module,Proof Techniques,mathematical induction; base case; inductive hypothesis; inductive step; proof structure,,Curriculum-derived disciplinary scope,Active,DisciplineGuardrail
GR_MOD_COURSE_002_M03,Module,Set Theory & Relations,sets; relations; reflexivity; symmetry; transitivity; equivalence classes,,Curriculum-derived disciplinary scope,Active,DisciplineGuardrail
GR_MOD_COURSE_002_M04,Module,Combinatorics,counting arguments; finite sets; injectivity; occupancy; combinatorial proof,,Curriculum-derived disciplinary scope,Active,DisciplineGuardrail
GR_MOD_COURSE_002_M05,Module,Graph Theory,graph theory; trees; vertices and edges; paths; connectivity; spanning structures,,Curriculum-derived disciplinary scope,Active,DisciplineGuardrail
GR_MOD_COURSE_003_M01,Module,ER Modeling,entities; attributes; relationships; cardinality; integrity constraints; ER modeling,,Curriculum-derived disciplinary scope,Active,DisciplineGuardrail
GR_MOD_COURSE_003_M02,Module,Relational Model,relations; selection; projection; joins; set operations; relational expressions,,Curriculum-derived disciplinary scope,Active,DisciplineGuardrail
GR_MOD_COURSE_003_M03,Module,SQL,SQL; SELECT; joins; aggregation; filtering; query formulation,,Curriculum-derived disciplinary scope,Active,DisciplineGuardrail
GR_MOD_COURSE_003_M04,Module,Normalization,functional dependencies; candidate keys; decomposition; normalization; lossless join,,Curriculum-derived disciplinary scope,Active,DisciplineGuardrail
GR_MOD_COURSE_003_M05,Module,Transaction Management,transactions; serializability; locking; isolation; concurrency anomalies,,Curriculum-derived disciplinary scope,Active,DisciplineGuardrail
GR_MOD_COURSE_004_M01,Module,Processes,processes; resource allocation; deadlock conditions; prevention; avoidance; detection,,Curriculum-derived disciplinary scope,Active,DisciplineGuardrail
GR_MOD_COURSE_004_M02,Module,Threads & Synchronization,threads; mutual exclusion; locks; semaphores; race conditions; synchronization,,Curriculum-derived disciplinary scope,Active,DisciplineGuardrail
GR_MOD_COURSE_004_M03,Module,CPU Scheduling,CPU scheduling; process states; scheduling criteria; preemption; turnaround time,,Curriculum-derived disciplinary scope,Active,DisciplineGuardrail
GR_MOD_COURSE_004_M04,Module,Memory Management,virtual memory; pages; frames; page tables; address translation; page faults,,Curriculum-derived disciplinary scope,Active,DisciplineGuardrail
GR_MOD_COURSE_004_M05,Module,File Systems,file systems; allocation methods; directories; storage organization; file access,,Curriculum-derived disciplinary scope,Active,DisciplineGuardrail
GR_MOD_COURSE_005_M01,Module,Digital Logic,arithmetic logic unit; Boolean operations; arithmetic operations; datapath; control signals,,Curriculum-derived disciplinary scope,Active,DisciplineGuardrail
GR_MOD_COURSE_005_M02,Module,Instruction Set Architecture,instruction set architecture; instruction formats; RISC; CISC; addressing modes,,Curriculum-derived disciplinary scope,Active,DisciplineGuardrail
GR_MOD_COURSE_005_M03,Module,Pipelining,instruction pipeline; data hazards; control hazards; structural hazards; hazard mitigation,,Curriculum-derived disciplinary scope,Active,DisciplineGuardrail
GR_MOD_COURSE_005_M04,Module,Memory Hierarchy,memory hierarchy; cache; locality; cache mapping; virtual memory,,Curriculum-derived disciplinary scope,Active,DisciplineGuardrail
GR_MOD_COURSE_005_M05,Module,I/O Systems,I/O systems; device interfaces; buses; interrupts; controllers,,Curriculum-derived disciplinary scope,Active,DisciplineGuardrail
GR_MOD_COURSE_006_M01,Module,Divide & Conquer,divide and conquer; sorting; recurrence; time complexity; auxiliary space,,Curriculum-derived disciplinary scope,Active,DisciplineGuardrail
GR_MOD_COURSE_006_M02,Module,Dynamic Programming,0/1 knapsack; dynamic programming; optimal substructure; overlapping subproblems; state representation; capacity constraints; value optimization,,Curriculum-derived disciplinary scope,Active,DisciplineGuardrail
GR_MOD_COURSE_006_M03,Module,Greedy Algorithms,greedy algorithms; feasibility; selection strategy; optimality; scheduling,,Curriculum-derived disciplinary scope,Active,DisciplineGuardrail
GR_MOD_COURSE_006_M04,Module,Graph Algorithms,graphs; flow networks; capacities; max-flow; min-cut,,Curriculum-derived disciplinary scope,Active,DisciplineGuardrail
GR_MOD_COURSE_006_M05,Module,NP-Completeness,complexity classes; polynomial time; reductions; NP; NP-completeness,,Curriculum-derived disciplinary scope,Active,DisciplineGuardrail
GR_MOD_COURSE_007_M01,Module,Software Development Life Cycle,software lifecycle; process models; requirements; development activities; verification,,Curriculum-derived disciplinary scope,Active,DisciplineGuardrail
GR_MOD_COURSE_007_M02,Module,Agile & Scrum,CI/CD; automated builds; integration; deployment pipelines; testing,,Curriculum-derived disciplinary scope,Active,DisciplineGuardrail
GR_MOD_COURSE_007_M03,Module,Requirements Engineering,requirements engineering; stakeholders; use cases; functional requirements; non-functional requirements,,Curriculum-derived disciplinary scope,Active,DisciplineGuardrail
GR_MOD_COURSE_007_M04,Module,System Design,software architecture; design patterns; modularity; interfaces; maintainability,,Curriculum-derived disciplinary scope,Active,DisciplineGuardrail
GR_MOD_COURSE_007_M05,Module,Software Testing,software testing; unit tests; integration tests; test cases; defect detection,,Curriculum-derived disciplinary scope,Active,DisciplineGuardrail
GR_MOD_COURSE_008_M01,Module,Physical Layer,physical layer; transmission media; signalling; bandwidth; attenuation,,Curriculum-derived disciplinary scope,Active,DisciplineGuardrail
GR_MOD_COURSE_008_M02,Module,Data Link Layer,data link layer; frames; MAC addressing; medium access control; error detection,,Curriculum-derived disciplinary scope,Active,DisciplineGuardrail
GR_MOD_COURSE_008_M03,Module,Network Layer,network layer; IP addressing; subnetting; routing; forwarding,,Curriculum-derived disciplinary scope,Active,DisciplineGuardrail
GR_MOD_COURSE_008_M04,Module,Transport Layer,transport layer; TCP; UDP; reliability; flow control; congestion control,,Curriculum-derived disciplinary scope,Active,DisciplineGuardrail
GR_MOD_COURSE_008_M05,Module,Application Layer,application layer; HTTP; client-server communication; requests; responses; web protocols,,Curriculum-derived disciplinary scope,Active,DisciplineGuardrail
GR_MOD_COURSE_009_M01,Module,Simple Stresses,stress; strain; elastic modulus; linear elasticity; axial loading,,Curriculum-derived disciplinary scope,Active,DisciplineGuardrail
GR_MOD_COURSE_009_M02,Module,Bending Moment,bending moment; flexural stress; section properties; neutral axis; beam theory,,Curriculum-derived disciplinary scope,Active,DisciplineGuardrail
GR_MOD_COURSE_009_M03,Module,Bending Stresses,stress distribution; bending; neutral axis; section modulus; flexural behaviour,,Curriculum-derived disciplinary scope,Active,DisciplineGuardrail
GR_MOD_COURSE_009_M04,Module,Torsion,torsion; shear stress; torque; polar moment; angle of twist,,Curriculum-derived disciplinary scope,Active,DisciplineGuardrail
GR_MOD_COURSE_009_M05,Module,Deflection,beam deflection; stiffness; curvature; superposition; serviceability,,Curriculum-derived disciplinary scope,Active,DisciplineGuardrail
GR_MOD_COURSE_010_M01,Module,Fluid Properties,viscosity; shear stress; Newtonian fluids; fluid properties; kinematic viscosity,,Curriculum-derived disciplinary scope,Active,DisciplineGuardrail
GR_MOD_COURSE_010_M02,Module,Hydrostatics,hydrostatics; pressure; buoyant force; Archimedes principle; stability,,Curriculum-derived disciplinary scope,Active,DisciplineGuardrail
GR_MOD_COURSE_010_M03,Module,Kinematics,continuity equation; conservation of mass; flow rate; velocity; streamlines,,Curriculum-derived disciplinary scope,Active,DisciplineGuardrail
GR_MOD_COURSE_010_M04,Module,Dynamics,Reynolds number; laminar flow; turbulent flow; similarity; flow regime,,Curriculum-derived disciplinary scope,Active,DisciplineGuardrail
GR_MOD_COURSE_010_M05,Module,Pipe Flow,pipe flow; head loss; friction factor; pressure drop; flow rate,,Curriculum-derived disciplinary scope,Active,DisciplineGuardrail
GR_MOD_COURSE_011_M01,Module,Determinate Structures,statically determinate structures; trusses; beams; reactions; internal forces,,Curriculum-derived disciplinary scope,Active,DisciplineGuardrail
GR_MOD_COURSE_011_M02,Module,Deflections,beam deflection; slope; moment-area method; curvature,,Curriculum-derived disciplinary scope,Active,DisciplineGuardrail
GR_MOD_COURSE_011_M03,Module,Energy Methods,energy methods; virtual work; structural displacement; internal work,,Curriculum-derived disciplinary scope,Active,DisciplineGuardrail
GR_MOD_COURSE_011_M04,Module,Influence Lines,influence lines; moving loads; reactions; internal forces,,Curriculum-derived disciplinary scope,Active,DisciplineGuardrail
GR_MOD_COURSE_011_M05,Module,Indeterminate Structures,indeterminate structures; slope-deflection method; joint rotations; member end moments,,Curriculum-derived disciplinary scope,Active,DisciplineGuardrail
GR_MOD_COURSE_012_M01,Module,Soil Classification,soil classification; liquid limit; plastic limit; plasticity index; fine-grained soils,,Curriculum-derived disciplinary scope,Active,DisciplineGuardrail
GR_MOD_COURSE_012_M02,Module,Permeability,permeability; hydraulic gradient; seepage; Darcy's law; groundwater flow,,Curriculum-derived disciplinary scope,Active,DisciplineGuardrail
GR_MOD_COURSE_012_M03,Module,Consolidation,consolidation; settlement; effective stress; pore pressure; time-dependent deformation,,Curriculum-derived disciplinary scope,Active,DisciplineGuardrail
GR_MOD_COURSE_012_M04,Module,Shear Strength,shear strength; cohesion; friction angle; effective stress; failure envelope,,Curriculum-derived disciplinary scope,Active,DisciplineGuardrail
GR_MOD_COURSE_012_M05,Module,Earth Pressure,earth pressure; retaining structures; active pressure; passive pressure; lateral stress,,Curriculum-derived disciplinary scope,Active,DisciplineGuardrail
GR_MOD_COURSE_013_M01,Module,Water Demand,water demand; per-capita demand; demand variation; forecasting; water supply planning,,Curriculum-derived disciplinary scope,Active,DisciplineGuardrail
GR_MOD_COURSE_013_M02,Module,Water Treatment,water treatment; filtration; suspended solids; filter media; turbidity removal,,Curriculum-derived disciplinary scope,Active,DisciplineGuardrail
GR_MOD_COURSE_013_M03,Module,Wastewater Collection,wastewater collection; sewer hydraulics; flow; slope; self-cleansing velocity,,Curriculum-derived disciplinary scope,Active,DisciplineGuardrail
GR_MOD_COURSE_013_M04,Module,Sewage Treatment,biological wastewater treatment; activated sludge; aeration; microorganisms; secondary treatment,,Curriculum-derived disciplinary scope,Active,DisciplineGuardrail
GR_MOD_COURSE_013_M05,Module,Solid Waste,solid waste; collection; transport; processing; disposal; resource recovery,,Curriculum-derived disciplinary scope,Active,DisciplineGuardrail
GR_MOD_COURSE_014_M01,Module,Highway Planning,highway planning; sight distance; stopping sight distance; decision sight distance; safety,,Curriculum-derived disciplinary scope,Active,DisciplineGuardrail
GR_MOD_COURSE_014_M02,Module,Geometric Design,geometric design; superelevation; horizontal curves; lateral acceleration; vehicle-road interaction,,Curriculum-derived disciplinary scope,Active,DisciplineGuardrail
GR_MOD_COURSE_014_M03,Module,Traffic Engineering,traffic flow; capacity; speed; density; signal control; traffic operations,,Curriculum-derived disciplinary scope,Active,DisciplineGuardrail
GR_MOD_COURSE_014_M04,Module,Pavement Materials,pavement materials; bitumen; penetration; ductility; softening point; viscosity; temperature susceptibility,,Curriculum-derived disciplinary scope,Active,DisciplineGuardrail
GR_MOD_COURSE_014_M05,Module,Pavement Design,pavement structure; flexible pavement; traffic loading; subgrade; pavement performance,,Curriculum-derived disciplinary scope,Active,DisciplineGuardrail
GR_MOD_COURSE_015_M01,Module,Project Lifecycle,project scheduling; activities; duration; sequencing; Gantt chart,,Curriculum-derived disciplinary scope,Active,DisciplineGuardrail
GR_MOD_COURSE_015_M02,Module,Network Techniques (CPM/PERT),CPM; PERT; critical path; schedule compression; time-cost trade-off,,Curriculum-derived disciplinary scope,Active,DisciplineGuardrail
GR_MOD_COURSE_015_M03,Module,Resource Allocation,resource allocation; resource constraints; levelling; scheduling; workforce/equipment allocation,,Curriculum-derived disciplinary scope,Active,DisciplineGuardrail
GR_MOD_COURSE_015_M04,Module,Cost Control,construction cost; depreciation; cost control; cash flow; project accounting,,Curriculum-derived disciplinary scope,Active,DisciplineGuardrail
GR_MOD_COURSE_015_M05,Module,Construction Equipment,construction equipment; productivity; equipment selection; operating cost; utilization,,Curriculum-derived disciplinary scope,Active,DisciplineGuardrail
GR_MOD_COURSE_016_M01,Module,Basics of Surveying,surveying; measurement error; accuracy; precision; error propagation,,Curriculum-derived disciplinary scope,Active,DisciplineGuardrail
GR_MOD_COURSE_016_M02,Module,Leveling & Contouring,levelling; benchmarks; reduced levels; contours; elevation,,Curriculum-derived disciplinary scope,Active,DisciplineGuardrail
GR_MOD_COURSE_016_M03,Module,Theodolite Surveying,theodolite; horizontal angles; vertical angles; surveying observations,,Curriculum-derived disciplinary scope,Active,DisciplineGuardrail
GR_MOD_COURSE_016_M04,Module,Curves,survey curves; horizontal curves; vertical curves; alignment; setting out,,Curriculum-derived disciplinary scope,Active,DisciplineGuardrail
GR_MOD_COURSE_016_M05,Module,Modern Surveying (GPS/GIS),GNSS; GPS; GIS; spatial data; positioning; geospatial analysis,,Curriculum-derived disciplinary scope,Active,DisciplineGuardrail
GR_MOD_COURSE_017_M01,Module,Basic Concepts,thermodynamic systems; control volumes; mass flow; energy flow; steady-flow processes,,Curriculum-derived disciplinary scope,Active,DisciplineGuardrail
GR_MOD_COURSE_017_M02,Module,First Law,first law; energy balance; heat transfer; work; internal energy; enthalpy,,Curriculum-derived disciplinary scope,Active,DisciplineGuardrail
GR_MOD_COURSE_017_M03,Module,Second Law,second law; irreversibility; exergy; entropy; thermodynamic efficiency,,Curriculum-derived disciplinary scope,Active,DisciplineGuardrail
GR_MOD_COURSE_017_M04,Module,Entropy,entropy; entropy generation; irreversibility; dissipation; efficiency,,Curriculum-derived disciplinary scope,Active,DisciplineGuardrail
GR_MOD_COURSE_017_M05,Module,Gas Power Cycles,power cycles; Carnot cycle; thermal efficiency; heat reservoirs; reversible processes,,Curriculum-derived disciplinary scope,Active,DisciplineGuardrail
GR_MOD_COURSE_018_M01,Module,Fluid Kinematics,fluid kinematics; velocity field; acceleration; streamlines; pathlines,,Curriculum-derived disciplinary scope,Active,DisciplineGuardrail
GR_MOD_COURSE_018_M02,Module,Conservation Laws,conservation laws; momentum equation; Navier-Stokes equations; pressure; viscous forces,,Curriculum-derived disciplinary scope,Active,DisciplineGuardrail
GR_MOD_COURSE_018_M03,Module,Viscous Flow,viscous flow; boundary layer; shear; drag; separation,,Curriculum-derived disciplinary scope,Active,DisciplineGuardrail
GR_MOD_COURSE_018_M04,Module,Hydraulic Turbines,hydraulic turbines; Pelton turbine; Francis turbine; hydraulic power; efficiency,,Curriculum-derived disciplinary scope,Active,DisciplineGuardrail
GR_MOD_COURSE_018_M05,Module,Pumps,centrifugal pumps; head; flow rate; pump efficiency; hydraulic power,,Curriculum-derived disciplinary scope,Active,DisciplineGuardrail
GR_MOD_COURSE_019_M01,Module,Mechanisms,mechanisms; four-bar linkage; Grashof criterion; mobility; motion,,Curriculum-derived disciplinary scope,Active,DisciplineGuardrail
GR_MOD_COURSE_019_M02,Module,Velocity/Acceleration Analysis,velocity analysis; instantaneous centers; rigid-body motion; angular velocity,,Curriculum-derived disciplinary scope,Active,DisciplineGuardrail
GR_MOD_COURSE_019_M03,Module,Cams,cams; followers; displacement diagrams; velocity; acceleration,,Curriculum-derived disciplinary scope,Active,DisciplineGuardrail
GR_MOD_COURSE_019_M04,Module,Gears,gears; epicyclic trains; angular velocity; gear ratios; relative motion,,Curriculum-derived disciplinary scope,Active,DisciplineGuardrail
GR_MOD_COURSE_019_M05,Module,Friction,friction; contact; wear; efficiency; machine mechanisms,,Curriculum-derived disciplinary scope,Active,DisciplineGuardrail
GR_MOD_COURSE_020_M01,Module,Conduction,conduction; fins; heat transfer enhancement; thermal resistance; temperature distribution,,Curriculum-derived disciplinary scope,Active,DisciplineGuardrail
GR_MOD_COURSE_020_M02,Module,Convection,convection; natural convection; forced convection; heat-transfer coefficient; boundary layer,,Curriculum-derived disciplinary scope,Active,DisciplineGuardrail
GR_MOD_COURSE_020_M03,Module,Radiation,thermal radiation; blackbody; emissive power; absorptivity; radiative heat transfer,,Curriculum-derived disciplinary scope,Active,DisciplineGuardrail
GR_MOD_COURSE_020_M04,Module,Heat Exchangers,heat exchangers; LMTD; temperature difference; heat-transfer area; exchanger effectiveness,,Curriculum-derived disciplinary scope,Active,DisciplineGuardrail
GR_MOD_COURSE_020_M05,Module,Mass Transfer,mass transfer; diffusion; concentration gradient; mass-transfer coefficient; species transport,,Curriculum-derived disciplinary scope,Active,DisciplineGuardrail
GR_MOD_COURSE_021_M01,Module,Dynamic Force Analysis,dynamic force analysis; flywheel; energy fluctuation; speed regulation; rotational dynamics,,Curriculum-derived disciplinary scope,Active,DisciplineGuardrail
GR_MOD_COURSE_021_M02,Module,Balancing,balancing; unbalance; centrifugal force; vibration; rotating machinery,,Curriculum-derived disciplinary scope,Active,DisciplineGuardrail
GR_MOD_COURSE_021_M03,Module,Free Vibration,free vibration; natural frequency; stiffness; mass; damping,,Curriculum-derived disciplinary scope,Active,DisciplineGuardrail
GR_MOD_COURSE_021_M04,Module,Forced Vibration,forced vibration; resonance; excitation frequency; amplitude; damping,,Curriculum-derived disciplinary scope,Active,DisciplineGuardrail
GR_MOD_COURSE_021_M05,Module,Governors & Gyroscopes,governors; gyroscopic effects; speed regulation; angular momentum; stability,,Curriculum-derived disciplinary scope,Active,DisciplineGuardrail
GR_MOD_COURSE_022_M01,Module,Casting,casting; moulding; sand casting; solidification; defects,,Curriculum-derived disciplinary scope,Active,DisciplineGuardrail
GR_MOD_COURSE_022_M02,Module,Metal Forming,metal forming; forging; plastic deformation; dies; forming load,,Curriculum-derived disciplinary scope,Active,DisciplineGuardrail
GR_MOD_COURSE_022_M03,Module,Joining Processes,joining; arc welding; weld pool; heat affected zone; joint integrity,,Curriculum-derived disciplinary scope,Active,DisciplineGuardrail
GR_MOD_COURSE_022_M04,Module,Machining,machining; turning; lathe; cutting speed; feed; tool geometry,,Curriculum-derived disciplinary scope,Active,DisciplineGuardrail
GR_MOD_COURSE_022_M05,Module,Non-traditional Machining,non-traditional machining; EDM; electrical discharge; material removal; dielectric,,Curriculum-derived disciplinary scope,Active,DisciplineGuardrail
GR_MOD_COURSE_023_M01,Module,Failure Theories,failure theories; yield criterion; von Mises stress; ductile materials; equivalent stress,,Curriculum-derived disciplinary scope,Active,DisciplineGuardrail
GR_MOD_COURSE_023_M02,Module,Fatigue Design,fatigue design; Goodman relation; mean stress; alternating stress; fatigue strength,,Curriculum-derived disciplinary scope,Active,DisciplineGuardrail
GR_MOD_COURSE_023_M03,Module,Shafts & Keys,shafts; keys; torque; torsion; combined loading,,Curriculum-derived disciplinary scope,Active,DisciplineGuardrail
GR_MOD_COURSE_023_M04,Module,Springs & Bearings,bearings; journal bearing; lubrication; friction; wear,,Curriculum-derived disciplinary scope,Active,DisciplineGuardrail
GR_MOD_COURSE_023_M05,Module,Gears,gear design; gear ratio; tooth strength; contact stress; wear,,Curriculum-derived disciplinary scope,Active,DisciplineGuardrail
GR_MOD_COURSE_024_M01,Module,System Modeling,system modelling; Laplace transform; transfer function; differential equations,,Curriculum-derived disciplinary scope,Active,DisciplineGuardrail
GR_MOD_COURSE_024_M02,Module,Time Domain Analysis,time-domain analysis; transient response; steady-state response; step response,,Curriculum-derived disciplinary scope,Active,DisciplineGuardrail
GR_MOD_COURSE_024_M03,Module,Stability,stability; Routh-Hurwitz; Nyquist criterion; closed-loop stability,,Curriculum-derived disciplinary scope,Active,DisciplineGuardrail
GR_MOD_COURSE_024_M04,Module,Frequency Domain Analysis,frequency response; Bode plot; magnitude; phase; bandwidth,,Curriculum-derived disciplinary scope,Active,DisciplineGuardrail
GR_MOD_COURSE_024_M05,Module,Controller Design,controller design; PID; proportional action; integral action; derivative action,,Curriculum-derived disciplinary scope,Active,DisciplineGuardrail
GR_MOD_COURSE_025_M1,Module,Intelligent Agents,agents and environments; rational action; agent architectures; utility and performance measures,,Curriculum-derived disciplinary scope,Active,DisciplineGuardrail
GR_MOD_COURSE_025_M2,Module,Problem Solving and Search,state-space formulation; uninformed search; heuristic search; local search; adversarial search,,Curriculum-derived disciplinary scope,Active,DisciplineGuardrail
GR_MOD_COURSE_025_M3,Module,Knowledge Representation and Reasoning,propositional logic; first-order logic; ontologies; knowledge graphs; inference; reasoning under uncertainty,,Curriculum-derived disciplinary scope,Active,DisciplineGuardrail
GR_MOD_COURSE_025_M4,Module,Planning and Decision Making,classical planning; partial-order planning; probabilistic decision making; Markov decision processes; sequential decision making,,Curriculum-derived disciplinary scope,Active,DisciplineGuardrail
GR_MOD_COURSE_025_M5,Module,Machine Learning Foundations,learning paradigms; hypothesis spaces; feature representations; generalization; bias-variance; learning pipelines,,Curriculum-derived disciplinary scope,Active,DisciplineGuardrail
GR_MOD_COURSE_025_M6,Module,Natural Language Processing,text representation; language models; sequence modelling; parsing; information extraction; evaluation,,Curriculum-derived disciplinary scope,Active,DisciplineGuardrail
GR_MOD_COURSE_025_M7,Module,Computer Vision and Perception,image formation; feature extraction; classification; object detection; segmentation; evaluation,,Curriculum-derived disciplinary scope,Active,DisciplineGuardrail
GR_MOD_COURSE_025_M8,Module,"AI Systems, Safety and Ethics",AI system architecture; robustness; interpretability; fairness; privacy; safety and governance,,Curriculum-derived disciplinary scope,Active,DisciplineGuardrail
GR_MOD_COURSE_026_M1,Module,Learning Paradigms,supervised learning; unsupervised learning; semi-supervised learning; self-supervised learning; reinforcement learning,,Curriculum-derived disciplinary scope,Active,DisciplineGuardrail
GR_MOD_COURSE_026_M2,Module,Data Preparation and Feature Engineering,data cleaning; missing values; categorical encoding; scaling; feature selection; leakage control,,Curriculum-derived disciplinary scope,Active,DisciplineGuardrail
GR_MOD_COURSE_026_M3,Module,Regression and Classification,linear regression; logistic regression; regularization; decision trees; ensemble methods; support vector machines,,Curriculum-derived disciplinary scope,Active,DisciplineGuardrail
GR_MOD_COURSE_026_M4,Module,Probabilistic and Bayesian Learning,probability models; Bayes rule; naive Bayes; graphical models; maximum likelihood; Bayesian inference,,Curriculum-derived disciplinary scope,Active,DisciplineGuardrail
GR_MOD_COURSE_026_M5,Module,Unsupervised Learning and Representation,clustering; dimensionality reduction; principal component analysis; mixture models; manifold learning,,Curriculum-derived disciplinary scope,Active,DisciplineGuardrail
GR_MOD_COURSE_026_M6,Module,Neural Networks and Deep Learning,perceptrons; multilayer networks; backpropagation; convolutional networks; sequence models; optimization,,Curriculum-derived disciplinary scope,Active,DisciplineGuardrail
GR_MOD_COURSE_026_M7,Module,Model Evaluation and Deployment,cross-validation; calibration; imbalanced data; hyperparameter selection; model monitoring; reproducibility,,Curriculum-derived disciplinary scope,Active,DisciplineGuardrail
GR_MOD_COURSE_027_M1,Module,Distributed System Models,system models; communication models; time and ordering; failure models; scalability,,Curriculum-derived disciplinary scope,Active,DisciplineGuardrail
GR_MOD_COURSE_027_M2,Module,Communication and Coordination,RPC; messaging; multicast; logical clocks; leader election; distributed coordination,,Curriculum-derived disciplinary scope,Active,DisciplineGuardrail
GR_MOD_COURSE_027_M3,Module,Replication and Consistency,primary-backup replication; quorum systems; consistency models; consensus; conflict resolution,,Curriculum-derived disciplinary scope,Active,DisciplineGuardrail
GR_MOD_COURSE_027_M4,Module,Distributed Transactions,atomic commit; two-phase commit; distributed concurrency control; serializability; recovery,,Curriculum-derived disciplinary scope,Active,DisciplineGuardrail
GR_MOD_COURSE_027_M5,Module,Distributed Storage,partitioning; distributed hash tables; distributed file systems; object storage; metadata management,,Curriculum-derived disciplinary scope,Active,DisciplineGuardrail
GR_MOD_COURSE_027_M6,Module,Fault Tolerance and Recovery,failure detection; redundancy; checkpointing; recovery protocols; Byzantine failures,,Curriculum-derived disciplinary scope,Active,DisciplineGuardrail
GR_MOD_COURSE_027_M7,Module,Distributed System Design,availability; partition tolerance; load balancing; observability; performance trade-offs,,Curriculum-derived disciplinary scope,Active,DisciplineGuardrail
GR_MOD_COURSE_028_M1,Module,Cloud Computing Models,IaaS; PaaS; SaaS; public/private/hybrid cloud; shared responsibility,,Curriculum-derived disciplinary scope,Active,DisciplineGuardrail
GR_MOD_COURSE_028_M2,Module,Virtualization Technologies,hypervisors; virtual machines; containers; hardware virtualization; resource isolation,,Curriculum-derived disciplinary scope,Active,DisciplineGuardrail
GR_MOD_COURSE_028_M3,Module,Cloud Resource Management,provisioning; autoscaling; scheduling; resource allocation; capacity planning,,Curriculum-derived disciplinary scope,Active,DisciplineGuardrail
GR_MOD_COURSE_028_M4,Module,Cloud Storage and Data Services,object storage; block storage; file storage; distributed databases; data durability,,Curriculum-derived disciplinary scope,Active,DisciplineGuardrail
GR_MOD_COURSE_028_M5,Module,Cloud Networking,virtual networks; subnets; routing; load balancing; service discovery; network security,,Curriculum-derived disciplinary scope,Active,DisciplineGuardrail
GR_MOD_COURSE_028_M6,Module,Cloud Orchestration and Automation,infrastructure as code; configuration management; orchestration; service deployment; autoscaling policies,,Curriculum-derived disciplinary scope,Active,DisciplineGuardrail
GR_MOD_COURSE_028_M7,Module,Cloud Security and Reliability,identity and access management; encryption; isolation; resilience; backup and disaster recovery,,Curriculum-derived disciplinary scope,Active,DisciplineGuardrail
GR_MOD_COURSE_029_M1,Module,Data Center Architecture and Facilities,site planning; rack layout; power distribution; cooling architecture; physical security,,Curriculum-derived disciplinary scope,Active,DisciplineGuardrail
GR_MOD_COURSE_029_M2,Module,Compute Infrastructure,server architectures; processors; memory; storage controllers; accelerators; hardware lifecycle,,Curriculum-derived disciplinary scope,Active,DisciplineGuardrail
GR_MOD_COURSE_029_M3,Module,Storage and Data Infrastructure,RAID; SAN; NAS; object storage; backup; data protection,,Curriculum-derived disciplinary scope,Active,DisciplineGuardrail
GR_MOD_COURSE_029_M4,Module,Data Center Networking,topologies; switching; routing; load balancing; network virtualization; high-availability design,,Curriculum-derived disciplinary scope,Active,DisciplineGuardrail
GR_MOD_COURSE_029_M5,Module,Power Systems and Energy Management,UPS; generators; power distribution; PUE; demand management; power quality,,Curriculum-derived disciplinary scope,Active,DisciplineGuardrail
GR_MOD_COURSE_029_M6,Module,Cooling and Thermal Management,CRAC/CRAH; chilled water; airflow management; heat rejection; thermal monitoring,,Curriculum-derived disciplinary scope,Active,DisciplineGuardrail
GR_MOD_COURSE_029_M7,Module,Virtualization and Infrastructure Management,hypervisors; containers; resource pools; capacity management; infrastructure automation,,Curriculum-derived disciplinary scope,Active,DisciplineGuardrail
GR_MOD_COURSE_029_M8,Module,"Monitoring, Reliability and Emerging Technologies",DCIM; telemetry; incident management; redundancy; liquid cooling; edge computing,,Curriculum-derived disciplinary scope,Active,DisciplineGuardrail
GR_MOD_COURSE_030_M1,Module,Cement and Supplementary Materials,cement chemistry; hydration; supplementary cementitious materials; blended cements,,Curriculum-derived disciplinary scope,Active,DisciplineGuardrail
GR_MOD_COURSE_030_M2,Module,Aggregates and Mix Constituents,aggregate grading; shape and texture; moisture; admixtures; mixing water,,Curriculum-derived disciplinary scope,Active,DisciplineGuardrail
GR_MOD_COURSE_030_M3,Module,Concrete Mix Design,water-cement ratio; absolute volume method; target strength; workability; proportioning,,Curriculum-derived disciplinary scope,Active,DisciplineGuardrail
GR_MOD_COURSE_030_M4,Module,Fresh Concrete,workability; segregation; bleeding; setting; placing; compaction,,Curriculum-derived disciplinary scope,Active,DisciplineGuardrail
GR_MOD_COURSE_030_M5,Module,Hardened Concrete,strength; modulus; shrinkage; creep; permeability; microstructure,,Curriculum-derived disciplinary scope,Active,DisciplineGuardrail
GR_MOD_COURSE_030_M6,Module,Concrete Production and Quality Control,batching; mixing; transport; sampling; statistical quality control,,Curriculum-derived disciplinary scope,Active,DisciplineGuardrail
GR_MOD_COURSE_030_M7,Module,Durability and Special Concretes,freeze-thaw; chloride ingress; sulfate attack; alkali-silica reaction; high-performance and fiber-reinforced concrete,,Curriculum-derived disciplinary scope,Active,DisciplineGuardrail
GR_MOD_COURSE_031_M1,Module,Site Investigation and Subsurface Characterization,borings; Geotechnical sampling; Curricular scope: Foundation Engineering. The concept is represented at the level of the stated mechanism; properties; constraints; and application criteria; in-situ testing; groundwater; stratigraphy,,Curriculum-derived disciplinary scope,Active,DisciplineGuardrail
GR_MOD_COURSE_031_M2,Module,Soil Parameters for Foundation Design,unit weight; shear strength; compressibility; Soil permeability; Curricular scope: Foundation Engineering. The concept is represented at the level of the stated mechanism; properties; constraints; and application criteria; stiffness,,Curriculum-derived disciplinary scope,Active,DisciplineGuardrail
GR_MOD_COURSE_031_M3,Module,Shallow Foundations,isolated footings; strip footings; combined footings; raft foundations; load transfer,,Curriculum-derived disciplinary scope,Active,DisciplineGuardrail
GR_MOD_COURSE_031_M4,Module,Bearing Capacity,Terzaghi theory; Meyerhof methods; Vesic concepts; eccentric loading; inclined loads,,Curriculum-derived disciplinary scope,Active,DisciplineGuardrail
GR_MOD_COURSE_031_M5,Module,Settlement Analysis,immediate settlement; Consolidation settlement; differential settlement; time-rate effects,,Curriculum-derived disciplinary scope,Active,DisciplineGuardrail
GR_MOD_COURSE_031_M6,Module,Deep Foundations,piles; pile capacity; group action; negative skin friction; pile load testing,,Curriculum-derived disciplinary scope,Active,DisciplineGuardrail
GR_MOD_COURSE_031_M7,Module,Foundation Design and Construction,serviceability; structural checks; ground improvement; construction monitoring,,Curriculum-derived disciplinary scope,Active,DisciplineGuardrail
GR_MOD_COURSE_032_M1,Module,Hydrologic Processes,precipitation; infiltration; evaporation; interception; runoff; watershed processes,,Curriculum-derived disciplinary scope,Active,DisciplineGuardrail
GR_MOD_COURSE_032_M2,Module,Hydrologic Measurement and Data Analysis,rain gauges; stream gauging; hydrographs; frequency analysis; data consistency,,Curriculum-derived disciplinary scope,Active,DisciplineGuardrail
GR_MOD_COURSE_032_M3,Module,Hydrologic Modelling and Design,unit hydrograph; rainfall-runoff models; flood estimation; design storms,,Curriculum-derived disciplinary scope,Active,DisciplineGuardrail
GR_MOD_COURSE_032_M4,Module,Reservoirs and Water Storage,storage-yield analysis; reservoir routing; sedimentation; operating rules,,Curriculum-derived disciplinary scope,Active,DisciplineGuardrail
GR_MOD_COURSE_032_M5,Module,Groundwater Resources,aquifers; well hydraulics; recharge; groundwater modelling,,Curriculum-derived disciplinary scope,Active,DisciplineGuardrail
GR_MOD_COURSE_032_M6,Module,Water Resources Systems,allocation; Demand forecasting; systems analysis; optimization; conjunctive use,,Curriculum-derived disciplinary scope,Active,DisciplineGuardrail
GR_MOD_COURSE_032_M7,Module,Flood and Drought Management,flood routing; floodplain management; drought indices; early warning; risk analysis,,Curriculum-derived disciplinary scope,Active,DisciplineGuardrail
GR_MOD_COURSE_033_M1,Module,Fluid Properties and Fundamental Flow,pressure; Viscosity; hydrostatics; Bernoulli equation; Control volumes,,Curriculum-derived disciplinary scope,Active,DisciplineGuardrail
GR_MOD_COURSE_033_M2,Module,Pipe Flow,laminar flow; turbulent flow; Darcy-Weisbach; minor losses; pipe networks,,Curriculum-derived disciplinary scope,Active,DisciplineGuardrail
GR_MOD_COURSE_033_M3,Module,Open Channel Flow,specific energy; critical flow; uniform flow; gradually varied flow; hydraulic jumps,,Curriculum-derived disciplinary scope,Active,DisciplineGuardrail
GR_MOD_COURSE_033_M4,Module,Hydraulic Machines,Centrifugal pumps; reciprocating pumps; turbines; cavitation; performance curves,,Curriculum-derived disciplinary scope,Active,DisciplineGuardrail
GR_MOD_COURSE_033_M5,Module,Hydraulic Structures,weirs; spillways; culverts; energy dissipators; intake structures,,Curriculum-derived disciplinary scope,Active,DisciplineGuardrail
GR_MOD_COURSE_033_M6,Module,Transient Flow and Water Hammer,surge pressure; elastic pipe flow; wave speed; surge control,,Curriculum-derived disciplinary scope,Active,DisciplineGuardrail
GR_MOD_COURSE_033_M7,Module,Hydraulic System Design,network analysis; pump selection; system curves; operational control,,Curriculum-derived disciplinary scope,Active,DisciplineGuardrail
GR_MOD_COURSE_034_M1,Module,Minerals and Rocks,mineral identification; igneous rocks; sedimentary rocks; metamorphic rocks,,Curriculum-derived disciplinary scope,Active,DisciplineGuardrail
GR_MOD_COURSE_034_M2,Module,Weathering and Geological Processes,physical weathering; chemical weathering; erosion; mass wasting,,Curriculum-derived disciplinary scope,Active,DisciplineGuardrail
GR_MOD_COURSE_034_M3,Module,Geological Structures and Discontinuities,bedding; folds; faults; joints; shear zones,,Curriculum-derived disciplinary scope,Active,DisciplineGuardrail
GR_MOD_COURSE_034_M4,Module,Engineering Site Characterization,geological mapping; discontinuity surveys; rock mass description; geophysical methods,,Curriculum-derived disciplinary scope,Active,DisciplineGuardrail
GR_MOD_COURSE_034_M5,Module,Geological Hazards,landslides; earthquakes; subsidence; expansive materials; erosion hazards,,Curriculum-derived disciplinary scope,Active,DisciplineGuardrail
GR_MOD_COURSE_034_M6,Module,Geology for Foundations and Excavations,rock foundations; slope stability inputs; tunnelling geology; excavation conditions,,Curriculum-derived disciplinary scope,Active,DisciplineGuardrail
GR_MOD_COURSE_034_M7,Module,Geology in Infrastructure Projects,dams; tunnels; roads; groundwater; geological risk assessment,,Curriculum-derived disciplinary scope,Active,DisciplineGuardrail
GR_MOD_COURSE_035_M1,Module,Geometric Modelling,wireframe; surface modelling; solid modelling; parametric features; constraints,,Curriculum-derived disciplinary scope,Active,DisciplineGuardrail
GR_MOD_COURSE_035_M2,Module,Computer-Aided Design,sketching; assemblies; design intent; tolerancing; design documentation,,Curriculum-derived disciplinary scope,Active,DisciplineGuardrail
GR_MOD_COURSE_035_M3,Module,Engineering Graphics and Product Definition,sectioning; dimensioning; geometric dimensioning and tolerancing; bills of materials,,Curriculum-derived disciplinary scope,Active,DisciplineGuardrail
GR_MOD_COURSE_035_M4,Module,Manufacturing Planning,process planning; Manufacturing routing; Curricular scope: CAD/CAM. The concept is represented at the level of the stated mechanism; properties; constraints; and application criteria; tooling; setup planning; computer-aided process planning,,Curriculum-derived disciplinary scope,Active,DisciplineGuardrail
GR_MOD_COURSE_035_M5,Module,CNC Programming and Machining,coordinate systems; G-code; tool paths; interpolation; machining simulation,,Curriculum-derived disciplinary scope,Active,DisciplineGuardrail
GR_MOD_COURSE_035_M6,Module,Computer-Aided Manufacturing,CAM workflows; tool-path generation; verification; post-processing; machining optimization,,Curriculum-derived disciplinary scope,Active,DisciplineGuardrail
GR_MOD_COURSE_035_M7,Module,CAD/CAM Integration and Product Data,associativity; product data exchange; PLM; digital thread; model-based definition,,Curriculum-derived disciplinary scope,Active,DisciplineGuardrail
GR_MOD_COURSE_036_M1,Module,Sensors and Transducers,measurement principles; position; velocity; force; pressure; temperature sensing,,Curriculum-derived disciplinary scope,Active,DisciplineGuardrail
GR_MOD_COURSE_036_M2,Module,Actuators and Drives,DC motors; stepper motors; servo drives; solenoids; pneumatic and hydraulic actuators,,Curriculum-derived disciplinary scope,Active,DisciplineGuardrail
GR_MOD_COURSE_036_M3,Module,Embedded Controllers,microcontrollers; I/O; timers; interrupts; ADC/DAC; real-time execution,,Curriculum-derived disciplinary scope,Active,DisciplineGuardrail
GR_MOD_COURSE_036_M4,Module,Signal Conditioning and Data Acquisition,amplification; filtering; Measurement isolation; Curricular scope: Mechatronics; Electrical Measurements and Instrumentation. The concept is represented at the level of the stated mechanism; properties; constraints; and application criteria; Signal sampling; data acquisition,,Curriculum-derived disciplinary scope,Active,DisciplineGuardrail
GR_MOD_COURSE_036_M5,Module,System Modelling and Control,dynamic models; transfer functions; state-space; feedback; PID control,,Curriculum-derived disciplinary scope,Active,DisciplineGuardrail
GR_MOD_COURSE_036_M6,Module,Mechatronic System Integration,mechanical-electrical interfaces; embedded software; control architecture; system integration,,Curriculum-derived disciplinary scope,Active,DisciplineGuardrail
GR_MOD_COURSE_036_M7,Module,Testing and Reliability of Mechatronic Systems,verification; validation; fault diagnosis; Engineering calibration; Mechatronics → Testing and Reliability of Mechatronic Systems: calibration of sensors; measurement chains; and associated instrumentation; calibration is distinct from adjustment.; instrument calibration; reliability testing,,Curriculum-derived disciplinary scope,Active,DisciplineGuardrail
GR_MOD_COURSE_037_M1,Module,Refrigeration Cycles,vapour-compression cycle; refrigeration effect; COP; pressure-enthalpy analysis,,Curriculum-derived disciplinary scope,Active,DisciplineGuardrail
GR_MOD_COURSE_037_M2,Module,Refrigerants and Environmental Considerations,refrigerant properties; Refrigerant classification; Curricular scope: Refrigeration and Air Conditioning. The concept is represented at the level of the stated mechanism; properties; constraints; and application criteria; safety; phase-out and alternatives,,Curriculum-derived disciplinary scope,Active,DisciplineGuardrail
GR_MOD_COURSE_037_M3,Module,Refrigeration Components,compressors; condensers; expansion devices; evaporators; controls,,Curriculum-derived disciplinary scope,Active,DisciplineGuardrail
GR_MOD_COURSE_037_M4,Module,Psychrometrics,humidity ratio; relative humidity; psychrometric chart; air mixing; dew point,,Curriculum-derived disciplinary scope,Active,DisciplineGuardrail
GR_MOD_COURSE_037_M5,Module,Air-Conditioning Loads,sensible and latent loads; heat gains; ventilation; Air infiltration; Curricular scope: Refrigeration and Air Conditioning. The concept is represented at the level of the stated mechanism; properties; constraints; and application criteria; load calculation,,Curriculum-derived disciplinary scope,Active,DisciplineGuardrail
GR_MOD_COURSE_037_M6,Module,Air-Conditioning Systems,all-air systems; chilled-water systems; variable air volume; equipment selection,,Curriculum-derived disciplinary scope,Active,DisciplineGuardrail
GR_MOD_COURSE_037_M7,Module,System Performance and Diagnostics,COP/EER; part-load performance; commissioning; fault diagnosis; maintenance,,Curriculum-derived disciplinary scope,Active,DisciplineGuardrail
GR_MOD_COURSE_038_M1,Module,Engine Cycles and Architecture,Otto cycle; Diesel cycle; dual cycle; two-stroke/four-stroke; engine configurations,,Curriculum-derived disciplinary scope,Active,DisciplineGuardrail
GR_MOD_COURSE_038_M2,Module,Engine Components and Mechanics,cylinder; piston; crankshaft; valve train; lubrication; cooling,,Curriculum-derived disciplinary scope,Active,DisciplineGuardrail
GR_MOD_COURSE_038_M3,Module,Air and Fuel Systems,air intake; turbocharging; fuel injection; ignition; mixture formation,,Curriculum-derived disciplinary scope,Active,DisciplineGuardrail
GR_MOD_COURSE_038_M4,Module,Combustion in Engines,flame development; ignition delay; knock; combustion efficiency; heat release,,Curriculum-derived disciplinary scope,Active,DisciplineGuardrail
GR_MOD_COURSE_038_M5,Module,Engine Performance,brake power; indicated power; efficiency; specific fuel consumption; performance testing,,Curriculum-derived disciplinary scope,Active,DisciplineGuardrail
GR_MOD_COURSE_038_M6,Module,Emissions and After-Treatment,NOx; particulate matter; CO; hydrocarbons; oxidation catalysts; particulate filters,,Curriculum-derived disciplinary scope,Active,DisciplineGuardrail
GR_MOD_COURSE_038_M7,Module,Engine Control and Diagnostics,electronic control; sensors; actuators; diagnostics; Engine calibration; Internal Combustion Engines → Engine Control and Diagnostics: calibration of control parameters and maps; validation against performance and emissions constraints; and operating-range considerations.; engine control calibration,,Curriculum-derived disciplinary scope,Active,DisciplineGuardrail
GR_MOD_COURSE_039_M1,Module,Material Structure and Properties,crystal structures; defects; diffusion; phase structure; mechanical properties,,Curriculum-derived disciplinary scope,Active,DisciplineGuardrail
GR_MOD_COURSE_039_M2,Module,Ferrous Materials,steels; cast irons; phase transformations; heat treatment; alloying,,Curriculum-derived disciplinary scope,Active,DisciplineGuardrail
GR_MOD_COURSE_039_M3,Module,Non-Ferrous Materials,aluminium; copper; titanium; nickel alloys; selection criteria,,Curriculum-derived disciplinary scope,Active,DisciplineGuardrail
GR_MOD_COURSE_039_M4,Module,Polymers and Ceramics,thermoplastics; thermosets; elastomers; ceramics; processing-property relations,,Curriculum-derived disciplinary scope,Active,DisciplineGuardrail
GR_MOD_COURSE_039_M5,Module,Composite Materials,fibres; matrices; laminates; anisotropy; failure mechanisms,,Curriculum-derived disciplinary scope,Active,DisciplineGuardrail
GR_MOD_COURSE_039_M6,Module,Material Processing,casting; forming; machining; joining; additive manufacturing,,Curriculum-derived disciplinary scope,Active,DisciplineGuardrail
GR_MOD_COURSE_039_M7,Module,Material Selection and Failure,Ashby-style selection; corrosion; fatigue; fracture; wear; failure analysis,,Curriculum-derived disciplinary scope,Active,DisciplineGuardrail
GR_MOD_COURSE_040_M1,Module,"Units, Dimensions and Process Variables",SI units; dimensional consistency; concentration; flow rates; pressure; temperature,,Curriculum-derived disciplinary scope,Active,DisciplineGuardrail
GR_MOD_COURSE_040_M2,Module,Material Balances,mass conservation; component balances; basis selection; recycle; purge,,Curriculum-derived disciplinary scope,Active,DisciplineGuardrail
GR_MOD_COURSE_040_M3,Module,Balances with Chemical Reactions,stoichiometry; conversion; yield; selectivity; extent of reaction,,Curriculum-derived disciplinary scope,Active,DisciplineGuardrail
GR_MOD_COURSE_040_M4,Module,Energy Balances,enthalpy; heat capacity; phase change; heat effects; steady-state energy balances,,Curriculum-derived disciplinary scope,Active,DisciplineGuardrail
GR_MOD_COURSE_040_M5,Module,Combined Material and Energy Balances,coupled balances; process streams; heat integration basics; degrees of freedom,,Curriculum-derived disciplinary scope,Active,DisciplineGuardrail
GR_MOD_COURSE_040_M6,Module,Process Flow Calculations,flowsheets; stream tables; process specifications; numerical solution; sensitivity,,Curriculum-derived disciplinary scope,Active,DisciplineGuardrail
GR_MOD_COURSE_041_M1,Module,Fluid Properties and Flow Fundamentals,density; Viscosity; Newtonian fluids; hydrostatics; pressure measurement,,Curriculum-derived disciplinary scope,Active,DisciplineGuardrail
GR_MOD_COURSE_041_M2,Module,Internal Flow,laminar flow; turbulent flow; friction factor; pipe fittings; pumping requirements,,Curriculum-derived disciplinary scope,Active,DisciplineGuardrail
GR_MOD_COURSE_041_M3,Module,External Flow and Boundary Layers,drag; Boundary layers; flow separation; pressure drop,,Curriculum-derived disciplinary scope,Active,DisciplineGuardrail
GR_MOD_COURSE_041_M4,Module,Momentum Transport and Dimensional Analysis,momentum balance; dimensional groups; similitude; scale-up,,Curriculum-derived disciplinary scope,Active,DisciplineGuardrail
GR_MOD_COURSE_041_M5,Module,Heat Conduction and Convection,Fourier law; steady conduction; transient conduction; natural and forced convection,,Curriculum-derived disciplinary scope,Active,DisciplineGuardrail
GR_MOD_COURSE_041_M6,Module,Heat Exchangers,LMTD; effectiveness-NTU; exchanger configurations; fouling; design,,Curriculum-derived disciplinary scope,Active,DisciplineGuardrail
GR_MOD_COURSE_041_M7,Module,Radiation and Thermal Systems,thermal radiation; emissivity; view factors; combined modes; insulation,,Curriculum-derived disciplinary scope,Active,DisciplineGuardrail
GR_MOD_COURSE_042_M1,Module,Diffusion and Mass-Transfer Fundamentals,Fick law; molecular diffusion; mass-transfer coefficients; interfacial transport,,Curriculum-derived disciplinary scope,Active,DisciplineGuardrail
GR_MOD_COURSE_042_M2,Module,Gas Absorption and Stripping,equilibrium relations; operating lines; HTU/NTU; packed columns,,Curriculum-derived disciplinary scope,Active,DisciplineGuardrail
GR_MOD_COURSE_042_M3,Module,Distillation,vapour-liquid equilibrium; McCabe-Thiele; reflux; tray efficiency; multicomponent concepts,,Curriculum-derived disciplinary scope,Active,DisciplineGuardrail
GR_MOD_COURSE_042_M4,Module,Liquid-Liquid Extraction,distribution coefficients; ternary diagrams; stagewise extraction; solvent selection,,Curriculum-derived disciplinary scope,Active,DisciplineGuardrail
GR_MOD_COURSE_042_M5,Module,Humidification and Drying,psychrometrics; wet-bulb temperature; drying curves; drying-rate periods,,Curriculum-derived disciplinary scope,Active,DisciplineGuardrail
GR_MOD_COURSE_042_M6,Module,Adsorption and Membrane Separation,adsorption equilibria; breakthrough; membrane transport; Membrane selectivity; Curricular scope: Mass Transfer Operations. The concept is represented at the level of the stated mechanism; properties; constraints; and application criteria; Membrane permeability,,Curriculum-derived disciplinary scope,Active,DisciplineGuardrail
GR_MOD_COURSE_042_M7,Module,Mass-Transfer Equipment Design,column hydraulics; flooding; pressure drop; scale-up; process integration,,Curriculum-derived disciplinary scope,Active,DisciplineGuardrail
GR_MOD_COURSE_043_M1,Module,Reaction Kinetics,rate laws; reaction order; Arrhenius equation; elementary reactions; kinetic parameter estimation,,Curriculum-derived disciplinary scope,Active,DisciplineGuardrail
GR_MOD_COURSE_043_M2,Module,Ideal Reactors,batch reactors; CSTR; PFR; reactor design equations; residence time,,Curriculum-derived disciplinary scope,Active,DisciplineGuardrail
GR_MOD_COURSE_043_M3,Module,Multiple Reactions,parallel reactions; series reactions; selectivity; yield; reaction networks,,Curriculum-derived disciplinary scope,Active,DisciplineGuardrail
GR_MOD_COURSE_043_M4,Module,Non-Isothermal Reactor Analysis,energy balances; heat generation; heat removal; Reactor ignition; Curricular scope: Chemical Reaction Engineering. The concept is represented at the level of the stated mechanism; properties; constraints; and application criteria; multiplicity,,Curriculum-derived disciplinary scope,Active,DisciplineGuardrail
GR_MOD_COURSE_043_M5,Module,Residence Time and Reactor Performance,RTD; E-curves; F-curves; Phase segregation in reactors; Curricular scope: Chemical Reaction Engineering. The concept is represented at the level of the stated mechanism; properties; constraints; and application criteria; non-ideal flow,,Curriculum-derived disciplinary scope,Active,DisciplineGuardrail
GR_MOD_COURSE_043_M6,Module,Heterogeneous Reactions,gas-solid reactions; fluid-solid systems; catalyst pellets; effectiveness factors,,Curriculum-derived disciplinary scope,Active,DisciplineGuardrail
GR_MOD_COURSE_043_M7,Module,Reactor Design and Scale-Up,reactor selection; Reactor mixing; Curricular scope: Chemical Reaction Engineering. The concept is represented at the level of the stated mechanism; properties; constraints; and application criteria; heat transfer; safety; scale-up constraints,,Curriculum-derived disciplinary scope,Active,DisciplineGuardrail
GR_MOD_COURSE_044_M1,Module,Process Measurement,temperature; pressure; flow; level; analytical measurements; sensor dynamics,,Curriculum-derived disciplinary scope,Active,DisciplineGuardrail
GR_MOD_COURSE_044_M2,Module,Final Control Elements,control valves; valve characteristics; actuators; positioners; sizing principles,,Curriculum-derived disciplinary scope,Active,DisciplineGuardrail
GR_MOD_COURSE_044_M3,Module,Process Dynamics,first-order and higher-order models; dead time; process gain; dynamic testing,,Curriculum-derived disciplinary scope,Active,DisciplineGuardrail
GR_MOD_COURSE_044_M4,Module,Feedback Control,closed-loop control; PID structure; stability; setpoint tracking; disturbance rejection,,Curriculum-derived disciplinary scope,Active,DisciplineGuardrail
GR_MOD_COURSE_044_M5,Module,Controller Tuning,Ziegler-Nichols; Cohen-Coon; IMC; Control-system robustness; Curricular scope: Process Control and Instrumentation. The concept is represented at the level of the stated mechanism; properties; constraints; and application criteria; performance criteria,,Curriculum-derived disciplinary scope,Active,DisciplineGuardrail
GR_MOD_COURSE_044_M6,Module,Advanced Process Control,cascade; feedforward; ratio control; override control; model predictive control,,Curriculum-derived disciplinary scope,Active,DisciplineGuardrail
GR_MOD_COURSE_044_M7,Module,Industrial Control Systems,PLC; DCS; SCADA; alarm management; cybersecurity basics; safety instrumented systems,,Curriculum-derived disciplinary scope,Active,DisciplineGuardrail
GR_MOD_COURSE_045_M1,Module,Magnetic Circuits and Electromechanical Conversion,magnetic circuits; induced EMF; torque production; energy conversion,,Curriculum-derived disciplinary scope,Active,DisciplineGuardrail
GR_MOD_COURSE_045_M2,Module,Transformers,ideal transformer; equivalent circuit; losses; regulation; tests,,Curriculum-derived disciplinary scope,Active,DisciplineGuardrail
GR_MOD_COURSE_045_M3,Module,DC Machines,construction; EMF equation; torque; characteristics; speed control,,Curriculum-derived disciplinary scope,Active,DisciplineGuardrail
GR_MOD_COURSE_045_M4,Module,Induction Machines,rotating magnetic field; equivalent circuit; torque-slip; starting; speed control,,Curriculum-derived disciplinary scope,Active,DisciplineGuardrail
GR_MOD_COURSE_045_M5,Module,Synchronous Machines,EMF; phasors; synchronous impedance; power-angle relation; excitation,,Curriculum-derived disciplinary scope,Active,DisciplineGuardrail
GR_MOD_COURSE_045_M6,Module,Machine Performance and Testing,loss segregation; efficiency; temperature rise; load tests; condition assessment,,Curriculum-derived disciplinary scope,Active,DisciplineGuardrail
GR_MOD_COURSE_045_M7,Module,Machine Applications and Drives,motor selection; braking; variable-speed drives; duty cycles; protection,,Curriculum-derived disciplinary scope,Active,DisciplineGuardrail
GR_MOD_COURSE_046_M1,Module,Power-System Components and Models,generators; transformers; lines; cables; loads; per-unit system,,Curriculum-derived disciplinary scope,Active,DisciplineGuardrail
GR_MOD_COURSE_046_M2,Module,Transmission and Distribution,line parameters; voltage regulation; distribution feeders; network topology,,Curriculum-derived disciplinary scope,Active,DisciplineGuardrail
GR_MOD_COURSE_046_M3,Module,Power-Flow Analysis,bus types; admittance matrix; Gauss-Seidel; Newton-Raphson; fast decoupled methods,,Curriculum-derived disciplinary scope,Active,DisciplineGuardrail
GR_MOD_COURSE_046_M4,Module,Fault Analysis,symmetrical components; balanced faults; unbalanced faults; short-circuit levels,,Curriculum-derived disciplinary scope,Active,DisciplineGuardrail
GR_MOD_COURSE_046_M5,Module,Protection Systems,relays; overcurrent protection; distance protection; differential protection; coordination,,Curriculum-derived disciplinary scope,Active,DisciplineGuardrail
GR_MOD_COURSE_046_M6,Module,Power-System Stability,transient stability; small-signal stability; rotor angle; voltage stability,,Curriculum-derived disciplinary scope,Active,DisciplineGuardrail
GR_MOD_COURSE_046_M7,Module,System Operation and Emerging Grids,economic dispatch; state estimation; SCADA/EMS; distributed generation; microgrids,,Curriculum-derived disciplinary scope,Active,DisciplineGuardrail
GR_MOD_COURSE_047_M1,Module,Power Semiconductor Devices,diodes; thyristors; MOSFETs; IGBTs; SiC and GaN devices,,Curriculum-derived disciplinary scope,Active,DisciplineGuardrail
GR_MOD_COURSE_047_M2,Module,Controlled Rectifiers,uncontrolled rectifiers; phase-controlled converters; commutation; harmonics,,Curriculum-derived disciplinary scope,Active,DisciplineGuardrail
GR_MOD_COURSE_047_M3,Module,DC-DC Converters,buck; boost; buck-boost; isolated converters; continuous/discontinuous conduction,,Curriculum-derived disciplinary scope,Active,DisciplineGuardrail
GR_MOD_COURSE_047_M4,Module,Inverters,voltage-source inverters; current-source inverters; single-phase; three-phase,,Curriculum-derived disciplinary scope,Active,DisciplineGuardrail
GR_MOD_COURSE_047_M5,Module,PWM and Switching Control,carrier-based PWM; space-vector PWM; switching losses; gate drives,,Curriculum-derived disciplinary scope,Active,DisciplineGuardrail
GR_MOD_COURSE_047_M6,Module,Power Quality and Thermal Management,harmonics; power factor; EMI; thermal design; heat sinks,,Curriculum-derived disciplinary scope,Active,DisciplineGuardrail
GR_MOD_COURSE_047_M7,Module,Applications of Power Electronics,motor drives; renewable interfaces; UPS; HVDC; EV charging,,Curriculum-derived disciplinary scope,Active,DisciplineGuardrail
GR_MOD_COURSE_048_M1,Module,Measurement Fundamentals and Errors,accuracy; precision; Measurement sensitivity; Curricular scope: Electrical Measurements and Instrumentation. The concept is represented at the level of the stated mechanism; properties; constraints; and application criteria; resolution; systematic and random error,,Curriculum-derived disciplinary scope,Active,DisciplineGuardrail
GR_MOD_COURSE_048_M2,Module,Electrical Measuring Instruments,PMMC; moving-iron; dynamometer; digital instruments; instrument transformers,,Curriculum-derived disciplinary scope,Active,DisciplineGuardrail
GR_MOD_COURSE_048_M3,Module,Sensors and Transducers,resistive; inductive; capacitive; thermoelectric; magnetic; optical transducers,,Curriculum-derived disciplinary scope,Active,DisciplineGuardrail
GR_MOD_COURSE_048_M4,Module,Signal Conditioning and Data Acquisition,amplification; filtering; Measurement isolation; Curricular scope: Mechatronics; Electrical Measurements and Instrumentation. The concept is represented at the level of the stated mechanism; properties; constraints; and application criteria; ADC/DAC; Signal sampling; multiplexing,,Curriculum-derived disciplinary scope,Active,DisciplineGuardrail
GR_MOD_COURSE_048_M5,Module,Measurement Systems and Calibration,traceability; calibration procedures; reference standards; adjustment versus calibration,,Curriculum-derived disciplinary scope,Active,DisciplineGuardrail
GR_MOD_COURSE_048_M6,Module,Uncertainty and Statistical Evaluation,uncertainty components; propagation; repeatability; Measurement reproducibility; Curricular scope: Electrical Measurements and Instrumentation. The concept is represented at the level of the stated mechanism; properties; constraints; and application criteria; confidence intervals,,Curriculum-derived disciplinary scope,Active,DisciplineGuardrail
GR_MOD_COURSE_048_M7,Module,Instrumentation Applications,power measurements; energy measurement; process instrumentation; data logging; remote measurement,,Curriculum-derived disciplinary scope,Active,DisciplineGuardrail
GR_MOD_COURSE_049_M1,Module,Signal Representation,continuous/discrete signals; energy and power; transformations; complex exponentials,,Curriculum-derived disciplinary scope,Active,DisciplineGuardrail
GR_MOD_COURSE_049_M2,Module,Linear Time-Invariant Systems,linearity; time invariance; convolution; impulse response; system properties,,Curriculum-derived disciplinary scope,Active,DisciplineGuardrail
GR_MOD_COURSE_049_M3,Module,Fourier Analysis,Fourier series; Fourier transform; spectra; bandwidth; filtering,,Curriculum-derived disciplinary scope,Active,DisciplineGuardrail
GR_MOD_COURSE_049_M4,Module,Laplace Transform and System Analysis,Z transform; transfer functions; poles and zeros; stability,,Curriculum-derived disciplinary scope,Active,DisciplineGuardrail
GR_MOD_COURSE_049_M5,Module,Z Transform and Discrete-Time Systems,Z transform; ROC; difference equations; digital-system response,,Curriculum-derived disciplinary scope,Active,DisciplineGuardrail
GR_MOD_COURSE_049_M6,Module,Sampling and Reconstruction,Nyquist rate; aliasing; reconstruction; quantization,,Curriculum-derived disciplinary scope,Active,DisciplineGuardrail
GR_MOD_COURSE_049_M7,Module,Applications and System Characterization,frequency response; filters; modulation concepts; signal measurement,,Curriculum-derived disciplinary scope,Active,DisciplineGuardrail
GR_MOD_COURSE_050_M1,Module,Foundations of Environmental Law,environmental rights; public trust; precaution; polluter pays; sustainable development,,Curriculum-derived disciplinary scope,Active,DisciplineGuardrail
GR_MOD_COURSE_050_M2,Module,Environmental Institutions and Regulatory Structure,regulatory authorities; delegated legislation; jurisdiction; environmental governance,,Curriculum-derived disciplinary scope,Active,DisciplineGuardrail
GR_MOD_COURSE_050_M3,Module,Pollution Control Law,air pollution regulation; water pollution regulation; waste regulation; consent mechanisms,,Curriculum-derived disciplinary scope,Active,DisciplineGuardrail
GR_MOD_COURSE_050_M4,Module,Environmental Liability and Enforcement,strict liability; environmental compensation; penalties; remediation; compliance,,Curriculum-derived disciplinary scope,Active,DisciplineGuardrail
GR_MOD_COURSE_050_M5,Module,Natural Resources and Environmental Governance,forests; biodiversity; water resources; land use; common resources,,Curriculum-derived disciplinary scope,Active,DisciplineGuardrail
GR_MOD_COURSE_050_M6,Module,Environmental Adjudication and Remedies,tribunals; judicial review; writs; injunctions; public interest litigation,,Curriculum-derived disciplinary scope,Active,DisciplineGuardrail
GR_MOD_COURSE_050_M7,Module,Environmental Governance Practice,permits; compliance systems; monitoring; reporting; administrative decision-making,,Curriculum-derived disciplinary scope,Active,DisciplineGuardrail
GR_MOD_COURSE_051_M1,Module,EIA Legal Framework,statutory basis; regulatory instruments; project categories; competent authorities,,Curriculum-derived disciplinary scope,Active,DisciplineGuardrail
GR_MOD_COURSE_051_M2,Module,Screening and Scoping,screening; terms of reference; baseline requirements; alternatives,,Curriculum-derived disciplinary scope,Active,DisciplineGuardrail
GR_MOD_COURSE_051_M3,Module,Impact Assessment and Environmental Appraisal,impact prediction; cumulative impacts; risk; mitigation hierarchy,,Curriculum-derived disciplinary scope,Active,DisciplineGuardrail
GR_MOD_COURSE_051_M4,Module,Public Participation and Consultation,notice; disclosure; hearings; submissions; procedural fairness,,Curriculum-derived disciplinary scope,Active,DisciplineGuardrail
GR_MOD_COURSE_051_M5,Module,Environmental Decision-Making,appraisal committees; conditions; reasoned decisions; judicial review,,Curriculum-derived disciplinary scope,Active,DisciplineGuardrail
GR_MOD_COURSE_051_M6,Module,Compliance and Post-Approval Monitoring,conditions; monitoring; reporting; non-compliance; adaptive management,,Curriculum-derived disciplinary scope,Active,DisciplineGuardrail
GR_MOD_COURSE_051_M7,Module,EIA Litigation and Comparative Approaches,standing; remedies; evidentiary issues; comparative EIA regimes,,Curriculum-derived disciplinary scope,Active,DisciplineGuardrail
GR_MOD_COURSE_052_M1,Module,Climate Governance and Legal Frameworks,climate institutions; legislative instruments; executive policy; federalism,,Curriculum-derived disciplinary scope,Active,DisciplineGuardrail
GR_MOD_COURSE_052_M2,Module,Mitigation Law and Policy,emissions regulation; carbon pricing concepts; energy regulation; sectoral measures,,Curriculum-derived disciplinary scope,Active,DisciplineGuardrail
GR_MOD_COURSE_052_M3,Module,Adaptation and Resilience,adaptation duties; disaster risk; resilience planning; vulnerable communities,,Curriculum-derived disciplinary scope,Active,DisciplineGuardrail
GR_MOD_COURSE_052_M4,Module,Climate Finance and Disclosure,climate risk disclosure; sustainable finance; fiduciary considerations; reporting,,Curriculum-derived disciplinary scope,Active,DisciplineGuardrail
GR_MOD_COURSE_052_M5,Module,International Climate Law,UNFCCC; Paris Agreement; nationally determined contributions; transparency framework,,Curriculum-derived disciplinary scope,Active,DisciplineGuardrail
GR_MOD_COURSE_052_M6,Module,Climate Litigation and Accountability,rights-based claims; government duties; corporate claims; causation,,Curriculum-derived disciplinary scope,Active,DisciplineGuardrail
GR_MOD_COURSE_052_M7,Module,Climate Policy Implementation,policy instruments; regulatory coordination; monitoring; Policy evaluation; Curricular scope: Climate Change Law and Policy. The concept is represented at the level of the stated mechanism; properties; constraints; and application criteria,,Curriculum-derived disciplinary scope,Active,DisciplineGuardrail
GR_MOD_COURSE_053_M1,Module,Contract Formation,offer; acceptance; consideration; intention; capacity; consent,,Curriculum-derived disciplinary scope,Active,DisciplineGuardrail
GR_MOD_COURSE_053_M2,Module,Contract Terms and Interpretation,express terms; implied terms; conditions and warranties; interpretation; exclusion clauses,,Curriculum-derived disciplinary scope,Active,DisciplineGuardrail
GR_MOD_COURSE_053_M3,Module,Performance and Discharge,performance; frustration; novation; alteration; discharge by agreement,,Curriculum-derived disciplinary scope,Active,DisciplineGuardrail
GR_MOD_COURSE_053_M4,Module,Breach and Remedies,anticipatory breach; damages; specific performance; injunctions; restitution,,Curriculum-derived disciplinary scope,Active,DisciplineGuardrail
GR_MOD_COURSE_053_M5,Module,Commercial Risk Allocation,indemnities; limitation clauses; guarantees; force majeure; insurance clauses,,Curriculum-derived disciplinary scope,Active,DisciplineGuardrail
GR_MOD_COURSE_053_M6,Module,Contract Drafting and Negotiation,definitions; representations; covenants; schedules; negotiation strategy,,Curriculum-derived disciplinary scope,Active,DisciplineGuardrail
GR_MOD_COURSE_053_M7,Module,Commercial Agreements in Practice,sale of goods; services; technology agreements; confidentiality; dispute clauses,,Curriculum-derived disciplinary scope,Active,DisciplineGuardrail
GR_MOD_COURSE_054_M1,Module,Employment Relationship and Conditions,employment status; appointment terms; working conditions; standing orders,,Curriculum-derived disciplinary scope,Active,DisciplineGuardrail
GR_MOD_COURSE_054_M2,Module,Wages and Benefits,wage regulation; deductions; bonus; social security; leave,,Curriculum-derived disciplinary scope,Active,DisciplineGuardrail
GR_MOD_COURSE_054_M3,Module,Industrial Relations,trade unions; collective bargaining; industrial disputes; strikes and lockouts,,Curriculum-derived disciplinary scope,Active,DisciplineGuardrail
GR_MOD_COURSE_054_M4,Module,Occupational and Workplace Regulation,workplace safety; working hours; welfare; employer duties,,Curriculum-derived disciplinary scope,Active,DisciplineGuardrail
GR_MOD_COURSE_054_M5,Module,Equality and Workplace Rights,non-discrimination; harassment; maternity protections; reasonable workplace protections,,Curriculum-derived disciplinary scope,Active,DisciplineGuardrail
GR_MOD_COURSE_054_M6,Module,Dispute Resolution and Adjudication,conciliation; labour authorities; tribunals; judicial remedies,,Curriculum-derived disciplinary scope,Active,DisciplineGuardrail
GR_MOD_COURSE_054_M7,Module,Contemporary Employment Issues,platform work; fixed-term work; contract labour; remote work; compliance systems,,Curriculum-derived disciplinary scope,Active,DisciplineGuardrail
GR_MOD_COURSE_055_M1,Module,Corporate Governance,company organs; governance structures; shareholder rights; disclosure,,Curriculum-derived disciplinary scope,Active,DisciplineGuardrail
GR_MOD_COURSE_055_M2,Module,Directors Duties and Accountability,fiduciary duties; care; conflict management; related-party transactions,,Curriculum-derived disciplinary scope,Active,DisciplineGuardrail
GR_MOD_COURSE_055_M3,Module,Environmental and Social Responsibilities,corporate environmental duties; labour rights; community impacts; supply-chain responsibility,,Curriculum-derived disciplinary scope,Active,DisciplineGuardrail
GR_MOD_COURSE_055_M4,Module,ESG Disclosure and Reporting,materiality; non-financial disclosure; sustainability reporting; assurance concepts,,Curriculum-derived disciplinary scope,Active,DisciplineGuardrail
GR_MOD_COURSE_055_M5,Module,Sustainable Finance and Corporate Risk,green finance; climate risk; transition risk; due diligence,,Curriculum-derived disciplinary scope,Active,DisciplineGuardrail
GR_MOD_COURSE_055_M6,Module,Corporate Compliance and Enforcement,compliance programs; investigations; whistleblowing; sanctions,,Curriculum-derived disciplinary scope,Active,DisciplineGuardrail
GR_MOD_COURSE_055_M7,Module,ESG Legal Practice and Disputes,greenwashing; stakeholder claims; disclosure liability; contractual ESG clauses,,Curriculum-derived disciplinary scope,Active,DisciplineGuardrail
GR_MOD_COURSE_056_M1,Module,Sociological Theory,classical theory; functionalism; conflict theory; symbolic interactionism,,Curriculum-derived disciplinary scope,Active,DisciplineGuardrail
GR_MOD_COURSE_056_M2,Module,Social Institutions,family; education; religion; economy; polity; institutional change,,Curriculum-derived disciplinary scope,Active,DisciplineGuardrail
GR_MOD_COURSE_056_M3,Module,Culture and Socialization,culture; norms; values; identity; socialization; deviance,,Curriculum-derived disciplinary scope,Active,DisciplineGuardrail
GR_MOD_COURSE_056_M4,Module,Stratification and Inequality,class; status; gender; race/ethnicity as social structure; mobility; poverty,,Curriculum-derived disciplinary scope,Active,DisciplineGuardrail
GR_MOD_COURSE_056_M5,Module,"Groups, Organizations and Networks",primary/secondary groups; organizations; bureaucracy; social networks,,Curriculum-derived disciplinary scope,Active,DisciplineGuardrail
GR_MOD_COURSE_056_M6,Module,"Population, Urbanization and Social Change",demography; migration; urbanization; globalization; social movements,,Curriculum-derived disciplinary scope,Active,DisciplineGuardrail
GR_MOD_COURSE_056_M7,Module,Contemporary Sociological Analysis,digital society; institutions and technology; comparative analysis; mixed-method sociology,,Curriculum-derived disciplinary scope,Active,DisciplineGuardrail
GR_MOD_COURSE_057_M1,Module,Social Cognition,schemas; attribution; heuristics; social perception; judgment,,Curriculum-derived disciplinary scope,Active,DisciplineGuardrail
GR_MOD_COURSE_057_M2,Module,Attitudes and Persuasion,attitude formation; cognitive dissonance; persuasion models; resistance,,Curriculum-derived disciplinary scope,Active,DisciplineGuardrail
GR_MOD_COURSE_057_M3,Module,Interpersonal Processes,attraction; relationships; prosocial behaviour; aggression; conflict,,Curriculum-derived disciplinary scope,Active,DisciplineGuardrail
GR_MOD_COURSE_057_M4,Module,Groups and Collective Behaviour,group norms; conformity; obedience; group decision-making; collective action,,Curriculum-derived disciplinary scope,Active,DisciplineGuardrail
GR_MOD_COURSE_057_M5,Module,Identity and Intergroup Relations,social identity; categorization; prejudice; stereotyping; intergroup conflict,,Curriculum-derived disciplinary scope,Active,DisciplineGuardrail
GR_MOD_COURSE_057_M6,Module,Social Influence and Communication,normative influence; informational influence; communication; misinformation,,Curriculum-derived disciplinary scope,Active,DisciplineGuardrail
GR_MOD_COURSE_057_M7,Module,Applications of Social Psychology,health; organizations; education; environmental behaviour; interventions,,Curriculum-derived disciplinary scope,Active,DisciplineGuardrail
GR_MOD_COURSE_058_M1,Module,Growth and Structural Transformation,growth models; productivity; structural change; industrialization,,Curriculum-derived disciplinary scope,Active,DisciplineGuardrail
GR_MOD_COURSE_058_M2,Module,Poverty and Inequality,poverty measurement; inequality measures; redistribution; multidimensional poverty,,Curriculum-derived disciplinary scope,Active,DisciplineGuardrail
GR_MOD_COURSE_058_M3,Module,Human Capital and Labour,education; health; labour markets; returns to human capital,,Curriculum-derived disciplinary scope,Active,DisciplineGuardrail
GR_MOD_COURSE_058_M4,Module,Institutions and Development,property rights; governance; political economy; institutional quality,,Curriculum-derived disciplinary scope,Active,DisciplineGuardrail
GR_MOD_COURSE_058_M5,Module,"Markets, Finance and Development",credit constraints; financial inclusion; market failures; informal institutions,,Curriculum-derived disciplinary scope,Active,DisciplineGuardrail
GR_MOD_COURSE_058_M6,Module,Development Policy and Evaluation,program design; cost-benefit analysis; impact evaluation; randomized trials,,Curriculum-derived disciplinary scope,Active,DisciplineGuardrail
GR_MOD_COURSE_058_M7,Module,International Development and Global Integration,trade; aid; migration; technology transfer; global value chains,,Curriculum-derived disciplinary scope,Active,DisciplineGuardrail
GR_MOD_COURSE_059_M1,Module,Policy Concepts and Institutions,policy problems; institutions; actors; policy instruments,,Curriculum-derived disciplinary scope,Active,DisciplineGuardrail
GR_MOD_COURSE_059_M2,Module,Policy Formulation,agenda setting; problem definition; evidence use; policy design; stakeholder analysis,,Curriculum-derived disciplinary scope,Active,DisciplineGuardrail
GR_MOD_COURSE_059_M3,Module,Policy Implementation,implementation structures; administrative capacity; street-level bureaucracy; Policy coordination; Curricular scope: Public Policy and Governance. The concept is represented at the level of the stated mechanism; properties; constraints; and application criteria,,Curriculum-derived disciplinary scope,Active,DisciplineGuardrail
GR_MOD_COURSE_059_M4,Module,Governance and Regulation,regulatory institutions; accountability; transparency; participation; regulatory design,,Curriculum-derived disciplinary scope,Active,DisciplineGuardrail
GR_MOD_COURSE_059_M5,Module,Public Finance and Policy,budgets; public expenditure; fiscal instruments; procurement; Public resource allocation; Curricular scope: Public Policy and Governance. The concept is represented at the level of the stated mechanism; properties; constraints; and application criteria,,Curriculum-derived disciplinary scope,Active,DisciplineGuardrail
GR_MOD_COURSE_059_M6,Module,Policy Evaluation,process evaluation; outcome evaluation; impact evaluation; cost-effectiveness,,Curriculum-derived disciplinary scope,Active,DisciplineGuardrail
GR_MOD_COURSE_059_M7,Module,Digital Governance and Contemporary Policy,digital public services; data governance; algorithmic decision-making; platform regulation,,Curriculum-derived disciplinary scope,Active,DisciplineGuardrail
GR_MOD_COURSE_060_M1,Module,Research Design,research questions; theory and hypotheses; exploratory/descriptive/explanatory designs,,Curriculum-derived disciplinary scope,Active,DisciplineGuardrail
GR_MOD_COURSE_060_M2,Module,Sampling and Measurement,probability sampling; non-probability sampling; measurement scales; instrument design,,Curriculum-derived disciplinary scope,Active,DisciplineGuardrail
GR_MOD_COURSE_060_M3,Module,Qualitative Methods,interviews; focus groups; observation; ethnography; thematic analysis,,Curriculum-derived disciplinary scope,Active,DisciplineGuardrail
GR_MOD_COURSE_060_M4,Module,Quantitative Methods and Data Analysis,descriptive statistics; regression; hypothesis testing; causal inference basics,,Curriculum-derived disciplinary scope,Active,DisciplineGuardrail
GR_MOD_COURSE_060_M5,Module,Mixed Methods and Integration,sequential designs; convergent designs; triangulation; integration,,Curriculum-derived disciplinary scope,Active,DisciplineGuardrail
GR_MOD_COURSE_060_M6,Module,"Validity, Reliability and Research Quality",construct validity; internal validity; external validity; reliability; reflexivity,,Curriculum-derived disciplinary scope,Active,DisciplineGuardrail
GR_MOD_COURSE_060_M7,Module,Research Ethics and Integrity,informed consent; Research confidentiality; Curricular scope: Research Methods in Social Sciences. The concept is represented at the level of the stated mechanism; properties; constraints; and application criteria; research ethics review; data management; reproducibility,,Curriculum-derived disciplinary scope,Active,DisciplineGuardrail
GR_SUB_COURSE_001_M01_S01,Subtopic,Classes,classes; objects; encapsulation; state and behaviour; abstraction; implementation of abstract data types,,Curriculum-derived disciplinary scope,Active,DisciplineGuardrail
GR_SUB_COURSE_001_M01_S02,Subtopic,Stacks,LIFO operations; push/pop; stack representation; expression processing; backtracking,,Curriculum-derived disciplinary scope,Active,DisciplineGuardrail
GR_SUB_COURSE_001_M02_S01,Subtopic,Queues,FIFO operations; queue representation; buffering; scheduling; breadth-first processing,,Curriculum-derived disciplinary scope,Active,DisciplineGuardrail
GR_SUB_COURSE_001_M02_S02,Subtopic,Linked Lists,dynamic nodes; pointers/references; insertion; deletion; traversal,,Curriculum-derived disciplinary scope,Active,DisciplineGuardrail
GR_SUB_COURSE_001_M03_S01,Subtopic,Binary Search Tree (BST),binary search trees; ordered search; insertion; deletion; traversal,,Curriculum-derived disciplinary scope,Active,DisciplineGuardrail
GR_SUB_COURSE_001_M03_S02,Subtopic,AVL Trees,balanced search trees; rotations; height balance; logarithmic search; update operations,,Curriculum-derived disciplinary scope,Active,DisciplineGuardrail
GR_SUB_COURSE_001_M04_S01,Subtopic,Quick/Merge sort,comparison sorting; partitioning; merging; time complexity; auxiliary space,,Curriculum-derived disciplinary scope,Active,DisciplineGuardrail
GR_SUB_COURSE_001_M04_S02,Subtopic,Binary Search,ordered search; logarithmic search; search space reduction; comparison operations,,Curriculum-derived disciplinary scope,Active,DisciplineGuardrail
GR_SUB_COURSE_001_M05_S01,Subtopic,Collision resolution,hash functions; hash tables; collisions; chaining; open addressing,,Curriculum-derived disciplinary scope,Active,DisciplineGuardrail
GR_SUB_COURSE_002_M01_S01,Subtopic,Truth tables,propositional logic; logical connectives; satisfiability; implication; equivalence,,Curriculum-derived disciplinary scope,Active,DisciplineGuardrail
GR_SUB_COURSE_002_M02_S01,Subtopic,Induction,mathematical induction; base case; inductive hypothesis; inductive step; proof structure,,Curriculum-derived disciplinary scope,Active,DisciplineGuardrail
GR_SUB_COURSE_002_M03_S01,Subtopic,Equivalence relations,sets; relations; reflexivity; symmetry; transitivity; equivalence classes,,Curriculum-derived disciplinary scope,Active,DisciplineGuardrail
GR_SUB_COURSE_002_M04_S01,Subtopic,Pigeonhole principle,counting arguments; finite sets; injectivity; occupancy; combinatorial proof,,Curriculum-derived disciplinary scope,Active,DisciplineGuardrail
GR_SUB_COURSE_002_M05_S01,Subtopic,Trees,graph theory; trees; vertices and edges; paths; connectivity; spanning structures,,Curriculum-derived disciplinary scope,Active,DisciplineGuardrail
GR_SUB_COURSE_003_M01_S01,Subtopic,"Entities, relationships & constraints",entities; attributes; relationships; cardinality; integrity constraints; ER modeling,,Curriculum-derived disciplinary scope,Active,DisciplineGuardrail
GR_SUB_COURSE_003_M02_S01,Subtopic,Relational algebra,relations; selection; projection; joins; set operations; relational expressions,,Curriculum-derived disciplinary scope,Active,DisciplineGuardrail
GR_SUB_COURSE_003_M03_S01,Subtopic,SQL queries,SQL; SELECT; joins; aggregation; filtering; query formulation,,Curriculum-derived disciplinary scope,Active,DisciplineGuardrail
GR_SUB_COURSE_003_M04_S01,Subtopic,Boyce-Codd Normal Form,functional dependencies; candidate keys; decomposition; normalization; lossless join,,Curriculum-derived disciplinary scope,Active,DisciplineGuardrail
GR_SUB_COURSE_003_M05_S01,Subtopic,Concurrency control,transactions; serializability; locking; isolation; concurrency anomalies,,Curriculum-derived disciplinary scope,Active,DisciplineGuardrail
GR_SUB_COURSE_004_M01_S01,Subtopic,Deadlocks,processes; resource allocation; deadlock conditions; prevention; avoidance; detection,,Curriculum-derived disciplinary scope,Active,DisciplineGuardrail
GR_SUB_COURSE_004_M02_S01,Subtopic,Thread synchronization,threads; mutual exclusion; locks; semaphores; race conditions; synchronization,,Curriculum-derived disciplinary scope,Active,DisciplineGuardrail
GR_SUB_COURSE_004_M03_S01,Subtopic,Scheduling algorithms,CPU scheduling; process states; scheduling criteria; preemption; turnaround time,,Curriculum-derived disciplinary scope,Active,DisciplineGuardrail
GR_SUB_COURSE_004_M04_S01,Subtopic,Paging and virtual memory,virtual memory; pages; frames; page tables; address translation; page faults,,Curriculum-derived disciplinary scope,Active,DisciplineGuardrail
GR_SUB_COURSE_004_M05_S01,Subtopic,File allocation and organization,file systems; allocation methods; directories; storage organization; file access,,Curriculum-derived disciplinary scope,Active,DisciplineGuardrail
GR_SUB_COURSE_005_M01_S01,Subtopic,Arithmetic Logic Unit (ALU),arithmetic logic unit; Boolean operations; arithmetic operations; datapath; control signals,,Curriculum-derived disciplinary scope,Active,DisciplineGuardrail
GR_SUB_COURSE_005_M02_S01,Subtopic,Reduced Instruction Set Computer / Complex Instruction Set Computer (RISC/CISC),instruction set architecture; instruction formats; RISC; CISC; addressing modes,,Curriculum-derived disciplinary scope,Active,DisciplineGuardrail
GR_SUB_COURSE_005_M03_S01,Subtopic,Pipeline hazards,instruction pipeline; data hazards; control hazards; structural hazards; hazard mitigation,,Curriculum-derived disciplinary scope,Active,DisciplineGuardrail
GR_SUB_COURSE_005_M04_S01,Subtopic,Caches and virtual memory,memory hierarchy; cache; locality; cache mapping; virtual memory,,Curriculum-derived disciplinary scope,Active,DisciplineGuardrail
GR_SUB_COURSE_005_M05_S01,Subtopic,I/O organization and interfaces,I/O systems; device interfaces; buses; interrupts; controllers,,Curriculum-derived disciplinary scope,Active,DisciplineGuardrail
GR_SUB_COURSE_006_M01_S01,Subtopic,Merge sort,divide and conquer; sorting; recurrence; time complexity; auxiliary space,,Curriculum-derived disciplinary scope,Active,DisciplineGuardrail
GR_SUB_COURSE_006_M02_S01,Subtopic,Knapsack,0/1 knapsack; dynamic programming; optimal substructure; overlapping subproblems; state representation; capacity constraints; value optimization,,Curriculum-derived disciplinary scope,Active,DisciplineGuardrail
GR_SUB_COURSE_006_M03_S01,Subtopic,Activity selection,greedy algorithms; feasibility; selection strategy; optimality; scheduling,,Curriculum-derived disciplinary scope,Active,DisciplineGuardrail
GR_SUB_COURSE_006_M04_S01,Subtopic,Network flow,graphs; flow networks; capacities; max-flow; min-cut,,Curriculum-derived disciplinary scope,Active,DisciplineGuardrail
GR_SUB_COURSE_006_M05_S01,Subtopic,NP-complete problems,complexity classes; polynomial time; reductions; NP; NP-completeness,,Curriculum-derived disciplinary scope,Active,DisciplineGuardrail
GR_SUB_COURSE_007_M01_S01,Subtopic,Process models,software lifecycle; process models; requirements; development activities; verification,,Curriculum-derived disciplinary scope,Active,DisciplineGuardrail
GR_SUB_COURSE_007_M02_S01,Subtopic,Continuous integration and delivery,CI/CD; automated builds; integration; deployment pipelines; testing,,Curriculum-derived disciplinary scope,Active,DisciplineGuardrail
GR_SUB_COURSE_007_M03_S01,Subtopic,Use cases and requirements specification,requirements engineering; stakeholders; use cases; functional requirements; non-functional requirements,,Curriculum-derived disciplinary scope,Active,DisciplineGuardrail
GR_SUB_COURSE_007_M04_S01,Subtopic,Design patterns,software architecture; design patterns; modularity; interfaces; maintainability,,Curriculum-derived disciplinary scope,Active,DisciplineGuardrail
GR_SUB_COURSE_007_M05_S01,Subtopic,Unit and integration testing,software testing; unit tests; integration tests; test cases; defect detection,,Curriculum-derived disciplinary scope,Active,DisciplineGuardrail
GR_SUB_COURSE_008_M01_S01,Subtopic,Transmission media and signalling,physical layer; transmission media; signalling; bandwidth; attenuation,,Curriculum-derived disciplinary scope,Active,DisciplineGuardrail
GR_SUB_COURSE_008_M02_S01,Subtopic,Framing and MAC,data link layer; frames; MAC addressing; medium access control; error detection,,Curriculum-derived disciplinary scope,Active,DisciplineGuardrail
GR_SUB_COURSE_008_M03_S01,Subtopic,IP addressing and routing,network layer; IP addressing; subnetting; routing; forwarding,,Curriculum-derived disciplinary scope,Active,DisciplineGuardrail
GR_SUB_COURSE_008_M04_S01,Subtopic,Transmission Control Protocol / User Datagram Protocol (TCP/UDP),transport layer; TCP; UDP; reliability; flow control; congestion control,,Curriculum-derived disciplinary scope,Active,DisciplineGuardrail
GR_SUB_COURSE_008_M05_S01,Subtopic,Hypertext Transfer Protocol (HTTP),application layer; HTTP; client-server communication; requests; responses; web protocols,,Curriculum-derived disciplinary scope,Active,DisciplineGuardrail
GR_SUB_COURSE_009_M01_S01,Subtopic,Hooke's Law,stress; strain; elastic modulus; linear elasticity; axial loading,,Curriculum-derived disciplinary scope,Active,DisciplineGuardrail
GR_SUB_COURSE_009_M02_S01,Subtopic,Flexure formula,bending moment; flexural stress; section properties; neutral axis; beam theory,,Curriculum-derived disciplinary scope,Active,DisciplineGuardrail
GR_SUB_COURSE_009_M03_S01,Subtopic,Bending stress distribution,stress distribution; bending; neutral axis; section modulus; flexural behaviour,,Curriculum-derived disciplinary scope,Active,DisciplineGuardrail
GR_SUB_COURSE_009_M04_S01,Subtopic,Circular shafts,torsion; shear stress; torque; polar moment; angle of twist,,Curriculum-derived disciplinary scope,Active,DisciplineGuardrail
GR_SUB_COURSE_009_M05_S01,Subtopic,Beam deflection methods,beam deflection; stiffness; curvature; superposition; serviceability,,Curriculum-derived disciplinary scope,Active,DisciplineGuardrail
GR_SUB_COURSE_010_M01_S01,Subtopic,Viscosity,viscosity; shear stress; Newtonian fluids; fluid properties; kinematic viscosity,,Curriculum-derived disciplinary scope,Active,DisciplineGuardrail
GR_SUB_COURSE_010_M02_S01,Subtopic,Buoyancy,hydrostatics; pressure; buoyant force; Archimedes principle; stability,,Curriculum-derived disciplinary scope,Active,DisciplineGuardrail
GR_SUB_COURSE_010_M03_S01,Subtopic,Continuity,continuity equation; conservation of mass; flow rate; velocity; streamlines,,Curriculum-derived disciplinary scope,Active,DisciplineGuardrail
GR_SUB_COURSE_010_M04_S01,Subtopic,Reynolds number,Reynolds number; laminar flow; turbulent flow; similarity; flow regime,,Curriculum-derived disciplinary scope,Active,DisciplineGuardrail
GR_SUB_COURSE_010_M05_S01,Subtopic,Head loss and pipe-flow analysis,pipe flow; head loss; friction factor; pressure drop; flow rate,,Curriculum-derived disciplinary scope,Active,DisciplineGuardrail
GR_SUB_COURSE_011_M01_S01,Subtopic,Truss and beam analysis,statically determinate structures; trusses; beams; reactions; internal forces,,Curriculum-derived disciplinary scope,Active,DisciplineGuardrail
GR_SUB_COURSE_011_M02_S01,Subtopic,Moment-area theorem,beam deflection; slope; moment-area method; curvature,,Curriculum-derived disciplinary scope,Active,DisciplineGuardrail
GR_SUB_COURSE_011_M03_S01,Subtopic,Virtual work,energy methods; virtual work; structural displacement; internal work,,Curriculum-derived disciplinary scope,Active,DisciplineGuardrail
GR_SUB_COURSE_011_M04_S01,Subtopic,Influence-line construction,influence lines; moving loads; reactions; internal forces,,Curriculum-derived disciplinary scope,Active,DisciplineGuardrail
GR_SUB_COURSE_011_M05_S01,Subtopic,Slope-deflection,indeterminate structures; slope-deflection method; joint rotations; member end moments,,Curriculum-derived disciplinary scope,Active,DisciplineGuardrail
GR_SUB_COURSE_012_M01_S01,Subtopic,Atterberg limits,soil classification; liquid limit; plastic limit; plasticity index; fine-grained soils,,Curriculum-derived disciplinary scope,Active,DisciplineGuardrail
GR_SUB_COURSE_012_M02_S01,Subtopic,Darcy's law,permeability; hydraulic gradient; seepage; Darcy's law; groundwater flow,,Curriculum-derived disciplinary scope,Active,DisciplineGuardrail
GR_SUB_COURSE_012_M03_S01,Subtopic,Consolidation settlement,consolidation; settlement; effective stress; pore pressure; time-dependent deformation,,Curriculum-derived disciplinary scope,Active,DisciplineGuardrail
GR_SUB_COURSE_012_M04_S01,Subtopic,Mohr-Coulomb failure criterion,shear strength; cohesion; friction angle; effective stress; failure envelope,,Curriculum-derived disciplinary scope,Active,DisciplineGuardrail
GR_SUB_COURSE_012_M05_S01,Subtopic,Lateral earth pressure,earth pressure; retaining structures; active pressure; passive pressure; lateral stress,,Curriculum-derived disciplinary scope,Active,DisciplineGuardrail
GR_SUB_COURSE_013_M01_S01,Subtopic,Demand forecasting,water demand; per-capita demand; demand variation; forecasting; water supply planning,,Curriculum-derived disciplinary scope,Active,DisciplineGuardrail
GR_SUB_COURSE_013_M02_S01,Subtopic,Filtration,water treatment; filtration; suspended solids; filter media; turbidity removal,,Curriculum-derived disciplinary scope,Active,DisciplineGuardrail
GR_SUB_COURSE_013_M03_S01,Subtopic,Sewer design,wastewater collection; sewer hydraulics; flow; slope; self-cleansing velocity,,Curriculum-derived disciplinary scope,Active,DisciplineGuardrail
GR_SUB_COURSE_013_M04_S01,Subtopic,Activated sludge process,biological wastewater treatment; activated sludge; aeration; microorganisms; secondary treatment,,Curriculum-derived disciplinary scope,Active,DisciplineGuardrail
GR_SUB_COURSE_013_M05_S01,Subtopic,Solid-waste management,solid waste; collection; transport; processing; disposal; resource recovery,,Curriculum-derived disciplinary scope,Active,DisciplineGuardrail
GR_SUB_COURSE_014_M01_S01,Subtopic,Sight distance,highway planning; sight distance; stopping sight distance; decision sight distance; safety,,Curriculum-derived disciplinary scope,Active,DisciplineGuardrail
GR_SUB_COURSE_014_M02_S01,Subtopic,Super elevation,geometric design; superelevation; horizontal curves; lateral acceleration; vehicle-road interaction,,Curriculum-derived disciplinary scope,Active,DisciplineGuardrail
GR_SUB_COURSE_014_M03_S01,Subtopic,Traffic flow and control,traffic flow; capacity; speed; density; signal control; traffic operations,,Curriculum-derived disciplinary scope,Active,DisciplineGuardrail
GR_SUB_COURSE_014_M04_S01,Subtopic,Bitumen testing,pavement materials; bitumen; penetration; ductility; softening point; viscosity; temperature susceptibility,,Curriculum-derived disciplinary scope,Active,DisciplineGuardrail
GR_SUB_COURSE_014_M05_S01,Subtopic,Flexible pavement design,pavement structure; flexible pavement; traffic loading; subgrade; pavement performance,,Curriculum-derived disciplinary scope,Active,DisciplineGuardrail
GR_SUB_COURSE_015_M01_S01,Subtopic,Gantt charts,project scheduling; activities; duration; sequencing; Gantt chart,,Curriculum-derived disciplinary scope,Active,DisciplineGuardrail
GR_SUB_COURSE_015_M02_S01,Subtopic,Crashing,CPM; PERT; critical path; schedule compression; time-cost trade-off,,Curriculum-derived disciplinary scope,Active,DisciplineGuardrail
GR_SUB_COURSE_015_M03_S01,Subtopic,Resource levelling,resource allocation; resource constraints; levelling; scheduling; workforce/equipment allocation,,Curriculum-derived disciplinary scope,Active,DisciplineGuardrail
GR_SUB_COURSE_015_M04_S01,Subtopic,Depreciation and cost control,construction cost; depreciation; cost control; cash flow; project accounting,,Curriculum-derived disciplinary scope,Active,DisciplineGuardrail
GR_SUB_COURSE_015_M05_S01,Subtopic,Equipment selection and productivity,construction equipment; productivity; equipment selection; operating cost; utilization,,Curriculum-derived disciplinary scope,Active,DisciplineGuardrail
GR_SUB_COURSE_016_M01_S01,Subtopic,Errors,surveying; measurement error; accuracy; precision; error propagation,,Curriculum-derived disciplinary scope,Active,DisciplineGuardrail
GR_SUB_COURSE_016_M02_S01,Subtopic,Benchmarks,levelling; benchmarks; reduced levels; contours; elevation,,Curriculum-derived disciplinary scope,Active,DisciplineGuardrail
GR_SUB_COURSE_016_M03_S01,Subtopic,Angular measurement,theodolite; horizontal angles; vertical angles; surveying observations,,Curriculum-derived disciplinary scope,Active,DisciplineGuardrail
GR_SUB_COURSE_016_M04_S01,Subtopic,Horizontal and vertical curves,survey curves; horizontal curves; vertical curves; alignment; setting out,,Curriculum-derived disciplinary scope,Active,DisciplineGuardrail
GR_SUB_COURSE_016_M05_S01,Subtopic,GNSS/GPS and GIS applications,GNSS; GPS; GIS; spatial data; positioning; geospatial analysis,,Curriculum-derived disciplinary scope,Active,DisciplineGuardrail
GR_SUB_COURSE_017_M01_S01,Subtopic,Control volumes,thermodynamic systems; control volumes; mass flow; energy flow; steady-flow processes,,Curriculum-derived disciplinary scope,Active,DisciplineGuardrail
GR_SUB_COURSE_017_M02_S01,Subtopic,Energy equation,first law; energy balance; heat transfer; work; internal energy; enthalpy,,Curriculum-derived disciplinary scope,Active,DisciplineGuardrail
GR_SUB_COURSE_017_M03_S01,Subtopic,Second-law analysis,second law; irreversibility; exergy; entropy; thermodynamic efficiency,,Curriculum-derived disciplinary scope,Active,DisciplineGuardrail
GR_SUB_COURSE_017_M04_S01,Subtopic,Entropy generation,entropy; entropy generation; irreversibility; dissipation; efficiency,,Curriculum-derived disciplinary scope,Active,DisciplineGuardrail
GR_SUB_COURSE_017_M05_S01,Subtopic,Carnot cycle,power cycles; Carnot cycle; thermal efficiency; heat reservoirs; reversible processes,,Curriculum-derived disciplinary scope,Active,DisciplineGuardrail
GR_SUB_COURSE_018_M01_S01,Subtopic,Velocity and acceleration fields,fluid kinematics; velocity field; acceleration; streamlines; pathlines,,Curriculum-derived disciplinary scope,Active,DisciplineGuardrail
GR_SUB_COURSE_018_M02_S01,Subtopic,Navier-Stokes equation,conservation laws; momentum equation; Navier-Stokes equations; pressure; viscous forces,,Curriculum-derived disciplinary scope,Active,DisciplineGuardrail
GR_SUB_COURSE_018_M03_S01,Subtopic,Boundary layers,viscous flow; boundary layer; shear; drag; separation,,Curriculum-derived disciplinary scope,Active,DisciplineGuardrail
GR_SUB_COURSE_018_M04_S01,Subtopic,Pelton and Francis turbines,hydraulic turbines; Pelton turbine; Francis turbine; hydraulic power; efficiency,,Curriculum-derived disciplinary scope,Active,DisciplineGuardrail
GR_SUB_COURSE_018_M05_S01,Subtopic,Centrifugal pumps,centrifugal pumps; head; flow rate; pump efficiency; hydraulic power,,Curriculum-derived disciplinary scope,Active,DisciplineGuardrail
GR_SUB_COURSE_019_M01_S01,Subtopic,Grashof's law,mechanisms; four-bar linkage; Grashof criterion; mobility; motion,,Curriculum-derived disciplinary scope,Active,DisciplineGuardrail
GR_SUB_COURSE_019_M02_S01,Subtopic,Instantaneous centers,velocity analysis; instantaneous centers; rigid-body motion; angular velocity,,Curriculum-derived disciplinary scope,Active,DisciplineGuardrail
GR_SUB_COURSE_019_M03_S01,Subtopic,Cam displacement diagrams,cams; followers; displacement diagrams; velocity; acceleration,,Curriculum-derived disciplinary scope,Active,DisciplineGuardrail
GR_SUB_COURSE_019_M04_S01,Subtopic,Epicyclic gear trains,gears; epicyclic trains; angular velocity; gear ratios; relative motion,,Curriculum-derived disciplinary scope,Active,DisciplineGuardrail
GR_SUB_COURSE_019_M05_S01,Subtopic,Friction in machine mechanisms,friction; contact; wear; efficiency; machine mechanisms,,Curriculum-derived disciplinary scope,Active,DisciplineGuardrail
GR_SUB_COURSE_020_M01_S01,Subtopic,Fins,conduction; fins; heat transfer enhancement; thermal resistance; temperature distribution,,Curriculum-derived disciplinary scope,Active,DisciplineGuardrail
GR_SUB_COURSE_020_M02_S01,Subtopic,Free/forced convection,convection; natural convection; forced convection; heat-transfer coefficient; boundary layer,,Curriculum-derived disciplinary scope,Active,DisciplineGuardrail
GR_SUB_COURSE_020_M03_S01,Subtopic,Blackbody radiation,thermal radiation; blackbody; emissive power; absorptivity; radiative heat transfer,,Curriculum-derived disciplinary scope,Active,DisciplineGuardrail
GR_SUB_COURSE_020_M04_S01,Subtopic,Log Mean Temperature Difference (LMTD),heat exchangers; LMTD; temperature difference; heat-transfer area; exchanger effectiveness,,Curriculum-derived disciplinary scope,Active,DisciplineGuardrail
GR_SUB_COURSE_020_M05_S01,Subtopic,Mass diffusion and transfer coefficients,mass transfer; diffusion; concentration gradient; mass-transfer coefficient; species transport,,Curriculum-derived disciplinary scope,Active,DisciplineGuardrail
GR_SUB_COURSE_021_M01_S01,Subtopic,Flywheels,dynamic force analysis; flywheel; energy fluctuation; speed regulation; rotational dynamics,,Curriculum-derived disciplinary scope,Active,DisciplineGuardrail
GR_SUB_COURSE_021_M02_S01,Subtopic,Static and dynamic balancing,balancing; unbalance; centrifugal force; vibration; rotating machinery,,Curriculum-derived disciplinary scope,Active,DisciplineGuardrail
GR_SUB_COURSE_021_M03_S01,Subtopic,Natural frequency,free vibration; natural frequency; stiffness; mass; damping,,Curriculum-derived disciplinary scope,Active,DisciplineGuardrail
GR_SUB_COURSE_021_M04_S01,Subtopic,Resonance,forced vibration; resonance; excitation frequency; amplitude; damping,,Curriculum-derived disciplinary scope,Active,DisciplineGuardrail
GR_SUB_COURSE_021_M05_S01,Subtopic,Governor and gyroscope principles,governors; gyroscopic effects; speed regulation; angular momentum; stability,,Curriculum-derived disciplinary scope,Active,DisciplineGuardrail
GR_SUB_COURSE_022_M01_S01,Subtopic,Sand casting,casting; moulding; sand casting; solidification; defects,,Curriculum-derived disciplinary scope,Active,DisciplineGuardrail
GR_SUB_COURSE_022_M02_S01,Subtopic,Forging,metal forming; forging; plastic deformation; dies; forming load,,Curriculum-derived disciplinary scope,Active,DisciplineGuardrail
GR_SUB_COURSE_022_M03_S01,Subtopic,Arc welding,joining; arc welding; weld pool; heat affected zone; joint integrity,,Curriculum-derived disciplinary scope,Active,DisciplineGuardrail
GR_SUB_COURSE_022_M04_S01,Subtopic,Lathe operations,machining; turning; lathe; cutting speed; feed; tool geometry,,Curriculum-derived disciplinary scope,Active,DisciplineGuardrail
GR_SUB_COURSE_022_M05_S01,Subtopic,Electrical discharge machining,non-traditional machining; EDM; electrical discharge; material removal; dielectric,,Curriculum-derived disciplinary scope,Active,DisciplineGuardrail
GR_SUB_COURSE_023_M01_S01,Subtopic,Von Mises,failure theories; yield criterion; von Mises stress; ductile materials; equivalent stress,,Curriculum-derived disciplinary scope,Active,DisciplineGuardrail
GR_SUB_COURSE_023_M02_S01,Subtopic,Goodman diagram,fatigue design; Goodman relation; mean stress; alternating stress; fatigue strength,,Curriculum-derived disciplinary scope,Active,DisciplineGuardrail
GR_SUB_COURSE_023_M03_S01,Subtopic,Shaft and key design,shafts; keys; torque; torsion; combined loading,,Curriculum-derived disciplinary scope,Active,DisciplineGuardrail
GR_SUB_COURSE_023_M04_S01,Subtopic,Journal bearings,bearings; journal bearing; lubrication; friction; wear,,Curriculum-derived disciplinary scope,Active,DisciplineGuardrail
GR_SUB_COURSE_023_M05_S01,Subtopic,Gear design fundamentals,gear design; gear ratio; tooth strength; contact stress; wear,,Curriculum-derived disciplinary scope,Active,DisciplineGuardrail
GR_SUB_COURSE_024_M01_S01,Subtopic,Laplace transforms,system modelling; Laplace transform; transfer function; differential equations,,Curriculum-derived disciplinary scope,Active,DisciplineGuardrail
GR_SUB_COURSE_024_M02_S01,Subtopic,Time-domain response,time-domain analysis; transient response; steady-state response; step response,,Curriculum-derived disciplinary scope,Active,DisciplineGuardrail
GR_SUB_COURSE_024_M03_S01,Subtopic,Routh-Hurwitz and Nyquist criteria,stability; Routh-Hurwitz; Nyquist criterion; closed-loop stability,,Curriculum-derived disciplinary scope,Active,DisciplineGuardrail
GR_SUB_COURSE_024_M04_S01,Subtopic,Bode plot,frequency response; Bode plot; magnitude; phase; bandwidth,,Curriculum-derived disciplinary scope,Active,DisciplineGuardrail
GR_SUB_COURSE_024_M05_S01,Subtopic,PID control,controller design; PID; proportional action; integral action; derivative action,,Curriculum-derived disciplinary scope,Active,DisciplineGuardrail
GR_SUB_COURSE_025_M1_S1,Subtopic,agents and environments,agents and environments,,Curriculum-derived disciplinary scope,Active,DisciplineGuardrail
GR_SUB_COURSE_025_M1_S2,Subtopic,rational action,rational action,,Curriculum-derived disciplinary scope,Active,DisciplineGuardrail
GR_SUB_COURSE_025_M1_S3,Subtopic,agent architectures,agent architectures,,Curriculum-derived disciplinary scope,Active,DisciplineGuardrail
GR_SUB_COURSE_025_M1_S4,Subtopic,utility and performance measures,utility and performance measures,,Curriculum-derived disciplinary scope,Active,DisciplineGuardrail
GR_SUB_COURSE_025_M2_S1,Subtopic,state-space formulation,state-space formulation,,Curriculum-derived disciplinary scope,Active,DisciplineGuardrail
GR_SUB_COURSE_025_M2_S2,Subtopic,uninformed search,uninformed search,,Curriculum-derived disciplinary scope,Active,DisciplineGuardrail
GR_SUB_COURSE_025_M2_S3,Subtopic,heuristic search,heuristic search,,Curriculum-derived disciplinary scope,Active,DisciplineGuardrail
GR_SUB_COURSE_025_M2_S4,Subtopic,local search,local search,,Curriculum-derived disciplinary scope,Active,DisciplineGuardrail
GR_SUB_COURSE_025_M2_S5,Subtopic,adversarial search,adversarial search,,Curriculum-derived disciplinary scope,Active,DisciplineGuardrail
GR_SUB_COURSE_025_M3_S1,Subtopic,propositional logic,propositional logic,,Curriculum-derived disciplinary scope,Active,DisciplineGuardrail
GR_SUB_COURSE_025_M3_S2,Subtopic,first-order logic,first-order logic,,Curriculum-derived disciplinary scope,Active,DisciplineGuardrail
GR_SUB_COURSE_025_M3_S3,Subtopic,ontologies,ontologies,,Curriculum-derived disciplinary scope,Active,DisciplineGuardrail
GR_SUB_COURSE_025_M3_S4,Subtopic,knowledge graphs,knowledge graphs,,Curriculum-derived disciplinary scope,Active,DisciplineGuardrail
GR_SUB_COURSE_025_M3_S5,Subtopic,inference,inference,,Curriculum-derived disciplinary scope,Active,DisciplineGuardrail
GR_SUB_COURSE_025_M3_S6,Subtopic,reasoning under uncertainty,reasoning under uncertainty,,Curriculum-derived disciplinary scope,Active,DisciplineGuardrail
GR_SUB_COURSE_025_M4_S1,Subtopic,classical planning,classical planning,,Curriculum-derived disciplinary scope,Active,DisciplineGuardrail
GR_SUB_COURSE_025_M4_S2,Subtopic,partial-order planning,partial-order planning,,Curriculum-derived disciplinary scope,Active,DisciplineGuardrail
GR_SUB_COURSE_025_M4_S3,Subtopic,probabilistic decision making,probabilistic decision making,,Curriculum-derived disciplinary scope,Active,DisciplineGuardrail
GR_SUB_COURSE_025_M4_S4,Subtopic,Markov decision processes,Markov decision processes,,Curriculum-derived disciplinary scope,Active,DisciplineGuardrail
GR_SUB_COURSE_025_M4_S5,Subtopic,sequential decision making,sequential decision making,,Curriculum-derived disciplinary scope,Active,DisciplineGuardrail
GR_SUB_COURSE_025_M5_S1,Subtopic,learning paradigms,learning paradigms,,Curriculum-derived disciplinary scope,Active,DisciplineGuardrail
GR_SUB_COURSE_025_M5_S2,Subtopic,hypothesis spaces,hypothesis spaces,,Curriculum-derived disciplinary scope,Active,DisciplineGuardrail
GR_SUB_COURSE_025_M5_S3,Subtopic,feature representations,feature representations,,Curriculum-derived disciplinary scope,Active,DisciplineGuardrail
GR_SUB_COURSE_025_M5_S4,Subtopic,generalization,generalization,,Curriculum-derived disciplinary scope,Active,DisciplineGuardrail
GR_SUB_COURSE_025_M5_S5,Subtopic,bias-variance,bias-variance,,Curriculum-derived disciplinary scope,Active,DisciplineGuardrail
GR_SUB_COURSE_025_M5_S6,Subtopic,learning pipelines,learning pipelines,,Curriculum-derived disciplinary scope,Active,DisciplineGuardrail
GR_SUB_COURSE_025_M6_S1,Subtopic,text representation,text representation,,Curriculum-derived disciplinary scope,Active,DisciplineGuardrail
GR_SUB_COURSE_025_M6_S2,Subtopic,language models,language models,,Curriculum-derived disciplinary scope,Active,DisciplineGuardrail
GR_SUB_COURSE_025_M6_S3,Subtopic,sequence modelling,sequence modelling,,Curriculum-derived disciplinary scope,Active,DisciplineGuardrail
GR_SUB_COURSE_025_M6_S4,Subtopic,parsing,parsing,,Curriculum-derived disciplinary scope,Active,DisciplineGuardrail
GR_SUB_COURSE_025_M6_S5,Subtopic,information extraction,information extraction,,Curriculum-derived disciplinary scope,Active,DisciplineGuardrail
GR_SUB_COURSE_025_M6_S6,Subtopic,evaluation,evaluation,,Curriculum-derived disciplinary scope,Active,DisciplineGuardrail
GR_SUB_COURSE_025_M7_S1,Subtopic,image formation,image formation,,Curriculum-derived disciplinary scope,Active,DisciplineGuardrail
GR_SUB_COURSE_025_M7_S2,Subtopic,feature extraction,feature extraction,,Curriculum-derived disciplinary scope,Active,DisciplineGuardrail
GR_SUB_COURSE_025_M7_S3,Subtopic,classification,classification,,Curriculum-derived disciplinary scope,Active,DisciplineGuardrail
GR_SUB_COURSE_025_M7_S4,Subtopic,object detection,object detection,,Curriculum-derived disciplinary scope,Active,DisciplineGuardrail
GR_SUB_COURSE_025_M7_S5,Subtopic,segmentation,segmentation,,Curriculum-derived disciplinary scope,Active,DisciplineGuardrail
GR_SUB_COURSE_025_M7_S6,Subtopic,evaluation,evaluation,,Curriculum-derived disciplinary scope,Active,DisciplineGuardrail
GR_SUB_COURSE_025_M8_S1,Subtopic,AI system architecture,AI system architecture,,Curriculum-derived disciplinary scope,Active,DisciplineGuardrail
GR_SUB_COURSE_025_M8_S2,Subtopic,robustness,robustness,,Curriculum-derived disciplinary scope,Active,DisciplineGuardrail
GR_SUB_COURSE_025_M8_S3,Subtopic,interpretability,interpretability,,Curriculum-derived disciplinary scope,Active,DisciplineGuardrail
GR_SUB_COURSE_025_M8_S4,Subtopic,fairness,fairness,,Curriculum-derived disciplinary scope,Active,DisciplineGuardrail
GR_SUB_COURSE_025_M8_S5,Subtopic,privacy,privacy,,Curriculum-derived disciplinary scope,Active,DisciplineGuardrail
GR_SUB_COURSE_025_M8_S6,Subtopic,safety and governance,safety and governance,,Curriculum-derived disciplinary scope,Active,DisciplineGuardrail
GR_SUB_COURSE_026_M1_S1,Subtopic,supervised learning,supervised learning,,Curriculum-derived disciplinary scope,Active,DisciplineGuardrail
GR_SUB_COURSE_026_M1_S2,Subtopic,unsupervised learning,unsupervised learning,,Curriculum-derived disciplinary scope,Active,DisciplineGuardrail
GR_SUB_COURSE_026_M1_S3,Subtopic,semi-supervised learning,semi-supervised learning,,Curriculum-derived disciplinary scope,Active,DisciplineGuardrail
GR_SUB_COURSE_026_M1_S4,Subtopic,self-supervised learning,self-supervised learning,,Curriculum-derived disciplinary scope,Active,DisciplineGuardrail
GR_SUB_COURSE_026_M1_S5,Subtopic,reinforcement learning,reinforcement learning,,Curriculum-derived disciplinary scope,Active,DisciplineGuardrail
GR_SUB_COURSE_026_M2_S1,Subtopic,data cleaning,data cleaning,,Curriculum-derived disciplinary scope,Active,DisciplineGuardrail
GR_SUB_COURSE_026_M2_S2,Subtopic,missing values,missing values,,Curriculum-derived disciplinary scope,Active,DisciplineGuardrail
GR_SUB_COURSE_026_M2_S3,Subtopic,categorical encoding,categorical encoding,,Curriculum-derived disciplinary scope,Active,DisciplineGuardrail
GR_SUB_COURSE_026_M2_S4,Subtopic,scaling,scaling,,Curriculum-derived disciplinary scope,Active,DisciplineGuardrail
GR_SUB_COURSE_026_M2_S5,Subtopic,feature selection,feature selection,,Curriculum-derived disciplinary scope,Active,DisciplineGuardrail
GR_SUB_COURSE_026_M2_S6,Subtopic,leakage control,leakage control,,Curriculum-derived disciplinary scope,Active,DisciplineGuardrail
GR_SUB_COURSE_026_M3_S1,Subtopic,linear regression,linear regression,,Curriculum-derived disciplinary scope,Active,DisciplineGuardrail
GR_SUB_COURSE_026_M3_S2,Subtopic,logistic regression,logistic regression,,Curriculum-derived disciplinary scope,Active,DisciplineGuardrail
GR_SUB_COURSE_026_M3_S3,Subtopic,regularization,regularization,,Curriculum-derived disciplinary scope,Active,DisciplineGuardrail
GR_SUB_COURSE_026_M3_S4,Subtopic,decision trees,decision trees,,Curriculum-derived disciplinary scope,Active,DisciplineGuardrail
GR_SUB_COURSE_026_M3_S5,Subtopic,ensemble methods,ensemble methods,,Curriculum-derived disciplinary scope,Active,DisciplineGuardrail
GR_SUB_COURSE_026_M3_S6,Subtopic,support vector machines,support vector machines,,Curriculum-derived disciplinary scope,Active,DisciplineGuardrail
GR_SUB_COURSE_026_M4_S1,Subtopic,probability models,probability models,,Curriculum-derived disciplinary scope,Active,DisciplineGuardrail
GR_SUB_COURSE_026_M4_S2,Subtopic,Bayes rule,Bayes rule,,Curriculum-derived disciplinary scope,Active,DisciplineGuardrail
GR_SUB_COURSE_026_M4_S3,Subtopic,naive Bayes,naive Bayes,,Curriculum-derived disciplinary scope,Active,DisciplineGuardrail
GR_SUB_COURSE_026_M4_S4,Subtopic,graphical models,graphical models,,Curriculum-derived disciplinary scope,Active,DisciplineGuardrail
GR_SUB_COURSE_026_M4_S5,Subtopic,maximum likelihood,maximum likelihood,,Curriculum-derived disciplinary scope,Active,DisciplineGuardrail
GR_SUB_COURSE_026_M4_S6,Subtopic,Bayesian inference,Bayesian inference,,Curriculum-derived disciplinary scope,Active,DisciplineGuardrail
GR_SUB_COURSE_026_M5_S1,Subtopic,clustering,clustering,,Curriculum-derived disciplinary scope,Active,DisciplineGuardrail
GR_SUB_COURSE_026_M5_S2,Subtopic,dimensionality reduction,dimensionality reduction,,Curriculum-derived disciplinary scope,Active,DisciplineGuardrail
GR_SUB_COURSE_026_M5_S3,Subtopic,principal component analysis,principal component analysis,,Curriculum-derived disciplinary scope,Active,DisciplineGuardrail
GR_SUB_COURSE_026_M5_S4,Subtopic,mixture models,mixture models,,Curriculum-derived disciplinary scope,Active,DisciplineGuardrail
GR_SUB_COURSE_026_M5_S5,Subtopic,manifold learning,manifold learning,,Curriculum-derived disciplinary scope,Active,DisciplineGuardrail
GR_SUB_COURSE_026_M6_S1,Subtopic,perceptrons,perceptrons,,Curriculum-derived disciplinary scope,Active,DisciplineGuardrail
GR_SUB_COURSE_026_M6_S2,Subtopic,multilayer networks,multilayer networks,,Curriculum-derived disciplinary scope,Active,DisciplineGuardrail
GR_SUB_COURSE_026_M6_S3,Subtopic,backpropagation,backpropagation,,Curriculum-derived disciplinary scope,Active,DisciplineGuardrail
GR_SUB_COURSE_026_M6_S4,Subtopic,convolutional networks,convolutional networks,,Curriculum-derived disciplinary scope,Active,DisciplineGuardrail
GR_SUB_COURSE_026_M6_S5,Subtopic,sequence models,sequence models,,Curriculum-derived disciplinary scope,Active,DisciplineGuardrail
GR_SUB_COURSE_026_M6_S6,Subtopic,optimization,optimization,,Curriculum-derived disciplinary scope,Active,DisciplineGuardrail
GR_SUB_COURSE_026_M7_S1,Subtopic,cross-validation,cross-validation,,Curriculum-derived disciplinary scope,Active,DisciplineGuardrail
GR_SUB_COURSE_026_M7_S2,Subtopic,calibration,calibration,,Curriculum-derived disciplinary scope,Active,DisciplineGuardrail
GR_SUB_COURSE_026_M7_S3,Subtopic,imbalanced data,imbalanced data,,Curriculum-derived disciplinary scope,Active,DisciplineGuardrail
GR_SUB_COURSE_026_M7_S4,Subtopic,hyperparameter selection,hyperparameter selection,,Curriculum-derived disciplinary scope,Active,DisciplineGuardrail
GR_SUB_COURSE_026_M7_S5,Subtopic,model monitoring,model monitoring,,Curriculum-derived disciplinary scope,Active,DisciplineGuardrail
GR_SUB_COURSE_026_M7_S6,Subtopic,reproducibility,reproducibility,,Curriculum-derived disciplinary scope,Active,DisciplineGuardrail
GR_SUB_COURSE_027_M1_S1,Subtopic,system models,system models,,Curriculum-derived disciplinary scope,Active,DisciplineGuardrail
GR_SUB_COURSE_027_M1_S2,Subtopic,communication models,communication models,,Curriculum-derived disciplinary scope,Active,DisciplineGuardrail
GR_SUB_COURSE_027_M1_S3,Subtopic,time and ordering,time and ordering,,Curriculum-derived disciplinary scope,Active,DisciplineGuardrail
GR_SUB_COURSE_027_M1_S4,Subtopic,failure models,failure models,,Curriculum-derived disciplinary scope,Active,DisciplineGuardrail
GR_SUB_COURSE_027_M1_S5,Subtopic,scalability,scalability,,Curriculum-derived disciplinary scope,Active,DisciplineGuardrail
GR_SUB_COURSE_027_M2_S1,Subtopic,Remote Procedure Call (RPC),RPC,,Curriculum-derived disciplinary scope,Active,DisciplineGuardrail
GR_SUB_COURSE_027_M2_S2,Subtopic,messaging,messaging,,Curriculum-derived disciplinary scope,Active,DisciplineGuardrail
GR_SUB_COURSE_027_M2_S3,Subtopic,multicast,multicast,,Curriculum-derived disciplinary scope,Active,DisciplineGuardrail
GR_SUB_COURSE_027_M2_S4,Subtopic,logical clocks,logical clocks,,Curriculum-derived disciplinary scope,Active,DisciplineGuardrail
GR_SUB_COURSE_027_M2_S5,Subtopic,leader election,leader election,,Curriculum-derived disciplinary scope,Active,DisciplineGuardrail
GR_SUB_COURSE_027_M2_S6,Subtopic,distributed coordination,distributed coordination,,Curriculum-derived disciplinary scope,Active,DisciplineGuardrail
GR_SUB_COURSE_027_M3_S1,Subtopic,primary-backup replication,primary-backup replication,,Curriculum-derived disciplinary scope,Active,DisciplineGuardrail
GR_SUB_COURSE_027_M3_S2,Subtopic,quorum systems,quorum systems,,Curriculum-derived disciplinary scope,Active,DisciplineGuardrail
GR_SUB_COURSE_027_M3_S3,Subtopic,consistency models,consistency models,,Curriculum-derived disciplinary scope,Active,DisciplineGuardrail
GR_SUB_COURSE_027_M3_S4,Subtopic,consensus,consensus,,Curriculum-derived disciplinary scope,Active,DisciplineGuardrail
GR_SUB_COURSE_027_M3_S5,Subtopic,conflict resolution,conflict resolution,,Curriculum-derived disciplinary scope,Active,DisciplineGuardrail
GR_SUB_COURSE_027_M4_S1,Subtopic,atomic commit,atomic commit,,Curriculum-derived disciplinary scope,Active,DisciplineGuardrail
GR_SUB_COURSE_027_M4_S2,Subtopic,two-phase commit,two-phase commit,,Curriculum-derived disciplinary scope,Active,DisciplineGuardrail
GR_SUB_COURSE_027_M4_S3,Subtopic,distributed concurrency control,distributed concurrency control,,Curriculum-derived disciplinary scope,Active,DisciplineGuardrail
GR_SUB_COURSE_027_M4_S4,Subtopic,serializability,serializability,,Curriculum-derived disciplinary scope,Active,DisciplineGuardrail
GR_SUB_COURSE_027_M4_S5,Subtopic,recovery,recovery,,Curriculum-derived disciplinary scope,Active,DisciplineGuardrail
GR_SUB_COURSE_027_M5_S1,Subtopic,partitioning,partitioning,,Curriculum-derived disciplinary scope,Active,DisciplineGuardrail
GR_SUB_COURSE_027_M5_S2,Subtopic,distributed hash tables,distributed hash tables,,Curriculum-derived disciplinary scope,Active,DisciplineGuardrail
GR_SUB_COURSE_027_M5_S3,Subtopic,distributed file systems,distributed file systems,,Curriculum-derived disciplinary scope,Active,DisciplineGuardrail
GR_SUB_COURSE_027_M5_S4,Subtopic,object storage,object storage,,Curriculum-derived disciplinary scope,Active,DisciplineGuardrail
GR_SUB_COURSE_027_M5_S5,Subtopic,metadata management,metadata management,,Curriculum-derived disciplinary scope,Active,DisciplineGuardrail
GR_SUB_COURSE_027_M6_S1,Subtopic,failure detection,failure detection,,Curriculum-derived disciplinary scope,Active,DisciplineGuardrail
GR_SUB_COURSE_027_M6_S2,Subtopic,redundancy,redundancy,,Curriculum-derived disciplinary scope,Active,DisciplineGuardrail
GR_SUB_COURSE_027_M6_S3,Subtopic,checkpointing,checkpointing,,Curriculum-derived disciplinary scope,Active,DisciplineGuardrail
GR_SUB_COURSE_027_M6_S4,Subtopic,recovery protocols,recovery protocols,,Curriculum-derived disciplinary scope,Active,DisciplineGuardrail
GR_SUB_COURSE_027_M6_S5,Subtopic,Byzantine failures,Byzantine failures,,Curriculum-derived disciplinary scope,Active,DisciplineGuardrail
GR_SUB_COURSE_027_M7_S1,Subtopic,availability,availability,,Curriculum-derived disciplinary scope,Active,DisciplineGuardrail
GR_SUB_COURSE_027_M7_S2,Subtopic,partition tolerance,partition tolerance,,Curriculum-derived disciplinary scope,Active,DisciplineGuardrail
GR_SUB_COURSE_027_M7_S3,Subtopic,load balancing,load balancing,,Curriculum-derived disciplinary scope,Active,DisciplineGuardrail
GR_SUB_COURSE_027_M7_S4,Subtopic,observability,observability,,Curriculum-derived disciplinary scope,Active,DisciplineGuardrail
GR_SUB_COURSE_027_M7_S5,Subtopic,performance trade-offs,performance trade-offs,,Curriculum-derived disciplinary scope,Active,DisciplineGuardrail
GR_SUB_COURSE_028_M1_S1,Subtopic,IaaS,IaaS,,Curriculum-derived disciplinary scope,Active,DisciplineGuardrail
GR_SUB_COURSE_028_M1_S2,Subtopic,PaaS,PaaS,,Curriculum-derived disciplinary scope,Active,DisciplineGuardrail
GR_SUB_COURSE_028_M1_S3,Subtopic,SaaS,SaaS,,Curriculum-derived disciplinary scope,Active,DisciplineGuardrail
GR_SUB_COURSE_028_M1_S4,Subtopic,public/private/hybrid cloud,public/private/hybrid cloud,,Curriculum-derived disciplinary scope,Active,DisciplineGuardrail
GR_SUB_COURSE_028_M1_S5,Subtopic,shared responsibility,shared responsibility,,Curriculum-derived disciplinary scope,Active,DisciplineGuardrail
GR_SUB_COURSE_028_M2_S1,Subtopic,hypervisors,hypervisors,,Curriculum-derived disciplinary scope,Active,DisciplineGuardrail
GR_SUB_COURSE_028_M2_S2,Subtopic,virtual machines,virtual machines,,Curriculum-derived disciplinary scope,Active,DisciplineGuardrail
GR_SUB_COURSE_028_M2_S3,Subtopic,containers,containers,,Curriculum-derived disciplinary scope,Active,DisciplineGuardrail
GR_SUB_COURSE_028_M2_S4,Subtopic,hardware virtualization,hardware virtualization,,Curriculum-derived disciplinary scope,Active,DisciplineGuardrail
GR_SUB_COURSE_028_M2_S5,Subtopic,resource isolation,resource isolation,,Curriculum-derived disciplinary scope,Active,DisciplineGuardrail
GR_SUB_COURSE_028_M3_S1,Subtopic,provisioning,provisioning,,Curriculum-derived disciplinary scope,Active,DisciplineGuardrail
GR_SUB_COURSE_028_M3_S2,Subtopic,autoscaling,autoscaling,,Curriculum-derived disciplinary scope,Active,DisciplineGuardrail
GR_SUB_COURSE_028_M3_S3,Subtopic,scheduling,scheduling,,Curriculum-derived disciplinary scope,Active,DisciplineGuardrail
GR_SUB_COURSE_028_M3_S4,Subtopic,resource allocation,resource allocation,,Curriculum-derived disciplinary scope,Active,DisciplineGuardrail
GR_SUB_COURSE_028_M3_S5,Subtopic,capacity planning,capacity planning,,Curriculum-derived disciplinary scope,Active,DisciplineGuardrail
GR_SUB_COURSE_028_M4_S1,Subtopic,object storage,object storage,,Curriculum-derived disciplinary scope,Active,DisciplineGuardrail
GR_SUB_COURSE_028_M4_S2,Subtopic,block storage,block storage,,Curriculum-derived disciplinary scope,Active,DisciplineGuardrail
GR_SUB_COURSE_028_M4_S3,Subtopic,file storage,file storage,,Curriculum-derived disciplinary scope,Active,DisciplineGuardrail
GR_SUB_COURSE_028_M4_S4,Subtopic,distributed databases,distributed databases,,Curriculum-derived disciplinary scope,Active,DisciplineGuardrail
GR_SUB_COURSE_028_M4_S5,Subtopic,data durability,data durability,,Curriculum-derived disciplinary scope,Active,DisciplineGuardrail
GR_SUB_COURSE_028_M5_S1,Subtopic,virtual networks,virtual networks,,Curriculum-derived disciplinary scope,Active,DisciplineGuardrail
GR_SUB_COURSE_028_M5_S2,Subtopic,subnets,subnets,,Curriculum-derived disciplinary scope,Active,DisciplineGuardrail
GR_SUB_COURSE_028_M5_S3,Subtopic,routing,routing,,Curriculum-derived disciplinary scope,Active,DisciplineGuardrail
GR_SUB_COURSE_028_M5_S4,Subtopic,load balancing,load balancing,,Curriculum-derived disciplinary scope,Active,DisciplineGuardrail
GR_SUB_COURSE_028_M5_S5,Subtopic,service discovery,service discovery,,Curriculum-derived disciplinary scope,Active,DisciplineGuardrail
GR_SUB_COURSE_028_M5_S6,Subtopic,network security,network security,,Curriculum-derived disciplinary scope,Active,DisciplineGuardrail
GR_SUB_COURSE_028_M6_S1,Subtopic,infrastructure as code,infrastructure as code,,Curriculum-derived disciplinary scope,Active,DisciplineGuardrail
GR_SUB_COURSE_028_M6_S2,Subtopic,configuration management,configuration management,,Curriculum-derived disciplinary scope,Active,DisciplineGuardrail
GR_SUB_COURSE_028_M6_S3,Subtopic,orchestration,orchestration,,Curriculum-derived disciplinary scope,Active,DisciplineGuardrail
GR_SUB_COURSE_028_M6_S4,Subtopic,service deployment,service deployment,,Curriculum-derived disciplinary scope,Active,DisciplineGuardrail
GR_SUB_COURSE_028_M6_S5,Subtopic,autoscaling policies,autoscaling policies,,Curriculum-derived disciplinary scope,Active,DisciplineGuardrail
GR_SUB_COURSE_028_M7_S1,Subtopic,identity and access management,identity and access management,,Curriculum-derived disciplinary scope,Active,DisciplineGuardrail
GR_SUB_COURSE_028_M7_S2,Subtopic,encryption,encryption,,Curriculum-derived disciplinary scope,Active,DisciplineGuardrail
GR_SUB_COURSE_028_M7_S3,Subtopic,isolation,isolation,,Curriculum-derived disciplinary scope,Active,DisciplineGuardrail
GR_SUB_COURSE_028_M7_S4,Subtopic,resilience,resilience,,Curriculum-derived disciplinary scope,Active,DisciplineGuardrail
GR_SUB_COURSE_028_M7_S5,Subtopic,backup and disaster recovery,backup and disaster recovery,,Curriculum-derived disciplinary scope,Active,DisciplineGuardrail
GR_SUB_COURSE_029_M1_S1,Subtopic,site planning,site planning,,Curriculum-derived disciplinary scope,Active,DisciplineGuardrail
GR_SUB_COURSE_029_M1_S2,Subtopic,rack layout,rack layout,,Curriculum-derived disciplinary scope,Active,DisciplineGuardrail
GR_SUB_COURSE_029_M1_S3,Subtopic,power distribution,power distribution,,Curriculum-derived disciplinary scope,Active,DisciplineGuardrail
GR_SUB_COURSE_029_M1_S4,Subtopic,cooling architecture,cooling architecture,,Curriculum-derived disciplinary scope,Active,DisciplineGuardrail
GR_SUB_COURSE_029_M1_S5,Subtopic,physical security,physical security,,Curriculum-derived disciplinary scope,Active,DisciplineGuardrail
GR_SUB_COURSE_029_M2_S1,Subtopic,server architectures,server architectures,,Curriculum-derived disciplinary scope,Active,DisciplineGuardrail
GR_SUB_COURSE_029_M2_S2,Subtopic,processors,processors,,Curriculum-derived disciplinary scope,Active,DisciplineGuardrail
GR_SUB_COURSE_029_M2_S3,Subtopic,memory,memory,,Curriculum-derived disciplinary scope,Active,DisciplineGuardrail
GR_SUB_COURSE_029_M2_S4,Subtopic,storage controllers,storage controllers,,Curriculum-derived disciplinary scope,Active,DisciplineGuardrail
GR_SUB_COURSE_029_M2_S5,Subtopic,accelerators,accelerators,,Curriculum-derived disciplinary scope,Active,DisciplineGuardrail
GR_SUB_COURSE_029_M2_S6,Subtopic,hardware lifecycle,hardware lifecycle,,Curriculum-derived disciplinary scope,Active,DisciplineGuardrail
GR_SUB_COURSE_029_M3_S1,Subtopic,Redundant Array of Independent Disks (RAID),RAID,,Curriculum-derived disciplinary scope,Active,DisciplineGuardrail
GR_SUB_COURSE_029_M3_S2,Subtopic,Storage Area Network (SAN),SAN,,Curriculum-derived disciplinary scope,Active,DisciplineGuardrail
GR_SUB_COURSE_029_M3_S3,Subtopic,Network Attached Storage (NAS),NAS,,Curriculum-derived disciplinary scope,Active,DisciplineGuardrail
GR_SUB_COURSE_029_M3_S4,Subtopic,object storage,object storage,,Curriculum-derived disciplinary scope,Active,DisciplineGuardrail
GR_SUB_COURSE_029_M3_S5,Subtopic,backup,backup,,Curriculum-derived disciplinary scope,Active,DisciplineGuardrail
GR_SUB_COURSE_029_M3_S6,Subtopic,data protection,data protection,,Curriculum-derived disciplinary scope,Active,DisciplineGuardrail
GR_SUB_COURSE_029_M4_S1,Subtopic,topologies,topologies,,Curriculum-derived disciplinary scope,Active,DisciplineGuardrail
GR_SUB_COURSE_029_M4_S2,Subtopic,switching,switching,,Curriculum-derived disciplinary scope,Active,DisciplineGuardrail
GR_SUB_COURSE_029_M4_S3,Subtopic,routing,routing,,Curriculum-derived disciplinary scope,Active,DisciplineGuardrail
GR_SUB_COURSE_029_M4_S4,Subtopic,load balancing,load balancing,,Curriculum-derived disciplinary scope,Active,DisciplineGuardrail
GR_SUB_COURSE_029_M4_S5,Subtopic,network virtualization,network virtualization,,Curriculum-derived disciplinary scope,Active,DisciplineGuardrail
GR_SUB_COURSE_029_M4_S6,Subtopic,high-availability design,high-availability design,,Curriculum-derived disciplinary scope,Active,DisciplineGuardrail
GR_SUB_COURSE_029_M5_S1,Subtopic,Uninterruptible Power Supply (UPS),UPS,,Curriculum-derived disciplinary scope,Active,DisciplineGuardrail
GR_SUB_COURSE_029_M5_S2,Subtopic,generators,generators,,Curriculum-derived disciplinary scope,Active,DisciplineGuardrail
GR_SUB_COURSE_029_M5_S3,Subtopic,power distribution,power distribution,,Curriculum-derived disciplinary scope,Active,DisciplineGuardrail
GR_SUB_COURSE_029_M5_S4,Subtopic,Power Usage Effectiveness (PUE),PUE,,Curriculum-derived disciplinary scope,Active,DisciplineGuardrail
GR_SUB_COURSE_029_M5_S5,Subtopic,demand management,demand management,,Curriculum-derived disciplinary scope,Active,DisciplineGuardrail
GR_SUB_COURSE_029_M5_S6,Subtopic,power quality,power quality,,Curriculum-derived disciplinary scope,Active,DisciplineGuardrail
GR_SUB_COURSE_029_M6_S1,Subtopic,Computer Room Air Conditioner / Computer Room Air Handler (CRAC/CRAH),CRAC/CRAH,,Curriculum-derived disciplinary scope,Active,DisciplineGuardrail
GR_SUB_COURSE_029_M6_S2,Subtopic,chilled water,chilled water,,Curriculum-derived disciplinary scope,Active,DisciplineGuardrail
GR_SUB_COURSE_029_M6_S3,Subtopic,airflow management,airflow management,,Curriculum-derived disciplinary scope,Active,DisciplineGuardrail
GR_SUB_COURSE_029_M6_S4,Subtopic,heat rejection,heat rejection,,Curriculum-derived disciplinary scope,Active,DisciplineGuardrail
GR_SUB_COURSE_029_M6_S5,Subtopic,thermal monitoring,thermal monitoring,,Curriculum-derived disciplinary scope,Active,DisciplineGuardrail
GR_SUB_COURSE_029_M7_S1,Subtopic,hypervisors,hypervisors,,Curriculum-derived disciplinary scope,Active,DisciplineGuardrail
GR_SUB_COURSE_029_M7_S2,Subtopic,containers,containers,,Curriculum-derived disciplinary scope,Active,DisciplineGuardrail
GR_SUB_COURSE_029_M7_S3,Subtopic,resource pools,resource pools,,Curriculum-derived disciplinary scope,Active,DisciplineGuardrail
GR_SUB_COURSE_029_M7_S4,Subtopic,capacity management,capacity management,,Curriculum-derived disciplinary scope,Active,DisciplineGuardrail
GR_SUB_COURSE_029_M7_S5,Subtopic,infrastructure automation,infrastructure automation,,Curriculum-derived disciplinary scope,Active,DisciplineGuardrail
GR_SUB_COURSE_029_M8_S1,Subtopic,Data Center Infrastructure Management (DCIM),DCIM,,Curriculum-derived disciplinary scope,Active,DisciplineGuardrail
GR_SUB_COURSE_029_M8_S2,Subtopic,telemetry,telemetry,,Curriculum-derived disciplinary scope,Active,DisciplineGuardrail
GR_SUB_COURSE_029_M8_S3,Subtopic,incident management,incident management,,Curriculum-derived disciplinary scope,Active,DisciplineGuardrail
GR_SUB_COURSE_029_M8_S4,Subtopic,redundancy,redundancy,,Curriculum-derived disciplinary scope,Active,DisciplineGuardrail
GR_SUB_COURSE_029_M8_S5,Subtopic,liquid cooling,liquid cooling,,Curriculum-derived disciplinary scope,Active,DisciplineGuardrail
GR_SUB_COURSE_029_M8_S6,Subtopic,edge computing,edge computing,,Curriculum-derived disciplinary scope,Active,DisciplineGuardrail
GR_SUB_COURSE_030_M1_S1,Subtopic,cement chemistry,cement chemistry,,Curriculum-derived disciplinary scope,Active,DisciplineGuardrail
GR_SUB_COURSE_030_M1_S2,Subtopic,hydration,hydration,,Curriculum-derived disciplinary scope,Active,DisciplineGuardrail
GR_SUB_COURSE_030_M1_S3,Subtopic,supplementary cementitious materials,supplementary cementitious materials,,Curriculum-derived disciplinary scope,Active,DisciplineGuardrail
GR_SUB_COURSE_030_M1_S4,Subtopic,blended cements,blended cements,,Curriculum-derived disciplinary scope,Active,DisciplineGuardrail
GR_SUB_COURSE_030_M2_S1,Subtopic,aggregate grading,aggregate grading,,Curriculum-derived disciplinary scope,Active,DisciplineGuardrail
GR_SUB_COURSE_030_M2_S2,Subtopic,shape and texture,shape and texture,,Curriculum-derived disciplinary scope,Active,DisciplineGuardrail
GR_SUB_COURSE_030_M2_S3,Subtopic,moisture,moisture,,Curriculum-derived disciplinary scope,Active,DisciplineGuardrail
GR_SUB_COURSE_030_M2_S4,Subtopic,admixtures,admixtures,,Curriculum-derived disciplinary scope,Active,DisciplineGuardrail
GR_SUB_COURSE_030_M2_S5,Subtopic,mixing water,mixing water,,Curriculum-derived disciplinary scope,Active,DisciplineGuardrail
GR_SUB_COURSE_030_M3_S1,Subtopic,water-cement ratio,water-cement ratio,,Curriculum-derived disciplinary scope,Active,DisciplineGuardrail
GR_SUB_COURSE_030_M3_S2,Subtopic,absolute volume method,absolute volume method,,Curriculum-derived disciplinary scope,Active,DisciplineGuardrail
GR_SUB_COURSE_030_M3_S3,Subtopic,target strength,target strength,,Curriculum-derived disciplinary scope,Active,DisciplineGuardrail
GR_SUB_COURSE_030_M3_S4,Subtopic,workability,workability,,Curriculum-derived disciplinary scope,Active,DisciplineGuardrail
GR_SUB_COURSE_030_M3_S5,Subtopic,proportioning,proportioning,,Curriculum-derived disciplinary scope,Active,DisciplineGuardrail
GR_SUB_COURSE_030_M4_S1,Subtopic,workability,workability,,Curriculum-derived disciplinary scope,Active,DisciplineGuardrail
GR_SUB_COURSE_030_M4_S2,Subtopic,segregation,segregation,,Curriculum-derived disciplinary scope,Active,DisciplineGuardrail
GR_SUB_COURSE_030_M4_S3,Subtopic,bleeding,bleeding,,Curriculum-derived disciplinary scope,Active,DisciplineGuardrail
GR_SUB_COURSE_030_M4_S4,Subtopic,setting,setting,,Curriculum-derived disciplinary scope,Active,DisciplineGuardrail
GR_SUB_COURSE_030_M4_S5,Subtopic,placing,placing,,Curriculum-derived disciplinary scope,Active,DisciplineGuardrail
GR_SUB_COURSE_030_M4_S6,Subtopic,compaction,compaction,,Curriculum-derived disciplinary scope,Active,DisciplineGuardrail
GR_SUB_COURSE_030_M5_S1,Subtopic,strength,strength,,Curriculum-derived disciplinary scope,Active,DisciplineGuardrail
GR_SUB_COURSE_030_M5_S2,Subtopic,modulus,modulus,,Curriculum-derived disciplinary scope,Active,DisciplineGuardrail
GR_SUB_COURSE_030_M5_S3,Subtopic,shrinkage,shrinkage,,Curriculum-derived disciplinary scope,Active,DisciplineGuardrail
GR_SUB_COURSE_030_M5_S4,Subtopic,creep,creep,,Curriculum-derived disciplinary scope,Active,DisciplineGuardrail
GR_SUB_COURSE_030_M5_S5,Subtopic,permeability,permeability,,Curriculum-derived disciplinary scope,Active,DisciplineGuardrail
GR_SUB_COURSE_030_M5_S6,Subtopic,microstructure,microstructure,,Curriculum-derived disciplinary scope,Active,DisciplineGuardrail
GR_SUB_COURSE_030_M6_S1,Subtopic,batching,batching,,Curriculum-derived disciplinary scope,Active,DisciplineGuardrail
GR_SUB_COURSE_030_M6_S2,Subtopic,mixing,mixing,,Curriculum-derived disciplinary scope,Active,DisciplineGuardrail
GR_SUB_COURSE_030_M6_S3,Subtopic,transport,transport,,Curriculum-derived disciplinary scope,Active,DisciplineGuardrail
GR_SUB_COURSE_030_M6_S4,Subtopic,sampling,sampling,,Curriculum-derived disciplinary scope,Active,DisciplineGuardrail
GR_SUB_COURSE_030_M6_S5,Subtopic,statistical quality control,statistical quality control,,Curriculum-derived disciplinary scope,Active,DisciplineGuardrail
GR_SUB_COURSE_030_M7_S1,Subtopic,freeze-thaw,freeze-thaw,,Curriculum-derived disciplinary scope,Active,DisciplineGuardrail
GR_SUB_COURSE_030_M7_S2,Subtopic,chloride ingress,chloride ingress,,Curriculum-derived disciplinary scope,Active,DisciplineGuardrail
GR_SUB_COURSE_030_M7_S3,Subtopic,sulfate attack,sulfate attack,,Curriculum-derived disciplinary scope,Active,DisciplineGuardrail
GR_SUB_COURSE_030_M7_S4,Subtopic,alkali-silica reaction,alkali-silica reaction,,Curriculum-derived disciplinary scope,Active,DisciplineGuardrail
GR_SUB_COURSE_030_M7_S5,Subtopic,high-performance and fiber-reinforced concrete,high-performance and fiber-reinforced concrete,,Curriculum-derived disciplinary scope,Active,DisciplineGuardrail
GR_SUB_COURSE_031_M1_S1,Subtopic,borings,borings,,Curriculum-derived disciplinary scope,Active,DisciplineGuardrail
GR_SUB_COURSE_031_M1_S2,Subtopic,Geotechnical sampling,Geotechnical sampling; Curricular scope: Foundation Engineering. The concept is represented at the level of the stated mechanism; properties; constraints; and application criteria,,Curriculum-derived disciplinary scope,Active,DisciplineGuardrail
GR_SUB_COURSE_031_M1_S3,Subtopic,in-situ testing,in-situ testing,,Curriculum-derived disciplinary scope,Active,DisciplineGuardrail
GR_SUB_COURSE_031_M1_S4,Subtopic,groundwater,groundwater,,Curriculum-derived disciplinary scope,Active,DisciplineGuardrail
GR_SUB_COURSE_031_M1_S5,Subtopic,stratigraphy,stratigraphy,,Curriculum-derived disciplinary scope,Active,DisciplineGuardrail
GR_SUB_COURSE_031_M2_S1,Subtopic,unit weight,unit weight,,Curriculum-derived disciplinary scope,Active,DisciplineGuardrail
GR_SUB_COURSE_031_M2_S2,Subtopic,shear strength,shear strength,,Curriculum-derived disciplinary scope,Active,DisciplineGuardrail
GR_SUB_COURSE_031_M2_S3,Subtopic,compressibility,compressibility,,Curriculum-derived disciplinary scope,Active,DisciplineGuardrail
GR_SUB_COURSE_031_M2_S4,Subtopic,Soil permeability,Soil permeability; Curricular scope: Foundation Engineering. The concept is represented at the level of the stated mechanism; properties; constraints; and application criteria,,Curriculum-derived disciplinary scope,Active,DisciplineGuardrail
GR_SUB_COURSE_031_M2_S5,Subtopic,stiffness,stiffness,,Curriculum-derived disciplinary scope,Active,DisciplineGuardrail
GR_SUB_COURSE_031_M3_S1,Subtopic,isolated footings,isolated footings,,Curriculum-derived disciplinary scope,Active,DisciplineGuardrail
GR_SUB_COURSE_031_M3_S2,Subtopic,strip footings,strip footings,,Curriculum-derived disciplinary scope,Active,DisciplineGuardrail
GR_SUB_COURSE_031_M3_S3,Subtopic,combined footings,combined footings,,Curriculum-derived disciplinary scope,Active,DisciplineGuardrail
GR_SUB_COURSE_031_M3_S4,Subtopic,raft foundations,raft foundations,,Curriculum-derived disciplinary scope,Active,DisciplineGuardrail
GR_SUB_COURSE_031_M3_S5,Subtopic,load transfer,load transfer,,Curriculum-derived disciplinary scope,Active,DisciplineGuardrail
GR_SUB_COURSE_031_M4_S1,Subtopic,Terzaghi theory,Terzaghi theory,,Curriculum-derived disciplinary scope,Active,DisciplineGuardrail
GR_SUB_COURSE_031_M4_S2,Subtopic,Meyerhof methods,Meyerhof methods,,Curriculum-derived disciplinary scope,Active,DisciplineGuardrail
GR_SUB_COURSE_031_M4_S3,Subtopic,Vesic concepts,Vesic concepts,,Curriculum-derived disciplinary scope,Active,DisciplineGuardrail
GR_SUB_COURSE_031_M4_S4,Subtopic,eccentric loading,eccentric loading,,Curriculum-derived disciplinary scope,Active,DisciplineGuardrail
GR_SUB_COURSE_031_M4_S5,Subtopic,inclined loads,inclined loads,,Curriculum-derived disciplinary scope,Active,DisciplineGuardrail
GR_SUB_COURSE_031_M5_S1,Subtopic,immediate settlement,immediate settlement,,Curriculum-derived disciplinary scope,Active,DisciplineGuardrail
GR_SUB_COURSE_031_M5_S2,Subtopic,consolidation settlement,Consolidation settlement,,Curriculum-derived disciplinary scope,Active,DisciplineGuardrail
GR_SUB_COURSE_031_M5_S3,Subtopic,differential settlement,differential settlement,,Curriculum-derived disciplinary scope,Active,DisciplineGuardrail
GR_SUB_COURSE_031_M5_S4,Subtopic,time-rate effects,time-rate effects,,Curriculum-derived disciplinary scope,Active,DisciplineGuardrail
GR_SUB_COURSE_031_M6_S1,Subtopic,piles,piles,,Curriculum-derived disciplinary scope,Active,DisciplineGuardrail
GR_SUB_COURSE_031_M6_S2,Subtopic,pile capacity,pile capacity,,Curriculum-derived disciplinary scope,Active,DisciplineGuardrail
GR_SUB_COURSE_031_M6_S3,Subtopic,group action,group action,,Curriculum-derived disciplinary scope,Active,DisciplineGuardrail
GR_SUB_COURSE_031_M6_S4,Subtopic,negative skin friction,negative skin friction,,Curriculum-derived disciplinary scope,Active,DisciplineGuardrail
GR_SUB_COURSE_031_M6_S5,Subtopic,pile load testing,pile load testing,,Curriculum-derived disciplinary scope,Active,DisciplineGuardrail
GR_SUB_COURSE_031_M7_S1,Subtopic,serviceability,serviceability,,Curriculum-derived disciplinary scope,Active,DisciplineGuardrail
GR_SUB_COURSE_031_M7_S2,Subtopic,structural checks,structural checks,,Curriculum-derived disciplinary scope,Active,DisciplineGuardrail
GR_SUB_COURSE_031_M7_S3,Subtopic,ground improvement,ground improvement,,Curriculum-derived disciplinary scope,Active,DisciplineGuardrail
GR_SUB_COURSE_031_M7_S4,Subtopic,construction monitoring,construction monitoring,,Curriculum-derived disciplinary scope,Active,DisciplineGuardrail
GR_SUB_COURSE_032_M1_S1,Subtopic,precipitation,precipitation,,Curriculum-derived disciplinary scope,Active,DisciplineGuardrail
GR_SUB_COURSE_032_M1_S2,Subtopic,infiltration,infiltration,,Curriculum-derived disciplinary scope,Active,DisciplineGuardrail
GR_SUB_COURSE_032_M1_S3,Subtopic,evaporation,evaporation,,Curriculum-derived disciplinary scope,Active,DisciplineGuardrail
GR_SUB_COURSE_032_M1_S4,Subtopic,interception,interception,,Curriculum-derived disciplinary scope,Active,DisciplineGuardrail
GR_SUB_COURSE_032_M1_S5,Subtopic,runoff,runoff,,Curriculum-derived disciplinary scope,Active,DisciplineGuardrail
GR_SUB_COURSE_032_M1_S6,Subtopic,watershed processes,watershed processes,,Curriculum-derived disciplinary scope,Active,DisciplineGuardrail
GR_SUB_COURSE_032_M2_S1,Subtopic,rain gauges,rain gauges,,Curriculum-derived disciplinary scope,Active,DisciplineGuardrail
GR_SUB_COURSE_032_M2_S2,Subtopic,stream gauging,stream gauging,,Curriculum-derived disciplinary scope,Active,DisciplineGuardrail
GR_SUB_COURSE_032_M2_S3,Subtopic,hydrographs,hydrographs,,Curriculum-derived disciplinary scope,Active,DisciplineGuardrail
GR_SUB_COURSE_032_M2_S4,Subtopic,frequency analysis,frequency analysis,,Curriculum-derived disciplinary scope,Active,DisciplineGuardrail
GR_SUB_COURSE_032_M2_S5,Subtopic,data consistency,data consistency,,Curriculum-derived disciplinary scope,Active,DisciplineGuardrail
GR_SUB_COURSE_032_M3_S1,Subtopic,unit hydrograph,unit hydrograph,,Curriculum-derived disciplinary scope,Active,DisciplineGuardrail
GR_SUB_COURSE_032_M3_S2,Subtopic,rainfall-runoff models,rainfall-runoff models,,Curriculum-derived disciplinary scope,Active,DisciplineGuardrail
GR_SUB_COURSE_032_M3_S3,Subtopic,flood estimation,flood estimation,,Curriculum-derived disciplinary scope,Active,DisciplineGuardrail
GR_SUB_COURSE_032_M3_S4,Subtopic,design storms,design storms,,Curriculum-derived disciplinary scope,Active,DisciplineGuardrail
GR_SUB_COURSE_032_M4_S1,Subtopic,storage-yield analysis,storage-yield analysis,,Curriculum-derived disciplinary scope,Active,DisciplineGuardrail
GR_SUB_COURSE_032_M4_S2,Subtopic,reservoir routing,reservoir routing,,Curriculum-derived disciplinary scope,Active,DisciplineGuardrail
GR_SUB_COURSE_032_M4_S3,Subtopic,sedimentation,sedimentation,,Curriculum-derived disciplinary scope,Active,DisciplineGuardrail
GR_SUB_COURSE_032_M4_S4,Subtopic,operating rules,operating rules,,Curriculum-derived disciplinary scope,Active,DisciplineGuardrail
GR_SUB_COURSE_032_M5_S1,Subtopic,aquifers,aquifers,,Curriculum-derived disciplinary scope,Active,DisciplineGuardrail
GR_SUB_COURSE_032_M5_S2,Subtopic,Darcy law,well hydraulics,,Curriculum-derived disciplinary scope,Active,DisciplineGuardrail
GR_SUB_COURSE_032_M5_S3,Subtopic,well hydraulics,well hydraulics,,Curriculum-derived disciplinary scope,Active,DisciplineGuardrail
GR_SUB_COURSE_032_M5_S4,Subtopic,recharge,recharge,,Curriculum-derived disciplinary scope,Active,DisciplineGuardrail
GR_SUB_COURSE_032_M5_S5,Subtopic,groundwater modelling,groundwater modelling,,Curriculum-derived disciplinary scope,Active,DisciplineGuardrail
GR_SUB_COURSE_032_M6_S1,Subtopic,allocation,allocation,,Curriculum-derived disciplinary scope,Active,DisciplineGuardrail
GR_SUB_COURSE_032_M6_S2,Subtopic,demand forecasting,Demand forecasting,,Curriculum-derived disciplinary scope,Active,DisciplineGuardrail
GR_SUB_COURSE_032_M6_S3,Subtopic,systems analysis,systems analysis,,Curriculum-derived disciplinary scope,Active,DisciplineGuardrail
GR_SUB_COURSE_032_M6_S4,Subtopic,optimization,optimization,,Curriculum-derived disciplinary scope,Active,DisciplineGuardrail
GR_SUB_COURSE_032_M6_S5,Subtopic,conjunctive use,conjunctive use,,Curriculum-derived disciplinary scope,Active,DisciplineGuardrail
GR_SUB_COURSE_032_M7_S1,Subtopic,flood routing,flood routing,,Curriculum-derived disciplinary scope,Active,DisciplineGuardrail
GR_SUB_COURSE_032_M7_S2,Subtopic,floodplain management,floodplain management,,Curriculum-derived disciplinary scope,Active,DisciplineGuardrail
GR_SUB_COURSE_032_M7_S3,Subtopic,drought indices,drought indices,,Curriculum-derived disciplinary scope,Active,DisciplineGuardrail
GR_SUB_COURSE_032_M7_S4,Subtopic,early warning,early warning,,Curriculum-derived disciplinary scope,Active,DisciplineGuardrail
GR_SUB_COURSE_032_M7_S5,Subtopic,risk analysis,risk analysis,,Curriculum-derived disciplinary scope,Active,DisciplineGuardrail
GR_SUB_COURSE_033_M1_S1,Subtopic,pressure,pressure,,Curriculum-derived disciplinary scope,Active,DisciplineGuardrail
GR_SUB_COURSE_033_M1_S2,Subtopic,viscosity,Viscosity,,Curriculum-derived disciplinary scope,Active,DisciplineGuardrail
GR_SUB_COURSE_033_M1_S3,Subtopic,hydrostatics,hydrostatics,,Curriculum-derived disciplinary scope,Active,DisciplineGuardrail
GR_SUB_COURSE_033_M1_S4,Subtopic,Bernoulli equation,Bernoulli equation,,Curriculum-derived disciplinary scope,Active,DisciplineGuardrail
GR_SUB_COURSE_033_M1_S5,Subtopic,control volumes,Control volumes,,Curriculum-derived disciplinary scope,Active,DisciplineGuardrail
GR_SUB_COURSE_033_M2_S1,Subtopic,laminar flow,laminar flow,,Curriculum-derived disciplinary scope,Active,DisciplineGuardrail
GR_SUB_COURSE_033_M2_S2,Subtopic,turbulent flow,turbulent flow,,Curriculum-derived disciplinary scope,Active,DisciplineGuardrail
GR_SUB_COURSE_033_M2_S3,Subtopic,Darcy-Weisbach,Darcy-Weisbach,,Curriculum-derived disciplinary scope,Active,DisciplineGuardrail
GR_SUB_COURSE_033_M2_S4,Subtopic,minor losses,minor losses,,Curriculum-derived disciplinary scope,Active,DisciplineGuardrail
GR_SUB_COURSE_033_M2_S5,Subtopic,pipe networks,pipe networks,,Curriculum-derived disciplinary scope,Active,DisciplineGuardrail
GR_SUB_COURSE_033_M3_S1,Subtopic,specific energy,specific energy,,Curriculum-derived disciplinary scope,Active,DisciplineGuardrail
GR_SUB_COURSE_033_M3_S2,Subtopic,critical flow,critical flow,,Curriculum-derived disciplinary scope,Active,DisciplineGuardrail
GR_SUB_COURSE_033_M3_S3,Subtopic,uniform flow,uniform flow,,Curriculum-derived disciplinary scope,Active,DisciplineGuardrail
GR_SUB_COURSE_033_M3_S4,Subtopic,gradually varied flow,gradually varied flow,,Curriculum-derived disciplinary scope,Active,DisciplineGuardrail
GR_SUB_COURSE_033_M3_S5,Subtopic,hydraulic jumps,hydraulic jumps,,Curriculum-derived disciplinary scope,Active,DisciplineGuardrail
GR_SUB_COURSE_033_M4_S1,Subtopic,centrifugal pumps,Centrifugal pumps,,Curriculum-derived disciplinary scope,Active,DisciplineGuardrail
GR_SUB_COURSE_033_M4_S2,Subtopic,reciprocating pumps,reciprocating pumps,,Curriculum-derived disciplinary scope,Active,DisciplineGuardrail
GR_SUB_COURSE_033_M4_S3,Subtopic,turbines,turbines,,Curriculum-derived disciplinary scope,Active,DisciplineGuardrail
GR_SUB_COURSE_033_M4_S4,Subtopic,cavitation,cavitation,,Curriculum-derived disciplinary scope,Active,DisciplineGuardrail
GR_SUB_COURSE_033_M4_S5,Subtopic,performance curves,performance curves,,Curriculum-derived disciplinary scope,Active,DisciplineGuardrail
GR_SUB_COURSE_033_M5_S1,Subtopic,weirs,weirs,,Curriculum-derived disciplinary scope,Active,DisciplineGuardrail
GR_SUB_COURSE_033_M5_S2,Subtopic,spillways,spillways,,Curriculum-derived disciplinary scope,Active,DisciplineGuardrail
GR_SUB_COURSE_033_M5_S3,Subtopic,culverts,culverts,,Curriculum-derived disciplinary scope,Active,DisciplineGuardrail
GR_SUB_COURSE_033_M5_S4,Subtopic,energy dissipators,energy dissipators,,Curriculum-derived disciplinary scope,Active,DisciplineGuardrail
GR_SUB_COURSE_033_M5_S5,Subtopic,intake structures,intake structures,,Curriculum-derived disciplinary scope,Active,DisciplineGuardrail
GR_SUB_COURSE_033_M6_S1,Subtopic,surge pressure,surge pressure,,Curriculum-derived disciplinary scope,Active,DisciplineGuardrail
GR_SUB_COURSE_033_M6_S2,Subtopic,elastic pipe flow,elastic pipe flow,,Curriculum-derived disciplinary scope,Active,DisciplineGuardrail
GR_SUB_COURSE_033_M6_S3,Subtopic,wave speed,wave speed,,Curriculum-derived disciplinary scope,Active,DisciplineGuardrail
GR_SUB_COURSE_033_M6_S4,Subtopic,surge control,surge control,,Curriculum-derived disciplinary scope,Active,DisciplineGuardrail
GR_SUB_COURSE_033_M7_S1,Subtopic,network analysis,network analysis,,Curriculum-derived disciplinary scope,Active,DisciplineGuardrail
GR_SUB_COURSE_033_M7_S2,Subtopic,pump selection,pump selection,,Curriculum-derived disciplinary scope,Active,DisciplineGuardrail
GR_SUB_COURSE_033_M7_S3,Subtopic,system curves,system curves,,Curriculum-derived disciplinary scope,Active,DisciplineGuardrail
GR_SUB_COURSE_033_M7_S4,Subtopic,operational control,operational control,,Curriculum-derived disciplinary scope,Active,DisciplineGuardrail
GR_SUB_COURSE_034_M1_S1,Subtopic,mineral identification,mineral identification,,Curriculum-derived disciplinary scope,Active,DisciplineGuardrail
GR_SUB_COURSE_034_M1_S2,Subtopic,igneous rocks,igneous rocks,,Curriculum-derived disciplinary scope,Active,DisciplineGuardrail
GR_SUB_COURSE_034_M1_S3,Subtopic,sedimentary rocks,sedimentary rocks,,Curriculum-derived disciplinary scope,Active,DisciplineGuardrail
GR_SUB_COURSE_034_M1_S4,Subtopic,metamorphic rocks,metamorphic rocks,,Curriculum-derived disciplinary scope,Active,DisciplineGuardrail
GR_SUB_COURSE_034_M2_S1,Subtopic,physical weathering,physical weathering,,Curriculum-derived disciplinary scope,Active,DisciplineGuardrail
GR_SUB_COURSE_034_M2_S2,Subtopic,chemical weathering,chemical weathering,,Curriculum-derived disciplinary scope,Active,DisciplineGuardrail
GR_SUB_COURSE_034_M2_S3,Subtopic,erosion,erosion,,Curriculum-derived disciplinary scope,Active,DisciplineGuardrail
GR_SUB_COURSE_034_M2_S4,Subtopic,mass wasting,mass wasting,,Curriculum-derived disciplinary scope,Active,DisciplineGuardrail
GR_SUB_COURSE_034_M3_S1,Subtopic,bedding,bedding,,Curriculum-derived disciplinary scope,Active,DisciplineGuardrail
GR_SUB_COURSE_034_M3_S2,Subtopic,folds,folds,,Curriculum-derived disciplinary scope,Active,DisciplineGuardrail
GR_SUB_COURSE_034_M3_S3,Subtopic,faults,faults,,Curriculum-derived disciplinary scope,Active,DisciplineGuardrail
GR_SUB_COURSE_034_M3_S4,Subtopic,joints,joints,,Curriculum-derived disciplinary scope,Active,DisciplineGuardrail
GR_SUB_COURSE_034_M3_S5,Subtopic,shear zones,shear zones,,Curriculum-derived disciplinary scope,Active,DisciplineGuardrail
GR_SUB_COURSE_034_M4_S1,Subtopic,geological mapping,geological mapping,,Curriculum-derived disciplinary scope,Active,DisciplineGuardrail
GR_SUB_COURSE_034_M4_S2,Subtopic,discontinuity surveys,discontinuity surveys,,Curriculum-derived disciplinary scope,Active,DisciplineGuardrail
GR_SUB_COURSE_034_M4_S3,Subtopic,rock mass description,rock mass description,,Curriculum-derived disciplinary scope,Active,DisciplineGuardrail
GR_SUB_COURSE_034_M4_S4,Subtopic,geophysical methods,geophysical methods,,Curriculum-derived disciplinary scope,Active,DisciplineGuardrail
GR_SUB_COURSE_034_M5_S1,Subtopic,landslides,landslides,,Curriculum-derived disciplinary scope,Active,DisciplineGuardrail
GR_SUB_COURSE_034_M5_S2,Subtopic,earthquakes,earthquakes,,Curriculum-derived disciplinary scope,Active,DisciplineGuardrail
GR_SUB_COURSE_034_M5_S3,Subtopic,subsidence,subsidence,,Curriculum-derived disciplinary scope,Active,DisciplineGuardrail
GR_SUB_COURSE_034_M5_S4,Subtopic,expansive materials,expansive materials,,Curriculum-derived disciplinary scope,Active,DisciplineGuardrail
GR_SUB_COURSE_034_M5_S5,Subtopic,erosion hazards,erosion hazards,,Curriculum-derived disciplinary scope,Active,DisciplineGuardrail
GR_SUB_COURSE_034_M6_S1,Subtopic,rock foundations,rock foundations,,Curriculum-derived disciplinary scope,Active,DisciplineGuardrail
GR_SUB_COURSE_034_M6_S2,Subtopic,slope stability inputs,slope stability inputs,,Curriculum-derived disciplinary scope,Active,DisciplineGuardrail
GR_SUB_COURSE_034_M6_S3,Subtopic,tunnelling geology,tunnelling geology,,Curriculum-derived disciplinary scope,Active,DisciplineGuardrail
GR_SUB_COURSE_034_M6_S4,Subtopic,excavation conditions,excavation conditions,,Curriculum-derived disciplinary scope,Active,DisciplineGuardrail
GR_SUB_COURSE_034_M7_S1,Subtopic,dams,dams,,Curriculum-derived disciplinary scope,Active,DisciplineGuardrail
GR_SUB_COURSE_034_M7_S2,Subtopic,tunnels,tunnels,,Curriculum-derived disciplinary scope,Active,DisciplineGuardrail
GR_SUB_COURSE_034_M7_S3,Subtopic,roads,roads,,Curriculum-derived disciplinary scope,Active,DisciplineGuardrail
GR_SUB_COURSE_034_M7_S4,Subtopic,groundwater,groundwater,,Curriculum-derived disciplinary scope,Active,DisciplineGuardrail
GR_SUB_COURSE_034_M7_S5,Subtopic,geological risk assessment,geological risk assessment,,Curriculum-derived disciplinary scope,Active,DisciplineGuardrail
GR_SUB_COURSE_035_M1_S1,Subtopic,wireframe,wireframe,,Curriculum-derived disciplinary scope,Active,DisciplineGuardrail
GR_SUB_COURSE_035_M1_S2,Subtopic,surface modelling,surface modelling,,Curriculum-derived disciplinary scope,Active,DisciplineGuardrail
GR_SUB_COURSE_035_M1_S3,Subtopic,solid modelling,solid modelling,,Curriculum-derived disciplinary scope,Active,DisciplineGuardrail
GR_SUB_COURSE_035_M1_S4,Subtopic,parametric features,parametric features,,Curriculum-derived disciplinary scope,Active,DisciplineGuardrail
GR_SUB_COURSE_035_M1_S5,Subtopic,constraints,constraints,,Curriculum-derived disciplinary scope,Active,DisciplineGuardrail
GR_SUB_COURSE_035_M2_S1,Subtopic,sketching,sketching,,Curriculum-derived disciplinary scope,Active,DisciplineGuardrail
GR_SUB_COURSE_035_M2_S2,Subtopic,assemblies,assemblies,,Curriculum-derived disciplinary scope,Active,DisciplineGuardrail
GR_SUB_COURSE_035_M2_S3,Subtopic,design intent,design intent,,Curriculum-derived disciplinary scope,Active,DisciplineGuardrail
GR_SUB_COURSE_035_M2_S4,Subtopic,tolerancing,tolerancing,,Curriculum-derived disciplinary scope,Active,DisciplineGuardrail
GR_SUB_COURSE_035_M2_S5,Subtopic,design documentation,design documentation,,Curriculum-derived disciplinary scope,Active,DisciplineGuardrail
GR_SUB_COURSE_035_M3_S1,Subtopic,sectioning,sectioning,,Curriculum-derived disciplinary scope,Active,DisciplineGuardrail
GR_SUB_COURSE_035_M3_S2,Subtopic,dimensioning,dimensioning,,Curriculum-derived disciplinary scope,Active,DisciplineGuardrail
GR_SUB_COURSE_035_M3_S3,Subtopic,geometric dimensioning and tolerancing,geometric dimensioning and tolerancing,,Curriculum-derived disciplinary scope,Active,DisciplineGuardrail
GR_SUB_COURSE_035_M3_S4,Subtopic,bills of materials,bills of materials,,Curriculum-derived disciplinary scope,Active,DisciplineGuardrail
GR_SUB_COURSE_035_M4_S1,Subtopic,process planning,process planning,,Curriculum-derived disciplinary scope,Active,DisciplineGuardrail
GR_SUB_COURSE_035_M4_S2,Subtopic,Manufacturing routing,Manufacturing routing; Curricular scope: CAD/CAM. The concept is represented at the level of the stated mechanism; properties; constraints; and application criteria,,Curriculum-derived disciplinary scope,Active,DisciplineGuardrail
GR_SUB_COURSE_035_M4_S3,Subtopic,tooling,tooling,,Curriculum-derived disciplinary scope,Active,DisciplineGuardrail
GR_SUB_COURSE_035_M4_S4,Subtopic,setup planning,setup planning,,Curriculum-derived disciplinary scope,Active,DisciplineGuardrail
GR_SUB_COURSE_035_M4_S5,Subtopic,computer-aided process planning,computer-aided process planning,,Curriculum-derived disciplinary scope,Active,DisciplineGuardrail
GR_SUB_COURSE_035_M5_S1,Subtopic,coordinate systems,coordinate systems,,Curriculum-derived disciplinary scope,Active,DisciplineGuardrail
GR_SUB_COURSE_035_M5_S2,Subtopic,G-code,G-code,,Curriculum-derived disciplinary scope,Active,DisciplineGuardrail
GR_SUB_COURSE_035_M5_S3,Subtopic,tool paths,tool paths,,Curriculum-derived disciplinary scope,Active,DisciplineGuardrail
GR_SUB_COURSE_035_M5_S4,Subtopic,interpolation,interpolation,,Curriculum-derived disciplinary scope,Active,DisciplineGuardrail
GR_SUB_COURSE_035_M5_S5,Subtopic,machining simulation,machining simulation,,Curriculum-derived disciplinary scope,Active,DisciplineGuardrail
GR_SUB_COURSE_035_M6_S1,Subtopic,CAM workflows,CAM workflows,,Curriculum-derived disciplinary scope,Active,DisciplineGuardrail
GR_SUB_COURSE_035_M6_S2,Subtopic,tool-path generation,tool-path generation,,Curriculum-derived disciplinary scope,Active,DisciplineGuardrail
GR_SUB_COURSE_035_M6_S3,Subtopic,verification,verification,,Curriculum-derived disciplinary scope,Active,DisciplineGuardrail
GR_SUB_COURSE_035_M6_S4,Subtopic,post-processing,post-processing,,Curriculum-derived disciplinary scope,Active,DisciplineGuardrail
GR_SUB_COURSE_035_M6_S5,Subtopic,machining optimization,machining optimization,,Curriculum-derived disciplinary scope,Active,DisciplineGuardrail
GR_SUB_COURSE_035_M7_S1,Subtopic,associativity,associativity,,Curriculum-derived disciplinary scope,Active,DisciplineGuardrail
GR_SUB_COURSE_035_M7_S2,Subtopic,product data exchange,product data exchange,,Curriculum-derived disciplinary scope,Active,DisciplineGuardrail
GR_SUB_COURSE_035_M7_S3,Subtopic,Product Lifecycle Management (PLM),PLM,,Curriculum-derived disciplinary scope,Active,DisciplineGuardrail
GR_SUB_COURSE_035_M7_S4,Subtopic,digital thread,digital thread,,Curriculum-derived disciplinary scope,Active,DisciplineGuardrail
GR_SUB_COURSE_035_M7_S5,Subtopic,model-based definition,model-based definition,,Curriculum-derived disciplinary scope,Active,DisciplineGuardrail
GR_SUB_COURSE_036_M1_S1,Subtopic,measurement principles,measurement principles,,Curriculum-derived disciplinary scope,Active,DisciplineGuardrail
GR_SUB_COURSE_036_M1_S2,Subtopic,position,position,,Curriculum-derived disciplinary scope,Active,DisciplineGuardrail
GR_SUB_COURSE_036_M1_S3,Subtopic,velocity,velocity,,Curriculum-derived disciplinary scope,Active,DisciplineGuardrail
GR_SUB_COURSE_036_M1_S4,Subtopic,force,force,,Curriculum-derived disciplinary scope,Active,DisciplineGuardrail
GR_SUB_COURSE_036_M1_S5,Subtopic,pressure,pressure,,Curriculum-derived disciplinary scope,Active,DisciplineGuardrail
GR_SUB_COURSE_036_M1_S6,Subtopic,temperature sensing,temperature sensing,,Curriculum-derived disciplinary scope,Active,DisciplineGuardrail
GR_SUB_COURSE_036_M2_S1,Subtopic,DC motors,DC motors,,Curriculum-derived disciplinary scope,Active,DisciplineGuardrail
GR_SUB_COURSE_036_M2_S2,Subtopic,stepper motors,stepper motors,,Curriculum-derived disciplinary scope,Active,DisciplineGuardrail
GR_SUB_COURSE_036_M2_S3,Subtopic,servo drives,servo drives,,Curriculum-derived disciplinary scope,Active,DisciplineGuardrail
GR_SUB_COURSE_036_M2_S4,Subtopic,solenoids,solenoids,,Curriculum-derived disciplinary scope,Active,DisciplineGuardrail
GR_SUB_COURSE_036_M2_S5,Subtopic,pneumatic and hydraulic actuators,pneumatic and hydraulic actuators,,Curriculum-derived disciplinary scope,Active,DisciplineGuardrail
GR_SUB_COURSE_036_M3_S1,Subtopic,microcontrollers,microcontrollers,,Curriculum-derived disciplinary scope,Active,DisciplineGuardrail
GR_SUB_COURSE_036_M3_S2,Subtopic,Input/Output (I/O),I/O,,Curriculum-derived disciplinary scope,Active,DisciplineGuardrail
GR_SUB_COURSE_036_M3_S3,Subtopic,timers,timers,,Curriculum-derived disciplinary scope,Active,DisciplineGuardrail
GR_SUB_COURSE_036_M3_S4,Subtopic,interrupts,interrupts,,Curriculum-derived disciplinary scope,Active,DisciplineGuardrail
GR_SUB_COURSE_036_M3_S5,Subtopic,Analog-to-Digital / Digital-to-Analog Conversion (ADC/DAC),ADC/DAC,,Curriculum-derived disciplinary scope,Active,DisciplineGuardrail
GR_SUB_COURSE_036_M3_S6,Subtopic,real-time execution,real-time execution,,Curriculum-derived disciplinary scope,Active,DisciplineGuardrail
GR_SUB_COURSE_036_M4_S1,Subtopic,amplification,amplification,,Curriculum-derived disciplinary scope,Active,DisciplineGuardrail
GR_SUB_COURSE_036_M4_S2,Subtopic,filtering,filtering,,Curriculum-derived disciplinary scope,Active,DisciplineGuardrail
GR_SUB_COURSE_036_M4_S3,Subtopic,Measurement isolation,Measurement isolation; Curricular scope: Mechatronics; Electrical Measurements and Instrumentation. The concept is represented at the level of the stated mechanism; properties; constraints; and application criteria,,Curriculum-derived disciplinary scope,Active,DisciplineGuardrail
GR_SUB_COURSE_036_M4_S4,Subtopic,Signal sampling,Signal sampling; Curricular scope: Mechatronics; Electrical Measurements and Instrumentation. The concept is represented at the level of the stated mechanism; properties; constraints; and application criteria,,Curriculum-derived disciplinary scope,Active,DisciplineGuardrail
GR_SUB_COURSE_036_M4_S5,Subtopic,data acquisition,data acquisition,,Curriculum-derived disciplinary scope,Active,DisciplineGuardrail
GR_SUB_COURSE_036_M5_S1,Subtopic,dynamic models,dynamic models,,Curriculum-derived disciplinary scope,Active,DisciplineGuardrail
GR_SUB_COURSE_036_M5_S2,Subtopic,transfer functions,transfer functions,,Curriculum-derived disciplinary scope,Active,DisciplineGuardrail
GR_SUB_COURSE_036_M5_S3,Subtopic,state-space,state-space,,Curriculum-derived disciplinary scope,Active,DisciplineGuardrail
GR_SUB_COURSE_036_M5_S4,Subtopic,feedback,feedback,,Curriculum-derived disciplinary scope,Active,DisciplineGuardrail
GR_SUB_COURSE_036_M5_S5,Subtopic,PID control,PID control,,Curriculum-derived disciplinary scope,Active,DisciplineGuardrail
GR_SUB_COURSE_036_M6_S1,Subtopic,mechanical-electrical interfaces,mechanical-electrical interfaces,,Curriculum-derived disciplinary scope,Active,DisciplineGuardrail
GR_SUB_COURSE_036_M6_S2,Subtopic,embedded software,embedded software,,Curriculum-derived disciplinary scope,Active,DisciplineGuardrail
GR_SUB_COURSE_036_M6_S3,Subtopic,control architecture,control architecture,,Curriculum-derived disciplinary scope,Active,DisciplineGuardrail
GR_SUB_COURSE_036_M6_S4,Subtopic,system integration,system integration,,Curriculum-derived disciplinary scope,Active,DisciplineGuardrail
GR_SUB_COURSE_036_M7_S1,Subtopic,verification,verification,,Curriculum-derived disciplinary scope,Active,DisciplineGuardrail
GR_SUB_COURSE_036_M7_S2,Subtopic,validation,validation,,Curriculum-derived disciplinary scope,Active,DisciplineGuardrail
GR_SUB_COURSE_036_M7_S3,Subtopic,fault diagnosis,fault diagnosis,,Curriculum-derived disciplinary scope,Active,DisciplineGuardrail
GR_SUB_COURSE_036_M7_S4,Subtopic,Engineering calibration,Engineering calibration; Mechatronics → Testing and Reliability of Mechatronic Systems: calibration of sensors; measurement chains; and associated instrumentation; calibration is distinct from adjustment.; instrument calibration,,Curriculum-derived disciplinary scope,Active,DisciplineGuardrail
GR_SUB_COURSE_036_M7_S5,Subtopic,reliability testing,reliability testing,,Curriculum-derived disciplinary scope,Active,DisciplineGuardrail
GR_SUB_COURSE_037_M1_S1,Subtopic,vapour-compression cycle,vapour-compression cycle,,Curriculum-derived disciplinary scope,Active,DisciplineGuardrail
GR_SUB_COURSE_037_M1_S2,Subtopic,refrigeration effect,refrigeration effect,,Curriculum-derived disciplinary scope,Active,DisciplineGuardrail
GR_SUB_COURSE_037_M1_S3,Subtopic,Coefficient of Performance (COP),COP,,Curriculum-derived disciplinary scope,Active,DisciplineGuardrail
GR_SUB_COURSE_037_M1_S4,Subtopic,pressure-enthalpy analysis,pressure-enthalpy analysis,,Curriculum-derived disciplinary scope,Active,DisciplineGuardrail
GR_SUB_COURSE_037_M2_S1,Subtopic,refrigerant properties,refrigerant properties,,Curriculum-derived disciplinary scope,Active,DisciplineGuardrail
GR_SUB_COURSE_037_M2_S2,Subtopic,Refrigerant classification,Refrigerant classification; Curricular scope: Refrigeration and Air Conditioning. The concept is represented at the level of the stated mechanism; properties; constraints; and application criteria,,Curriculum-derived disciplinary scope,Active,DisciplineGuardrail
GR_SUB_COURSE_037_M2_S3,Subtopic,safety,safety,,Curriculum-derived disciplinary scope,Active,DisciplineGuardrail
GR_SUB_COURSE_037_M2_S4,Subtopic,phase-out and alternatives,phase-out and alternatives,,Curriculum-derived disciplinary scope,Active,DisciplineGuardrail
GR_SUB_COURSE_037_M3_S1,Subtopic,compressors,compressors,,Curriculum-derived disciplinary scope,Active,DisciplineGuardrail
GR_SUB_COURSE_037_M3_S2,Subtopic,condensers,condensers,,Curriculum-derived disciplinary scope,Active,DisciplineGuardrail
GR_SUB_COURSE_037_M3_S3,Subtopic,expansion devices,expansion devices,,Curriculum-derived disciplinary scope,Active,DisciplineGuardrail
GR_SUB_COURSE_037_M3_S4,Subtopic,evaporators,evaporators,,Curriculum-derived disciplinary scope,Active,DisciplineGuardrail
GR_SUB_COURSE_037_M3_S5,Subtopic,controls,controls,,Curriculum-derived disciplinary scope,Active,DisciplineGuardrail
GR_SUB_COURSE_037_M4_S1,Subtopic,humidity ratio,humidity ratio,,Curriculum-derived disciplinary scope,Active,DisciplineGuardrail
GR_SUB_COURSE_037_M4_S2,Subtopic,relative humidity,relative humidity,,Curriculum-derived disciplinary scope,Active,DisciplineGuardrail
GR_SUB_COURSE_037_M4_S3,Subtopic,psychrometric chart,psychrometric chart,,Curriculum-derived disciplinary scope,Active,DisciplineGuardrail
GR_SUB_COURSE_037_M4_S4,Subtopic,air mixing,air mixing,,Curriculum-derived disciplinary scope,Active,DisciplineGuardrail
GR_SUB_COURSE_037_M4_S5,Subtopic,dew point,dew point,,Curriculum-derived disciplinary scope,Active,DisciplineGuardrail
GR_SUB_COURSE_037_M5_S1,Subtopic,sensible and latent loads,sensible and latent loads,,Curriculum-derived disciplinary scope,Active,DisciplineGuardrail
GR_SUB_COURSE_037_M5_S2,Subtopic,heat gains,heat gains,,Curriculum-derived disciplinary scope,Active,DisciplineGuardrail
GR_SUB_COURSE_037_M5_S3,Subtopic,ventilation,ventilation,,Curriculum-derived disciplinary scope,Active,DisciplineGuardrail
GR_SUB_COURSE_037_M5_S4,Subtopic,Air infiltration,Air infiltration; Curricular scope: Refrigeration and Air Conditioning. The concept is represented at the level of the stated mechanism; properties; constraints; and application criteria,,Curriculum-derived disciplinary scope,Active,DisciplineGuardrail
GR_SUB_COURSE_037_M5_S5,Subtopic,load calculation,load calculation,,Curriculum-derived disciplinary scope,Active,DisciplineGuardrail
GR_SUB_COURSE_037_M6_S1,Subtopic,all-air systems,all-air systems,,Curriculum-derived disciplinary scope,Active,DisciplineGuardrail
GR_SUB_COURSE_037_M6_S2,Subtopic,chilled-water systems,chilled-water systems,,Curriculum-derived disciplinary scope,Active,DisciplineGuardrail
GR_SUB_COURSE_037_M6_S3,Subtopic,variable air volume,variable air volume,,Curriculum-derived disciplinary scope,Active,DisciplineGuardrail
GR_SUB_COURSE_037_M6_S4,Subtopic,equipment selection,equipment selection,,Curriculum-derived disciplinary scope,Active,DisciplineGuardrail
GR_SUB_COURSE_037_M7_S1,Subtopic,Coefficient of Performance / Energy Efficiency Ratio (COP/EER),COP/EER,,Curriculum-derived disciplinary scope,Active,DisciplineGuardrail
GR_SUB_COURSE_037_M7_S2,Subtopic,part-load performance,part-load performance,,Curriculum-derived disciplinary scope,Active,DisciplineGuardrail
GR_SUB_COURSE_037_M7_S3,Subtopic,commissioning,commissioning,,Curriculum-derived disciplinary scope,Active,DisciplineGuardrail
GR_SUB_COURSE_037_M7_S4,Subtopic,fault diagnosis,fault diagnosis,,Curriculum-derived disciplinary scope,Active,DisciplineGuardrail
GR_SUB_COURSE_037_M7_S5,Subtopic,maintenance,maintenance,,Curriculum-derived disciplinary scope,Active,DisciplineGuardrail
GR_SUB_COURSE_038_M1_S1,Subtopic,Otto cycle,Otto cycle,,Curriculum-derived disciplinary scope,Active,DisciplineGuardrail
GR_SUB_COURSE_038_M1_S2,Subtopic,Diesel cycle,Diesel cycle,,Curriculum-derived disciplinary scope,Active,DisciplineGuardrail
GR_SUB_COURSE_038_M1_S3,Subtopic,dual cycle,dual cycle,,Curriculum-derived disciplinary scope,Active,DisciplineGuardrail
GR_SUB_COURSE_038_M1_S4,Subtopic,two-stroke/four-stroke,two-stroke/four-stroke,,Curriculum-derived disciplinary scope,Active,DisciplineGuardrail
GR_SUB_COURSE_038_M1_S5,Subtopic,engine configurations,engine configurations,,Curriculum-derived disciplinary scope,Active,DisciplineGuardrail
GR_SUB_COURSE_038_M2_S1,Subtopic,cylinder,cylinder,,Curriculum-derived disciplinary scope,Active,DisciplineGuardrail
GR_SUB_COURSE_038_M2_S2,Subtopic,piston,piston,,Curriculum-derived disciplinary scope,Active,DisciplineGuardrail
GR_SUB_COURSE_038_M2_S3,Subtopic,crankshaft,crankshaft,,Curriculum-derived disciplinary scope,Active,DisciplineGuardrail
GR_SUB_COURSE_038_M2_S4,Subtopic,valve train,valve train,,Curriculum-derived disciplinary scope,Active,DisciplineGuardrail
GR_SUB_COURSE_038_M2_S5,Subtopic,lubrication,lubrication,,Curriculum-derived disciplinary scope,Active,DisciplineGuardrail
GR_SUB_COURSE_038_M2_S6,Subtopic,cooling,cooling,,Curriculum-derived disciplinary scope,Active,DisciplineGuardrail
GR_SUB_COURSE_038_M3_S1,Subtopic,air intake,air intake,,Curriculum-derived disciplinary scope,Active,DisciplineGuardrail
GR_SUB_COURSE_038_M3_S2,Subtopic,turbocharging,turbocharging,,Curriculum-derived disciplinary scope,Active,DisciplineGuardrail
GR_SUB_COURSE_038_M3_S3,Subtopic,fuel injection,fuel injection,,Curriculum-derived disciplinary scope,Active,DisciplineGuardrail
GR_SUB_COURSE_038_M3_S4,Subtopic,ignition,ignition,,Curriculum-derived disciplinary scope,Active,DisciplineGuardrail
GR_SUB_COURSE_038_M3_S5,Subtopic,mixture formation,mixture formation,,Curriculum-derived disciplinary scope,Active,DisciplineGuardrail
GR_SUB_COURSE_038_M4_S1,Subtopic,flame development,flame development,,Curriculum-derived disciplinary scope,Active,DisciplineGuardrail
GR_SUB_COURSE_038_M4_S2,Subtopic,ignition delay,ignition delay,,Curriculum-derived disciplinary scope,Active,DisciplineGuardrail
GR_SUB_COURSE_038_M4_S3,Subtopic,knock,knock,,Curriculum-derived disciplinary scope,Active,DisciplineGuardrail
GR_SUB_COURSE_038_M4_S4,Subtopic,combustion efficiency,combustion efficiency,,Curriculum-derived disciplinary scope,Active,DisciplineGuardrail
GR_SUB_COURSE_038_M4_S5,Subtopic,heat release,heat release,,Curriculum-derived disciplinary scope,Active,DisciplineGuardrail
GR_SUB_COURSE_038_M5_S1,Subtopic,brake power,brake power,,Curriculum-derived disciplinary scope,Active,DisciplineGuardrail
GR_SUB_COURSE_038_M5_S2,Subtopic,indicated power,indicated power,,Curriculum-derived disciplinary scope,Active,DisciplineGuardrail
GR_SUB_COURSE_038_M5_S3,Subtopic,efficiency,efficiency,,Curriculum-derived disciplinary scope,Active,DisciplineGuardrail
GR_SUB_COURSE_038_M5_S4,Subtopic,specific fuel consumption,specific fuel consumption,,Curriculum-derived disciplinary scope,Active,DisciplineGuardrail
GR_SUB_COURSE_038_M5_S5,Subtopic,performance testing,performance testing,,Curriculum-derived disciplinary scope,Active,DisciplineGuardrail
GR_SUB_COURSE_038_M6_S1,Subtopic,NOx,NOx,,Curriculum-derived disciplinary scope,Active,DisciplineGuardrail
GR_SUB_COURSE_038_M6_S2,Subtopic,particulate matter,particulate matter,,Curriculum-derived disciplinary scope,Active,DisciplineGuardrail
GR_SUB_COURSE_038_M6_S3,Subtopic,Carbon Monoxide (CO),CO,,Curriculum-derived disciplinary scope,Active,DisciplineGuardrail
GR_SUB_COURSE_038_M6_S4,Subtopic,hydrocarbons,hydrocarbons,,Curriculum-derived disciplinary scope,Active,DisciplineGuardrail
GR_SUB_COURSE_038_M6_S5,Subtopic,oxidation catalysts,oxidation catalysts,,Curriculum-derived disciplinary scope,Active,DisciplineGuardrail
GR_SUB_COURSE_038_M6_S6,Subtopic,particulate filters,particulate filters,,Curriculum-derived disciplinary scope,Active,DisciplineGuardrail
GR_SUB_COURSE_038_M7_S1,Subtopic,electronic control,electronic control,,Curriculum-derived disciplinary scope,Active,DisciplineGuardrail
GR_SUB_COURSE_038_M7_S2,Subtopic,sensors,sensors,,Curriculum-derived disciplinary scope,Active,DisciplineGuardrail
GR_SUB_COURSE_038_M7_S3,Subtopic,actuators,actuators,,Curriculum-derived disciplinary scope,Active,DisciplineGuardrail
GR_SUB_COURSE_038_M7_S4,Subtopic,diagnostics,diagnostics,,Curriculum-derived disciplinary scope,Active,DisciplineGuardrail
GR_SUB_COURSE_038_M7_S5,Subtopic,Engine calibration,Engine calibration; Internal Combustion Engines → Engine Control and Diagnostics: calibration of control parameters and maps; validation against performance and emissions constraints; and operating-range considerations.; engine control calibration,,Curriculum-derived disciplinary scope,Active,DisciplineGuardrail
GR_SUB_COURSE_039_M1_S1,Subtopic,crystal structures,crystal structures,,Curriculum-derived disciplinary scope,Active,DisciplineGuardrail
GR_SUB_COURSE_039_M1_S2,Subtopic,defects,defects,,Curriculum-derived disciplinary scope,Active,DisciplineGuardrail
GR_SUB_COURSE_039_M1_S3,Subtopic,diffusion,diffusion,,Curriculum-derived disciplinary scope,Active,DisciplineGuardrail
GR_SUB_COURSE_039_M1_S4,Subtopic,phase structure,phase structure,,Curriculum-derived disciplinary scope,Active,DisciplineGuardrail
GR_SUB_COURSE_039_M1_S5,Subtopic,mechanical properties,mechanical properties,,Curriculum-derived disciplinary scope,Active,DisciplineGuardrail
GR_SUB_COURSE_039_M2_S1,Subtopic,steels,steels,,Curriculum-derived disciplinary scope,Active,DisciplineGuardrail
GR_SUB_COURSE_039_M2_S2,Subtopic,cast irons,cast irons,,Curriculum-derived disciplinary scope,Active,DisciplineGuardrail
GR_SUB_COURSE_039_M2_S3,Subtopic,phase transformations,phase transformations,,Curriculum-derived disciplinary scope,Active,DisciplineGuardrail
GR_SUB_COURSE_039_M2_S4,Subtopic,heat treatment,heat treatment,,Curriculum-derived disciplinary scope,Active,DisciplineGuardrail
GR_SUB_COURSE_039_M2_S5,Subtopic,alloying,alloying,,Curriculum-derived disciplinary scope,Active,DisciplineGuardrail
GR_SUB_COURSE_039_M3_S1,Subtopic,aluminium,aluminium,,Curriculum-derived disciplinary scope,Active,DisciplineGuardrail
GR_SUB_COURSE_039_M3_S2,Subtopic,copper,copper,,Curriculum-derived disciplinary scope,Active,DisciplineGuardrail
GR_SUB_COURSE_039_M3_S3,Subtopic,titanium,titanium,,Curriculum-derived disciplinary scope,Active,DisciplineGuardrail
GR_SUB_COURSE_039_M3_S4,Subtopic,nickel alloys,nickel alloys,,Curriculum-derived disciplinary scope,Active,DisciplineGuardrail
GR_SUB_COURSE_039_M3_S5,Subtopic,selection criteria,selection criteria,,Curriculum-derived disciplinary scope,Active,DisciplineGuardrail
GR_SUB_COURSE_039_M4_S1,Subtopic,thermoplastics,thermoplastics,,Curriculum-derived disciplinary scope,Active,DisciplineGuardrail
GR_SUB_COURSE_039_M4_S2,Subtopic,thermosets,thermosets,,Curriculum-derived disciplinary scope,Active,DisciplineGuardrail
GR_SUB_COURSE_039_M4_S3,Subtopic,elastomers,elastomers,,Curriculum-derived disciplinary scope,Active,DisciplineGuardrail
GR_SUB_COURSE_039_M4_S4,Subtopic,ceramics,ceramics,,Curriculum-derived disciplinary scope,Active,DisciplineGuardrail
GR_SUB_COURSE_039_M4_S5,Subtopic,processing-property relations,processing-property relations,,Curriculum-derived disciplinary scope,Active,DisciplineGuardrail
GR_SUB_COURSE_039_M5_S1,Subtopic,fibres,fibres,,Curriculum-derived disciplinary scope,Active,DisciplineGuardrail
GR_SUB_COURSE_039_M5_S2,Subtopic,matrices,matrices,,Curriculum-derived disciplinary scope,Active,DisciplineGuardrail
GR_SUB_COURSE_039_M5_S3,Subtopic,laminates,laminates,,Curriculum-derived disciplinary scope,Active,DisciplineGuardrail
GR_SUB_COURSE_039_M5_S4,Subtopic,anisotropy,anisotropy,,Curriculum-derived disciplinary scope,Active,DisciplineGuardrail
GR_SUB_COURSE_039_M5_S5,Subtopic,failure mechanisms,failure mechanisms,,Curriculum-derived disciplinary scope,Active,DisciplineGuardrail
GR_SUB_COURSE_039_M6_S1,Subtopic,casting,casting,,Curriculum-derived disciplinary scope,Active,DisciplineGuardrail
GR_SUB_COURSE_039_M6_S2,Subtopic,forming,forming,,Curriculum-derived disciplinary scope,Active,DisciplineGuardrail
GR_SUB_COURSE_039_M6_S3,Subtopic,machining,machining,,Curriculum-derived disciplinary scope,Active,DisciplineGuardrail
GR_SUB_COURSE_039_M6_S4,Subtopic,joining,joining,,Curriculum-derived disciplinary scope,Active,DisciplineGuardrail
GR_SUB_COURSE_039_M6_S5,Subtopic,additive manufacturing,additive manufacturing,,Curriculum-derived disciplinary scope,Active,DisciplineGuardrail
GR_SUB_COURSE_039_M7_S1,Subtopic,Ashby-style selection,Ashby-style selection,,Curriculum-derived disciplinary scope,Active,DisciplineGuardrail
GR_SUB_COURSE_039_M7_S2,Subtopic,corrosion,corrosion,,Curriculum-derived disciplinary scope,Active,DisciplineGuardrail
GR_SUB_COURSE_039_M7_S3,Subtopic,fatigue,fatigue,,Curriculum-derived disciplinary scope,Active,DisciplineGuardrail
GR_SUB_COURSE_039_M7_S4,Subtopic,fracture,fracture,,Curriculum-derived disciplinary scope,Active,DisciplineGuardrail
GR_SUB_COURSE_039_M7_S5,Subtopic,wear,wear,,Curriculum-derived disciplinary scope,Active,DisciplineGuardrail
GR_SUB_COURSE_039_M7_S6,Subtopic,failure analysis,failure analysis,,Curriculum-derived disciplinary scope,Active,DisciplineGuardrail
GR_SUB_COURSE_040_M1_S1,Subtopic,SI units,SI units,,Curriculum-derived disciplinary scope,Active,DisciplineGuardrail
GR_SUB_COURSE_040_M1_S2,Subtopic,dimensional consistency,dimensional consistency,,Curriculum-derived disciplinary scope,Active,DisciplineGuardrail
GR_SUB_COURSE_040_M1_S3,Subtopic,concentration,concentration,,Curriculum-derived disciplinary scope,Active,DisciplineGuardrail
GR_SUB_COURSE_040_M1_S4,Subtopic,flow rates,flow rates,,Curriculum-derived disciplinary scope,Active,DisciplineGuardrail
GR_SUB_COURSE_040_M1_S5,Subtopic,pressure,pressure,,Curriculum-derived disciplinary scope,Active,DisciplineGuardrail
GR_SUB_COURSE_040_M1_S6,Subtopic,temperature,temperature,,Curriculum-derived disciplinary scope,Active,DisciplineGuardrail
GR_SUB_COURSE_040_M2_S1,Subtopic,mass conservation,mass conservation,,Curriculum-derived disciplinary scope,Active,DisciplineGuardrail
GR_SUB_COURSE_040_M2_S2,Subtopic,component balances,component balances,,Curriculum-derived disciplinary scope,Active,DisciplineGuardrail
GR_SUB_COURSE_040_M2_S3,Subtopic,basis selection,basis selection,,Curriculum-derived disciplinary scope,Active,DisciplineGuardrail
GR_SUB_COURSE_040_M2_S4,Subtopic,recycle,recycle,,Curriculum-derived disciplinary scope,Active,DisciplineGuardrail
GR_SUB_COURSE_040_M2_S5,Subtopic,purge,purge,,Curriculum-derived disciplinary scope,Active,DisciplineGuardrail
GR_SUB_COURSE_040_M3_S1,Subtopic,stoichiometry,stoichiometry,,Curriculum-derived disciplinary scope,Active,DisciplineGuardrail
GR_SUB_COURSE_040_M3_S2,Subtopic,conversion,conversion,,Curriculum-derived disciplinary scope,Active,DisciplineGuardrail
GR_SUB_COURSE_040_M3_S3,Subtopic,yield,yield,,Curriculum-derived disciplinary scope,Active,DisciplineGuardrail
GR_SUB_COURSE_040_M3_S4,Subtopic,selectivity,selectivity,,Curriculum-derived disciplinary scope,Active,DisciplineGuardrail
GR_SUB_COURSE_040_M3_S5,Subtopic,extent of reaction,extent of reaction,,Curriculum-derived disciplinary scope,Active,DisciplineGuardrail
GR_SUB_COURSE_040_M4_S1,Subtopic,enthalpy,enthalpy,,Curriculum-derived disciplinary scope,Active,DisciplineGuardrail
GR_SUB_COURSE_040_M4_S2,Subtopic,heat capacity,heat capacity,,Curriculum-derived disciplinary scope,Active,DisciplineGuardrail
GR_SUB_COURSE_040_M4_S3,Subtopic,phase change,phase change,,Curriculum-derived disciplinary scope,Active,DisciplineGuardrail
GR_SUB_COURSE_040_M4_S4,Subtopic,heat effects,heat effects,,Curriculum-derived disciplinary scope,Active,DisciplineGuardrail
GR_SUB_COURSE_040_M4_S5,Subtopic,steady-state energy balances,steady-state energy balances,,Curriculum-derived disciplinary scope,Active,DisciplineGuardrail
GR_SUB_COURSE_040_M5_S1,Subtopic,coupled balances,coupled balances,,Curriculum-derived disciplinary scope,Active,DisciplineGuardrail
GR_SUB_COURSE_040_M5_S2,Subtopic,process streams,process streams,,Curriculum-derived disciplinary scope,Active,DisciplineGuardrail
GR_SUB_COURSE_040_M5_S3,Subtopic,heat integration basics,heat integration basics,,Curriculum-derived disciplinary scope,Active,DisciplineGuardrail
GR_SUB_COURSE_040_M5_S4,Subtopic,degrees of freedom,degrees of freedom,,Curriculum-derived disciplinary scope,Active,DisciplineGuardrail
GR_SUB_COURSE_040_M6_S1,Subtopic,flowsheets,flowsheets,,Curriculum-derived disciplinary scope,Active,DisciplineGuardrail
GR_SUB_COURSE_040_M6_S2,Subtopic,stream tables,stream tables,,Curriculum-derived disciplinary scope,Active,DisciplineGuardrail
GR_SUB_COURSE_040_M6_S3,Subtopic,process specifications,process specifications,,Curriculum-derived disciplinary scope,Active,DisciplineGuardrail
GR_SUB_COURSE_040_M6_S4,Subtopic,numerical solution,numerical solution,,Curriculum-derived disciplinary scope,Active,DisciplineGuardrail
GR_SUB_COURSE_040_M6_S5,Subtopic,sensitivity,sensitivity,,Curriculum-derived disciplinary scope,Active,DisciplineGuardrail
GR_SUB_COURSE_041_M1_S1,Subtopic,density,density,,Curriculum-derived disciplinary scope,Active,DisciplineGuardrail
GR_SUB_COURSE_041_M1_S2,Subtopic,viscosity,Viscosity,,Curriculum-derived disciplinary scope,Active,DisciplineGuardrail
GR_SUB_COURSE_041_M1_S3,Subtopic,Newtonian fluids,Newtonian fluids,,Curriculum-derived disciplinary scope,Active,DisciplineGuardrail
GR_SUB_COURSE_041_M1_S4,Subtopic,hydrostatics,hydrostatics,,Curriculum-derived disciplinary scope,Active,DisciplineGuardrail
GR_SUB_COURSE_041_M1_S5,Subtopic,pressure measurement,pressure measurement,,Curriculum-derived disciplinary scope,Active,DisciplineGuardrail
GR_SUB_COURSE_041_M2_S1,Subtopic,laminar flow,laminar flow,,Curriculum-derived disciplinary scope,Active,DisciplineGuardrail
GR_SUB_COURSE_041_M2_S2,Subtopic,turbulent flow,turbulent flow,,Curriculum-derived disciplinary scope,Active,DisciplineGuardrail
GR_SUB_COURSE_041_M2_S3,Subtopic,friction factor,friction factor,,Curriculum-derived disciplinary scope,Active,DisciplineGuardrail
GR_SUB_COURSE_041_M2_S4,Subtopic,pipe fittings,pipe fittings,,Curriculum-derived disciplinary scope,Active,DisciplineGuardrail
GR_SUB_COURSE_041_M2_S5,Subtopic,pumping requirements,pumping requirements,,Curriculum-derived disciplinary scope,Active,DisciplineGuardrail
GR_SUB_COURSE_041_M3_S1,Subtopic,drag,drag,,Curriculum-derived disciplinary scope,Active,DisciplineGuardrail
GR_SUB_COURSE_041_M3_S2,Subtopic,boundary layers,Boundary layers,,Curriculum-derived disciplinary scope,Active,DisciplineGuardrail
GR_SUB_COURSE_041_M3_S3,Subtopic,flow separation,flow separation,,Curriculum-derived disciplinary scope,Active,DisciplineGuardrail
GR_SUB_COURSE_041_M3_S4,Subtopic,pressure drop,pressure drop,,Curriculum-derived disciplinary scope,Active,DisciplineGuardrail
GR_SUB_COURSE_041_M4_S1,Subtopic,momentum balance,momentum balance,,Curriculum-derived disciplinary scope,Active,DisciplineGuardrail
GR_SUB_COURSE_041_M4_S2,Subtopic,dimensional groups,dimensional groups,,Curriculum-derived disciplinary scope,Active,DisciplineGuardrail
GR_SUB_COURSE_041_M4_S3,Subtopic,similitude,similitude,,Curriculum-derived disciplinary scope,Active,DisciplineGuardrail
GR_SUB_COURSE_041_M4_S4,Subtopic,scale-up,scale-up,,Curriculum-derived disciplinary scope,Active,DisciplineGuardrail
GR_SUB_COURSE_041_M5_S1,Subtopic,Fourier law,Fourier law,,Curriculum-derived disciplinary scope,Active,DisciplineGuardrail
GR_SUB_COURSE_041_M5_S2,Subtopic,steady conduction,steady conduction,,Curriculum-derived disciplinary scope,Active,DisciplineGuardrail
GR_SUB_COURSE_041_M5_S3,Subtopic,transient conduction,transient conduction,,Curriculum-derived disciplinary scope,Active,DisciplineGuardrail
GR_SUB_COURSE_041_M5_S4,Subtopic,natural and forced convection,natural and forced convection,,Curriculum-derived disciplinary scope,Active,DisciplineGuardrail
GR_SUB_COURSE_041_M6_S1,Subtopic,Log Mean Temperature Difference (LMTD),LMTD,,Curriculum-derived disciplinary scope,Active,DisciplineGuardrail
GR_SUB_COURSE_041_M6_S2,Subtopic,effectiveness-NTU,effectiveness-NTU,,Curriculum-derived disciplinary scope,Active,DisciplineGuardrail
GR_SUB_COURSE_041_M6_S3,Subtopic,exchanger configurations,exchanger configurations,,Curriculum-derived disciplinary scope,Active,DisciplineGuardrail
GR_SUB_COURSE_041_M6_S4,Subtopic,fouling,fouling,,Curriculum-derived disciplinary scope,Active,DisciplineGuardrail
GR_SUB_COURSE_041_M6_S5,Subtopic,design,design,,Curriculum-derived disciplinary scope,Active,DisciplineGuardrail
GR_SUB_COURSE_041_M7_S1,Subtopic,thermal radiation,thermal radiation,,Curriculum-derived disciplinary scope,Active,DisciplineGuardrail
GR_SUB_COURSE_041_M7_S2,Subtopic,emissivity,emissivity,,Curriculum-derived disciplinary scope,Active,DisciplineGuardrail
GR_SUB_COURSE_041_M7_S3,Subtopic,view factors,view factors,,Curriculum-derived disciplinary scope,Active,DisciplineGuardrail
GR_SUB_COURSE_041_M7_S4,Subtopic,combined modes,combined modes,,Curriculum-derived disciplinary scope,Active,DisciplineGuardrail
GR_SUB_COURSE_041_M7_S5,Subtopic,insulation,insulation,,Curriculum-derived disciplinary scope,Active,DisciplineGuardrail
GR_SUB_COURSE_042_M1_S1,Subtopic,Fick law,Fick law,,Curriculum-derived disciplinary scope,Active,DisciplineGuardrail
GR_SUB_COURSE_042_M1_S2,Subtopic,molecular diffusion,molecular diffusion,,Curriculum-derived disciplinary scope,Active,DisciplineGuardrail
GR_SUB_COURSE_042_M1_S3,Subtopic,mass-transfer coefficients,mass-transfer coefficients,,Curriculum-derived disciplinary scope,Active,DisciplineGuardrail
GR_SUB_COURSE_042_M1_S4,Subtopic,interfacial transport,interfacial transport,,Curriculum-derived disciplinary scope,Active,DisciplineGuardrail
GR_SUB_COURSE_042_M2_S1,Subtopic,equilibrium relations,equilibrium relations,,Curriculum-derived disciplinary scope,Active,DisciplineGuardrail
GR_SUB_COURSE_042_M2_S2,Subtopic,operating lines,operating lines,,Curriculum-derived disciplinary scope,Active,DisciplineGuardrail
GR_SUB_COURSE_042_M2_S3,Subtopic,Height of a Transfer Unit / Number of Transfer Units (HTU/NTU),HTU/NTU,,Curriculum-derived disciplinary scope,Active,DisciplineGuardrail
GR_SUB_COURSE_042_M2_S4,Subtopic,packed columns,packed columns,,Curriculum-derived disciplinary scope,Active,DisciplineGuardrail
GR_SUB_COURSE_042_M3_S1,Subtopic,vapour-liquid equilibrium,vapour-liquid equilibrium,,Curriculum-derived disciplinary scope,Active,DisciplineGuardrail
GR_SUB_COURSE_042_M3_S2,Subtopic,McCabe-Thiele,McCabe-Thiele,,Curriculum-derived disciplinary scope,Active,DisciplineGuardrail
GR_SUB_COURSE_042_M3_S3,Subtopic,reflux,reflux,,Curriculum-derived disciplinary scope,Active,DisciplineGuardrail
GR_SUB_COURSE_042_M3_S4,Subtopic,tray efficiency,tray efficiency,,Curriculum-derived disciplinary scope,Active,DisciplineGuardrail
GR_SUB_COURSE_042_M3_S5,Subtopic,multicomponent concepts,multicomponent concepts,,Curriculum-derived disciplinary scope,Active,DisciplineGuardrail
GR_SUB_COURSE_042_M4_S1,Subtopic,distribution coefficients,distribution coefficients,,Curriculum-derived disciplinary scope,Active,DisciplineGuardrail
GR_SUB_COURSE_042_M4_S2,Subtopic,ternary diagrams,ternary diagrams,,Curriculum-derived disciplinary scope,Active,DisciplineGuardrail
GR_SUB_COURSE_042_M4_S3,Subtopic,stagewise extraction,stagewise extraction,,Curriculum-derived disciplinary scope,Active,DisciplineGuardrail
GR_SUB_COURSE_042_M4_S4,Subtopic,solvent selection,solvent selection,,Curriculum-derived disciplinary scope,Active,DisciplineGuardrail
GR_SUB_COURSE_042_M5_S1,Subtopic,psychrometrics,psychrometrics,,Curriculum-derived disciplinary scope,Active,DisciplineGuardrail
GR_SUB_COURSE_042_M5_S2,Subtopic,wet-bulb temperature,wet-bulb temperature,,Curriculum-derived disciplinary scope,Active,DisciplineGuardrail
GR_SUB_COURSE_042_M5_S3,Subtopic,drying curves,drying curves,,Curriculum-derived disciplinary scope,Active,DisciplineGuardrail
GR_SUB_COURSE_042_M5_S4,Subtopic,drying-rate periods,drying-rate periods,,Curriculum-derived disciplinary scope,Active,DisciplineGuardrail
GR_SUB_COURSE_042_M6_S1,Subtopic,adsorption equilibria,adsorption equilibria,,Curriculum-derived disciplinary scope,Active,DisciplineGuardrail
GR_SUB_COURSE_042_M6_S2,Subtopic,breakthrough,breakthrough,,Curriculum-derived disciplinary scope,Active,DisciplineGuardrail
GR_SUB_COURSE_042_M6_S3,Subtopic,membrane transport,membrane transport,,Curriculum-derived disciplinary scope,Active,DisciplineGuardrail
GR_SUB_COURSE_042_M6_S4,Subtopic,Membrane selectivity,Membrane selectivity; Curricular scope: Mass Transfer Operations. The concept is represented at the level of the stated mechanism; properties; constraints; and application criteria,,Curriculum-derived disciplinary scope,Active,DisciplineGuardrail
GR_SUB_COURSE_042_M6_S5,Subtopic,Membrane permeability,Membrane permeability; Curricular scope: Mass Transfer Operations. The concept is represented at the level of the stated mechanism; properties; constraints; and application criteria,,Curriculum-derived disciplinary scope,Active,DisciplineGuardrail
GR_SUB_COURSE_042_M7_S1,Subtopic,column hydraulics,column hydraulics,,Curriculum-derived disciplinary scope,Active,DisciplineGuardrail
GR_SUB_COURSE_042_M7_S2,Subtopic,flooding,flooding,,Curriculum-derived disciplinary scope,Active,DisciplineGuardrail
GR_SUB_COURSE_042_M7_S3,Subtopic,pressure drop,pressure drop,,Curriculum-derived disciplinary scope,Active,DisciplineGuardrail
GR_SUB_COURSE_042_M7_S4,Subtopic,scale-up,scale-up,,Curriculum-derived disciplinary scope,Active,DisciplineGuardrail
GR_SUB_COURSE_042_M7_S5,Subtopic,process integration,process integration,,Curriculum-derived disciplinary scope,Active,DisciplineGuardrail
GR_SUB_COURSE_043_M1_S1,Subtopic,rate laws,rate laws,,Curriculum-derived disciplinary scope,Active,DisciplineGuardrail
GR_SUB_COURSE_043_M1_S2,Subtopic,reaction order,reaction order,,Curriculum-derived disciplinary scope,Active,DisciplineGuardrail
GR_SUB_COURSE_043_M1_S3,Subtopic,Arrhenius equation,Arrhenius equation,,Curriculum-derived disciplinary scope,Active,DisciplineGuardrail
GR_SUB_COURSE_043_M1_S4,Subtopic,elementary reactions,elementary reactions,,Curriculum-derived disciplinary scope,Active,DisciplineGuardrail
GR_SUB_COURSE_043_M1_S5,Subtopic,kinetic parameter estimation,kinetic parameter estimation,,Curriculum-derived disciplinary scope,Active,DisciplineGuardrail
GR_SUB_COURSE_043_M2_S1,Subtopic,batch reactors,batch reactors,,Curriculum-derived disciplinary scope,Active,DisciplineGuardrail
GR_SUB_COURSE_043_M2_S2,Subtopic,Continuous Stirred-Tank Reactor (CSTR),CSTR,,Curriculum-derived disciplinary scope,Active,DisciplineGuardrail
GR_SUB_COURSE_043_M2_S3,Subtopic,Plug Flow Reactor (PFR),PFR,,Curriculum-derived disciplinary scope,Active,DisciplineGuardrail
GR_SUB_COURSE_043_M2_S4,Subtopic,reactor design equations,reactor design equations,,Curriculum-derived disciplinary scope,Active,DisciplineGuardrail
GR_SUB_COURSE_043_M2_S5,Subtopic,residence time,residence time,,Curriculum-derived disciplinary scope,Active,DisciplineGuardrail
GR_SUB_COURSE_043_M3_S1,Subtopic,parallel reactions,parallel reactions,,Curriculum-derived disciplinary scope,Active,DisciplineGuardrail
GR_SUB_COURSE_043_M3_S2,Subtopic,series reactions,series reactions,,Curriculum-derived disciplinary scope,Active,DisciplineGuardrail
GR_SUB_COURSE_043_M3_S3,Subtopic,selectivity,selectivity,,Curriculum-derived disciplinary scope,Active,DisciplineGuardrail
GR_SUB_COURSE_043_M3_S4,Subtopic,yield,yield,,Curriculum-derived disciplinary scope,Active,DisciplineGuardrail
GR_SUB_COURSE_043_M3_S5,Subtopic,reaction networks,reaction networks,,Curriculum-derived disciplinary scope,Active,DisciplineGuardrail
GR_SUB_COURSE_043_M4_S1,Subtopic,energy balances,energy balances,,Curriculum-derived disciplinary scope,Active,DisciplineGuardrail
GR_SUB_COURSE_043_M4_S2,Subtopic,heat generation,heat generation,,Curriculum-derived disciplinary scope,Active,DisciplineGuardrail
GR_SUB_COURSE_043_M4_S3,Subtopic,heat removal,heat removal,,Curriculum-derived disciplinary scope,Active,DisciplineGuardrail
GR_SUB_COURSE_043_M4_S4,Subtopic,Reactor ignition,Reactor ignition; Curricular scope: Chemical Reaction Engineering. The concept is represented at the level of the stated mechanism; properties; constraints; and application criteria,,Curriculum-derived disciplinary scope,Active,DisciplineGuardrail
GR_SUB_COURSE_043_M4_S5,Subtopic,multiplicity,multiplicity,,Curriculum-derived disciplinary scope,Active,DisciplineGuardrail
GR_SUB_COURSE_043_M5_S1,Subtopic,Residence Time Distribution (RTD),RTD,,Curriculum-derived disciplinary scope,Active,DisciplineGuardrail
GR_SUB_COURSE_043_M5_S2,Subtopic,E-curves,E-curves,,Curriculum-derived disciplinary scope,Active,DisciplineGuardrail
GR_SUB_COURSE_043_M5_S3,Subtopic,F-curves,F-curves,,Curriculum-derived disciplinary scope,Active,DisciplineGuardrail
GR_SUB_COURSE_043_M5_S4,Subtopic,Phase segregation in reactors,Phase segregation in reactors; Curricular scope: Chemical Reaction Engineering. The concept is represented at the level of the stated mechanism; properties; constraints; and application criteria,,Curriculum-derived disciplinary scope,Active,DisciplineGuardrail
GR_SUB_COURSE_043_M5_S5,Subtopic,non-ideal flow,non-ideal flow,,Curriculum-derived disciplinary scope,Active,DisciplineGuardrail
GR_SUB_COURSE_043_M6_S1,Subtopic,gas-solid reactions,gas-solid reactions,,Curriculum-derived disciplinary scope,Active,DisciplineGuardrail
GR_SUB_COURSE_043_M6_S2,Subtopic,fluid-solid systems,fluid-solid systems,,Curriculum-derived disciplinary scope,Active,DisciplineGuardrail
GR_SUB_COURSE_043_M6_S3,Subtopic,catalyst pellets,catalyst pellets,,Curriculum-derived disciplinary scope,Active,DisciplineGuardrail
GR_SUB_COURSE_043_M6_S4,Subtopic,effectiveness factors,effectiveness factors,,Curriculum-derived disciplinary scope,Active,DisciplineGuardrail
GR_SUB_COURSE_043_M7_S1,Subtopic,reactor selection,reactor selection,,Curriculum-derived disciplinary scope,Active,DisciplineGuardrail
GR_SUB_COURSE_043_M7_S2,Subtopic,Reactor mixing,Reactor mixing; Curricular scope: Chemical Reaction Engineering. The concept is represented at the level of the stated mechanism; properties; constraints; and application criteria,,Curriculum-derived disciplinary scope,Active,DisciplineGuardrail
GR_SUB_COURSE_043_M7_S3,Subtopic,heat transfer,heat transfer,,Curriculum-derived disciplinary scope,Active,DisciplineGuardrail
GR_SUB_COURSE_043_M7_S4,Subtopic,safety,safety,,Curriculum-derived disciplinary scope,Active,DisciplineGuardrail
GR_SUB_COURSE_043_M7_S5,Subtopic,scale-up constraints,scale-up constraints,,Curriculum-derived disciplinary scope,Active,DisciplineGuardrail
GR_SUB_COURSE_044_M1_S1,Subtopic,temperature,temperature,,Curriculum-derived disciplinary scope,Active,DisciplineGuardrail
GR_SUB_COURSE_044_M1_S2,Subtopic,pressure,pressure,,Curriculum-derived disciplinary scope,Active,DisciplineGuardrail
GR_SUB_COURSE_044_M1_S3,Subtopic,flow,flow,,Curriculum-derived disciplinary scope,Active,DisciplineGuardrail
GR_SUB_COURSE_044_M1_S4,Subtopic,level,level,,Curriculum-derived disciplinary scope,Active,DisciplineGuardrail
GR_SUB_COURSE_044_M1_S5,Subtopic,analytical measurements,analytical measurements,,Curriculum-derived disciplinary scope,Active,DisciplineGuardrail
GR_SUB_COURSE_044_M1_S6,Subtopic,sensor dynamics,sensor dynamics,,Curriculum-derived disciplinary scope,Active,DisciplineGuardrail
GR_SUB_COURSE_044_M2_S1,Subtopic,control valves,control valves,,Curriculum-derived disciplinary scope,Active,DisciplineGuardrail
GR_SUB_COURSE_044_M2_S2,Subtopic,valve characteristics,valve characteristics,,Curriculum-derived disciplinary scope,Active,DisciplineGuardrail
GR_SUB_COURSE_044_M2_S3,Subtopic,actuators,actuators,,Curriculum-derived disciplinary scope,Active,DisciplineGuardrail
GR_SUB_COURSE_044_M2_S4,Subtopic,positioners,positioners,,Curriculum-derived disciplinary scope,Active,DisciplineGuardrail
GR_SUB_COURSE_044_M2_S5,Subtopic,sizing principles,sizing principles,,Curriculum-derived disciplinary scope,Active,DisciplineGuardrail
GR_SUB_COURSE_044_M3_S1,Subtopic,first-order and higher-order models,first-order and higher-order models,,Curriculum-derived disciplinary scope,Active,DisciplineGuardrail
GR_SUB_COURSE_044_M3_S2,Subtopic,dead time,dead time,,Curriculum-derived disciplinary scope,Active,DisciplineGuardrail
GR_SUB_COURSE_044_M3_S3,Subtopic,process gain,process gain,,Curriculum-derived disciplinary scope,Active,DisciplineGuardrail
GR_SUB_COURSE_044_M3_S4,Subtopic,dynamic testing,dynamic testing,,Curriculum-derived disciplinary scope,Active,DisciplineGuardrail
GR_SUB_COURSE_044_M4_S1,Subtopic,closed-loop control,closed-loop control,,Curriculum-derived disciplinary scope,Active,DisciplineGuardrail
GR_SUB_COURSE_044_M4_S2,Subtopic,PID structure,PID structure,,Curriculum-derived disciplinary scope,Active,DisciplineGuardrail
GR_SUB_COURSE_044_M4_S3,Subtopic,stability,stability,,Curriculum-derived disciplinary scope,Active,DisciplineGuardrail
GR_SUB_COURSE_044_M4_S4,Subtopic,setpoint tracking,setpoint tracking,,Curriculum-derived disciplinary scope,Active,DisciplineGuardrail
GR_SUB_COURSE_044_M4_S5,Subtopic,disturbance rejection,disturbance rejection,,Curriculum-derived disciplinary scope,Active,DisciplineGuardrail
GR_SUB_COURSE_044_M5_S1,Subtopic,Ziegler-Nichols,Ziegler-Nichols,,Curriculum-derived disciplinary scope,Active,DisciplineGuardrail
GR_SUB_COURSE_044_M5_S2,Subtopic,Cohen-Coon,Cohen-Coon,,Curriculum-derived disciplinary scope,Active,DisciplineGuardrail
GR_SUB_COURSE_044_M5_S3,Subtopic,Internal Model Control (IMC),IMC,,Curriculum-derived disciplinary scope,Active,DisciplineGuardrail
GR_SUB_COURSE_044_M5_S4,Subtopic,Control-system robustness,Control-system robustness; Curricular scope: Process Control and Instrumentation. The concept is represented at the level of the stated mechanism; properties; constraints; and application criteria,,Curriculum-derived disciplinary scope,Active,DisciplineGuardrail
GR_SUB_COURSE_044_M5_S5,Subtopic,performance criteria,performance criteria,,Curriculum-derived disciplinary scope,Active,DisciplineGuardrail
GR_SUB_COURSE_044_M6_S1,Subtopic,cascade,cascade,,Curriculum-derived disciplinary scope,Active,DisciplineGuardrail
GR_SUB_COURSE_044_M6_S2,Subtopic,feedforward,feedforward,,Curriculum-derived disciplinary scope,Active,DisciplineGuardrail
GR_SUB_COURSE_044_M6_S3,Subtopic,ratio control,ratio control,,Curriculum-derived disciplinary scope,Active,DisciplineGuardrail
GR_SUB_COURSE_044_M6_S4,Subtopic,override control,override control,,Curriculum-derived disciplinary scope,Active,DisciplineGuardrail
GR_SUB_COURSE_044_M6_S5,Subtopic,model predictive control,model predictive control,,Curriculum-derived disciplinary scope,Active,DisciplineGuardrail
GR_SUB_COURSE_044_M7_S1,Subtopic,Programmable Logic Controller (PLC),PLC,,Curriculum-derived disciplinary scope,Active,DisciplineGuardrail
GR_SUB_COURSE_044_M7_S2,Subtopic,Distributed Control System (DCS),DCS,,Curriculum-derived disciplinary scope,Active,DisciplineGuardrail
GR_SUB_COURSE_044_M7_S3,Subtopic,Supervisory Control and Data Acquisition (SCADA),SCADA,,Curriculum-derived disciplinary scope,Active,DisciplineGuardrail
GR_SUB_COURSE_044_M7_S4,Subtopic,alarm management,alarm management,,Curriculum-derived disciplinary scope,Active,DisciplineGuardrail
GR_SUB_COURSE_044_M7_S5,Subtopic,cybersecurity basics,cybersecurity basics,,Curriculum-derived disciplinary scope,Active,DisciplineGuardrail
GR_SUB_COURSE_044_M7_S6,Subtopic,safety instrumented systems,safety instrumented systems,,Curriculum-derived disciplinary scope,Active,DisciplineGuardrail
GR_SUB_COURSE_045_M1_S1,Subtopic,magnetic circuits,magnetic circuits,,Curriculum-derived disciplinary scope,Active,DisciplineGuardrail
GR_SUB_COURSE_045_M1_S2,Subtopic,induced EMF,induced EMF,,Curriculum-derived disciplinary scope,Active,DisciplineGuardrail
GR_SUB_COURSE_045_M1_S3,Subtopic,torque production,torque production,,Curriculum-derived disciplinary scope,Active,DisciplineGuardrail
GR_SUB_COURSE_045_M1_S4,Subtopic,energy conversion,energy conversion,,Curriculum-derived disciplinary scope,Active,DisciplineGuardrail
GR_SUB_COURSE_045_M2_S1,Subtopic,ideal transformer,ideal transformer,,Curriculum-derived disciplinary scope,Active,DisciplineGuardrail
GR_SUB_COURSE_045_M2_S2,Subtopic,equivalent circuit,equivalent circuit,,Curriculum-derived disciplinary scope,Active,DisciplineGuardrail
GR_SUB_COURSE_045_M2_S3,Subtopic,losses,losses,,Curriculum-derived disciplinary scope,Active,DisciplineGuardrail
GR_SUB_COURSE_045_M2_S4,Subtopic,regulation,regulation,,Curriculum-derived disciplinary scope,Active,DisciplineGuardrail
GR_SUB_COURSE_045_M2_S5,Subtopic,tests,tests,,Curriculum-derived disciplinary scope,Active,DisciplineGuardrail
GR_SUB_COURSE_045_M3_S1,Subtopic,construction,construction,,Curriculum-derived disciplinary scope,Active,DisciplineGuardrail
GR_SUB_COURSE_045_M3_S2,Subtopic,EMF equation,EMF equation,,Curriculum-derived disciplinary scope,Active,DisciplineGuardrail
GR_SUB_COURSE_045_M3_S3,Subtopic,torque,torque,,Curriculum-derived disciplinary scope,Active,DisciplineGuardrail
GR_SUB_COURSE_045_M3_S4,Subtopic,characteristics,characteristics,,Curriculum-derived disciplinary scope,Active,DisciplineGuardrail
GR_SUB_COURSE_045_M3_S5,Subtopic,speed control,speed control,,Curriculum-derived disciplinary scope,Active,DisciplineGuardrail
GR_SUB_COURSE_045_M4_S1,Subtopic,rotating magnetic field,rotating magnetic field,,Curriculum-derived disciplinary scope,Active,DisciplineGuardrail
GR_SUB_COURSE_045_M4_S2,Subtopic,equivalent circuit,equivalent circuit,,Curriculum-derived disciplinary scope,Active,DisciplineGuardrail
GR_SUB_COURSE_045_M4_S3,Subtopic,torque-slip,torque-slip,,Curriculum-derived disciplinary scope,Active,DisciplineGuardrail
GR_SUB_COURSE_045_M4_S4,Subtopic,starting,starting,,Curriculum-derived disciplinary scope,Active,DisciplineGuardrail
GR_SUB_COURSE_045_M4_S5,Subtopic,speed control,speed control,,Curriculum-derived disciplinary scope,Active,DisciplineGuardrail
GR_SUB_COURSE_045_M5_S1,Subtopic,Electromotive Force (EMF),EMF,,Curriculum-derived disciplinary scope,Active,DisciplineGuardrail
GR_SUB_COURSE_045_M5_S2,Subtopic,phasors,phasors,,Curriculum-derived disciplinary scope,Active,DisciplineGuardrail
GR_SUB_COURSE_045_M5_S3,Subtopic,synchronous impedance,synchronous impedance,,Curriculum-derived disciplinary scope,Active,DisciplineGuardrail
GR_SUB_COURSE_045_M5_S4,Subtopic,power-angle relation,power-angle relation,,Curriculum-derived disciplinary scope,Active,DisciplineGuardrail
GR_SUB_COURSE_045_M5_S5,Subtopic,excitation,excitation,,Curriculum-derived disciplinary scope,Active,DisciplineGuardrail
GR_SUB_COURSE_045_M6_S1,Subtopic,loss segregation,loss segregation,,Curriculum-derived disciplinary scope,Active,DisciplineGuardrail
GR_SUB_COURSE_045_M6_S2,Subtopic,efficiency,efficiency,,Curriculum-derived disciplinary scope,Active,DisciplineGuardrail
GR_SUB_COURSE_045_M6_S3,Subtopic,temperature rise,temperature rise,,Curriculum-derived disciplinary scope,Active,DisciplineGuardrail
GR_SUB_COURSE_045_M6_S4,Subtopic,load tests,load tests,,Curriculum-derived disciplinary scope,Active,DisciplineGuardrail
GR_SUB_COURSE_045_M6_S5,Subtopic,condition assessment,condition assessment,,Curriculum-derived disciplinary scope,Active,DisciplineGuardrail
GR_SUB_COURSE_045_M7_S1,Subtopic,motor selection,motor selection,,Curriculum-derived disciplinary scope,Active,DisciplineGuardrail
GR_SUB_COURSE_045_M7_S2,Subtopic,braking,braking,,Curriculum-derived disciplinary scope,Active,DisciplineGuardrail
GR_SUB_COURSE_045_M7_S3,Subtopic,variable-speed drives,variable-speed drives,,Curriculum-derived disciplinary scope,Active,DisciplineGuardrail
GR_SUB_COURSE_045_M7_S4,Subtopic,duty cycles,duty cycles,,Curriculum-derived disciplinary scope,Active,DisciplineGuardrail
GR_SUB_COURSE_045_M7_S5,Subtopic,protection,protection,,Curriculum-derived disciplinary scope,Active,DisciplineGuardrail
GR_SUB_COURSE_046_M1_S1,Subtopic,generators,generators,,Curriculum-derived disciplinary scope,Active,DisciplineGuardrail
GR_SUB_COURSE_046_M1_S2,Subtopic,transformers,transformers,,Curriculum-derived disciplinary scope,Active,DisciplineGuardrail
GR_SUB_COURSE_046_M1_S3,Subtopic,lines,lines,,Curriculum-derived disciplinary scope,Active,DisciplineGuardrail
GR_SUB_COURSE_046_M1_S4,Subtopic,cables,cables,,Curriculum-derived disciplinary scope,Active,DisciplineGuardrail
GR_SUB_COURSE_046_M1_S5,Subtopic,loads,loads,,Curriculum-derived disciplinary scope,Active,DisciplineGuardrail
GR_SUB_COURSE_046_M1_S6,Subtopic,per-unit system,per-unit system,,Curriculum-derived disciplinary scope,Active,DisciplineGuardrail
GR_SUB_COURSE_046_M2_S1,Subtopic,line parameters,line parameters,,Curriculum-derived disciplinary scope,Active,DisciplineGuardrail
GR_SUB_COURSE_046_M2_S2,Subtopic,voltage regulation,voltage regulation,,Curriculum-derived disciplinary scope,Active,DisciplineGuardrail
GR_SUB_COURSE_046_M2_S3,Subtopic,distribution feeders,distribution feeders,,Curriculum-derived disciplinary scope,Active,DisciplineGuardrail
GR_SUB_COURSE_046_M2_S4,Subtopic,network topology,network topology,,Curriculum-derived disciplinary scope,Active,DisciplineGuardrail
GR_SUB_COURSE_046_M3_S1,Subtopic,bus types,bus types,,Curriculum-derived disciplinary scope,Active,DisciplineGuardrail
GR_SUB_COURSE_046_M3_S2,Subtopic,admittance matrix,admittance matrix,,Curriculum-derived disciplinary scope,Active,DisciplineGuardrail
GR_SUB_COURSE_046_M3_S3,Subtopic,Gauss-Seidel,Gauss-Seidel,,Curriculum-derived disciplinary scope,Active,DisciplineGuardrail
GR_SUB_COURSE_046_M3_S4,Subtopic,Newton-Raphson,Newton-Raphson,,Curriculum-derived disciplinary scope,Active,DisciplineGuardrail
GR_SUB_COURSE_046_M3_S5,Subtopic,fast decoupled methods,fast decoupled methods,,Curriculum-derived disciplinary scope,Active,DisciplineGuardrail
GR_SUB_COURSE_046_M4_S1,Subtopic,symmetrical components,symmetrical components,,Curriculum-derived disciplinary scope,Active,DisciplineGuardrail
GR_SUB_COURSE_046_M4_S2,Subtopic,balanced faults,balanced faults,,Curriculum-derived disciplinary scope,Active,DisciplineGuardrail
GR_SUB_COURSE_046_M4_S3,Subtopic,unbalanced faults,unbalanced faults,,Curriculum-derived disciplinary scope,Active,DisciplineGuardrail
GR_SUB_COURSE_046_M4_S4,Subtopic,short-circuit levels,short-circuit levels,,Curriculum-derived disciplinary scope,Active,DisciplineGuardrail
GR_SUB_COURSE_046_M5_S1,Subtopic,relays,relays,,Curriculum-derived disciplinary scope,Active,DisciplineGuardrail
GR_SUB_COURSE_046_M5_S2,Subtopic,overcurrent protection,overcurrent protection,,Curriculum-derived disciplinary scope,Active,DisciplineGuardrail
GR_SUB_COURSE_046_M5_S3,Subtopic,distance protection,distance protection,,Curriculum-derived disciplinary scope,Active,DisciplineGuardrail
GR_SUB_COURSE_046_M5_S4,Subtopic,differential protection,differential protection,,Curriculum-derived disciplinary scope,Active,DisciplineGuardrail
GR_SUB_COURSE_046_M5_S5,Subtopic,coordination,coordination,,Curriculum-derived disciplinary scope,Active,DisciplineGuardrail
GR_SUB_COURSE_046_M6_S1,Subtopic,transient stability,transient stability,,Curriculum-derived disciplinary scope,Active,DisciplineGuardrail
GR_SUB_COURSE_046_M6_S2,Subtopic,small-signal stability,small-signal stability,,Curriculum-derived disciplinary scope,Active,DisciplineGuardrail
GR_SUB_COURSE_046_M6_S3,Subtopic,rotor angle,rotor angle,,Curriculum-derived disciplinary scope,Active,DisciplineGuardrail
GR_SUB_COURSE_046_M6_S4,Subtopic,voltage stability,voltage stability,,Curriculum-derived disciplinary scope,Active,DisciplineGuardrail
GR_SUB_COURSE_046_M7_S1,Subtopic,economic dispatch,economic dispatch,,Curriculum-derived disciplinary scope,Active,DisciplineGuardrail
GR_SUB_COURSE_046_M7_S2,Subtopic,state estimation,state estimation,,Curriculum-derived disciplinary scope,Active,DisciplineGuardrail
GR_SUB_COURSE_046_M7_S3,Subtopic,Supervisory Control and Data Acquisition / Energy Management System (SCADA/EMS),SCADA/EMS,,Curriculum-derived disciplinary scope,Active,DisciplineGuardrail
GR_SUB_COURSE_046_M7_S4,Subtopic,distributed generation,distributed generation,,Curriculum-derived disciplinary scope,Active,DisciplineGuardrail
GR_SUB_COURSE_046_M7_S5,Subtopic,microgrids,microgrids,,Curriculum-derived disciplinary scope,Active,DisciplineGuardrail
GR_SUB_COURSE_047_M1_S1,Subtopic,diodes,diodes,,Curriculum-derived disciplinary scope,Active,DisciplineGuardrail
GR_SUB_COURSE_047_M1_S2,Subtopic,thyristors,thyristors,,Curriculum-derived disciplinary scope,Active,DisciplineGuardrail
GR_SUB_COURSE_047_M1_S3,Subtopic,MOSFETs,MOSFETs,,Curriculum-derived disciplinary scope,Active,DisciplineGuardrail
GR_SUB_COURSE_047_M1_S4,Subtopic,IGBTs,IGBTs,,Curriculum-derived disciplinary scope,Active,DisciplineGuardrail
GR_SUB_COURSE_047_M1_S5,Subtopic,SiC and GaN devices,SiC and GaN devices,,Curriculum-derived disciplinary scope,Active,DisciplineGuardrail
GR_SUB_COURSE_047_M2_S1,Subtopic,uncontrolled rectifiers,uncontrolled rectifiers,,Curriculum-derived disciplinary scope,Active,DisciplineGuardrail
GR_SUB_COURSE_047_M2_S2,Subtopic,phase-controlled converters,phase-controlled converters,,Curriculum-derived disciplinary scope,Active,DisciplineGuardrail
GR_SUB_COURSE_047_M2_S3,Subtopic,commutation,commutation,,Curriculum-derived disciplinary scope,Active,DisciplineGuardrail
GR_SUB_COURSE_047_M2_S4,Subtopic,harmonics,harmonics,,Curriculum-derived disciplinary scope,Active,DisciplineGuardrail
GR_SUB_COURSE_047_M3_S1,Subtopic,buck,buck,,Curriculum-derived disciplinary scope,Active,DisciplineGuardrail
GR_SUB_COURSE_047_M3_S2,Subtopic,boost,boost,,Curriculum-derived disciplinary scope,Active,DisciplineGuardrail
GR_SUB_COURSE_047_M3_S3,Subtopic,buck-boost,buck-boost,,Curriculum-derived disciplinary scope,Active,DisciplineGuardrail
GR_SUB_COURSE_047_M3_S4,Subtopic,isolated converters,isolated converters,,Curriculum-derived disciplinary scope,Active,DisciplineGuardrail
GR_SUB_COURSE_047_M3_S5,Subtopic,continuous/discontinuous conduction,continuous/discontinuous conduction,,Curriculum-derived disciplinary scope,Active,DisciplineGuardrail
GR_SUB_COURSE_047_M4_S1,Subtopic,voltage-source inverters,voltage-source inverters,,Curriculum-derived disciplinary scope,Active,DisciplineGuardrail
GR_SUB_COURSE_047_M4_S2,Subtopic,current-source inverters,current-source inverters,,Curriculum-derived disciplinary scope,Active,DisciplineGuardrail
GR_SUB_COURSE_047_M4_S3,Subtopic,single-phase,single-phase,,Curriculum-derived disciplinary scope,Active,DisciplineGuardrail
GR_SUB_COURSE_047_M4_S4,Subtopic,three-phase,three-phase,,Curriculum-derived disciplinary scope,Active,DisciplineGuardrail
GR_SUB_COURSE_047_M5_S1,Subtopic,carrier-based PWM,carrier-based PWM,,Curriculum-derived disciplinary scope,Active,DisciplineGuardrail
GR_SUB_COURSE_047_M5_S2,Subtopic,space-vector PWM,space-vector PWM,,Curriculum-derived disciplinary scope,Active,DisciplineGuardrail
GR_SUB_COURSE_047_M5_S3,Subtopic,switching losses,switching losses,,Curriculum-derived disciplinary scope,Active,DisciplineGuardrail
GR_SUB_COURSE_047_M5_S4,Subtopic,gate drives,gate drives,,Curriculum-derived disciplinary scope,Active,DisciplineGuardrail
GR_SUB_COURSE_047_M6_S1,Subtopic,harmonics,harmonics,,Curriculum-derived disciplinary scope,Active,DisciplineGuardrail
GR_SUB_COURSE_047_M6_S2,Subtopic,power factor,power factor,,Curriculum-derived disciplinary scope,Active,DisciplineGuardrail
GR_SUB_COURSE_047_M6_S3,Subtopic,Electromagnetic Interference (EMI),EMI,,Curriculum-derived disciplinary scope,Active,DisciplineGuardrail
GR_SUB_COURSE_047_M6_S4,Subtopic,thermal design,thermal design,,Curriculum-derived disciplinary scope,Active,DisciplineGuardrail
GR_SUB_COURSE_047_M6_S5,Subtopic,heat sinks,heat sinks,,Curriculum-derived disciplinary scope,Active,DisciplineGuardrail
GR_SUB_COURSE_047_M7_S1,Subtopic,motor drives,motor drives,,Curriculum-derived disciplinary scope,Active,DisciplineGuardrail
GR_SUB_COURSE_047_M7_S2,Subtopic,renewable interfaces,renewable interfaces,,Curriculum-derived disciplinary scope,Active,DisciplineGuardrail
GR_SUB_COURSE_047_M7_S3,Subtopic,Uninterruptible Power Supply (UPS),UPS,,Curriculum-derived disciplinary scope,Active,DisciplineGuardrail
GR_SUB_COURSE_047_M7_S4,Subtopic,High-Voltage Direct Current (HVDC),HVDC,,Curriculum-derived disciplinary scope,Active,DisciplineGuardrail
GR_SUB_COURSE_047_M7_S5,Subtopic,EV charging,EV charging,,Curriculum-derived disciplinary scope,Active,DisciplineGuardrail
GR_SUB_COURSE_048_M1_S1,Subtopic,accuracy,accuracy,,Curriculum-derived disciplinary scope,Active,DisciplineGuardrail
GR_SUB_COURSE_048_M1_S2,Subtopic,precision,precision,,Curriculum-derived disciplinary scope,Active,DisciplineGuardrail
GR_SUB_COURSE_048_M1_S3,Subtopic,Measurement sensitivity,Measurement sensitivity; Curricular scope: Electrical Measurements and Instrumentation. The concept is represented at the level of the stated mechanism; properties; constraints; and application criteria,,Curriculum-derived disciplinary scope,Active,DisciplineGuardrail
GR_SUB_COURSE_048_M1_S4,Subtopic,resolution,resolution,,Curriculum-derived disciplinary scope,Active,DisciplineGuardrail
GR_SUB_COURSE_048_M1_S5,Subtopic,systematic and random error,systematic and random error,,Curriculum-derived disciplinary scope,Active,DisciplineGuardrail
GR_SUB_COURSE_048_M2_S1,Subtopic,Permanent-Magnet Moving-Coil (PMMC),PMMC,,Curriculum-derived disciplinary scope,Active,DisciplineGuardrail
GR_SUB_COURSE_048_M2_S2,Subtopic,moving-iron,moving-iron,,Curriculum-derived disciplinary scope,Active,DisciplineGuardrail
GR_SUB_COURSE_048_M2_S3,Subtopic,dynamometer,dynamometer,,Curriculum-derived disciplinary scope,Active,DisciplineGuardrail
GR_SUB_COURSE_048_M2_S4,Subtopic,digital instruments,digital instruments,,Curriculum-derived disciplinary scope,Active,DisciplineGuardrail
GR_SUB_COURSE_048_M2_S5,Subtopic,instrument transformers,instrument transformers,,Curriculum-derived disciplinary scope,Active,DisciplineGuardrail
GR_SUB_COURSE_048_M3_S1,Subtopic,resistive,resistive,,Curriculum-derived disciplinary scope,Active,DisciplineGuardrail
GR_SUB_COURSE_048_M3_S2,Subtopic,inductive,inductive,,Curriculum-derived disciplinary scope,Active,DisciplineGuardrail
GR_SUB_COURSE_048_M3_S3,Subtopic,capacitive,capacitive,,Curriculum-derived disciplinary scope,Active,DisciplineGuardrail
GR_SUB_COURSE_048_M3_S4,Subtopic,thermoelectric,thermoelectric,,Curriculum-derived disciplinary scope,Active,DisciplineGuardrail
GR_SUB_COURSE_048_M3_S5,Subtopic,magnetic,magnetic,,Curriculum-derived disciplinary scope,Active,DisciplineGuardrail
GR_SUB_COURSE_048_M3_S6,Subtopic,optical transducers,optical transducers,,Curriculum-derived disciplinary scope,Active,DisciplineGuardrail
GR_SUB_COURSE_048_M4_S1,Subtopic,amplification,amplification,,Curriculum-derived disciplinary scope,Active,DisciplineGuardrail
GR_SUB_COURSE_048_M4_S2,Subtopic,filtering,filtering,,Curriculum-derived disciplinary scope,Active,DisciplineGuardrail
GR_SUB_COURSE_048_M4_S3,Subtopic,Measurement isolation,Measurement isolation; Curricular scope: Mechatronics; Electrical Measurements and Instrumentation. The concept is represented at the level of the stated mechanism; properties; constraints; and application criteria,,Curriculum-derived disciplinary scope,Active,DisciplineGuardrail
GR_SUB_COURSE_048_M4_S4,Subtopic,Analog-to-Digital / Digital-to-Analog Conversion (ADC/DAC),ADC/DAC,,Curriculum-derived disciplinary scope,Active,DisciplineGuardrail
GR_SUB_COURSE_048_M4_S5,Subtopic,Signal sampling,Signal sampling; Curricular scope: Mechatronics; Electrical Measurements and Instrumentation. The concept is represented at the level of the stated mechanism; properties; constraints; and application criteria,,Curriculum-derived disciplinary scope,Active,DisciplineGuardrail
GR_SUB_COURSE_048_M4_S6,Subtopic,multiplexing,multiplexing,,Curriculum-derived disciplinary scope,Active,DisciplineGuardrail
GR_SUB_COURSE_048_M5_S1,Subtopic,traceability,traceability,,Curriculum-derived disciplinary scope,Active,DisciplineGuardrail
GR_SUB_COURSE_048_M5_S2,Subtopic,calibration procedures,calibration procedures,,Curriculum-derived disciplinary scope,Active,DisciplineGuardrail
GR_SUB_COURSE_048_M5_S3,Subtopic,reference standards,reference standards,,Curriculum-derived disciplinary scope,Active,DisciplineGuardrail
GR_SUB_COURSE_048_M5_S4,Subtopic,adjustment versus calibration,adjustment versus calibration,,Curriculum-derived disciplinary scope,Active,DisciplineGuardrail
GR_SUB_COURSE_048_M6_S1,Subtopic,uncertainty components,uncertainty components,,Curriculum-derived disciplinary scope,Active,DisciplineGuardrail
GR_SUB_COURSE_048_M6_S2,Subtopic,propagation,propagation,,Curriculum-derived disciplinary scope,Active,DisciplineGuardrail
GR_SUB_COURSE_048_M6_S3,Subtopic,repeatability,repeatability,,Curriculum-derived disciplinary scope,Active,DisciplineGuardrail
GR_SUB_COURSE_048_M6_S4,Subtopic,Measurement reproducibility,Measurement reproducibility; Curricular scope: Electrical Measurements and Instrumentation. The concept is represented at the level of the stated mechanism; properties; constraints; and application criteria,,Curriculum-derived disciplinary scope,Active,DisciplineGuardrail
GR_SUB_COURSE_048_M6_S5,Subtopic,confidence intervals,confidence intervals,,Curriculum-derived disciplinary scope,Active,DisciplineGuardrail
GR_SUB_COURSE_048_M7_S1,Subtopic,power measurements,power measurements,,Curriculum-derived disciplinary scope,Active,DisciplineGuardrail
GR_SUB_COURSE_048_M7_S2,Subtopic,energy measurement,energy measurement,,Curriculum-derived disciplinary scope,Active,DisciplineGuardrail
GR_SUB_COURSE_048_M7_S3,Subtopic,process instrumentation,process instrumentation,,Curriculum-derived disciplinary scope,Active,DisciplineGuardrail
GR_SUB_COURSE_048_M7_S4,Subtopic,data logging,data logging,,Curriculum-derived disciplinary scope,Active,DisciplineGuardrail
GR_SUB_COURSE_048_M7_S5,Subtopic,remote measurement,remote measurement,,Curriculum-derived disciplinary scope,Active,DisciplineGuardrail
GR_SUB_COURSE_049_M1_S1,Subtopic,continuous/discrete signals,continuous/discrete signals,,Curriculum-derived disciplinary scope,Active,DisciplineGuardrail
GR_SUB_COURSE_049_M1_S2,Subtopic,energy and power,energy and power,,Curriculum-derived disciplinary scope,Active,DisciplineGuardrail
GR_SUB_COURSE_049_M1_S3,Subtopic,transformations,transformations,,Curriculum-derived disciplinary scope,Active,DisciplineGuardrail
GR_SUB_COURSE_049_M1_S4,Subtopic,complex exponentials,complex exponentials,,Curriculum-derived disciplinary scope,Active,DisciplineGuardrail
GR_SUB_COURSE_049_M2_S1,Subtopic,linearity,linearity,,Curriculum-derived disciplinary scope,Active,DisciplineGuardrail
GR_SUB_COURSE_049_M2_S2,Subtopic,time invariance,time invariance,,Curriculum-derived disciplinary scope,Active,DisciplineGuardrail
GR_SUB_COURSE_049_M2_S3,Subtopic,convolution,convolution,,Curriculum-derived disciplinary scope,Active,DisciplineGuardrail
GR_SUB_COURSE_049_M2_S4,Subtopic,impulse response,impulse response,,Curriculum-derived disciplinary scope,Active,DisciplineGuardrail
GR_SUB_COURSE_049_M2_S5,Subtopic,system properties,system properties,,Curriculum-derived disciplinary scope,Active,DisciplineGuardrail
GR_SUB_COURSE_049_M3_S1,Subtopic,Fourier series,Fourier series,,Curriculum-derived disciplinary scope,Active,DisciplineGuardrail
GR_SUB_COURSE_049_M3_S2,Subtopic,Fourier transform,Fourier transform,,Curriculum-derived disciplinary scope,Active,DisciplineGuardrail
GR_SUB_COURSE_049_M3_S3,Subtopic,spectra,spectra,,Curriculum-derived disciplinary scope,Active,DisciplineGuardrail
GR_SUB_COURSE_049_M3_S4,Subtopic,bandwidth,bandwidth,,Curriculum-derived disciplinary scope,Active,DisciplineGuardrail
GR_SUB_COURSE_049_M3_S5,Subtopic,filtering,filtering,,Curriculum-derived disciplinary scope,Active,DisciplineGuardrail
GR_SUB_COURSE_049_M4_S1,Subtopic,Laplace transform,Z transform,,Curriculum-derived disciplinary scope,Active,DisciplineGuardrail
GR_SUB_COURSE_049_M4_S2,Subtopic,transfer functions,transfer functions,,Curriculum-derived disciplinary scope,Active,DisciplineGuardrail
GR_SUB_COURSE_049_M4_S3,Subtopic,poles and zeros,poles and zeros,,Curriculum-derived disciplinary scope,Active,DisciplineGuardrail
GR_SUB_COURSE_049_M4_S4,Subtopic,stability,stability,,Curriculum-derived disciplinary scope,Active,DisciplineGuardrail
GR_SUB_COURSE_049_M5_S1,Subtopic,Z transform,Z transform,,Curriculum-derived disciplinary scope,Active,DisciplineGuardrail
GR_SUB_COURSE_049_M5_S2,Subtopic,Region of Convergence (ROC),ROC,,Curriculum-derived disciplinary scope,Active,DisciplineGuardrail
GR_SUB_COURSE_049_M5_S3,Subtopic,difference equations,difference equations,,Curriculum-derived disciplinary scope,Active,DisciplineGuardrail
GR_SUB_COURSE_049_M5_S4,Subtopic,digital-system response,digital-system response,,Curriculum-derived disciplinary scope,Active,DisciplineGuardrail
GR_SUB_COURSE_049_M6_S1,Subtopic,Nyquist rate,Nyquist rate,,Curriculum-derived disciplinary scope,Active,DisciplineGuardrail
GR_SUB_COURSE_049_M6_S2,Subtopic,aliasing,aliasing,,Curriculum-derived disciplinary scope,Active,DisciplineGuardrail
GR_SUB_COURSE_049_M6_S3,Subtopic,reconstruction,reconstruction,,Curriculum-derived disciplinary scope,Active,DisciplineGuardrail
GR_SUB_COURSE_049_M6_S4,Subtopic,quantization,quantization,,Curriculum-derived disciplinary scope,Active,DisciplineGuardrail
GR_SUB_COURSE_049_M7_S1,Subtopic,frequency response,frequency response,,Curriculum-derived disciplinary scope,Active,DisciplineGuardrail
GR_SUB_COURSE_049_M7_S2,Subtopic,filters,filters,,Curriculum-derived disciplinary scope,Active,DisciplineGuardrail
GR_SUB_COURSE_049_M7_S3,Subtopic,modulation concepts,modulation concepts,,Curriculum-derived disciplinary scope,Active,DisciplineGuardrail
GR_SUB_COURSE_049_M7_S4,Subtopic,signal measurement,signal measurement,,Curriculum-derived disciplinary scope,Active,DisciplineGuardrail
GR_SUB_COURSE_050_M1_S1,Subtopic,environmental rights,environmental rights,,Curriculum-derived disciplinary scope,Active,DisciplineGuardrail
GR_SUB_COURSE_050_M1_S2,Subtopic,public trust,public trust,,Curriculum-derived disciplinary scope,Active,DisciplineGuardrail
GR_SUB_COURSE_050_M1_S3,Subtopic,precaution,precaution,,Curriculum-derived disciplinary scope,Active,DisciplineGuardrail
GR_SUB_COURSE_050_M1_S4,Subtopic,polluter pays,polluter pays,,Curriculum-derived disciplinary scope,Active,DisciplineGuardrail
GR_SUB_COURSE_050_M1_S5,Subtopic,sustainable development,sustainable development,,Curriculum-derived disciplinary scope,Active,DisciplineGuardrail
GR_SUB_COURSE_050_M2_S1,Subtopic,regulatory authorities,regulatory authorities,,Curriculum-derived disciplinary scope,Active,DisciplineGuardrail
GR_SUB_COURSE_050_M2_S2,Subtopic,delegated legislation,delegated legislation,,Curriculum-derived disciplinary scope,Active,DisciplineGuardrail
GR_SUB_COURSE_050_M2_S3,Subtopic,jurisdiction,jurisdiction,,Curriculum-derived disciplinary scope,Active,DisciplineGuardrail
GR_SUB_COURSE_050_M2_S4,Subtopic,environmental governance,environmental governance,,Curriculum-derived disciplinary scope,Active,DisciplineGuardrail
GR_SUB_COURSE_050_M3_S1,Subtopic,air pollution regulation,air pollution regulation,,Curriculum-derived disciplinary scope,Active,DisciplineGuardrail
GR_SUB_COURSE_050_M3_S2,Subtopic,water pollution regulation,water pollution regulation,,Curriculum-derived disciplinary scope,Active,DisciplineGuardrail
GR_SUB_COURSE_050_M3_S3,Subtopic,waste regulation,waste regulation,,Curriculum-derived disciplinary scope,Active,DisciplineGuardrail
GR_SUB_COURSE_050_M3_S4,Subtopic,consent mechanisms,consent mechanisms,,Curriculum-derived disciplinary scope,Active,DisciplineGuardrail
GR_SUB_COURSE_050_M4_S1,Subtopic,strict liability,strict liability,,Curriculum-derived disciplinary scope,Active,DisciplineGuardrail
GR_SUB_COURSE_050_M4_S2,Subtopic,environmental compensation,environmental compensation,,Curriculum-derived disciplinary scope,Active,DisciplineGuardrail
GR_SUB_COURSE_050_M4_S3,Subtopic,penalties,penalties,,Curriculum-derived disciplinary scope,Active,DisciplineGuardrail
GR_SUB_COURSE_050_M4_S4,Subtopic,remediation,remediation,,Curriculum-derived disciplinary scope,Active,DisciplineGuardrail
GR_SUB_COURSE_050_M4_S5,Subtopic,compliance,compliance,,Curriculum-derived disciplinary scope,Active,DisciplineGuardrail
GR_SUB_COURSE_050_M5_S1,Subtopic,forests,forests,,Curriculum-derived disciplinary scope,Active,DisciplineGuardrail
GR_SUB_COURSE_050_M5_S2,Subtopic,biodiversity,biodiversity,,Curriculum-derived disciplinary scope,Active,DisciplineGuardrail
GR_SUB_COURSE_050_M5_S3,Subtopic,water resources,water resources,,Curriculum-derived disciplinary scope,Active,DisciplineGuardrail
GR_SUB_COURSE_050_M5_S4,Subtopic,land use,land use,,Curriculum-derived disciplinary scope,Active,DisciplineGuardrail
GR_SUB_COURSE_050_M5_S5,Subtopic,common resources,common resources,,Curriculum-derived disciplinary scope,Active,DisciplineGuardrail
GR_SUB_COURSE_050_M6_S1,Subtopic,tribunals,tribunals,,Curriculum-derived disciplinary scope,Active,DisciplineGuardrail
GR_SUB_COURSE_050_M6_S2,Subtopic,judicial review,judicial review,,Curriculum-derived disciplinary scope,Active,DisciplineGuardrail
GR_SUB_COURSE_050_M6_S3,Subtopic,writs,writs,,Curriculum-derived disciplinary scope,Active,DisciplineGuardrail
GR_SUB_COURSE_050_M6_S4,Subtopic,injunctions,injunctions,,Curriculum-derived disciplinary scope,Active,DisciplineGuardrail
GR_SUB_COURSE_050_M6_S5,Subtopic,public interest litigation,public interest litigation,,Curriculum-derived disciplinary scope,Active,DisciplineGuardrail
GR_SUB_COURSE_050_M7_S1,Subtopic,permits,permits,,Curriculum-derived disciplinary scope,Active,DisciplineGuardrail
GR_SUB_COURSE_050_M7_S2,Subtopic,compliance systems,compliance systems,,Curriculum-derived disciplinary scope,Active,DisciplineGuardrail
GR_SUB_COURSE_050_M7_S3,Subtopic,monitoring,monitoring,,Curriculum-derived disciplinary scope,Active,DisciplineGuardrail
GR_SUB_COURSE_050_M7_S4,Subtopic,reporting,reporting,,Curriculum-derived disciplinary scope,Active,DisciplineGuardrail
GR_SUB_COURSE_050_M7_S5,Subtopic,administrative decision-making,administrative decision-making,,Curriculum-derived disciplinary scope,Active,DisciplineGuardrail
GR_SUB_COURSE_051_M1_S1,Subtopic,statutory basis,statutory basis,,Curriculum-derived disciplinary scope,Active,DisciplineGuardrail
GR_SUB_COURSE_051_M1_S2,Subtopic,regulatory instruments,regulatory instruments,,Curriculum-derived disciplinary scope,Active,DisciplineGuardrail
GR_SUB_COURSE_051_M1_S3,Subtopic,project categories,project categories,,Curriculum-derived disciplinary scope,Active,DisciplineGuardrail
GR_SUB_COURSE_051_M1_S4,Subtopic,competent authorities,competent authorities,,Curriculum-derived disciplinary scope,Active,DisciplineGuardrail
GR_SUB_COURSE_051_M2_S1,Subtopic,screening,screening,,Curriculum-derived disciplinary scope,Active,DisciplineGuardrail
GR_SUB_COURSE_051_M2_S2,Subtopic,terms of reference,terms of reference,,Curriculum-derived disciplinary scope,Active,DisciplineGuardrail
GR_SUB_COURSE_051_M2_S3,Subtopic,baseline requirements,baseline requirements,,Curriculum-derived disciplinary scope,Active,DisciplineGuardrail
GR_SUB_COURSE_051_M2_S4,Subtopic,alternatives,alternatives,,Curriculum-derived disciplinary scope,Active,DisciplineGuardrail
GR_SUB_COURSE_051_M3_S1,Subtopic,impact prediction,impact prediction,,Curriculum-derived disciplinary scope,Active,DisciplineGuardrail
GR_SUB_COURSE_051_M3_S2,Subtopic,cumulative impacts,cumulative impacts,,Curriculum-derived disciplinary scope,Active,DisciplineGuardrail
GR_SUB_COURSE_051_M3_S3,Subtopic,risk,risk,,Curriculum-derived disciplinary scope,Active,DisciplineGuardrail
GR_SUB_COURSE_051_M3_S4,Subtopic,mitigation hierarchy,mitigation hierarchy,,Curriculum-derived disciplinary scope,Active,DisciplineGuardrail
GR_SUB_COURSE_051_M4_S1,Subtopic,notice,notice,,Curriculum-derived disciplinary scope,Active,DisciplineGuardrail
GR_SUB_COURSE_051_M4_S2,Subtopic,disclosure,disclosure,,Curriculum-derived disciplinary scope,Active,DisciplineGuardrail
GR_SUB_COURSE_051_M4_S3,Subtopic,hearings,hearings,,Curriculum-derived disciplinary scope,Active,DisciplineGuardrail
GR_SUB_COURSE_051_M4_S4,Subtopic,submissions,submissions,,Curriculum-derived disciplinary scope,Active,DisciplineGuardrail
GR_SUB_COURSE_051_M4_S5,Subtopic,procedural fairness,procedural fairness,,Curriculum-derived disciplinary scope,Active,DisciplineGuardrail
GR_SUB_COURSE_051_M5_S1,Subtopic,appraisal committees,appraisal committees,,Curriculum-derived disciplinary scope,Active,DisciplineGuardrail
GR_SUB_COURSE_051_M5_S2,Subtopic,conditions,conditions,,Curriculum-derived disciplinary scope,Active,DisciplineGuardrail
GR_SUB_COURSE_051_M5_S3,Subtopic,reasoned decisions,reasoned decisions,,Curriculum-derived disciplinary scope,Active,DisciplineGuardrail
GR_SUB_COURSE_051_M5_S4,Subtopic,judicial review,judicial review,,Curriculum-derived disciplinary scope,Active,DisciplineGuardrail
GR_SUB_COURSE_051_M6_S1,Subtopic,conditions,conditions,,Curriculum-derived disciplinary scope,Active,DisciplineGuardrail
GR_SUB_COURSE_051_M6_S2,Subtopic,monitoring,monitoring,,Curriculum-derived disciplinary scope,Active,DisciplineGuardrail
GR_SUB_COURSE_051_M6_S3,Subtopic,reporting,reporting,,Curriculum-derived disciplinary scope,Active,DisciplineGuardrail
GR_SUB_COURSE_051_M6_S4,Subtopic,non-compliance,non-compliance,,Curriculum-derived disciplinary scope,Active,DisciplineGuardrail
GR_SUB_COURSE_051_M6_S5,Subtopic,adaptive management,adaptive management,,Curriculum-derived disciplinary scope,Active,DisciplineGuardrail
GR_SUB_COURSE_051_M7_S1,Subtopic,standing,standing,,Curriculum-derived disciplinary scope,Active,DisciplineGuardrail
GR_SUB_COURSE_051_M7_S2,Subtopic,remedies,remedies,,Curriculum-derived disciplinary scope,Active,DisciplineGuardrail
GR_SUB_COURSE_051_M7_S3,Subtopic,evidentiary issues,evidentiary issues,,Curriculum-derived disciplinary scope,Active,DisciplineGuardrail
GR_SUB_COURSE_051_M7_S4,Subtopic,comparative EIA regimes,comparative EIA regimes,,Curriculum-derived disciplinary scope,Active,DisciplineGuardrail
GR_SUB_COURSE_052_M1_S1,Subtopic,climate institutions,climate institutions,,Curriculum-derived disciplinary scope,Active,DisciplineGuardrail
GR_SUB_COURSE_052_M1_S2,Subtopic,legislative instruments,legislative instruments,,Curriculum-derived disciplinary scope,Active,DisciplineGuardrail
GR_SUB_COURSE_052_M1_S3,Subtopic,executive policy,executive policy,,Curriculum-derived disciplinary scope,Active,DisciplineGuardrail
GR_SUB_COURSE_052_M1_S4,Subtopic,federalism,federalism,,Curriculum-derived disciplinary scope,Active,DisciplineGuardrail
GR_SUB_COURSE_052_M2_S1,Subtopic,emissions regulation,emissions regulation,,Curriculum-derived disciplinary scope,Active,DisciplineGuardrail
GR_SUB_COURSE_052_M2_S2,Subtopic,carbon pricing concepts,carbon pricing concepts,,Curriculum-derived disciplinary scope,Active,DisciplineGuardrail
GR_SUB_COURSE_052_M2_S3,Subtopic,energy regulation,energy regulation,,Curriculum-derived disciplinary scope,Active,DisciplineGuardrail
GR_SUB_COURSE_052_M2_S4,Subtopic,sectoral measures,sectoral measures,,Curriculum-derived disciplinary scope,Active,DisciplineGuardrail
GR_SUB_COURSE_052_M3_S1,Subtopic,adaptation duties,adaptation duties,,Curriculum-derived disciplinary scope,Active,DisciplineGuardrail
GR_SUB_COURSE_052_M3_S2,Subtopic,disaster risk,disaster risk,,Curriculum-derived disciplinary scope,Active,DisciplineGuardrail
GR_SUB_COURSE_052_M3_S3,Subtopic,resilience planning,resilience planning,,Curriculum-derived disciplinary scope,Active,DisciplineGuardrail
GR_SUB_COURSE_052_M3_S4,Subtopic,vulnerable communities,vulnerable communities,,Curriculum-derived disciplinary scope,Active,DisciplineGuardrail
GR_SUB_COURSE_052_M4_S1,Subtopic,climate risk disclosure,climate risk disclosure,,Curriculum-derived disciplinary scope,Active,DisciplineGuardrail
GR_SUB_COURSE_052_M4_S2,Subtopic,sustainable finance,sustainable finance,,Curriculum-derived disciplinary scope,Active,DisciplineGuardrail
GR_SUB_COURSE_052_M4_S3,Subtopic,fiduciary considerations,fiduciary considerations,,Curriculum-derived disciplinary scope,Active,DisciplineGuardrail
GR_SUB_COURSE_052_M4_S4,Subtopic,reporting,reporting,,Curriculum-derived disciplinary scope,Active,DisciplineGuardrail
GR_SUB_COURSE_052_M5_S1,Subtopic,United Nations Framework Convention on Climate Change (UNFCCC),UNFCCC,,Curriculum-derived disciplinary scope,Active,DisciplineGuardrail
GR_SUB_COURSE_052_M5_S2,Subtopic,Paris Agreement,Paris Agreement,,Curriculum-derived disciplinary scope,Active,DisciplineGuardrail
GR_SUB_COURSE_052_M5_S3,Subtopic,nationally determined contributions,nationally determined contributions,,Curriculum-derived disciplinary scope,Active,DisciplineGuardrail
GR_SUB_COURSE_052_M5_S4,Subtopic,transparency framework,transparency framework,,Curriculum-derived disciplinary scope,Active,DisciplineGuardrail
GR_SUB_COURSE_052_M6_S1,Subtopic,rights-based claims,rights-based claims,,Curriculum-derived disciplinary scope,Active,DisciplineGuardrail
GR_SUB_COURSE_052_M6_S2,Subtopic,government duties,government duties,,Curriculum-derived disciplinary scope,Active,DisciplineGuardrail
GR_SUB_COURSE_052_M6_S3,Subtopic,corporate claims,corporate claims,,Curriculum-derived disciplinary scope,Active,DisciplineGuardrail
GR_SUB_COURSE_052_M6_S4,Subtopic,causation,causation,,Curriculum-derived disciplinary scope,Active,DisciplineGuardrail
GR_SUB_COURSE_052_M7_S1,Subtopic,policy instruments,policy instruments,,Curriculum-derived disciplinary scope,Active,DisciplineGuardrail
GR_SUB_COURSE_052_M7_S2,Subtopic,regulatory coordination,regulatory coordination,,Curriculum-derived disciplinary scope,Active,DisciplineGuardrail
GR_SUB_COURSE_052_M7_S3,Subtopic,monitoring,monitoring,,Curriculum-derived disciplinary scope,Active,DisciplineGuardrail
GR_SUB_COURSE_052_M7_S4,Subtopic,Policy evaluation,Policy evaluation; Curricular scope: Climate Change Law and Policy. The concept is represented at the level of the stated mechanism; properties; constraints; and application criteria,,Curriculum-derived disciplinary scope,Active,DisciplineGuardrail
GR_SUB_COURSE_053_M1_S1,Subtopic,offer,offer,,Curriculum-derived disciplinary scope,Active,DisciplineGuardrail
GR_SUB_COURSE_053_M1_S2,Subtopic,acceptance,acceptance,,Curriculum-derived disciplinary scope,Active,DisciplineGuardrail
GR_SUB_COURSE_053_M1_S3,Subtopic,consideration,consideration,,Curriculum-derived disciplinary scope,Active,DisciplineGuardrail
GR_SUB_COURSE_053_M1_S4,Subtopic,intention,intention,,Curriculum-derived disciplinary scope,Active,DisciplineGuardrail
GR_SUB_COURSE_053_M1_S5,Subtopic,capacity,capacity,,Curriculum-derived disciplinary scope,Active,DisciplineGuardrail
GR_SUB_COURSE_053_M1_S6,Subtopic,consent,consent,,Curriculum-derived disciplinary scope,Active,DisciplineGuardrail
GR_SUB_COURSE_053_M2_S1,Subtopic,express terms,express terms,,Curriculum-derived disciplinary scope,Active,DisciplineGuardrail
GR_SUB_COURSE_053_M2_S2,Subtopic,implied terms,implied terms,,Curriculum-derived disciplinary scope,Active,DisciplineGuardrail
GR_SUB_COURSE_053_M2_S3,Subtopic,conditions and warranties,conditions and warranties,,Curriculum-derived disciplinary scope,Active,DisciplineGuardrail
GR_SUB_COURSE_053_M2_S4,Subtopic,interpretation,interpretation,,Curriculum-derived disciplinary scope,Active,DisciplineGuardrail
GR_SUB_COURSE_053_M2_S5,Subtopic,exclusion clauses,exclusion clauses,,Curriculum-derived disciplinary scope,Active,DisciplineGuardrail
GR_SUB_COURSE_053_M3_S1,Subtopic,performance,performance,,Curriculum-derived disciplinary scope,Active,DisciplineGuardrail
GR_SUB_COURSE_053_M3_S2,Subtopic,frustration,frustration,,Curriculum-derived disciplinary scope,Active,DisciplineGuardrail
GR_SUB_COURSE_053_M3_S3,Subtopic,novation,novation,,Curriculum-derived disciplinary scope,Active,DisciplineGuardrail
GR_SUB_COURSE_053_M3_S4,Subtopic,alteration,alteration,,Curriculum-derived disciplinary scope,Active,DisciplineGuardrail
GR_SUB_COURSE_053_M3_S5,Subtopic,discharge by agreement,discharge by agreement,,Curriculum-derived disciplinary scope,Active,DisciplineGuardrail
GR_SUB_COURSE_053_M4_S1,Subtopic,anticipatory breach,anticipatory breach,,Curriculum-derived disciplinary scope,Active,DisciplineGuardrail
GR_SUB_COURSE_053_M4_S2,Subtopic,damages,damages,,Curriculum-derived disciplinary scope,Active,DisciplineGuardrail
GR_SUB_COURSE_053_M4_S3,Subtopic,specific performance,specific performance,,Curriculum-derived disciplinary scope,Active,DisciplineGuardrail
GR_SUB_COURSE_053_M4_S4,Subtopic,injunctions,injunctions,,Curriculum-derived disciplinary scope,Active,DisciplineGuardrail
GR_SUB_COURSE_053_M4_S5,Subtopic,restitution,restitution,,Curriculum-derived disciplinary scope,Active,DisciplineGuardrail
GR_SUB_COURSE_053_M5_S1,Subtopic,indemnities,indemnities,,Curriculum-derived disciplinary scope,Active,DisciplineGuardrail
GR_SUB_COURSE_053_M5_S2,Subtopic,limitation clauses,limitation clauses,,Curriculum-derived disciplinary scope,Active,DisciplineGuardrail
GR_SUB_COURSE_053_M5_S3,Subtopic,guarantees,guarantees,,Curriculum-derived disciplinary scope,Active,DisciplineGuardrail
GR_SUB_COURSE_053_M5_S4,Subtopic,force majeure,force majeure,,Curriculum-derived disciplinary scope,Active,DisciplineGuardrail
GR_SUB_COURSE_053_M5_S5,Subtopic,insurance clauses,insurance clauses,,Curriculum-derived disciplinary scope,Active,DisciplineGuardrail
GR_SUB_COURSE_053_M6_S1,Subtopic,definitions,definitions,,Curriculum-derived disciplinary scope,Active,DisciplineGuardrail
GR_SUB_COURSE_053_M6_S2,Subtopic,representations,representations,,Curriculum-derived disciplinary scope,Active,DisciplineGuardrail
GR_SUB_COURSE_053_M6_S3,Subtopic,covenants,covenants,,Curriculum-derived disciplinary scope,Active,DisciplineGuardrail
GR_SUB_COURSE_053_M6_S4,Subtopic,schedules,schedules,,Curriculum-derived disciplinary scope,Active,DisciplineGuardrail
GR_SUB_COURSE_053_M6_S5,Subtopic,negotiation strategy,negotiation strategy,,Curriculum-derived disciplinary scope,Active,DisciplineGuardrail
GR_SUB_COURSE_053_M7_S1,Subtopic,sale of goods,sale of goods,,Curriculum-derived disciplinary scope,Active,DisciplineGuardrail
GR_SUB_COURSE_053_M7_S2,Subtopic,services,services,,Curriculum-derived disciplinary scope,Active,DisciplineGuardrail
GR_SUB_COURSE_053_M7_S3,Subtopic,technology agreements,technology agreements,,Curriculum-derived disciplinary scope,Active,DisciplineGuardrail
GR_SUB_COURSE_053_M7_S4,Subtopic,confidentiality,confidentiality,,Curriculum-derived disciplinary scope,Active,DisciplineGuardrail
GR_SUB_COURSE_053_M7_S5,Subtopic,dispute clauses,dispute clauses,,Curriculum-derived disciplinary scope,Active,DisciplineGuardrail
GR_SUB_COURSE_054_M1_S1,Subtopic,employment status,employment status,,Curriculum-derived disciplinary scope,Active,DisciplineGuardrail
GR_SUB_COURSE_054_M1_S2,Subtopic,appointment terms,appointment terms,,Curriculum-derived disciplinary scope,Active,DisciplineGuardrail
GR_SUB_COURSE_054_M1_S3,Subtopic,working conditions,working conditions,,Curriculum-derived disciplinary scope,Active,DisciplineGuardrail
GR_SUB_COURSE_054_M1_S4,Subtopic,standing orders,standing orders,,Curriculum-derived disciplinary scope,Active,DisciplineGuardrail
GR_SUB_COURSE_054_M2_S1,Subtopic,wage regulation,wage regulation,,Curriculum-derived disciplinary scope,Active,DisciplineGuardrail
GR_SUB_COURSE_054_M2_S2,Subtopic,deductions,deductions,,Curriculum-derived disciplinary scope,Active,DisciplineGuardrail
GR_SUB_COURSE_054_M2_S3,Subtopic,bonus,bonus,,Curriculum-derived disciplinary scope,Active,DisciplineGuardrail
GR_SUB_COURSE_054_M2_S4,Subtopic,social security,social security,,Curriculum-derived disciplinary scope,Active,DisciplineGuardrail
GR_SUB_COURSE_054_M2_S5,Subtopic,leave,leave,,Curriculum-derived disciplinary scope,Active,DisciplineGuardrail
GR_SUB_COURSE_054_M3_S1,Subtopic,trade unions,trade unions,,Curriculum-derived disciplinary scope,Active,DisciplineGuardrail
GR_SUB_COURSE_054_M3_S2,Subtopic,collective bargaining,collective bargaining,,Curriculum-derived disciplinary scope,Active,DisciplineGuardrail
GR_SUB_COURSE_054_M3_S3,Subtopic,industrial disputes,industrial disputes,,Curriculum-derived disciplinary scope,Active,DisciplineGuardrail
GR_SUB_COURSE_054_M3_S4,Subtopic,strikes and lockouts,strikes and lockouts,,Curriculum-derived disciplinary scope,Active,DisciplineGuardrail
GR_SUB_COURSE_054_M4_S1,Subtopic,workplace safety,workplace safety,,Curriculum-derived disciplinary scope,Active,DisciplineGuardrail
GR_SUB_COURSE_054_M4_S2,Subtopic,working hours,working hours,,Curriculum-derived disciplinary scope,Active,DisciplineGuardrail
GR_SUB_COURSE_054_M4_S3,Subtopic,welfare,welfare,,Curriculum-derived disciplinary scope,Active,DisciplineGuardrail
GR_SUB_COURSE_054_M4_S4,Subtopic,employer duties,employer duties,,Curriculum-derived disciplinary scope,Active,DisciplineGuardrail
GR_SUB_COURSE_054_M5_S1,Subtopic,non-discrimination,non-discrimination,,Curriculum-derived disciplinary scope,Active,DisciplineGuardrail
GR_SUB_COURSE_054_M5_S2,Subtopic,harassment,harassment,,Curriculum-derived disciplinary scope,Active,DisciplineGuardrail
GR_SUB_COURSE_054_M5_S3,Subtopic,maternity protections,maternity protections,,Curriculum-derived disciplinary scope,Active,DisciplineGuardrail
GR_SUB_COURSE_054_M5_S4,Subtopic,reasonable workplace protections,reasonable workplace protections,,Curriculum-derived disciplinary scope,Active,DisciplineGuardrail
GR_SUB_COURSE_054_M6_S1,Subtopic,conciliation,conciliation,,Curriculum-derived disciplinary scope,Active,DisciplineGuardrail
GR_SUB_COURSE_054_M6_S2,Subtopic,labour authorities,labour authorities,,Curriculum-derived disciplinary scope,Active,DisciplineGuardrail
GR_SUB_COURSE_054_M6_S3,Subtopic,tribunals,tribunals,,Curriculum-derived disciplinary scope,Active,DisciplineGuardrail
GR_SUB_COURSE_054_M6_S4,Subtopic,judicial remedies,judicial remedies,,Curriculum-derived disciplinary scope,Active,DisciplineGuardrail
GR_SUB_COURSE_054_M7_S1,Subtopic,platform work,platform work,,Curriculum-derived disciplinary scope,Active,DisciplineGuardrail
GR_SUB_COURSE_054_M7_S2,Subtopic,fixed-term work,fixed-term work,,Curriculum-derived disciplinary scope,Active,DisciplineGuardrail
GR_SUB_COURSE_054_M7_S3,Subtopic,contract labour,contract labour,,Curriculum-derived disciplinary scope,Active,DisciplineGuardrail
GR_SUB_COURSE_054_M7_S4,Subtopic,remote work,remote work,,Curriculum-derived disciplinary scope,Active,DisciplineGuardrail
GR_SUB_COURSE_054_M7_S5,Subtopic,compliance systems,compliance systems,,Curriculum-derived disciplinary scope,Active,DisciplineGuardrail
GR_SUB_COURSE_055_M1_S1,Subtopic,company organs,company organs,,Curriculum-derived disciplinary scope,Active,DisciplineGuardrail
GR_SUB_COURSE_055_M1_S2,Subtopic,governance structures,governance structures,,Curriculum-derived disciplinary scope,Active,DisciplineGuardrail
GR_SUB_COURSE_055_M1_S3,Subtopic,shareholder rights,shareholder rights,,Curriculum-derived disciplinary scope,Active,DisciplineGuardrail
GR_SUB_COURSE_055_M1_S4,Subtopic,disclosure,disclosure,,Curriculum-derived disciplinary scope,Active,DisciplineGuardrail
GR_SUB_COURSE_055_M2_S1,Subtopic,fiduciary duties,fiduciary duties,,Curriculum-derived disciplinary scope,Active,DisciplineGuardrail
GR_SUB_COURSE_055_M2_S2,Subtopic,care,care,,Curriculum-derived disciplinary scope,Active,DisciplineGuardrail
GR_SUB_COURSE_055_M2_S3,Subtopic,conflict management,conflict management,,Curriculum-derived disciplinary scope,Active,DisciplineGuardrail
GR_SUB_COURSE_055_M2_S4,Subtopic,related-party transactions,related-party transactions,,Curriculum-derived disciplinary scope,Active,DisciplineGuardrail
GR_SUB_COURSE_055_M3_S1,Subtopic,corporate environmental duties,corporate environmental duties,,Curriculum-derived disciplinary scope,Active,DisciplineGuardrail
GR_SUB_COURSE_055_M3_S2,Subtopic,labour rights,labour rights,,Curriculum-derived disciplinary scope,Active,DisciplineGuardrail
GR_SUB_COURSE_055_M3_S3,Subtopic,community impacts,community impacts,,Curriculum-derived disciplinary scope,Active,DisciplineGuardrail
GR_SUB_COURSE_055_M3_S4,Subtopic,supply-chain responsibility,supply-chain responsibility,,Curriculum-derived disciplinary scope,Active,DisciplineGuardrail
GR_SUB_COURSE_055_M4_S1,Subtopic,materiality,materiality,,Curriculum-derived disciplinary scope,Active,DisciplineGuardrail
GR_SUB_COURSE_055_M4_S2,Subtopic,non-financial disclosure,non-financial disclosure,,Curriculum-derived disciplinary scope,Active,DisciplineGuardrail
GR_SUB_COURSE_055_M4_S3,Subtopic,sustainability reporting,sustainability reporting,,Curriculum-derived disciplinary scope,Active,DisciplineGuardrail
GR_SUB_COURSE_055_M4_S4,Subtopic,assurance concepts,assurance concepts,,Curriculum-derived disciplinary scope,Active,DisciplineGuardrail
GR_SUB_COURSE_055_M5_S1,Subtopic,green finance,green finance,,Curriculum-derived disciplinary scope,Active,DisciplineGuardrail
GR_SUB_COURSE_055_M5_S2,Subtopic,climate risk,climate risk,,Curriculum-derived disciplinary scope,Active,DisciplineGuardrail
GR_SUB_COURSE_055_M5_S3,Subtopic,transition risk,transition risk,,Curriculum-derived disciplinary scope,Active,DisciplineGuardrail
GR_SUB_COURSE_055_M5_S4,Subtopic,due diligence,due diligence,,Curriculum-derived disciplinary scope,Active,DisciplineGuardrail
GR_SUB_COURSE_055_M6_S1,Subtopic,compliance programs,compliance programs,,Curriculum-derived disciplinary scope,Active,DisciplineGuardrail
GR_SUB_COURSE_055_M6_S2,Subtopic,investigations,investigations,,Curriculum-derived disciplinary scope,Active,DisciplineGuardrail
GR_SUB_COURSE_055_M6_S3,Subtopic,whistleblowing,whistleblowing,,Curriculum-derived disciplinary scope,Active,DisciplineGuardrail
GR_SUB_COURSE_055_M6_S4,Subtopic,sanctions,sanctions,,Curriculum-derived disciplinary scope,Active,DisciplineGuardrail
GR_SUB_COURSE_055_M7_S1,Subtopic,greenwashing,greenwashing,,Curriculum-derived disciplinary scope,Active,DisciplineGuardrail
GR_SUB_COURSE_055_M7_S2,Subtopic,stakeholder claims,stakeholder claims,,Curriculum-derived disciplinary scope,Active,DisciplineGuardrail
GR_SUB_COURSE_055_M7_S3,Subtopic,disclosure liability,disclosure liability,,Curriculum-derived disciplinary scope,Active,DisciplineGuardrail
GR_SUB_COURSE_055_M7_S4,Subtopic,contractual ESG clauses,contractual ESG clauses,,Curriculum-derived disciplinary scope,Active,DisciplineGuardrail
GR_SUB_COURSE_056_M1_S1,Subtopic,classical theory,classical theory,,Curriculum-derived disciplinary scope,Active,DisciplineGuardrail
GR_SUB_COURSE_056_M1_S2,Subtopic,functionalism,functionalism,,Curriculum-derived disciplinary scope,Active,DisciplineGuardrail
GR_SUB_COURSE_056_M1_S3,Subtopic,conflict theory,conflict theory,,Curriculum-derived disciplinary scope,Active,DisciplineGuardrail
GR_SUB_COURSE_056_M1_S4,Subtopic,symbolic interactionism,symbolic interactionism,,Curriculum-derived disciplinary scope,Active,DisciplineGuardrail
GR_SUB_COURSE_056_M2_S1,Subtopic,family,family,,Curriculum-derived disciplinary scope,Active,DisciplineGuardrail
GR_SUB_COURSE_056_M2_S2,Subtopic,education,education,,Curriculum-derived disciplinary scope,Active,DisciplineGuardrail
GR_SUB_COURSE_056_M2_S3,Subtopic,religion,religion,,Curriculum-derived disciplinary scope,Active,DisciplineGuardrail
GR_SUB_COURSE_056_M2_S4,Subtopic,economy,economy,,Curriculum-derived disciplinary scope,Active,DisciplineGuardrail
GR_SUB_COURSE_056_M2_S5,Subtopic,polity,polity,,Curriculum-derived disciplinary scope,Active,DisciplineGuardrail
GR_SUB_COURSE_056_M2_S6,Subtopic,institutional change,institutional change,,Curriculum-derived disciplinary scope,Active,DisciplineGuardrail
GR_SUB_COURSE_056_M3_S1,Subtopic,culture,culture,,Curriculum-derived disciplinary scope,Active,DisciplineGuardrail
GR_SUB_COURSE_056_M3_S2,Subtopic,norms,norms,,Curriculum-derived disciplinary scope,Active,DisciplineGuardrail
GR_SUB_COURSE_056_M3_S3,Subtopic,values,values,,Curriculum-derived disciplinary scope,Active,DisciplineGuardrail
GR_SUB_COURSE_056_M3_S4,Subtopic,identity,identity,,Curriculum-derived disciplinary scope,Active,DisciplineGuardrail
GR_SUB_COURSE_056_M3_S5,Subtopic,socialization,socialization,,Curriculum-derived disciplinary scope,Active,DisciplineGuardrail
GR_SUB_COURSE_056_M3_S6,Subtopic,deviance,deviance,,Curriculum-derived disciplinary scope,Active,DisciplineGuardrail
GR_SUB_COURSE_056_M4_S1,Subtopic,class,class,,Curriculum-derived disciplinary scope,Active,DisciplineGuardrail
GR_SUB_COURSE_056_M4_S2,Subtopic,status,status,,Curriculum-derived disciplinary scope,Active,DisciplineGuardrail
GR_SUB_COURSE_056_M4_S3,Subtopic,gender,gender,,Curriculum-derived disciplinary scope,Active,DisciplineGuardrail
GR_SUB_COURSE_056_M4_S4,Subtopic,race/ethnicity as social structure,race/ethnicity as social structure,,Curriculum-derived disciplinary scope,Active,DisciplineGuardrail
GR_SUB_COURSE_056_M4_S5,Subtopic,mobility,mobility,,Curriculum-derived disciplinary scope,Active,DisciplineGuardrail
GR_SUB_COURSE_056_M4_S6,Subtopic,poverty,poverty,,Curriculum-derived disciplinary scope,Active,DisciplineGuardrail
GR_SUB_COURSE_056_M5_S1,Subtopic,primary/secondary groups,primary/secondary groups,,Curriculum-derived disciplinary scope,Active,DisciplineGuardrail
GR_SUB_COURSE_056_M5_S2,Subtopic,organizations,organizations,,Curriculum-derived disciplinary scope,Active,DisciplineGuardrail
GR_SUB_COURSE_056_M5_S3,Subtopic,bureaucracy,bureaucracy,,Curriculum-derived disciplinary scope,Active,DisciplineGuardrail
GR_SUB_COURSE_056_M5_S4,Subtopic,social networks,social networks,,Curriculum-derived disciplinary scope,Active,DisciplineGuardrail
GR_SUB_COURSE_056_M6_S1,Subtopic,demography,demography,,Curriculum-derived disciplinary scope,Active,DisciplineGuardrail
GR_SUB_COURSE_056_M6_S2,Subtopic,migration,migration,,Curriculum-derived disciplinary scope,Active,DisciplineGuardrail
GR_SUB_COURSE_056_M6_S3,Subtopic,urbanization,urbanization,,Curriculum-derived disciplinary scope,Active,DisciplineGuardrail
GR_SUB_COURSE_056_M6_S4,Subtopic,globalization,globalization,,Curriculum-derived disciplinary scope,Active,DisciplineGuardrail
GR_SUB_COURSE_056_M6_S5,Subtopic,social movements,social movements,,Curriculum-derived disciplinary scope,Active,DisciplineGuardrail
GR_SUB_COURSE_056_M7_S1,Subtopic,digital society,digital society,,Curriculum-derived disciplinary scope,Active,DisciplineGuardrail
GR_SUB_COURSE_056_M7_S2,Subtopic,institutions and technology,institutions and technology,,Curriculum-derived disciplinary scope,Active,DisciplineGuardrail
GR_SUB_COURSE_056_M7_S3,Subtopic,comparative analysis,comparative analysis,,Curriculum-derived disciplinary scope,Active,DisciplineGuardrail
GR_SUB_COURSE_056_M7_S4,Subtopic,mixed-method sociology,mixed-method sociology,,Curriculum-derived disciplinary scope,Active,DisciplineGuardrail
GR_SUB_COURSE_057_M1_S1,Subtopic,schemas,schemas,,Curriculum-derived disciplinary scope,Active,DisciplineGuardrail
GR_SUB_COURSE_057_M1_S2,Subtopic,attribution,attribution,,Curriculum-derived disciplinary scope,Active,DisciplineGuardrail
GR_SUB_COURSE_057_M1_S3,Subtopic,heuristics,heuristics,,Curriculum-derived disciplinary scope,Active,DisciplineGuardrail
GR_SUB_COURSE_057_M1_S4,Subtopic,social perception,social perception,,Curriculum-derived disciplinary scope,Active,DisciplineGuardrail
GR_SUB_COURSE_057_M1_S5,Subtopic,judgment,judgment,,Curriculum-derived disciplinary scope,Active,DisciplineGuardrail
GR_SUB_COURSE_057_M2_S1,Subtopic,attitude formation,attitude formation,,Curriculum-derived disciplinary scope,Active,DisciplineGuardrail
GR_SUB_COURSE_057_M2_S2,Subtopic,cognitive dissonance,cognitive dissonance,,Curriculum-derived disciplinary scope,Active,DisciplineGuardrail
GR_SUB_COURSE_057_M2_S3,Subtopic,persuasion models,persuasion models,,Curriculum-derived disciplinary scope,Active,DisciplineGuardrail
GR_SUB_COURSE_057_M2_S4,Subtopic,resistance,resistance,,Curriculum-derived disciplinary scope,Active,DisciplineGuardrail
GR_SUB_COURSE_057_M3_S1,Subtopic,attraction,attraction,,Curriculum-derived disciplinary scope,Active,DisciplineGuardrail
GR_SUB_COURSE_057_M3_S2,Subtopic,relationships,relationships,,Curriculum-derived disciplinary scope,Active,DisciplineGuardrail
GR_SUB_COURSE_057_M3_S3,Subtopic,prosocial behaviour,prosocial behaviour,,Curriculum-derived disciplinary scope,Active,DisciplineGuardrail
GR_SUB_COURSE_057_M3_S4,Subtopic,aggression,aggression,,Curriculum-derived disciplinary scope,Active,DisciplineGuardrail
GR_SUB_COURSE_057_M3_S5,Subtopic,conflict,conflict,,Curriculum-derived disciplinary scope,Active,DisciplineGuardrail
GR_SUB_COURSE_057_M4_S1,Subtopic,group norms,group norms,,Curriculum-derived disciplinary scope,Active,DisciplineGuardrail
GR_SUB_COURSE_057_M4_S2,Subtopic,conformity,conformity,,Curriculum-derived disciplinary scope,Active,DisciplineGuardrail
GR_SUB_COURSE_057_M4_S3,Subtopic,obedience,obedience,,Curriculum-derived disciplinary scope,Active,DisciplineGuardrail
GR_SUB_COURSE_057_M4_S4,Subtopic,group decision-making,group decision-making,,Curriculum-derived disciplinary scope,Active,DisciplineGuardrail
GR_SUB_COURSE_057_M4_S5,Subtopic,collective action,collective action,,Curriculum-derived disciplinary scope,Active,DisciplineGuardrail
GR_SUB_COURSE_057_M5_S1,Subtopic,social identity,social identity,,Curriculum-derived disciplinary scope,Active,DisciplineGuardrail
GR_SUB_COURSE_057_M5_S2,Subtopic,categorization,categorization,,Curriculum-derived disciplinary scope,Active,DisciplineGuardrail
GR_SUB_COURSE_057_M5_S3,Subtopic,prejudice,prejudice,,Curriculum-derived disciplinary scope,Active,DisciplineGuardrail
GR_SUB_COURSE_057_M5_S4,Subtopic,stereotyping,stereotyping,,Curriculum-derived disciplinary scope,Active,DisciplineGuardrail
GR_SUB_COURSE_057_M5_S5,Subtopic,intergroup conflict,intergroup conflict,,Curriculum-derived disciplinary scope,Active,DisciplineGuardrail
GR_SUB_COURSE_057_M6_S1,Subtopic,normative influence,normative influence,,Curriculum-derived disciplinary scope,Active,DisciplineGuardrail
GR_SUB_COURSE_057_M6_S2,Subtopic,informational influence,informational influence,,Curriculum-derived disciplinary scope,Active,DisciplineGuardrail
GR_SUB_COURSE_057_M6_S3,Subtopic,communication,communication,,Curriculum-derived disciplinary scope,Active,DisciplineGuardrail
GR_SUB_COURSE_057_M6_S4,Subtopic,misinformation,misinformation,,Curriculum-derived disciplinary scope,Active,DisciplineGuardrail
GR_SUB_COURSE_057_M7_S1,Subtopic,health,health,,Curriculum-derived disciplinary scope,Active,DisciplineGuardrail
GR_SUB_COURSE_057_M7_S2,Subtopic,organizations,organizations,,Curriculum-derived disciplinary scope,Active,DisciplineGuardrail
GR_SUB_COURSE_057_M7_S3,Subtopic,education,education,,Curriculum-derived disciplinary scope,Active,DisciplineGuardrail
GR_SUB_COURSE_057_M7_S4,Subtopic,environmental behaviour,environmental behaviour,,Curriculum-derived disciplinary scope,Active,DisciplineGuardrail
GR_SUB_COURSE_057_M7_S5,Subtopic,interventions,interventions,,Curriculum-derived disciplinary scope,Active,DisciplineGuardrail
GR_SUB_COURSE_058_M1_S1,Subtopic,growth models,growth models,,Curriculum-derived disciplinary scope,Active,DisciplineGuardrail
GR_SUB_COURSE_058_M1_S2,Subtopic,productivity,productivity,,Curriculum-derived disciplinary scope,Active,DisciplineGuardrail
GR_SUB_COURSE_058_M1_S3,Subtopic,structural change,structural change,,Curriculum-derived disciplinary scope,Active,DisciplineGuardrail
GR_SUB_COURSE_058_M1_S4,Subtopic,industrialization,industrialization,,Curriculum-derived disciplinary scope,Active,DisciplineGuardrail
GR_SUB_COURSE_058_M2_S1,Subtopic,poverty measurement,poverty measurement,,Curriculum-derived disciplinary scope,Active,DisciplineGuardrail
GR_SUB_COURSE_058_M2_S2,Subtopic,inequality measures,inequality measures,,Curriculum-derived disciplinary scope,Active,DisciplineGuardrail
GR_SUB_COURSE_058_M2_S3,Subtopic,redistribution,redistribution,,Curriculum-derived disciplinary scope,Active,DisciplineGuardrail
GR_SUB_COURSE_058_M2_S4,Subtopic,multidimensional poverty,multidimensional poverty,,Curriculum-derived disciplinary scope,Active,DisciplineGuardrail
GR_SUB_COURSE_058_M3_S1,Subtopic,education,education,,Curriculum-derived disciplinary scope,Active,DisciplineGuardrail
GR_SUB_COURSE_058_M3_S2,Subtopic,health,health,,Curriculum-derived disciplinary scope,Active,DisciplineGuardrail
GR_SUB_COURSE_058_M3_S3,Subtopic,labour markets,labour markets,,Curriculum-derived disciplinary scope,Active,DisciplineGuardrail
GR_SUB_COURSE_058_M3_S4,Subtopic,returns to human capital,returns to human capital,,Curriculum-derived disciplinary scope,Active,DisciplineGuardrail
GR_SUB_COURSE_058_M4_S1,Subtopic,property rights,property rights,,Curriculum-derived disciplinary scope,Active,DisciplineGuardrail
GR_SUB_COURSE_058_M4_S2,Subtopic,governance,governance,,Curriculum-derived disciplinary scope,Active,DisciplineGuardrail
GR_SUB_COURSE_058_M4_S3,Subtopic,political economy,political economy,,Curriculum-derived disciplinary scope,Active,DisciplineGuardrail
GR_SUB_COURSE_058_M4_S4,Subtopic,institutional quality,institutional quality,,Curriculum-derived disciplinary scope,Active,DisciplineGuardrail
GR_SUB_COURSE_058_M5_S1,Subtopic,credit constraints,credit constraints,,Curriculum-derived disciplinary scope,Active,DisciplineGuardrail
GR_SUB_COURSE_058_M5_S2,Subtopic,financial inclusion,financial inclusion,,Curriculum-derived disciplinary scope,Active,DisciplineGuardrail
GR_SUB_COURSE_058_M5_S3,Subtopic,market failures,market failures,,Curriculum-derived disciplinary scope,Active,DisciplineGuardrail
GR_SUB_COURSE_058_M5_S4,Subtopic,informal institutions,informal institutions,,Curriculum-derived disciplinary scope,Active,DisciplineGuardrail
GR_SUB_COURSE_058_M6_S1,Subtopic,program design,program design,,Curriculum-derived disciplinary scope,Active,DisciplineGuardrail
GR_SUB_COURSE_058_M6_S2,Subtopic,cost-benefit analysis,cost-benefit analysis,,Curriculum-derived disciplinary scope,Active,DisciplineGuardrail
GR_SUB_COURSE_058_M6_S3,Subtopic,impact evaluation,impact evaluation,,Curriculum-derived disciplinary scope,Active,DisciplineGuardrail
GR_SUB_COURSE_058_M6_S4,Subtopic,randomized trials,randomized trials,,Curriculum-derived disciplinary scope,Active,DisciplineGuardrail
GR_SUB_COURSE_058_M7_S1,Subtopic,trade,trade,,Curriculum-derived disciplinary scope,Active,DisciplineGuardrail
GR_SUB_COURSE_058_M7_S2,Subtopic,aid,aid,,Curriculum-derived disciplinary scope,Active,DisciplineGuardrail
GR_SUB_COURSE_058_M7_S3,Subtopic,migration,migration,,Curriculum-derived disciplinary scope,Active,DisciplineGuardrail
GR_SUB_COURSE_058_M7_S4,Subtopic,technology transfer,technology transfer,,Curriculum-derived disciplinary scope,Active,DisciplineGuardrail
GR_SUB_COURSE_058_M7_S5,Subtopic,global value chains,global value chains,,Curriculum-derived disciplinary scope,Active,DisciplineGuardrail
GR_SUB_COURSE_059_M1_S1,Subtopic,policy problems,policy problems,,Curriculum-derived disciplinary scope,Active,DisciplineGuardrail
GR_SUB_COURSE_059_M1_S2,Subtopic,institutions,institutions,,Curriculum-derived disciplinary scope,Active,DisciplineGuardrail
GR_SUB_COURSE_059_M1_S3,Subtopic,actors,actors,,Curriculum-derived disciplinary scope,Active,DisciplineGuardrail
GR_SUB_COURSE_059_M1_S4,Subtopic,policy instruments,policy instruments,,Curriculum-derived disciplinary scope,Active,DisciplineGuardrail
GR_SUB_COURSE_059_M2_S1,Subtopic,agenda setting,agenda setting,,Curriculum-derived disciplinary scope,Active,DisciplineGuardrail
GR_SUB_COURSE_059_M2_S2,Subtopic,problem definition,problem definition,,Curriculum-derived disciplinary scope,Active,DisciplineGuardrail
GR_SUB_COURSE_059_M2_S3,Subtopic,evidence use,evidence use,,Curriculum-derived disciplinary scope,Active,DisciplineGuardrail
GR_SUB_COURSE_059_M2_S4,Subtopic,policy design,policy design,,Curriculum-derived disciplinary scope,Active,DisciplineGuardrail
GR_SUB_COURSE_059_M2_S5,Subtopic,stakeholder analysis,stakeholder analysis,,Curriculum-derived disciplinary scope,Active,DisciplineGuardrail
GR_SUB_COURSE_059_M3_S1,Subtopic,implementation structures,implementation structures,,Curriculum-derived disciplinary scope,Active,DisciplineGuardrail
GR_SUB_COURSE_059_M3_S2,Subtopic,administrative capacity,administrative capacity,,Curriculum-derived disciplinary scope,Active,DisciplineGuardrail
GR_SUB_COURSE_059_M3_S3,Subtopic,street-level bureaucracy,street-level bureaucracy,,Curriculum-derived disciplinary scope,Active,DisciplineGuardrail
GR_SUB_COURSE_059_M3_S4,Subtopic,Policy coordination,Policy coordination; Curricular scope: Public Policy and Governance. The concept is represented at the level of the stated mechanism; properties; constraints; and application criteria,,Curriculum-derived disciplinary scope,Active,DisciplineGuardrail
GR_SUB_COURSE_059_M4_S1,Subtopic,regulatory institutions,regulatory institutions,,Curriculum-derived disciplinary scope,Active,DisciplineGuardrail
GR_SUB_COURSE_059_M4_S2,Subtopic,accountability,accountability,,Curriculum-derived disciplinary scope,Active,DisciplineGuardrail
GR_SUB_COURSE_059_M4_S3,Subtopic,transparency,transparency,,Curriculum-derived disciplinary scope,Active,DisciplineGuardrail
GR_SUB_COURSE_059_M4_S4,Subtopic,participation,participation,,Curriculum-derived disciplinary scope,Active,DisciplineGuardrail
GR_SUB_COURSE_059_M4_S5,Subtopic,regulatory design,regulatory design,,Curriculum-derived disciplinary scope,Active,DisciplineGuardrail
GR_SUB_COURSE_059_M5_S1,Subtopic,budgets,budgets,,Curriculum-derived disciplinary scope,Active,DisciplineGuardrail
GR_SUB_COURSE_059_M5_S2,Subtopic,public expenditure,public expenditure,,Curriculum-derived disciplinary scope,Active,DisciplineGuardrail
GR_SUB_COURSE_059_M5_S3,Subtopic,fiscal instruments,fiscal instruments,,Curriculum-derived disciplinary scope,Active,DisciplineGuardrail
GR_SUB_COURSE_059_M5_S4,Subtopic,procurement,procurement,,Curriculum-derived disciplinary scope,Active,DisciplineGuardrail
GR_SUB_COURSE_059_M5_S5,Subtopic,Public resource allocation,Public resource allocation; Curricular scope: Public Policy and Governance. The concept is represented at the level of the stated mechanism; properties; constraints; and application criteria,,Curriculum-derived disciplinary scope,Active,DisciplineGuardrail
GR_SUB_COURSE_059_M6_S1,Subtopic,process evaluation,process evaluation,,Curriculum-derived disciplinary scope,Active,DisciplineGuardrail
GR_SUB_COURSE_059_M6_S2,Subtopic,outcome evaluation,outcome evaluation,,Curriculum-derived disciplinary scope,Active,DisciplineGuardrail
GR_SUB_COURSE_059_M6_S3,Subtopic,impact evaluation,impact evaluation,,Curriculum-derived disciplinary scope,Active,DisciplineGuardrail
GR_SUB_COURSE_059_M6_S4,Subtopic,cost-effectiveness,cost-effectiveness,,Curriculum-derived disciplinary scope,Active,DisciplineGuardrail
GR_SUB_COURSE_059_M7_S1,Subtopic,digital public services,digital public services,,Curriculum-derived disciplinary scope,Active,DisciplineGuardrail
GR_SUB_COURSE_059_M7_S2,Subtopic,data governance,data governance,,Curriculum-derived disciplinary scope,Active,DisciplineGuardrail
GR_SUB_COURSE_059_M7_S3,Subtopic,algorithmic decision-making,algorithmic decision-making,,Curriculum-derived disciplinary scope,Active,DisciplineGuardrail
GR_SUB_COURSE_059_M7_S4,Subtopic,platform regulation,platform regulation,,Curriculum-derived disciplinary scope,Active,DisciplineGuardrail
GR_SUB_COURSE_060_M1_S1,Subtopic,research questions,research questions,,Curriculum-derived disciplinary scope,Active,DisciplineGuardrail
GR_SUB_COURSE_060_M1_S2,Subtopic,theory and hypotheses,theory and hypotheses,,Curriculum-derived disciplinary scope,Active,DisciplineGuardrail
GR_SUB_COURSE_060_M1_S3,Subtopic,exploratory/descriptive/explanatory designs,exploratory/descriptive/explanatory designs,,Curriculum-derived disciplinary scope,Active,DisciplineGuardrail
GR_SUB_COURSE_060_M2_S1,Subtopic,probability sampling,probability sampling,,Curriculum-derived disciplinary scope,Active,DisciplineGuardrail
GR_SUB_COURSE_060_M2_S2,Subtopic,non-probability sampling,non-probability sampling,,Curriculum-derived disciplinary scope,Active,DisciplineGuardrail
GR_SUB_COURSE_060_M2_S3,Subtopic,measurement scales,measurement scales,,Curriculum-derived disciplinary scope,Active,DisciplineGuardrail
GR_SUB_COURSE_060_M2_S4,Subtopic,instrument design,instrument design,,Curriculum-derived disciplinary scope,Active,DisciplineGuardrail
GR_SUB_COURSE_060_M3_S1,Subtopic,interviews,interviews,,Curriculum-derived disciplinary scope,Active,DisciplineGuardrail
GR_SUB_COURSE_060_M3_S2,Subtopic,focus groups,focus groups,,Curriculum-derived disciplinary scope,Active,DisciplineGuardrail
GR_SUB_COURSE_060_M3_S3,Subtopic,observation,observation,,Curriculum-derived disciplinary scope,Active,DisciplineGuardrail
GR_SUB_COURSE_060_M3_S4,Subtopic,ethnography,ethnography,,Curriculum-derived disciplinary scope,Active,DisciplineGuardrail
GR_SUB_COURSE_060_M3_S5,Subtopic,thematic analysis,thematic analysis,,Curriculum-derived disciplinary scope,Active,DisciplineGuardrail
GR_SUB_COURSE_060_M4_S1,Subtopic,descriptive statistics,descriptive statistics,,Curriculum-derived disciplinary scope,Active,DisciplineGuardrail
GR_SUB_COURSE_060_M4_S2,Subtopic,regression,regression,,Curriculum-derived disciplinary scope,Active,DisciplineGuardrail
GR_SUB_COURSE_060_M4_S3,Subtopic,hypothesis testing,hypothesis testing,,Curriculum-derived disciplinary scope,Active,DisciplineGuardrail
GR_SUB_COURSE_060_M4_S4,Subtopic,causal inference basics,causal inference basics,,Curriculum-derived disciplinary scope,Active,DisciplineGuardrail
GR_SUB_COURSE_060_M5_S1,Subtopic,sequential designs,sequential designs,,Curriculum-derived disciplinary scope,Active,DisciplineGuardrail
GR_SUB_COURSE_060_M5_S2,Subtopic,convergent designs,convergent designs,,Curriculum-derived disciplinary scope,Active,DisciplineGuardrail
GR_SUB_COURSE_060_M5_S3,Subtopic,triangulation,triangulation,,Curriculum-derived disciplinary scope,Active,DisciplineGuardrail
GR_SUB_COURSE_060_M5_S4,Subtopic,integration,integration,,Curriculum-derived disciplinary scope,Active,DisciplineGuardrail
GR_SUB_COURSE_060_M6_S1,Subtopic,construct validity,construct validity,,Curriculum-derived disciplinary scope,Active,DisciplineGuardrail
GR_SUB_COURSE_060_M6_S2,Subtopic,internal validity,internal validity,,Curriculum-derived disciplinary scope,Active,DisciplineGuardrail
GR_SUB_COURSE_060_M6_S3,Subtopic,external validity,external validity,,Curriculum-derived disciplinary scope,Active,DisciplineGuardrail
GR_SUB_COURSE_060_M6_S4,Subtopic,reliability,reliability,,Curriculum-derived disciplinary scope,Active,DisciplineGuardrail
GR_SUB_COURSE_060_M6_S5,Subtopic,reflexivity,reflexivity,,Curriculum-derived disciplinary scope,Active,DisciplineGuardrail
GR_SUB_COURSE_060_M7_S1,Subtopic,informed consent,informed consent,,Curriculum-derived disciplinary scope,Active,DisciplineGuardrail
GR_SUB_COURSE_060_M7_S2,Subtopic,Research confidentiality,Research confidentiality; Curricular scope: Research Methods in Social Sciences. The concept is represented at the level of the stated mechanism; properties; constraints; and application criteria,,Curriculum-derived disciplinary scope,Active,DisciplineGuardrail
GR_SUB_COURSE_060_M7_S3,Subtopic,research ethics review,research ethics review,,Curriculum-derived disciplinary scope,Active,DisciplineGuardrail
GR_SUB_COURSE_060_M7_S4,Subtopic,data management,data management,,Curriculum-derived disciplinary scope,Active,DisciplineGuardrail
GR_SUB_COURSE_060_M7_S5,Subtopic,reproducibility,reproducibility,,Curriculum-derived disciplinary scope,Active,DisciplineGuardrail
