cf_knowledge_id:ID,education_level,sub_heading,text,status,:LABEL
CFK_SDG01_SEC_001,Secondary education,Understanding poverty,"Poverty as a multidimensional issue, incorporating economic, social and political dimensions.",Active,CFKnowledge
CFK_SDG01_SEC_002,Secondary education,Understanding poverty,"Distinctions between: – absolute (extreme) poverty – for example, living on less than US$2.15/day. – relative poverty – disparities within and between societies. – monetary and multidimensional poverty, considering access to basic needs.",Active,CFKnowledge
CFK_SDG01_SEC_003,Secondary education,Understanding poverty,Global poverty trends illustrated by comparative statistics and case studies.,Active,CFKnowledge
CFK_SDG01_SEC_004,Secondary education,Understanding poverty,"The relationship between scarcity of resources, economic development, inequality and livelihoods.",Active,CFKnowledge
CFK_SDG01_SEC_005,Secondary education,Understanding poverty,Household poverty dynamics and the influence of national economic policies on family income and wellbeing.,Active,CFKnowledge
CFK_SDG01_SEC_006,Secondary education,Causes and effects,"Systemic causes of poverty, including: – lack of quality education and decent employment opportunities. – political instability and weak governance. – environmental degradation and climate change. – social exclusion and discrimination.",Active,CFKnowledge
CFK_SDG01_SEC_007,Secondary education,Causes and effects,"Effects of poverty, including:",Active,CFKnowledge
CFK_SDG01_SEC_008,Secondary education,Causes and effects,"limited access to nutrition, clean water, healthcare, education and safe housing.",Active,CFKnowledge
CFK_SDG01_SEC_009,Secondary education,Causes and effects,"child labour, exploitation and reliance on sweatshops.",Active,CFKnowledge
CFK_SDG01_SEC_010,Secondary education,Causes and effects,intergenerational poverty and restricted upward mobility.,Active,CFKnowledge
CFK_SDG01_SEC_011,Secondary education,Inequality and global context,"The relationship between poverty, gender and resource distribution, including barriers to education and employment for women and girls, unequal wages, unpaid labour and limited access to finance.",Active,CFKnowledge
CFK_SDG01_SEC_012,Secondary education,Inequality and global context,"The role of inequality in perpetuating poverty, locally and globally.",Active,CFKnowledge
CFK_SDG01_SEC_013,Secondary education,Inequality and global context,The influence of economic systems and global markets on poverty levels.,Active,CFKnowledge
CFK_SDG01_SEC_014,Secondary education,Inequality and global context,"The contribution of business practices, financial systems and consumer behaviour to poverty cycles and ethical dilemmas.",Active,CFKnowledge
CFK_SDG01_SEC_015,Secondary education,Poverty reduction and solutions,"Roles of governments, global organisations (such as the UN and World Bank) and non-governmental organisations (NGOs) in addressing poverty.",Active,CFKnowledge
CFK_SDG01_SEC_016,Secondary education,Poverty reduction and solutions,"Policy measures for poverty reduction, including social protection, taxation and provision of public services.",Active,CFKnowledge
CFK_SDG01_SEC_017,Secondary education,Poverty reduction and solutions,"Financial planning, inclusive economic models and fair trade as strategies for reducing poverty.",Active,CFKnowledge
CFK_SDG01_SEC_018,Secondary education,Poverty reduction and solutions,"Entrepreneurship, including youth-and women-led initiatives, and income-generating models such as co-operatives and social enterprises.",Active,CFKnowledge
CFK_SDG01_TVET_001,TVET,Poverty,"Poverty as a multidimensional challenge requiring economic, social, environmental and policy responses.",Active,CFKnowledge
CFK_SDG01_TVET_002,TVET,Poverty,Absolute and relative poverty in relation to labour markets and livelihoods.,Active,CFKnowledge
CFK_SDG01_TVET_003,TVET,Poverty,"Links between poverty, employment, education and social services.",Active,CFKnowledge
CFK_SDG01_TVET_004,TVET,Poverty,"Effects of poverty on diverse groups (for example, youth, women, informal workers, and persons with disabilities) and its impact on access to decent work and fair wages.",Active,CFKnowledge
CFK_SDG01_TVET_005,TVET,Poverty,"Intersections between poverty, skills gaps, inequality and lack of opportunities in rural and urban economies.",Active,CFKnowledge
CFK_SDG01_TVET_006,TVET,Causes and effects,"Structural causes of poverty in vocational contexts, including: – unemployment, underemployment and low wages. – reliance on informal labour with limited rights and protections. – restricted access to training, finance, markets and infrastructure. – gender-based discrimination and inadequate childcare or support systems.",Active,CFKnowledge
CFK_SDG01_TVET_007,TVET,Causes and effects,"Consequences of poverty, including: – low productivity, poor health outcomes and reduced resilience. – intergenerational poverty driven by lack of skills and limited education.",Active,CFKnowledge
CFK_SDG01_TVET_008,TVET,Causes and effects,"Economic shocks, environmental changes and social exclusion as disruptions to vocational pathways and livelihoods.",Active,CFKnowledge
CFK_SDG01_TVET_009,TVET,Inequality and global context,"Inequality as a barrier to vocational training, job opportunities, technology and capital.",Active,CFKnowledge
CFK_SDG01_TVET_010,TVET,Inequality and global context,"Globalisation, technological change and urbanisation as drivers of income disparities.",Active,CFKnowledge
CFK_SDG01_TVET_011,TVET,Inequality and global context,"Employment trends and poverty levels across sectors, including formal, informal and gig economies.",Active,CFKnowledge
CFK_SDG01_TVET_012,TVET,Inequality and global context,"The role of gender, geography and migration in shaping poverty and livelihoods.",Active,CFKnowledge
CFK_SDG01_TVET_013,TVET,Inequality and global context,"Inclusive economic models, including fair trade, co-operatives, social enterprises, green industries and circular economies.",Active,CFKnowledge
CFK_SDG01_TVET_014,TVET,Inequality and global context,Labour market needs and vocational pathways linked to entrepreneurship and self-employment.,Active,CFKnowledge
CFK_SDG01_TVET_015,TVET,Poverty reduction and solutions,"The role of TVET in poverty reduction through skills development, employability, entrepreneurship and self-employment.",Active,CFKnowledge
CFK_SDG01_TVET_016,TVET,Poverty reduction and solutions,"Support systems for youth, women and vulnerable groups in achieving decent work.",Active,CFKnowledge
CFK_SDG01_TVET_017,TVET,Poverty reduction and solutions,Economically and environmentally sustainable enterprises within local and global markets.,Active,CFKnowledge
CFK_SDG01_TVET_018,TVET,Poverty reduction and solutions,"Policy, institutional frameworks and partnerships as enablers of decent work, fair wages and inclusive labour markets.",Active,CFKnowledge
CFK_SDG01_TVET_019,TVET,Poverty reduction and solutions,"TVET as a contributor to resilience in the context of technological change, climate impacts and global economic shifts.",Active,CFKnowledge
CFK_SDG01_TER_001,Tertiary education,Understanding poverty,"Poverty as a complex, multidimensional phenomenon shaped by economics, power, conflict, inequality, and environmental, social and political systems.",Active,CFKnowledge
CFK_SDG01_TER_002,Tertiary education,Understanding poverty,"Distinctions between absolute and relative poverty, and between monetary and multidimensional deprivation, with reference to indicators such as the MPI and SDG metrics.",Active,CFKnowledge
CFK_SDG01_TER_003,Tertiary education,Understanding poverty,"Poverty dynamics among diverse groups, including women, migrants, indigenous peoples, youth and persons with disabilities.",Active,CFKnowledge
CFK_SDG01_TER_004,Tertiary education,Understanding poverty,"Links between poverty, climate change, environmental degradation and disasters, and their role in vulnerability and exclusion.",Active,CFKnowledge
CFK_SDG01_TER_005,Tertiary education,Causes and effects,"Structural drivers such as colonial legacies, unequal trade, environmental stressors and labour market exclusion.",Active,CFKnowledge
CFK_SDG01_TER_006,Tertiary education,Causes and effects,"Contributing factors including unemployment, lack of education and healthcare, displacement and conflict.",Active,CFKnowledge
CFK_SDG01_TER_007,Tertiary education,Causes and effects,"Impacts on health, education, nutrition, housing, water, sanitation and human security.",Active,CFKnowledge
CFK_SDG01_TER_008,Tertiary education,Causes and effects,"Economic shocks—pandemics, crises and technological disruptions—as drivers of poverty and inequality.",Active,CFKnowledge
CFK_SDG01_TER_009,Tertiary education,Causes and effects,"The cyclical relationship between poverty and vulnerability, limiting resilience to crises and climate impacts.",Active,CFKnowledge
CFK_SDG01_TER_010,Tertiary education,Inequality and global context,"National and global inequality as a factor perpetuating poverty, especially for marginalised groups.",Active,CFKnowledge
CFK_SDG01_TER_011,Tertiary education,Inequality and global context,"Comparative poverty trends and inequality gaps across countries and regions, using global datasets and case studies.",Active,CFKnowledge
CFK_SDG01_TER_012,Tertiary education,Inequality and global context,"Intersectionality of gender, race, disability and geography in shaping experiences of poverty and exclusion.",Active,CFKnowledge
CFK_SDG01_TER_013,Tertiary education,Inequality and global context,Wealth concentration and tax systems as determinants of mobility and public investment.,Active,CFKnowledge
CFK_SDG01_TER_014,Tertiary education,Inequality and global context,"The influence of technological change, labour markets and industry trends on livelihoods, digital divides and inequality.",Active,CFKnowledge
CFK_SDG01_TER_015,Tertiary education,Inequality and global context,"Development cooperation, aid frameworks and pro-poor economic policies (e.g., SDG1, Paris Agreement, Addis Ababa Action Agenda).",Active,CFKnowledge
CFK_SDG01_ADULT_001,Adult education,Understanding poverty,"Poverty as a multidimensional issue affecting access to food, water, health services, decent shelter, education, and safe work.",Active,CFKnowledge
CFK_SDG01_ADULT_002,Adult education,Understanding poverty,"The ways social inequality, gender roles, and financial exclusion deepen poverty.",Active,CFKnowledge
CFK_SDG01_ADULT_003,Adult education,Understanding poverty,"The impact of conflict, natural disasters, and economic shocks on families and community income.",Active,CFKnowledge
CFK_SDG01_ADULT_004,Adult education,Causes and effects,"Structural causes of poverty, including unemployment, low wages, limited resources, and systemic discrimination.",Active,CFKnowledge
CFK_SDG01_ADULT_005,Adult education,Causes and effects,"Interconnections between poverty and poor health, malnutrition, illiteracy, and social exclusion.",Active,CFKnowledge
CFK_SDG01_ADULT_006,Adult education,Causes and effects,"Long-term effects of poverty on children, families, and societies.",Active,CFKnowledge
CFK_SDG01_ADULT_007,Adult education,Inequality and global context,Poverty challenges in local communities compared with those in other regions or countries.,Active,CFKnowledge
CFK_SDG01_ADULT_008,Adult education,Inequality and global context,"The influence of climate change, gender inequality, and global economic systems on poverty levels.",Active,CFKnowledge
CFK_SDG01_ADULT_009,Adult education,Inequality and global context,"Variations in access to resources such as land, markets, and finance, and how these shape inequality.",Active,CFKnowledge
CFK_SDG01_ADULT_010,Adult education,Inequality and global context,"The role of community development agencies, NGOs, and government programmes in addressing poverty.",Active,CFKnowledge
CFK_SDG01_ADULT_011,Adult education,Poverty reduction and sustainable solutions,Local and global poverty reduction strategies and their role in supporting household and community development.,Active,CFKnowledge
CFK_SDG01_ADULT_012,Adult education,Poverty reduction and sustainable solutions,Local economic systems and the potential role of micro-enterprise in improving livelihoods.,Active,CFKnowledge
CFK_SDG01_ADULT_013,Adult education,Poverty reduction and sustainable solutions,"Sustainable income-generating opportunities, including small businesses, farming, crafts, services, co-operatives, and green jobs.",Active,CFKnowledge
CFK_SDG01_ADULT_014,Adult education,Poverty reduction and sustainable solutions,"Micro-finance and inclusive business models that support families, such as savings groups, small loans, financial co-operatives, and community funds.",Active,CFKnowledge
CFK_SDG02_SEC_001,Secondary education,Food systems and geography,"Impact of geography on food production, supply and consumption, including variations in climate, soil, water availability and regional growing seasons.",Active,CFKnowledge
CFK_SDG02_SEC_002,Secondary education,Food systems and geography,Influence of geographical and economic factors on local and global food availability and prices.,Active,CFKnowledge
CFK_SDG02_SEC_003,Secondary education,Nutrition and food choices,"Relationship between food choices and cultural, emotional, environmental, nutritional, religious and social influences.",Active,CFKnowledge
CFK_SDG02_SEC_004,Secondary education,Nutrition and food choices,"Calculate nutrition requirements based on age, activity level, health status and dietary needs.",Active,CFKnowledge
CFK_SDG02_SEC_005,Secondary education,Nutrition and food choices,"Long-term health impact of processed foods, dietary trends and fast-food industries.",Active,CFKnowledge
CFK_SDG02_SEC_006,Secondary education,Global hunger and food insecurity,"Define and measure global hunger using indicators such as undernourishment, stunting and food insecurity.",Active,CFKnowledge
CFK_SDG02_SEC_007,Secondary education,Global hunger and food insecurity,"Key drivers of hunger, including conflict, poverty, climate change, inequality and market instability.",Active,CFKnowledge
CFK_SDG02_SEC_008,Secondary education,Global hunger and food insecurity,"International frameworks and strategies aimed at reducing hunger, such as the Right to Food, World Food Programme initiatives and sustainable agriculture.",Active,CFKnowledge
CFK_SDG02_SEC_009,Secondary education,Global hunger and food insecurity,Global hunger metrics like the Global Hunger Index (GHI) and Food Insecurity Experience Scale (FIES).,Active,CFKnowledge
CFK_SDG02_SEC_010,Secondary education,Sustainability and indigenous knowledge,The role of indigenous food systems and traditional agricultural practices in promoting sustainability and resilience.,Active,CFKnowledge
CFK_SDG02_SEC_011,Secondary education,Sustainability and indigenous knowledge,Economic and environmental factors contributing to food waste and food loss.,Active,CFKnowledge
CFK_SDG02_SEC_012,Secondary education,Sustainability and indigenous knowledge,Waste reduction to support broader goals of food security and environmental sustainability.,Active,CFKnowledge
CFK_SDG02_TVET_001,TVET,Sustainable food systems,"Fundamentals of sustainable food systems, encompassing environmental, social and economic dimensions of food production, processing, distribution, preparation and consumption.",Active,CFKnowledge
CFK_SDG02_TVET_002,TVET,Sustainable food systems,"Roles of infrastructure, institutions, people and natural inputs in supporting resilient and efficient food systems.",Active,CFKnowledge
CFK_SDG02_TVET_003,TVET,Food safety and nutrition,"Principles of food safety across the supply chain, including hygiene standards, safe storage, transportation and handling procedures.",Active,CFKnowledge
CFK_SDG02_TVET_004,TVET,Food safety and nutrition,"Basics of nutrition, workforce dietary needs and strategies to ensure food access and wellbeing at workplaces through initiatives like canteens and meal subsidies.",Active,CFKnowledge
CFK_SDG02_TVET_005,TVET,Agriculture and rural economies,"Crop diversification, farm forestry, non-wood forest products and artisanal food production as vital elements of sustainable livelihoods.",Active,CFKnowledge
CFK_SDG02_TVET_006,TVET,Agriculture and rural economies,"Cost structures and management considerations in animal husbandry, including feed alternatives and welfare practices.",Active,CFKnowledge
CFK_SDG02_TVET_007,TVET,Food business and market dynamics,"Economic potential of value-added food products, food tourism and farm-to-fork models for generating income and supporting rural economies.",Active,CFKnowledge
CFK_SDG02_TVET_008,TVET,Food business and market dynamics,Food tourism to enhance the visibility of local agricultural businesses and create market opportunities.,Active,CFKnowledge
CFK_SDG02_TVET_009,TVET,Food business and market dynamics,Explore food system entrepreneurship.,Active,CFKnowledge
CFK_SDG02_TVET_010,TVET,Community and climate resilience,"How small-scale farmers can adapt to climate challenges through diversified, sustainable practices.",Active,CFKnowledge
CFK_SDG02_TVET_011,TVET,Community and climate resilience,"Community food audits to identify hunger risks, food security gaps and local opportunities for improvement.",Active,CFKnowledge
CFK_SDG02_TER_001,Tertiary education,Food systems and sustainability,"Key concepts and complex challenges related to global food systems, including the interactions between environmental, social and economic factors.",Active,CFKnowledge
CFK_SDG02_TER_002,Tertiary education,Food systems and sustainability,"Sustainable food systems and their components: natural inputs, production processes, infrastructure, institutions and socio-economic relationships across the food chain.",Active,CFKnowledge
CFK_SDG02_TER_003,Tertiary education,"Nutrition, diversification and food safety",Role of crop diversification and improved nutrition in farm management and food security strategies.,Active,CFKnowledge
CFK_SDG02_TER_004,Tertiary education,"Nutrition, diversification and food safety","Food safety management systems and regulatory frameworks that govern the safe handling, processing, storage and transport of food along the value chain.",Active,CFKnowledge
CFK_SDG02_TER_005,Tertiary education,Agricultural innovation and economic development,"Farm forestry, non-wood forest products and artisanal food production as contributors to food security, environmental protection and rural development.",Active,CFKnowledge
CFK_SDG02_TER_006,Tertiary education,Agricultural innovation and economic development,"Economic impacts of farm-based enterprises and food tourism, including how value-added products open markets and boost local incomes.",Active,CFKnowledge
CFK_SDG02_TER_007,Tertiary education,Livestock and workplace nutrition,"Cost structures, feed alternatives and ethical animal husbandry practices to promote welfare and sustainability.",Active,CFKnowledge
CFK_SDG02_TER_008,Tertiary education,Livestock and workplace nutrition,"Importance of workplace nutrition, meal subsidies and canteen models in promoting workers’ wellbeing and productivity.",Active,CFKnowledge
CFK_SDG02_TER_009,Tertiary education,Climate and food security,"Climate-resilient agriculture techniques, such as agroforestry and conservation tillage, to improve adaptive capacity and sustainability.",Active,CFKnowledge
CFK_SDG02_TER_010,Tertiary education,Climate and food security,"Interconnections between climate change, energy systems and food security, including their effects on food availability, access and supply chains.",Active,CFKnowledge
CFK_SDG02_TER_011,Tertiary education,Food governance and community solutions,"Community food security audits, identify local hunger challenges and assess opportunities for intervention.",Active,CFKnowledge
CFK_SDG02_TER_012,Tertiary education,Food governance and community solutions,"Policy development processes related to food security at the local, national and global levels, with an emphasis on sustainability, rights-based approaches and equity.",Active,CFKnowledge
CFK_SDG02_ADULT_001,Adult education,Foundations of food systems and nutrition,"Holistic understanding of food systems, including how agriculture, nutrition, health and community wellbeing are interconnected.",Active,CFKnowledge
CFK_SDG02_ADULT_002,Adult education,Foundations of food systems and nutrition,"Value of balanced diets, particularly for vulnerable groups (children, women, the elderly) and their role in promoting better health outcomes.",Active,CFKnowledge
CFK_SDG02_ADULT_003,Adult education,Community-based food solutions,"Purpose and impact of school feeding programmes, including the roles of parents, educators, farmers and local organisations in supporting children’s nutrition.",Active,CFKnowledge
CFK_SDG02_ADULT_004,Adult education,Community-based food solutions,"Explore how traditional knowledge and local farming practices contribute to food security, sustainability and biodiversity.",Active,CFKnowledge
CFK_SDG02_ADULT_005,Adult education,Sustainable agriculture and environmental resilience,"Sustainable farming systems, including crop rotation, organic farming, mixed cropping and agroecology and how they improve food productivity and protect natural resources.",Active,CFKnowledge
CFK_SDG02_ADULT_006,Adult education,Sustainable agriculture and environmental resilience,Impacts of climate change on agriculture and food systems and learn basic strategies to adapt farming methods accordingly.,Active,CFKnowledge
CFK_SDG02_ADULT_007,Adult education,"Social, political and economic contexts","How food access, choices and outcomes are shaped by policy decisions, subsidies, gender dynamics and land tenure systems.",Active,CFKnowledge
CFK_SDG02_ADULT_008,Adult education,"Social, political and economic contexts","Economic link between nutrition, agricultural productivity and poverty reduction in rural households.",Active,CFKnowledge
CFK_SDG02_ADULT_009,Adult education,"Social, political and economic contexts",Livelihoods and market access,Active,CFKnowledge
CFK_SDG02_ADULT_010,Adult education,"Social, political and economic contexts","How artisanal food production and local food processing support rural income, preserve food heritage and open new market opportunities.",Active,CFKnowledge
CFK_SDG02_ADULT_011,Adult education,"Social, political and economic contexts","Land rights, especially for women and marginalised groups, as a foundation for secure and productive farming.",Active,CFKnowledge
CFK_SDG03_SEC_001,Secondary education,Personal hygiene and sanitation,"Importance of handwashing, dental care, and proper sanitation for disease prevention.",Active,CFKnowledge
CFK_SDG03_SEC_002,Secondary education,Personal hygiene and sanitation,"Transmission and control of common infections, including respiratory and waterborne diseases.",Active,CFKnowledge
CFK_SDG03_SEC_003,Secondary education,Nutrition and healthy lifestyles,Concept of a balanced diet and the role of different food groups in supporting physical and mental health.,Active,CFKnowledge
CFK_SDG03_SEC_004,Secondary education,Nutrition and healthy lifestyles,Benefits of physical activity across the life course and promotion of fitness and health.,Active,CFKnowledge
CFK_SDG03_SEC_005,Secondary education,Nutrition and healthy lifestyles,"Relationship between nutrition, exercise, rest, and long-term wellbeing.",Active,CFKnowledge
CFK_SDG03_SEC_006,Secondary education,Mental and emotional health,"Understanding mental health, emotional regulation, stress, anxiety, and resilience.",Active,CFKnowledge
CFK_SDG03_SEC_007,Secondary education,Mental and emotional health,"Impact of academic, social, and digital pressures on wellbeing.",Active,CFKnowledge
CFK_SDG03_SEC_008,Secondary education,Mental and emotional health,"Awareness of mental health conditions, stigma, and sources of support.",Active,CFKnowledge
CFK_SDG03_SEC_009,Secondary education,Non-communicable diseases and disabilities,"Common non-communicable diseases (NCDs) such as diabetes, heart disease, obesity, and their risk factors.",Active,CFKnowledge
CFK_SDG03_SEC_010,Secondary education,Non-communicable diseases and disabilities,"Basic understanding of physical and mental disabilities, with emphasis on empathy, inclusion, and accessibility.",Active,CFKnowledge
CFK_SDG03_SEC_011,Secondary education,Harmful behaviours and pressures,"Effects of substance abuse, bullying, peer pressure, and other harmful behaviours on health and wellbeing.",Active,CFKnowledge
CFK_SDG03_SEC_012,Secondary education,Harmful behaviours and pressures,Understanding strategies to resist harmful influences and promote healthy decision-making.,Active,CFKnowledge
CFK_SDG03_SEC_013,Secondary education,Emergency preparedness and safety,Basic first-aid procedures and principles of safety in emergencies.,Active,CFKnowledge
CFK_SDG03_SEC_014,Secondary education,Emergency preparedness and safety,"Awareness of pedestrian, cycling, and general safety practices to prevent accidents and injuries.",Active,CFKnowledge
CFK_SDG03_TVET_001,TVET,General health knowledge,"Global and local disease patterns and health determinants, including social, environmental, and behavioural factors.",Active,CFKnowledge
CFK_SDG03_TVET_002,TVET,General health knowledge,Health system structures and the balance between preventive and curative care.,Active,CFKnowledge
CFK_SDG03_TVET_003,TVET,General health knowledge,Preventive and curative health financing and its implications for development outcomes.,Active,CFKnowledge
CFK_SDG03_TVET_004,TVET,General health knowledge,Public health policies and their influence on individual and community wellbeing.,Active,CFKnowledge
CFK_SDG03_TVET_005,TVET,Health and social care / community health,"Common communicable and non-communicable diseases, including conditions affecting persons with disabilities and chronic health issues.",Active,CFKnowledge
CFK_SDG03_TVET_006,TVET,Health and social care / community health,"Mental health, sexual and reproductive health, and patient rights.",Active,CFKnowledge
CFK_SDG03_TVET_007,TVET,Public and environmental health,"Preventive health regulations, such as vaccination requirements and compliance with public health policies.",Active,CFKnowledge
CFK_SDG03_TVET_008,TVET,Public and environmental health,"Sanitation, water safety, waste management, and air quality for community health and environmental sustainability.",Active,CFKnowledge
CFK_SDG03_TVET_009,TVET,Public and environmental health,"Disease vectors, environmental contaminants, and their impacts on public health.",Active,CFKnowledge
CFK_SDG03_TVET_010,TVET,Hospitality and food services,"Food hygiene regulations, foodborne illnesses, and safe food handling procedures.",Active,CFKnowledge
CFK_SDG03_TVET_011,TVET,Hospitality and food services,"Nutrition, dietary planning, and food safety standards.",Active,CFKnowledge
CFK_SDG03_TVET_012,TVET,Agriculture and food safety,"Farm-to-table safety, chemical use, and their impact on health.",Active,CFKnowledge
CFK_SDG03_TVET_013,TVET,Agriculture and food safety,"Storage, transport, and monitoring of food to prevent contamination.",Active,CFKnowledge
CFK_SDG03_TVET_014,TVET,Emergency and disaster response,"Health risks in emergencies and disasters, triage protocols, and mass care principles.",Active,CFKnowledge
CFK_SDG03_TVET_015,TVET,Emergency and disaster response,"First aid, cardiopulmonary resuscitation (CPR), and infection prevention measures.",Active,CFKnowledge
CFK_SDG03_TVET_016,TVET,Occupational health and safety,"Workplace hazards, ergonomics, safety protocols, and occupational disease prevention.",Active,CFKnowledge
CFK_SDG03_TVET_017,TVET,Occupational health and safety,"Legal standards, health regulations, and auditing procedures.",Active,CFKnowledge
CFK_SDG03_TER_001,Tertiary education,Public health and health sciences,"Social determinants of health and connections between health, education, environment, gender, and poverty.",Active,CFKnowledge
CFK_SDG03_TER_002,Tertiary education,Public health and health sciences,"Structure and function of global and national health systems, including financing, governance, and service delivery.",Active,CFKnowledge
CFK_SDG03_TER_003,Tertiary education,Public health and health sciences,"Epidemiology, disease prevention, health promotion, immunisation strategies, and burden of disease.",Active,CFKnowledge
CFK_SDG03_TER_004,Tertiary education,Public health and health sciences,"Health policy, ethics, and public health law.",Active,CFKnowledge
CFK_SDG03_TER_005,Tertiary education,Public health and health sciences,"Emergency preparedness, surge capacity, and humanitarian health response.",Active,CFKnowledge
CFK_SDG03_TER_006,Tertiary education,Medical and clinical knowledge,"Biomedical sciences, clinical medicine, population health, and pharmacology.",Active,CFKnowledge
CFK_SDG03_TER_007,Tertiary education,Medical and clinical knowledge,"Mental health, trauma-informed care, and recognition of abuse and violence.",Active,CFKnowledge
CFK_SDG03_TER_008,Tertiary education,Medical and clinical knowledge,"Healthcare ethics, patient rights, and informed consent.",Active,CFKnowledge
CFK_SDG03_TER_009,Tertiary education,Medical and clinical knowledge,Lifespan health and connections between early childhood development and long-term health.,Active,CFKnowledge
CFK_SDG03_TER_010,Tertiary education,Medical and clinical knowledge,"Health systems strengthening, integrated care, and quality improvement.",Active,CFKnowledge
CFK_SDG03_TER_011,Tertiary education,"Education, psychology, social and youth work","Developmental psychology, child protection, and mental and emotional health.",Active,CFKnowledge
CFK_SDG03_TER_012,Tertiary education,"Education, psychology, social and youth work","Influence of trauma, abuse, and environmental stressors on wellbeing and learning.",Active,CFKnowledge
CFK_SDG03_TER_013,Tertiary education,"Education, psychology, social and youth work","School health, inclusive education, and psychosocial support systems.",Active,CFKnowledge
CFK_SDG03_TER_014,Tertiary education,"Education, psychology, social and youth work",Intersectionality and social inequalities in access to health and support services.,Active,CFKnowledge
CFK_SDG03_TER_015,Tertiary education,Sports science and physical education,Health benefits of physical activity and links to mental wellbeing.,Active,CFKnowledge
CFK_SDG03_TER_016,Tertiary education,Sports science and physical education,Physical literacy and movement across the life course.,Active,CFKnowledge
CFK_SDG03_TER_017,Tertiary education,Sports science and physical education,Inclusive approaches to physical activity for all ability levels.,Active,CFKnowledge
CFK_SDG03_TER_018,Tertiary education,Sports science and physical education,Injury prevention and safe sport environments.,Active,CFKnowledge
CFK_SDG03_TER_019,Tertiary education,"Environmental, development, and public policy studies","Connections between climate change, health, displacement, and disease, and related policy considerations.",Active,CFKnowledge
CFK_SDG03_TER_020,Tertiary education,"Environmental, development, and public policy studies","Health rights relating to safe water, air quality, and sanitation, with emphasis on equity and justice.",Active,CFKnowledge
CFK_SDG03_TER_021,Tertiary education,"Environmental, development, and public policy studies","Impacts of urbanisation and food systems on health, wellbeing, and environmental sustainability.",Active,CFKnowledge
CFK_SDG03_TER_022,Tertiary education,"Environmental, development, and public policy studies","Evidence-based policy formulation, ethical considerations, and integration of strategies addressing complex challenges.",Active,CFKnowledge
CFK_SDG03_TER_023,Tertiary education,"Environmental, development, and public policy studies","Intersectionality in health and development, including gender, socio-economic status, and access to resources.",Active,CFKnowledge
CFK_SDG03_ADULT_001,Adult education,Community health and wellbeing,"Basic health literacy, including nutrition, hygiene, sanitation and disease prevention.",Active,CFKnowledge
CFK_SDG03_ADULT_002,Adult education,Community health and wellbeing,"Mental health awareness, particularly in workplaces and community settings.",Active,CFKnowledge
CFK_SDG03_ADULT_003,Adult education,Community health and wellbeing,"Maternal, neonatal and child health, including antenatal care and child development.",Active,CFKnowledge
CFK_SDG03_ADULT_004,Adult education,Community health and wellbeing,Signs and consequences of child abuse and neglect.,Active,CFKnowledge
CFK_SDG03_ADULT_005,Adult education,Community health and wellbeing,Public health measures and local health services.,Active,CFKnowledge
CFK_SDG03_ADULT_006,Adult education,Parenting and family life education,Constructive parenting approaches supporting healthy child development.,Active,CFKnowledge
CFK_SDG03_ADULT_007,Adult education,Parenting and family life education,Impact of home environments on early childhood health and learning.,Active,CFKnowledge
CFK_SDG03_ADULT_008,Adult education,Parenting and family life education,"Importance of hygiene, nutrition, emotional security and stimulation in young children’s lives.",Active,CFKnowledge
CFK_SDG03_ADULT_009,Adult education,Workplace and lifelong health learning,"Health and safety in the workplace, including psychosocial risks.",Active,CFKnowledge
CFK_SDG03_ADULT_010,Adult education,Workplace and lifelong health learning,"Common mental health issues, such as stress and burnout, and their implications.",Active,CFKnowledge
CFK_SDG03_ADULT_011,Adult education,Workplace and lifelong health learning,Healthy lifestyles that support lifelong productivity and wellbeing.,Active,CFKnowledge
CFK_SDG04_SEC_001,Secondary education,Education for sustainable development,Concept of sustainable development and the role of education in achieving it.,Active,CFKnowledge
CFK_SDG04_SEC_002,Secondary education,Education for sustainable development,"Relationship between education and sustainable lifestyles, environmental awareness, and responsible consumption.",Active,CFKnowledge
CFK_SDG04_SEC_003,Secondary education,Education for sustainable development,"How education contributes to achieving other SDGs (for example, gender equality, health, poverty reduction).",Active,CFKnowledge
CFK_SDG04_SEC_004,Secondary education,Education as a human right,"Education as a fundamental human right protected under international law (for example, the Universal Declaration of Human Rights [UDHR], UN Convention on the Rights of the Child [CRC]).",Active,CFKnowledge
CFK_SDG04_SEC_005,Secondary education,Education as a human right,"How access to education supports the exercise of other rights (for example, health, employment, political participation).",Active,CFKnowledge
CFK_SDG04_SEC_006,Secondary education,Global and historical education campaigns,"Key milestones and global movements for education, including the education for all movement, the MDGs and the SDGs.",Active,CFKnowledge
CFK_SDG04_SEC_007,Secondary education,Global and historical education campaigns,"Historical campaigns for free and compulsory education, girls’ education and inclusive schooling.",Active,CFKnowledge
CFK_SDG04_SEC_008,Secondary education,21st century literacies and competencies,"Importance of digital literacy, media literacy, financial literacy and data literacy in the modern world.",Active,CFKnowledge
CFK_SDG04_SEC_009,Secondary education,21st century literacies and competencies,"Competencies needed for life and work in the 21st century, including communication, critical thinking, adaptability and collaboration.",Active,CFKnowledge
CFK_SDG04_TVET_001,TVET,Sustainable development in the workplace,"Core concepts of sustainable development, including ecological balance, social inclusion, and economic viability.",Active,CFKnowledge
CFK_SDG04_TVET_002,TVET,Sustainable development in the workplace,"Frameworks such as the triple bottom line (people, planet, profit) and their relevance to work and enterprise.",Active,CFKnowledge
CFK_SDG04_TVET_003,TVET,Environmental awareness and eco-literacy,"Concepts of ecological footprint, eco-efficiency, eco-space, and natural capitalism as guides for responsible production and consumption.",Active,CFKnowledge
CFK_SDG04_TVET_004,TVET,Environmental awareness and eco-literacy,Lifecycle analysis and environmental management systems (EMS) across industries and trades.,Active,CFKnowledge
CFK_SDG04_TVET_005,TVET,The ‘6 rs’ and circular economy,"Principles of reduce, reuse, renew, recycle, repair, and rethink in occupational and resource use contexts.",Active,CFKnowledge
CFK_SDG04_TVET_006,TVET,The ‘6 rs’ and circular economy,Role of TVET sectors in promoting sustainable material use and waste minimisation.,Active,CFKnowledge
CFK_SDG04_TVET_007,TVET,Entrepreneurship and economic literacy,"Fundamentals of economic literacy, small enterprise management, and ethical entrepreneurship.",Active,CFKnowledge
CFK_SDG04_TVET_008,TVET,Entrepreneurship and economic literacy,Sustainable production models and innovations for green entrepreneurship and inclusive business.,Active,CFKnowledge
CFK_SDG04_TVET_009,TVET,The changing nature of work,"Shifts in labour markets due to automation, digitalisation, climate change, and evolving social values.",Active,CFKnowledge
CFK_SDG04_TVET_010,TVET,The changing nature of work,"Implications of these shifts for career pathways, skills development, and lifelong learning.",Active,CFKnowledge
CFK_SDG04_TVET_011,TVET,Education as a public and global common good,Education as a fundamental human right and enabler of other rights.,Active,CFKnowledge
CFK_SDG04_TVET_012,TVET,Education as a public and global common good,"Education as a global common good essential for inclusive, equitable, and democratic societies.",Active,CFKnowledge
CFK_SDG04_TVET_013,TVET,Lifelong learning and sustainable development,"Lifelong learning within frameworks of sustainability, equity, and resilience.",Active,CFKnowledge
CFK_SDG04_TVET_014,TVET,Lifelong learning and sustainable development,Role of education in achieving sustainable development and transforming societal systems.,Active,CFKnowledge
CFK_SDG04_TVET_015,TVET,Teacher education and pedagogical innovation,"Contemporary theories of pedagogy and andragogy, including learner-centred and inclusive approaches.",Active,CFKnowledge
CFK_SDG04_TVET_016,TVET,Teacher education and pedagogical innovation,Competency-based education and assessment frameworks for diverse learning contexts.,Active,CFKnowledge
CFK_SDG04_TER_001,Tertiary education,Education as a public and global common good,Education’s role as a fundamental human right and a key enabler of all other rights.,Active,CFKnowledge
CFK_SDG04_TER_002,Tertiary education,Education as a public and global common good,"Education as a global common good, vital to inclusive, equitable and democratic societies.",Active,CFKnowledge
CFK_SDG04_TER_003,Tertiary education,Lifelong learning and sustainable development,"Concept of lifelong learning within the framework of sustainability, equity and resilience.",Active,CFKnowledge
CFK_SDG04_TER_004,Tertiary education,Lifelong learning and sustainable development,Education’s function in achieving sustainable development and transforming societal systems.,Active,CFKnowledge
CFK_SDG04_TER_005,Tertiary education,Teacher education and pedagogical innovation,"Contemporary theories of pedagogy and andragogy in teacher education, including learner-centred and inclusive approaches.",Active,CFKnowledge
CFK_SDG04_TER_006,Tertiary education,Teacher education and pedagogical innovation,Competency-based education and assessment frameworks relevant to diverse learning contexts.,Active,CFKnowledge
CFK_SDG04_TER_007,Tertiary education,Governance and leadership in education,"Systems of educational governance, accountability and quality assurance.",Active,CFKnowledge
CFK_SDG04_TER_008,Tertiary education,Governance and leadership in education,"Education policy, planning and management at the national and institutional levels.",Active,CFKnowledge
CFK_SDG04_TER_009,Tertiary education,Equity and gender in education,"The role of education in redressing social, gender and structural inequalities.",Active,CFKnowledge
CFK_SDG04_TER_010,Tertiary education,Equity and gender in education,How educators can challenge gender norms and promote inclusive learning environments.,Active,CFKnowledge
CFK_SDG04_TER_011,Tertiary education,Stem and knowledge diversity,"Developments in science, technology, engineering and mathematics (STEM) and their implications for future education and labour markets.",Active,CFKnowledge
CFK_SDG04_TER_012,Tertiary education,Stem and knowledge diversity,"Diverse ways of knowing and learning, including indigenous knowledge systems and non-formal learning traditions.",Active,CFKnowledge
CFK_SDG04_TER_013,Tertiary education,Early childhood care and education (ECCE),"Child growth and development in social, cultural and environmental contexts.",Active,CFKnowledge
CFK_SDG04_TER_014,Tertiary education,Early childhood care and education (ECCE),Role of ECCE as a foundation for lifelong learning and social equity.,Active,CFKnowledge
CFK_SDG04_ADULT_001,Adult education,Education as a public good and human right,"Education as a public good and a fundamental human right, accessible to all regardless of age, gender, background, or life stage.",Active,CFKnowledge
CFK_SDG04_ADULT_002,Adult education,Education as a public good and human right,"Education as a foundation for the fulfilment of other rights, including health, employment, civic participation, and dignity.",Active,CFKnowledge
CFK_SDG04_ADULT_003,Adult education,Barriers to education,"Personal, social, economic, and structural factors that can exclude adults and children from education, such as poverty, gender roles, early marriage, displacement, and marginalisation.",Active,CFKnowledge
CFK_SDG04_ADULT_004,Adult education,Barriers to education,Intersectional nature of barriers and their compounding effects across generations.,Active,CFKnowledge
CFK_SDG04_ADULT_005,Adult education,"Literacy, numeracy, and lifelong learning","Basic literacy, numeracy, and family literacy as essential for adult life, parenting, employment, civic engagement, and self-confidence.",Active,CFKnowledge
CFK_SDG04_ADULT_006,Adult education,"Literacy, numeracy, and lifelong learning","Lifelong learning as a continuous process that supports sustainable development, personal wellbeing, and intergenerational progress.",Active,CFKnowledge
CFK_SDG04_ADULT_007,Adult education,Non-formal and open learning,"Alternative education modes, including non-formal education, open and distance learning, and community-based programmes, as vital avenues for adult education.",Active,CFKnowledge
CFK_SDG04_ADULT_008,Adult education,Non-formal and open learning,"Digital tools and flexible learning models as enablers for access among working adults, rural populations, and underserved communities.",Active,CFKnowledge
CFK_SDG04_ADULT_009,Adult education,Support for children’s education,"Families’ role in supporting children’s learning, school attendance, and developmental outcomes.",Active,CFKnowledge
CFK_SDG04_ADULT_010,Adult education,Support for children’s education,Connections between adult education and improved educational and social outcomes for children and households.,Active,CFKnowledge
CFK_SDG05_SEC_001,Secondary education,Fundamentals of gender equality,"Gender equality as a fundamental human right and a core element of building fair, just, and sustainable societies.",Active,CFKnowledge
CFK_SDG05_SEC_002,Secondary education,Fundamentals of gender equality,"Distinctions between biological sex, gender identity, gender expression, and sexual orientation. Appreciate the spectrum of gender diversity and the social construction of gender shaped by cultural norms across societies and history.",Active,CFKnowledge
CFK_SDG05_SEC_003,Secondary education,Gender inequality and its root causes,"Root causes of gender inequality, including systemic issues, cultural. norms, gender pay gaps, occupational segregation (e.g., under-representation in STEM), unequal caregiving responsibilities, and disparities in access to land, education, healthcare, transport, housing, and leadership.",Active,CFKnowledge
CFK_SDG05_SEC_004,Secondary education,Gender inequality and its root causes,"Forms of gender-based violence (GBV) – psychological, physical, sexual, economic – and their impact on individuals, families, and communities.",Active,CFKnowledge
CFK_SDG05_SEC_005,Secondary education,Gender inequality and its root causes,"Harmful practices such as child marriage, female genital mutilation (FGM), and son preference, and their long-term effects on girls and women.",Active,CFKnowledge
CFK_SDG05_SEC_006,Secondary education,Global frameworks and legal protections,"Key agreements and frameworks: CEDAW, SDG5 (Gender Equality), and interlinkages with SDG1, SDG3, SDG4, and SDG8.",Active,CFKnowledge
CFK_SDG05_SEC_007,Secondary education,Global frameworks and legal protections,"International and local laws addressing GBV and promoting women’s rights, and their role in advancing gender equality.",Active,CFKnowledge
CFK_SDG05_SEC_008,Secondary education,Intersectionality and discrimination,"Interaction of gender with race, class, ability, and sexual orientation, shaping experiences of inequality.",Active,CFKnowledge
CFK_SDG05_SEC_009,Secondary education,Intersectionality and discrimination,"Influence of cultural norms and expectations on gender roles in professions, households, and sports, and strategies for challenging these norms.",Active,CFKnowledge
CFK_SDG05_SEC_010,Secondary education,Education and empowerment,"Role of education in empowering women and girls, particularly in Commonwealth contexts.",Active,CFKnowledge
CFK_SDG05_SEC_011,Secondary education,Education and empowerment,How women’s education contributes to broader societal benefits; identification of barriers and solutions to improve access and success.,Active,CFKnowledge
CFK_SDG05_SEC_012,Secondary education,Representation and leadership,"Importance of equal representation in political, economic, and community leadership.",Active,CFKnowledge
CFK_SDG05_SEC_013,Secondary education,Representation and leadership,"Impact of gender imbalances on decision-making, progress, and inclusive governance.",Active,CFKnowledge
CFK_SDG05_SEC_014,Secondary education,Gender inequality in the workforce,"Gender pay gap, under-representation in STEM fields, and unequal caregiving responsibilities.",Active,CFKnowledge
CFK_SDG05_SEC_015,Secondary education,Gender inequality in the workforce,Barriers limiting women’s workforce participation and career progression.,Active,CFKnowledge
CFK_SDG05_SEC_016,Secondary education,Human rights and gender justice,Gender inequality as a violation of human rights.,Active,CFKnowledge
CFK_SDG05_SEC_017,Secondary education,Human rights and gender justice,"Gendered disparities in access to housing, transport, land, water, and natural resources.",Active,CFKnowledge
CFK_SDG05_SEC_018,Secondary education,Human rights and gender justice,"Strategies for promoting inclusivity, challenging stereotypes, and advocating against discriminatory practices.",Active,CFKnowledge
CFK_SDG05_SEC_019,Secondary education,Human rights and gender justice,"Case studies of GBV (including technology-facilitated), political participation disparities, and workforce inequities.",Active,CFKnowledge
CFK_SDG05_SEC_020,Secondary education,Human rights and gender justice,"Combining theoretical understanding with practical approaches to address gender challenges in communities, education, and the workforce.",Active,CFKnowledge
CFK_SDG05_SEC_021,Secondary education,Global and local solutions,Examination of successful initiatives globally and locally that have advanced gender equality across sectors.,Active,CFKnowledge
CFK_SDG05_SEC_022,Secondary education,Global and local solutions,Development of actionable strategies to apply lessons from these solutions in students’ communities and future careers.,Active,CFKnowledge
CFK_SDG05_TVET_001,TVET,Gender equality and economic development,"Gender equality as a fundamental human right and its role in promoting inclusive economic growth, innovation, and sustainable development.",Active,CFKnowledge
CFK_SDG05_TVET_002,TVET,Gender equality and economic development,"Contribution of gender equality to productivity, workforce creativity, and competitiveness across technical and vocational sectors.",Active,CFKnowledge
CFK_SDG05_TVET_003,TVET,Barriers to access and representation,"Systemic challenges in TVET, including discrimination, unconscious bias, stereotypes, and limited opportunities for women and gender minorities, particularly in STEM and leadership roles.",Active,CFKnowledge
CFK_SDG05_TVET_004,TVET,Barriers to access and representation,"Influence of traditional gender roles and socialisation on career choices, representation, and progression.",Active,CFKnowledge
CFK_SDG05_TVET_005,TVET,Barriers to access and representation,"Impacts of gender bias on recruitment, mentorship, pay equity, and decision-making roles.",Active,CFKnowledge
CFK_SDG05_TVET_006,TVET,Intersectionality and career opportunities,"Intersections of gender with race, disability, socio-economic status, and age, shaping access to vocational training and employment.",Active,CFKnowledge
CFK_SDG05_TVET_007,TVET,Intersectionality and career opportunities,Influence of these intersecting identities on opportunities in male-dominated sectors.,Active,CFKnowledge
CFK_SDG05_TVET_008,TVET,Global and national legal frameworks,"National and international frameworks promoting gender equality, including equal pay, anti-discrimination laws, and parental leave policies.",Active,CFKnowledge
CFK_SDG05_TVET_009,TVET,Global and national legal frameworks,Alignment of TVET programmes with legal commitments to ensure equitable workforce participation.,Active,CFKnowledge
CFK_SDG05_TVET_010,TVET,Gender-responsive TVET programmes,"Designing curricula and teaching methods that are inclusive, challenge stereotypes, and promote equal access for all genders.",Active,CFKnowledge
CFK_SDG05_TVET_011,TVET,Gender-responsive TVET programmes,Empowering women and marginalised groups with skills for sustainable employment and long-term career growth.,Active,CFKnowledge
CFK_SDG05_TVET_012,TVET,Benefits of gender diversity in workplaces,"Enhanced profitability, creativity, innovation, inclusiveness, and organisational culture through gender-diverse teams.",Active,CFKnowledge
CFK_SDG05_TVET_013,TVET,Policy integration and gender mainstreaming,"Embedding gender equality in TVET policies, budgeting, and development planning to address barriers and create equitable learning environments.",Active,CFKnowledge
CFK_SDG05_TVET_014,TVET,"Monitoring, evaluation, and advocacy","Methods to monitor and evaluate gender equality initiatives, ensuring progress, lessons learned, and effective strategies.",Active,CFKnowledge
CFK_SDG05_TVET_015,TVET,"Monitoring, evaluation, and advocacy","Advocacy for gender equality to influence workplace culture, institutional practices, and community attitudes.",Active,CFKnowledge
CFK_SDG05_TVET_016,TVET,"Monitoring, evaluation, and advocacy",Identifying actionable steps for students and professionals to advance SDG5 locally and globally.,Active,CFKnowledge
CFK_SDG05_TVET_017,TVET,Addressing gender equality in stem and technical fields,"Specific barriers for women, including mentorship gaps, hiring and promotion biases, and under-representation in leadership.",Active,CFKnowledge
CFK_SDG05_TVET_018,TVET,Addressing gender equality in stem and technical fields,"Interventions through mentorship, training, and policies to ensure equal opportunities in STEM and technical industries.",Active,CFKnowledge
CFK_SDG05_TVET_019,TVET,Addressing gender equality in stem and technical fields,Partnerships and strategies that support the sustainable advancement of gender equality in the sector.,Active,CFKnowledge
CFK_SDG05_TER_001,Tertiary education,Foundations of gender equality,"Gender equality as a universal human right and foundation for social justice, democracy, and sustainable development.",Active,CFKnowledge
CFK_SDG05_TER_002,Tertiary education,Foundations of gender equality,"Cultural norms, systemic discrimination, gender roles, and hidden curricula reinforcing inequality and limiting access to education and economic opportunities.",Active,CFKnowledge
CFK_SDG05_TER_003,Tertiary education,Foundations of gender equality,"Intersections of gender with race, class, disability, and sexuality, compounding experiences of exclusion.",Active,CFKnowledge
CFK_SDG05_TER_004,Tertiary education,Foundations of gender equality,"Influence of media, cultural practices, and institutional structures on attitudes and behaviours, and approaches to reshaping harmful gender norms.",Active,CFKnowledge
CFK_SDG05_TER_005,Tertiary education,Foundations of gender equality,Transformative role of education in challenging harmful masculinities and promoting equitable gender norms.,Active,CFKnowledge
CFK_SDG05_TER_006,Tertiary education,Impact of gender-based violence and legal frameworks,"Effects of gender-based violence (GBV) on education access, retention, and wellbeing, with prevention and survivor support strategies.",Active,CFKnowledge
CFK_SDG05_TER_007,Tertiary education,Impact of gender-based violence and legal frameworks,Transformative role of education in challenging harmful masculinities and reshaping gender norms.,Active,CFKnowledge
CFK_SDG05_TER_008,Tertiary education,Impact of gender-based violence and legal frameworks,"Legal and policy frameworks promoting gender equality, including CEDAW, SDG5, national gender policies, and sexual and reproductive rights laws, and evaluation of their effectiveness.",Active,CFKnowledge
CFK_SDG05_TER_009,Tertiary education,Gender-responsive budgeting and economic empowerment,"Principles and practices of gender-responsive budgeting in education, health, and labour sectors.",Active,CFKnowledge
CFK_SDG05_TER_010,Tertiary education,Gender-responsive budgeting and economic empowerment,Tools to track public spending and assess the impact of financial policies on gender equality initiatives.,Active,CFKnowledge
CFK_SDG05_TER_011,Tertiary education,Gender-responsive budgeting and economic empowerment,"Strategies to empower women economically, addressing systemic barriers such as unequal pay and limited access to credit.",Active,CFKnowledge
CFK_SDG05_TER_012,Tertiary education,Intersectionality and marginalised groups,"Societal, cultural, and structural barriers limiting women’s access to education and economic opportunities.",Active,CFKnowledge
CFK_SDG05_TER_013,Tertiary education,Intersectionality and marginalised groups,"Intersectional analysis considering how race, class, disability, and other identities shape experiences of gender inequality.",Active,CFKnowledge
CFK_SDG05_TER_014,Tertiary education,Intersectionality and marginalised groups,Tailored approaches to education and policy to address these intersecting inequalities.,Active,CFKnowledge
CFK_SDG05_TER_015,Tertiary education,Gender equality in education systems,Raising awareness of the hidden curriculum and strategies for gender-neutral teaching.,Active,CFKnowledge
CFK_SDG05_TER_016,Tertiary education,Gender equality in education systems,"Inclusive education approaches supporting girls’ participation and creating safe, empowering environments.",Active,CFKnowledge
CFK_SDG05_TER_017,Tertiary education,Gender equality in education systems,Teacher training in gender-sensitive pedagogy and mentorship.,Active,CFKnowledge
CFK_SDG05_TER_018,Tertiary education,Gender equality in education systems,Challenging stereotypes shaped by media and cultural practices from an early age.,Active,CFKnowledge
CFK_SDG05_TER_019,Tertiary education,Men and boys as allies,Involving men and boys in gender equality initiatives and reshaping societal expectations of gender roles.,Active,CFKnowledge
CFK_SDG05_TER_020,Tertiary education,Men and boys as allies,Integrating gender equality education into male-dominated spaces and fostering allyship.,Active,CFKnowledge
CFK_SDG05_TER_021,Tertiary education,Men and boys as allies,Educating boys to respect women’s rights and challenge harmful masculinity norms.,Active,CFKnowledge
CFK_SDG05_TER_022,Tertiary education,Technological and digital gender equality,Role of digital technologies and online learning in bridging or widening gender gaps.,Active,CFKnowledge
CFK_SDG05_TER_023,Tertiary education,Technological and digital gender equality,Strategies to promote equitable access to digital education tools and address the gender digital divide.,Active,CFKnowledge
CFK_SDG05_TER_024,Tertiary education,Monitoring and advocacy for gender equality,Importance of gender-disaggregated data for tracking progress on SDG5 and informing policies.,Active,CFKnowledge
CFK_SDG05_TER_025,Tertiary education,Monitoring and advocacy for gender equality,Using data for advocacy to ensure gender equality policies are targeted and accountable.,Active,CFKnowledge
CFK_SDG05_TER_026,Tertiary education,Monitoring and advocacy for gender equality,Analysing global and local frameworks to identify opportunities for reform and policy action.,Active,CFKnowledge
CFK_SDG05_TER_027,Tertiary education,Empowerment and advocacy,Understanding how education can promote gender equality and eliminate gender-based barriers across sectors.,Active,CFKnowledge
CFK_SDG05_TER_028,Tertiary education,Empowerment and advocacy,"Using knowledge of laws, cultural norms, economic structures, and education systems to advocate for women’s rights and equal opportunities.",Active,CFKnowledge
CFK_SDG05_ADULT_001,Adult education,Legal and policy frameworks,"Legal and policy instruments promoting gender equality, including CEDAW, SDG5, national gender policies, and sexual and reproductive rights laws.",Active,CFKnowledge
CFK_SDG05_ADULT_002,Adult education,Legal and policy frameworks,Gender-disaggregated data for monitoring progress and informing responsive education and development policies.,Active,CFKnowledge
CFK_SDG05_ADULT_003,Adult education,Legal and policy frameworks,Assessment of gendered implications of policy actions and strategies for equitable reforms.,Active,CFKnowledge
CFK_SDG05_ADULT_004,Adult education,"Leadership, participation, and representation",Gender-responsive leadership and increasing representation of women in decision-making at all levels.,Active,CFKnowledge
CFK_SDG05_ADULT_005,Adult education,"Leadership, participation, and representation","Involvement of men and boys in promoting gender equality, especially in male-dominated contexts.",Active,CFKnowledge
CFK_SDG05_ADULT_006,Adult education,"Leadership, participation, and representation",Inclusive leadership approaches supporting participation from under-represented gender groups and communities.,Active,CFKnowledge
CFK_SDG05_ADULT_007,Adult education,Economic empowerment and financial inclusion,"Gender-responsive budgeting and equitable allocation of resources in education, health, and labour sectors.",Active,CFKnowledge
CFK_SDG05_ADULT_008,Adult education,Economic empowerment and financial inclusion,"Gender-sensitive financial literacy and systemic barriers to economic participation, including unequal pay and limited access to credit.",Active,CFKnowledge
CFK_SDG05_ADULT_009,Adult education,Economic empowerment and financial inclusion,"Role of micro-finance programmes and gender-sensitive curricula in empowering women, reducing domestic violence, and enhancing community wellbeing.",Active,CFKnowledge
CFK_SDG05_ADULT_010,Adult education,Economic empowerment and financial inclusion,Addressing gender disparities in informal economies through policy and community strategies.,Active,CFKnowledge
CFK_SDG05_ADULT_011,Adult education,Inclusive health and wellbeing,"Sexual and reproductive health (SRH) rights, contraception, maternal health, and prevention of gender-based violence.",Active,CFKnowledge
CFK_SDG05_ADULT_012,Adult education,Inclusive health and wellbeing,"Impact of gender-based violence on education access, retention, and wellbeing, with prevention and support strategies.",Active,CFKnowledge
CFK_SDG05_ADULT_013,Adult education,Inclusive health and wellbeing,"Barriers for women in rural areas or with disabilities in accessing health education and services, and inclusive solutions.",Active,CFKnowledge
CFK_SDG05_ADULT_014,Adult education,"Education, vocational training, and digital access",Gender-responsive vocational education supporting women in non-traditional sectors such as STEM and technology.,Active,CFKnowledge
CFK_SDG05_ADULT_015,Adult education,"Education, vocational training, and digital access",Gender disparities in ICT access and implications for education and employment opportunities.,Active,CFKnowledge
CFK_SDG05_ADULT_016,Adult education,"Education, vocational training, and digital access","Strategies for equitable digital access and online learning, particularly for women in rural or marginalised communities.",Active,CFKnowledge
CFK_SDG05_ADULT_017,Adult education,Access to resources and sustainable development,"Gendered dimensions of access to land, water, and natural resources limiting women’s economic agency.",Active,CFKnowledge
CFK_SDG05_ADULT_018,Adult education,Access to resources and sustainable development,"Women’s roles in climate change adaptation, mitigation, sustainable agriculture, and water resource management.",Active,CFKnowledge
CFK_SDG05_ADULT_019,Adult education,Access to resources and sustainable development,"Policy, educational, and community strategies addressing gender disparities in resource access.",Active,CFKnowledge
CFK_SDG05_ADULT_020,Adult education,Access to resources and sustainable development,Gender analysis supporting community-led advocacy for reforms in health.,Active,CFKnowledge
CFK_SDG06_SEC_001,Secondary education,"Water footprints: green, blue, and grey","Green water: volume of rainwater used in agriculture, horticulture, and forestry products.",Active,CFKnowledge
CFK_SDG06_SEC_002,Secondary education,"Water footprints: green, blue, and grey","Blue water: freshwater used in irrigation, industry, and domestic consumption, with its impacts on local resources.",Active,CFKnowledge
CFK_SDG06_SEC_003,Secondary education,"Water footprints: green, blue, and grey","Grey water: freshwater required to dilute pollutants to safe levels, particularly in industrial and agricultural processes.",Active,CFKnowledge
CFK_SDG06_SEC_004,Secondary education,"Water footprints: green, blue, and grey","Real-world case studies (e.g., cotton farming, energy production) illustrate the significance of green, blue, and grey water footprints in global water management.",Active,CFKnowledge
CFK_SDG06_SEC_005,Secondary education,Virtual water and global trade,Concept of virtual (embedded) water in imported goods and its role in global water distribution.,Active,CFKnowledge
CFK_SDG06_SEC_006,Secondary education,Virtual water and global trade,"Water footprints of products (e.g., food, clothing) influence trade patterns and global water resource allocation.",Active,CFKnowledge
CFK_SDG06_SEC_007,Secondary education,Water infrastructure,"Human-engineered systems for collection, distribution, and treatment, such as reservoirs, pipelines, and treatment plants.",Active,CFKnowledge
CFK_SDG06_SEC_008,Secondary education,Water infrastructure,Role of infrastructure in sustainable water management and challenges of ageing systems in urban and rural areas.,Active,CFKnowledge
CFK_SDG06_SEC_009,Secondary education,Water cycles and human interventions,"Natural water cycle and its dynamics, influenced by climate and human activities.",Active,CFKnowledge
CFK_SDG06_SEC_010,Secondary education,Water cycles and human interventions,"Effects of dams, reservoirs, irrigation, and wastewater treatment on water availability and quality.",Active,CFKnowledge
CFK_SDG06_SEC_011,Secondary education,Water cycles and human interventions,Importance of healthy watersheds and ecosystems in maintaining water quality and biodiversity.,Active,CFKnowledge
CFK_SDG06_SEC_012,Secondary education,"Connection between water, energy, health, and sanitation",Energy–water nexus: water use in energy production and its environmental implications.,Active,CFKnowledge
CFK_SDG06_SEC_013,Secondary education,"Connection between water, energy, health, and sanitation",Role of clean water in sanitation and public health; water scarcity as a driver of health challenges.,Active,CFKnowledge
CFK_SDG06_SEC_014,Secondary education,Biodiversity and water conservation,Link between water quality and aquatic ecosystem health.,Active,CFKnowledge
CFK_SDG06_SEC_015,Secondary education,Biodiversity and water conservation,Contribution of water conservation efforts to sustainable ecosystems and global biodiversity goals.,Active,CFKnowledge
CFK_SDG06_SEC_016,Secondary education,Water pollution and aquatic life,"Impacts of pollution (industrial, agricultural runoff) on aquatic life and ecosystems.",Active,CFKnowledge
CFK_SDG06_SEC_017,Secondary education,Water pollution and aquatic life,"Case studies of water pollution (e.g., Aral Sea, industrial contamination) and effects on biodiversity.",Active,CFKnowledge
CFK_SDG06_SEC_018,Secondary education,Systems thinking and water challenges,"Water challenges require systemic solutions integrating scientific, societal, and environmental perspectives.",Active,CFKnowledge
CFK_SDG06_SEC_019,Secondary education,Systems thinking and water challenges,"STSE (science, technology, society, environment) approach for examining water issues and sustainable solutions.",Active,CFKnowledge
CFK_SDG06_SEC_020,Secondary education,Case studies and global water issues,Healthy watersheds: examples like the Amazon and Colorado river basins illustrate their role in water quality and availability.,Active,CFKnowledge
CFK_SDG06_SEC_021,Secondary education,Case studies and global water issues,"Global water issues: droughts, water conflicts, and pollution, with socio-economic and environmental consequences.",Active,CFKnowledge
CFK_SDG06_SEC_022,Secondary education,Interdisciplinary projects and real-world strategies,"Design projects addressing water scarcity, pollution, or management, with innovative solutions for treatment, conservation, and efficient use.",Active,CFKnowledge
CFK_SDG06_SEC_023,Secondary education,Interdisciplinary projects and real-world strategies,"Study successful water management strategies: conservation programs, watershed restoration, and sustainable practices.",Active,CFKnowledge
CFK_SDG06_SEC_024,Secondary education,Strategies for mitigating extreme weather events,"Impact of extreme weather events (for example, floods, droughts) on water systems and propose strategies to mitigate their effects on water resources and infrastructure.",Active,CFKnowledge
CFK_SDG06_SEC_025,Secondary education,Strategies for mitigating extreme weather events,Adaptation strategies that improve the resilience of local water systems to climate-related challenges.,Active,CFKnowledge
CFK_SDG06_TVET_001,TVET,Water supply systems and technologies,"Principles of water supply technologies, including water sourcing, purification, distribution, and infrastructure.",Active,CFKnowledge
CFK_SDG06_TVET_002,TVET,Water supply systems and technologies,Structure and functioning of machines and plants used in water production and supply.,Active,CFKnowledge
CFK_SDG06_TVET_003,TVET,Water supply systems and technologies,Maintenance protocols and monitoring practices that ensure safe and efficient operation of water systems.,Active,CFKnowledge
CFK_SDG06_TVET_004,TVET,Wastewater and sanitation technologies,Wastewater treatment processes and their significance for public and environmental health.,Active,CFKnowledge
CFK_SDG06_TVET_005,TVET,Wastewater and sanitation technologies,"Sewage systems, canal systems, and treatment plant operations.",Active,CFKnowledge
CFK_SDG06_TVET_006,TVET,Wastewater and sanitation technologies,Sanitation and hygiene infrastructure and their role in disease prevention.,Active,CFKnowledge
CFK_SDG06_TVET_007,TVET,Recycling and waste management,"Processes of waste collection, sorting, reuse, and environmentally sound disposal.",Active,CFKnowledge
CFK_SDG06_TVET_008,TVET,Recycling and waste management,Infrastructure requirements for effective recycling and sanitation systems.,Active,CFKnowledge
CFK_SDG06_TVET_009,TVET,Recycling and waste management,Environmental and economic benefits of recycling and waste minimisation.,Active,CFKnowledge
CFK_SDG06_TVET_010,TVET,Sustainable energy integration,Relationship between water and energy (the water– energy nexus).,Active,CFKnowledge
CFK_SDG06_TVET_011,TVET,Sustainable energy integration,"Role of renewable energy sources (solar, wind, hydro, geothermal) in water management systems.",Active,CFKnowledge
CFK_SDG06_TVET_012,TVET,Sustainable energy integration,Energy-saving practices in water treatment and recycling operations.,Active,CFKnowledge
CFK_SDG06_TVET_013,TVET,"Health, environment, and societal impact","Interconnections between water quality, health, biodiversity, and climate resilience.",Active,CFKnowledge
CFK_SDG06_TVET_014,TVET,"Health, environment, and societal impact",Role of infrastructure in ensuring equitable access to clean water.,Active,CFKnowledge
CFK_SDG06_TVET_015,TVET,"Health, environment, and societal impact","Environmental legislation, standards, and regulations for water and waste systems.",Active,CFKnowledge
CFK_SDG06_TVET_016,TVET,"Health, environment, and societal impact",Contribution of greening TVET initiatives to sustainable development.,Active,CFKnowledge
CFK_SDG06_TER_001,Tertiary education,Integrated and sustainable water resource management,"Principles of integrated water resources management (IWRM), including ecosystem-based approaches, climate adaptation, and equitable allocation across sectors.",Active,CFKnowledge
CFK_SDG06_TER_002,Tertiary education,Integrated and sustainable water resource management,"Water infrastructure resilience, water governance systems, and adaptive management in response to climate variability and demographic change.",Active,CFKnowledge
CFK_SDG06_TER_003,Tertiary education,Integrated and sustainable water resource management,"Water security frameworks in regions experiencing scarcity, inequality, or rapid development.",Active,CFKnowledge
CFK_SDG06_TER_004,Tertiary education,"Innovation, technology, and modelling","Innovative technologies in water treatment (membrane filtration, nanotechnology, desalination) and sanitation solutions.",Active,CFKnowledge
CFK_SDG06_TER_005,Tertiary education,"Innovation, technology, and modelling","Environmental modelling techniques to simulate water flow, contamination risks, and resource availability, with applications in urban planning and climate resilience.",Active,CFKnowledge
CFK_SDG06_TER_006,Tertiary education,"Innovation, technology, and modelling","Space-based technologies (satellite data, remote sensing) for global monitoring of water resources, including snow and glacier coverage, groundwater levels, and flood forecasting.",Active,CFKnowledge
CFK_SDG06_TER_007,Tertiary education,"Water, soil, and ecosystem conservation","Soil and water management practices for sustainable agriculture, including rainwater harvesting, water retention systems, and smart irrigation techniques.",Active,CFKnowledge
CFK_SDG06_TER_008,Tertiary education,"Water, soil, and ecosystem conservation","Role of green works (vegetative buffers, community-led restoration projects) in protecting water and soil resources at the local level.",Active,CFKnowledge
CFK_SDG06_TER_009,Tertiary education,"Water, soil, and ecosystem conservation","Wetland rehabilitation and ecohydrology as nature-based solutions for restoring water quality, enhancing biodiversity, and recharging groundwater.",Active,CFKnowledge
CFK_SDG06_TER_010,Tertiary education,"Governance, rights, and policy dimensions","Water governance systems, including regulatory frameworks, public–private partnerships, and participatory decision-making processes.",Active,CFKnowledge
CFK_SDG06_TER_011,Tertiary education,"Governance, rights, and policy dimensions","Complexities of transboundary water management, conflict resolution, and international water law.",Active,CFKnowledge
CFK_SDG06_TER_012,Tertiary education,"Governance, rights, and policy dimensions","Ethical dimensions of water access, affordability, and equity, including water rights versus commodification.",Active,CFKnowledge
CFK_SDG06_TER_013,Tertiary education,"Governance, rights, and policy dimensions","Role of governance in mitigating water-related conflict, informed by tools like the Water, Peace, and Security (WPS) global early warning tool.",Active,CFKnowledge
CFK_SDG06_TER_014,Tertiary education,Global and socio-economic contexts,"Global disparities in water access, quality, and infrastructure, particularly in fragile contexts such as small island developing states (SIDS).",Active,CFKnowledge
CFK_SDG06_TER_015,Tertiary education,Global and socio-economic contexts,"Linkages between water, poverty, conflict, and economic development, including the exacerbation of social inequalities and migration due to water insecurity.",Active,CFKnowledge
CFK_SDG06_TER_016,Tertiary education,Global and socio-economic contexts,Impacts of pollution and industrial contamination on low-income and marginalised communities.,Active,CFKnowledge
CFK_SDG06_TER_017,Tertiary education,"Data, research, and monitoring","Generation and use of data-driven insights for water quality monitoring, policy design, and early-warning systems for drought or contamination.",Active,CFKnowledge
CFK_SDG06_TER_018,Tertiary education,"Data, research, and monitoring","Use of GIS, big data analytics, and participatory mapping to inform sustainable water planning.",Active,CFKnowledge
CFK_SDG06_TER_019,Tertiary education,"Data, research, and monitoring","Research methods in transdisciplinary water studies, including co-production of knowledge across science, policy, and community levels.",Active,CFKnowledge
CFK_SDG06_TER_020,Tertiary education,Clean water and sanitation in the sdg framework,"SDG 6 targets and indicators and their interconnections with health, education, food security, climate action, and peace.",Active,CFKnowledge
CFK_SDG06_TER_021,Tertiary education,Clean water and sanitation in the sdg framework,Global case studies and innovations in clean water and sanitation.,Active,CFKnowledge
CFK_SDG06_TER_022,Tertiary education,Clean water and sanitation in the sdg framework,Comparative analysis of national and regional strategies for water security and sanitation access.,Active,CFKnowledge
CFK_SDG06_ADULT_001,Adult education,"Water, health and hygiene",Importance of clean water sources in preventing waterborne diseases and promoting family and community health.,Active,CFKnowledge
CFK_SDG06_ADULT_002,Adult education,"Water, health and hygiene","Common health problems caused by polluted or untreated water, including diarrhoea, cholera, typhoid, and parasitic infections.",Active,CFKnowledge
CFK_SDG06_ADULT_003,Adult education,"Water, health and hygiene","WASH (water, sanitation, and hygiene) practices at household and community levels, including handwashing, safe water storage, and sanitation habits.",Active,CFKnowledge
CFK_SDG06_ADULT_004,Adult education,"Water, health and hygiene","Linkages between hygiene practices and health outcomes, especially for children, the elderly, and immunocompromised individuals.",Active,CFKnowledge
CFK_SDG06_ADULT_005,Adult education,Sustainable water use and conservation,"Freshwater management and conservation techniques, including local and traditional methods.",Active,CFKnowledge
CFK_SDG06_ADULT_006,Adult education,Sustainable water use and conservation,"Soil and water resource management, including rainwater harvesting, small-scale irrigation, and erosion control to support water access and food production.",Active,CFKnowledge
CFK_SDG06_ADULT_007,Adult education,Sustainable water use and conservation,Watershed management for protecting water quality and quantity at the community level.,Active,CFKnowledge
CFK_SDG06_ADULT_008,Adult education,Sustainable water use and conservation,Community-led conservation efforts and the impact of local actions on long-term water sustainability.,Active,CFKnowledge
CFK_SDG06_ADULT_009,Adult education,Climate resilience and water security,"Effects of climate change on water resources, including droughts, floods, and declining groundwater levels.",Active,CFKnowledge
CFK_SDG06_ADULT_010,Adult education,Climate resilience and water security,"Water management strategies for climate resilience, such as rainwater collection, seasonal storage, and flood mitigation.",Active,CFKnowledge
CFK_SDG06_ADULT_011,Adult education,Climate resilience and water security,Transboundary water management and regional cooperation for climate adaptation and shared governance.,Active,CFKnowledge
CFK_SDG06_ADULT_012,Adult education,Climate resilience and water security,Role of human ecology and community resilience in adapting to environmental changes through sustainable water use.,Active,CFKnowledge
CFK_SDG06_ADULT_013,Adult education,"Livelihoods, gender, and community empowerment","Links between access to clean water and sanitation, improved livelihoods, productivity, and reduced time spent collecting water, especially for women and children.",Active,CFKnowledge
CFK_SDG06_ADULT_014,Adult education,"Livelihoods, gender, and community empowerment","Micro-credit and local enterprise initiatives supporting water and hygiene services, including latrine installation and maintenance.",Active,CFKnowledge
CFK_SDG06_ADULT_015,Adult education,"Livelihoods, gender, and community empowerment",Gender-responsive water management and equitable participation in water-related decisions.,Active,CFKnowledge
CFK_SDG06_ADULT_016,Adult education,"Livelihoods, gender, and community empowerment","Interconnections between water access, food security, and economic wellbeing in urban and rural communities.",Active,CFKnowledge
CFK_SDG06_ADULT_017,Adult education,Practical infrastructure and local innovation,"Construction and maintenance of simple, low-cost latrines using local materials.",Active,CFKnowledge
CFK_SDG06_ADULT_018,Adult education,Practical infrastructure and local innovation,"Community water infrastructure maintenance, including pipe repair, source protection, and routine inspections.",Active,CFKnowledge
CFK_SDG06_ADULT_019,Adult education,Practical infrastructure and local innovation,Integration of traditional knowledge and modern practices to improve household and community water systems.,Active,CFKnowledge
CFK_SDG06_ADULT_020,Adult education,Practical infrastructure and local innovation,"Community-driven innovations promoting sustainable water use, improved sanitation, and public health.",Active,CFKnowledge
CFK_SDG07_SEC_001,Secondary education,Energy systems and production,"How various energy systems function: solar panels, wind turbines, geothermal plants, hydropower stations, fossil fuel combustion.",Active,CFKnowledge
CFK_SDG07_SEC_002,Secondary education,Energy systems and production,Energy production cycle for diverse sources and suitability for environments and communities.,Active,CFKnowledge
CFK_SDG07_SEC_003,Secondary education,Global energy landscapes,"Global energy access and usage patterns; explore regional disparities in energy affordability, reliability and development outcomes.",Active,CFKnowledge
CFK_SDG07_SEC_004,Secondary education,Global energy landscapes,"How unequal access to energy impacts poverty, health, education and gender equity.",Active,CFKnowledge
CFK_SDG07_SEC_005,Secondary education,Environmental and social impacts,"Environmental consequences of energy production, including carbon emissions, habitat disruption and pollution.",Active,CFKnowledge
CFK_SDG07_SEC_006,Secondary education,Environmental and social impacts,"Ecological accounting concepts, including ecological footprints and carbon footprints, linked to energy use.",Active,CFKnowledge
CFK_SDG07_SEC_007,Secondary education,Emerging energy technologies,"Solar cookers, community micro-grids, biofuels and hydrogen energy.",Active,CFKnowledge
CFK_SDG07_SEC_008,Secondary education,Emerging energy technologies,Local and global examples of clean energy transitions and their challenges.,Active,CFKnowledge
CFK_SDG07_SEC_009,Secondary education,Energy and climate change,Role of energy in climate change and global warming.,Active,CFKnowledge
CFK_SDG07_SEC_010,Secondary education,Energy and climate change,Link energy use with ecosystem degradation and long-term sustainability risks.,Active,CFKnowledge
CFK_SDG07_TVET_001,TVET,Energy systems and sources,"Differences between renewable (for example, solar, wind, hydropower, geothermal, bioenergy) and non-renewable energy (for example, coal, oil, gas).",Active,CFKnowledge
CFK_SDG07_TVET_002,TVET,Energy systems and sources,"Components and functions of energy systems used in various settings (for example, residential, industrial, agricultural).",Active,CFKnowledge
CFK_SDG07_TVET_003,TVET,Energy efficiency and system optimisation,"Principles of energy conservation, load management and system efficiency.",Active,CFKnowledge
CFK_SDG07_TVET_004,TVET,Energy efficiency and system optimisation,"Energy consumption reduction through system design, insulation and smart technology.",Active,CFKnowledge
CFK_SDG07_TVET_005,TVET,Climate change and environmental impact,Fossil fuel-based energy systems contribute to greenhouse gas emissions and climate change.,Active,CFKnowledge
CFK_SDG07_TVET_006,TVET,Climate change and environmental impact,"Strategies for mitigating emissions and adapting energy systems to climate risks (for example, extreme weather).",Active,CFKnowledge
CFK_SDG07_TVET_007,TVET,Green economy and renewable energy markets,Trade opportunities in green energy sectors and market trends for renewable energy technologies and services.,Active,CFKnowledge
CFK_SDG07_TVET_008,TVET,Green economy and renewable energy markets,"Trade policies, tax incentives and regulatory frameworks supporting energy transition.",Active,CFKnowledge
CFK_SDG07_TVET_009,TVET,Case studies and global practices,"Real-world examples of renewable energy deployment, including off-grid solar solutions, rural electrification and disaster relief applications.",Active,CFKnowledge
CFK_SDG07_TVET_010,TVET,Case studies and global practices,"Data and simulations to examine relationships between energy production, carbon emissions and global warming.",Active,CFKnowledge
CFK_SDG07_TER_001,Tertiary education,Global and regional energy systems,"Complex structures of global and regional energy systems, including energy flows, distribution networks, and the mix of renewable and non-renewable sources.",Active,CFKnowledge
CFK_SDG07_TER_002,Tertiary education,Global and regional energy systems,"Linkages between energy production, infrastructure and consumption patterns across various socio-economic contexts.",Active,CFKnowledge
CFK_SDG07_TER_003,Tertiary education,Political economy and environmental justice,"Political, social and economic dimensions of energy transitions, including stakeholder conflicts, power dynamics and the rights of indigenous peoples.",Active,CFKnowledge
CFK_SDG07_TER_004,Tertiary education,Political economy and environmental justice,Energy policies through the lens of environmental justice and equitable development.,Active,CFKnowledge
CFK_SDG07_TER_005,Tertiary education,Energy and climate policy intersections,"International and national policies such as carbon pricing, fossil fuel subsidies and trade agreements that affect energy production and consumption.",Active,CFKnowledge
CFK_SDG07_TER_006,Tertiary education,Energy and climate policy intersections,"How climate change mitigation strategies (Nationally Determined Contributions (NDCs), net-zero targets) relate to energy planning and governance.",Active,CFKnowledge
CFK_SDG07_TER_007,Tertiary education,Sustainable energy models and green economy,"Sustainable and inclusive energy models, including community-based energy systems, green economy frameworks and pro-poor energy solutions.",Active,CFKnowledge
CFK_SDG07_TER_008,Tertiary education,Sustainable energy models and green economy,"Economic, environmental and social implications of energy transitions, including job creation and market competitiveness.",Active,CFKnowledge
CFK_SDG07_TER_009,Tertiary education,"Governance, policy and institutions","Governance structures, stakeholder roles and institutional arrangements that support or hinder sustainable energy transitions.",Active,CFKnowledge
CFK_SDG07_TER_010,Tertiary education,"Governance, policy and institutions","Role of multilateral organisations, private sector actors and civil society in shaping energy policy.",Active,CFKnowledge
CFK_SDG07_ADULT_001,Adult education,Energy basics and practical applications,"Difference between renewable (for example, solar, wind, bioenergy) and non-renewable (for example, coal, gas, oil) energy sources.",Active,CFKnowledge
CFK_SDG07_ADULT_002,Adult education,Energy basics and practical applications,"How energy is produced, distributed and used in homes, businesses and communities.",Active,CFKnowledge
CFK_SDG07_ADULT_003,Adult education,Impacts of energy use,"How energy use affects the environment (carbon emissions, pollution), economy (household costs) and society (access and equity).",Active,CFKnowledge
CFK_SDG07_ADULT_004,Adult education,Impacts of energy use,"Links between energy consumption, climate change and community wellbeing.",Active,CFKnowledge
CFK_SDG07_ADULT_005,Adult education,Energy conservation and efficiency,Common household energy uses and where energy is often wasted.,Active,CFKnowledge
CFK_SDG07_ADULT_006,Adult education,Energy conservation and efficiency,Benefits of energy-saving behaviours and energy-efficient appliances.,Active,CFKnowledge
CFK_SDG07_ADULT_007,Adult education,Introduction to renewable energy technologies,"Solar panels, wind turbines, solar cookers and bioenergy systems suitable for local and rural settings.",Active,CFKnowledge
CFK_SDG07_ADULT_008,Adult education,Introduction to renewable energy technologies,How these technologies can be used at home or in community settings.,Active,CFKnowledge
CFK_SDG07_ADULT_009,Adult education,Energy access and equity,Energy challenges faced by marginalised or low-income communities.,Active,CFKnowledge
CFK_SDG07_ADULT_010,Adult education,Energy access and equity,"Importance of fair access to clean energy for improving health, livelihoods and education.",Active,CFKnowledge
CFK_SDG07_ADULT_011,Adult education,Community-based solutions and opportunities,Green economy opportunities and income-generating ideas using renewable energy.,Active,CFKnowledge
CFK_SDG07_ADULT_012,Adult education,Community-based solutions and opportunities,Local and regional examples of successful clean energy projects.,Active,CFKnowledge
CFK_SDG08_SEC_001,Secondary education,Easing the school-to-work transition,"Pathways into employment: vocational training, apprenticeships, higher education.",Active,CFKnowledge
CFK_SDG08_SEC_002,Secondary education,Easing the school-to-work transition,"Essential employability skills: communication, problem-solving, teamwork, adaptability.",Active,CFKnowledge
CFK_SDG08_SEC_003,Secondary education,Easing the school-to-work transition,"Work experience through internships, volunteering, and job shadowing.",Active,CFKnowledge
CFK_SDG08_SEC_004,Secondary education,Easing the school-to-work transition,Financial literacy: budgeting and responsible money management.,Active,CFKnowledge
CFK_SDG08_SEC_005,Secondary education,"Labour market trends, conditions and salaries","Local, national and global employment trends, including sectoral shifts in industries.",Active,CFKnowledge
CFK_SDG08_SEC_006,Secondary education,"Labour market trends, conditions and salaries","Wage structures, minimum wage policies factors influencing salaries.",Active,CFKnowledge
CFK_SDG08_SEC_007,Secondary education,"Labour market trends, conditions and salaries","Employment conditions: job security, contracts and workers’ rights.",Active,CFKnowledge
CFK_SDG08_SEC_008,Secondary education,Types of employment,"Forms of work: full-time, part-time, freelance, gig economy, remote, and informal.",Active,CFKnowledge
CFK_SDG08_SEC_009,Secondary education,Types of employment,Benefits and challenges of each type.,Active,CFKnowledge
CFK_SDG08_SEC_010,Secondary education,Types of employment,"Workers’ rights, social protections, and fair labour practices.",Active,CFKnowledge
CFK_SDG08_SEC_011,Secondary education,Jobs in various parts of the world,Employment opportunities and labour market demands locally and globally.,Active,CFKnowledge
CFK_SDG08_SEC_012,Secondary education,Jobs in various parts of the world,Labour migration: economic drivers and associated challenges.,Active,CFKnowledge
CFK_SDG08_SEC_013,Secondary education,Jobs in various parts of the world,"Global inequalities in opportunities, conditions and income.",Active,CFKnowledge
CFK_SDG08_SEC_014,Secondary education,Productivity and crisis response,"Productivity as a driver of economic growth, jobs and wealth.",Active,CFKnowledge
CFK_SDG08_SEC_015,Secondary education,Productivity and crisis response,"Impact of economic shocks, pandemics and disasters on labour markets.",Active,CFKnowledge
CFK_SDG08_SEC_016,Secondary education,Productivity and crisis response,Policies and strategies for resilient economies that safeguard workers in crises.,Active,CFKnowledge
CFK_SDG08_SEC_017,Secondary education,History of the co-operative movement,Origins and evolution of co-operatives responses to inequality.,Active,CFKnowledge
CFK_SDG08_SEC_018,Secondary education,History of the co-operative movement,"Principles of co-operation, mutual benefit and democratic workplace management.",Active,CFKnowledge
CFK_SDG08_SEC_019,Secondary education,History of the co-operative movement,Case studies of successful co-operatives and their community impact.,Active,CFKnowledge
CFK_SDG08_SEC_020,Secondary education,"Co-operatives, trade, enterprise and social justice","Co-operatives in sectors, such as agriculture, finance, retail and housing.",Active,CFKnowledge
CFK_SDG08_SEC_021,Secondary education,"Co-operatives, trade, enterprise and social justice","Roles in advancing workers’ rights, fair wages and community development.",Active,CFKnowledge
CFK_SDG08_SEC_022,Secondary education,"Co-operatives, trade, enterprise and social justice","Contributions to fair trade, ethical business practices and sustainable development.",Active,CFKnowledge
CFK_SDG08_SEC_023,Secondary education,"Co-operatives, trade, enterprise and social justice",Global co-operative networks in poverty reduction and economic stability.,Active,CFKnowledge
CFK_SDG08_SEC_024,Secondary education,The future of work,"Effects of automation, artificial intelligence and technological change.",Active,CFKnowledge
CFK_SDG08_SEC_025,Secondary education,The future of work,"Growth of emerging industries: green jobs, blue economy, sustainable work.",Active,CFKnowledge
CFK_SDG08_SEC_026,Secondary education,The future of work,Adapting the workforce while ensuring social and environmental responsibility.,Active,CFKnowledge
CFK_SDG08_SEC_027,Secondary education,Sustainable tourism,"Impacts of tourism on the environment, culture and local economies.",Active,CFKnowledge
CFK_SDG08_SEC_028,Secondary education,Sustainable tourism,"Principles: local benefit, conservation and respect for cultural heritage.",Active,CFKnowledge
CFK_SDG08_SEC_029,Secondary education,Financial inclusion,"Role of money, savings and banks.",Active,CFKnowledge
CFK_SDG08_SEC_030,Secondary education,Financial inclusion,How financial services help families and communities meet needs and manage risks.,Active,CFKnowledge
CFK_SDG08_TVET_001,TVET,The economy’s contribution to wellbeing,"Economic growth impacts employment, income levels and quality of life, including shifts in job opportunities due to economic transitions.",Active,CFKnowledge
CFK_SDG08_TVET_002,TVET,The economy’s contribution to wellbeing,"Relationship between economic policies and social wellbeing, with a focus on healthcare, education, infrastructure and sustainable job creation.",Active,CFKnowledge
CFK_SDG08_TVET_003,TVET,The economy’s contribution to wellbeing,"How inequality, unemployment and informal labour affect sustainable development and economic stability.",Active,CFKnowledge
CFK_SDG08_TVET_004,TVET,Contribution of an economy to the wellbeing of people,"How economic growth influences employment rates, income levels and overall quality of life, including social wellbeing indicators such as access to healthcare and education.",Active,CFKnowledge
CFK_SDG08_TVET_005,TVET,Contribution of an economy to the wellbeing of people,"Role of different sectors (for example, manufacturing, technology, green energy) in providing opportunities to improve people’s lives and lift communities out of poverty.",Active,CFKnowledge
CFK_SDG08_TVET_006,TVET,Contribution of an economy to the wellbeing of people,"Sustainable tourism policies and certifications (for example, eco-labels).",Active,CFKnowledge
CFK_SDG08_TVET_007,TVET,Understanding financial systems and their influence on economic development,"Deepen learners’ understanding of investment, credit, interest rates, inflation and the stock exchange and how these financial mechanisms contribute to economic growth.",Active,CFKnowledge
CFK_SDG08_TVET_008,TVET,Understanding financial systems and their influence on economic development,"Importance of financial literacy for both individuals and businesses, enabling them to make informed decisions that align with economic development goals.",Active,CFKnowledge
CFK_SDG08_TVET_009,TVET,Understanding financial systems and their influence on economic development,"Role of micro-finance and digital financial services in supporting entrepreneurship, especially in rural and underserved communities.",Active,CFKnowledge
CFK_SDG08_TVET_010,TVET,Formalised on-the-job training and vocational education,"Enhance the TVET curriculum with structured, industry-linked training that allows learners to develop practical skills in real-world environments.",Active,CFKnowledge
CFK_SDG08_TVET_011,TVET,Financial systems and economic development,"Roles of investment, credit, interest rates, inflation and the stock exchange in driving economic growth and encouraging entrepreneurship.",Active,CFKnowledge
CFK_SDG08_TVET_012,TVET,Financial systems and economic development,"Banking systems, micro-finance and digital financial services, especially for supporting entrepreneurship and small and medium-sized enterprises (SMEs).",Active,CFKnowledge
CFK_SDG08_TVET_013,TVET,Financial systems and economic development,How financial literacy empowers individuals and businesses to make informed decisions for long-term sustainability and financial health.,Active,CFKnowledge
CFK_SDG08_TVET_014,TVET,On-the-job training and vocational education,"Structured vocational training programmes that bridge the gap between education and industry, particularly in sectors with emerging demand, such as green technologies.",Active,CFKnowledge
CFK_SDG08_TVET_015,TVET,On-the-job training and vocational education,"Hands-on, practical skills through apprenticeships, internships and workplace learning experiences aligned with market demands, including green jobs.",Active,CFKnowledge
CFK_SDG08_TVET_016,TVET,Small and medium-sized enterprise (SME) business training,"Entrepreneurship fundamentals, including business planning, digital marketing and financial management for SMEs.",Active,CFKnowledge
CFK_SDG08_TVET_017,TVET,Small and medium-sized enterprise (SME) business training,"Strategies for launching and sustaining small businesses, particularly in developing economies, while considering environmental sustainability.",Active,CFKnowledge
CFK_SDG08_TVET_018,TVET,Small and medium-sized enterprise (SME) business training,"Digital tools, e-commerce and innovation in business models to stay competitive in the modern economy and encourage eco-friendly business practices.",Active,CFKnowledge
CFK_SDG08_TVET_019,TVET,Role of co-operatives in the global economy,"How co-operatives promote fair trade, workers’ rights and community-based economic growth, focusing on sustainable and ethical practices.",Active,CFKnowledge
CFK_SDG08_TVET_020,TVET,Role of co-operatives in the global economy,"Co-operative business models in agriculture, finance, services and renewable energy.",Active,CFKnowledge
CFK_SDG08_TVET_021,TVET,Role of co-operatives in the global economy,"Global co-operative networks and their contributions to sustainable development, economic stability and poverty alleviation.",Active,CFKnowledge
CFK_SDG08_TVET_022,TVET,Adapting TVET content to job market requirements,"Align technical training with evolving labour market demands, particularly in emerging industries like renewable energy, climate-smart agriculture and green construction.",Active,CFKnowledge
CFK_SDG08_TVET_023,TVET,Adapting TVET content to job market requirements,"Enhance skills-based education across sectors such as manufacturing, ICT, green technologies and service industries.",Active,CFKnowledge
CFK_SDG08_TVET_024,TVET,Adapting TVET content to job market requirements,"Integrate soft skills development (for example, communication, problem solving and teamwork) to ensure holistic employability in various industries.",Active,CFKnowledge
CFK_SDG08_TVET_025,TVET,Education and training for green skills and green jobs,"Sustainability principles across industries, with a focus on integrating green skills into vocational training programmes.",Active,CFKnowledge
CFK_SDG08_TVET_026,TVET,Education and training for green skills and green jobs,"Gain practical skills in renewable energy, energy efficiency, sustainable construction, waste management and climate-smart agriculture.",Active,CFKnowledge
CFK_SDG08_TVET_027,TVET,Education and training for green skills and green jobs,"Adapt training programmes to meet the growing demand for low-carbon, environmentally friendly jobs in line with global climate goals and green economy policies.",Active,CFKnowledge
CFK_SDG08_TER_001,Tertiary education,The changing role of technology in employment,"Impact of automation, artificial intelligence and digitalisation on job markets.",Active,CFKnowledge
CFK_SDG08_TER_002,Tertiary education,The changing role of technology in employment,Opportunities and challenges posed by technological advancements in various industries.,Active,CFKnowledge
CFK_SDG08_TER_003,Tertiary education,The changing role of technology in employment,The digital divide and its implications for equitable access to employment.,Active,CFKnowledge
CFK_SDG08_TER_004,Tertiary education,Matching skills to jobs in a changing environment,"Shift in labour market demands due to economic, technological and social transformations.",Active,CFKnowledge
CFK_SDG08_TER_005,Tertiary education,Matching skills to jobs in a changing environment,Lifelong learning and upskilling as critical strategies for employment stability.,Active,CFKnowledge
CFK_SDG08_TER_006,Tertiary education,Matching skills to jobs in a changing environment,Policies that promote workforce adaptability and skills development.,Active,CFKnowledge
CFK_SDG08_TER_007,Tertiary education,Labour market requirements and changing educational expectations,Evolving expectations for higher education institutions in preparing graduates for the workforce.,Active,CFKnowledge
CFK_SDG08_TER_008,Tertiary education,Labour market requirements and changing educational expectations,"Role of universities in innovation, entrepreneurship and employability.",Active,CFKnowledge
CFK_SDG08_TER_009,Tertiary education,Labour market requirements and changing educational expectations,Disconnect between academic curricula and labour market needs.,Active,CFKnowledge
CFK_SDG08_TER_010,Tertiary education,Principles of Business and Economic Growth,"Entrepreneurship, financial management and sustainable business practices.",Active,CFKnowledge
CFK_SDG08_TER_011,Tertiary education,Principles of Business and Economic Growth,"Relationship between start-ups, SMEs and large corporations in economic development.",Active,CFKnowledge
CFK_SDG08_TER_012,Tertiary education,Principles of Business and Economic Growth,Business ethics and corporate social responsibility in the context of decent work.,Active,CFKnowledge
CFK_SDG08_TER_013,Tertiary education,Formal and informal labour rights,"International labour laws and frameworks (ILO conventions, human rights treaties).",Active,CFKnowledge
CFK_SDG08_TER_014,Tertiary education,Formal and informal labour rights,"Challenges of informal labour markets, including lack of social protections.",Active,CFKnowledge
CFK_SDG08_TER_015,Tertiary education,Formal and informal labour rights,Strategies for transitioning informal workers into formal employment structures.,Active,CFKnowledge
CFK_SDG08_TER_016,Tertiary education,Psychological and social effects of unemployment,"Impact of long-term unemployment on mental health, identity and wellbeing.",Active,CFKnowledge
CFK_SDG08_TER_017,Tertiary education,Psychological and social effects of unemployment,"Social exclusion, economic insecurity and the rise of precarious work.",Active,CFKnowledge
CFK_SDG08_TER_018,Tertiary education,Psychological and social effects of unemployment,Policies and support systems to mitigate unemployment-related stress.,Active,CFKnowledge
CFK_SDG08_TER_019,Tertiary education,Nature and conditions of work,"Decent work standards, occupational safety and fair wages.",Active,CFKnowledge
CFK_SDG08_TER_020,Tertiary education,Nature and conditions of work,"Different employment types (full-time, part-time, contract, gig work) and their implications.",Active,CFKnowledge
CFK_SDG08_TER_021,Tertiary education,Nature and conditions of work,"Workplace discrimination, harassment and other barriers to equitable employment.",Active,CFKnowledge
CFK_SDG08_TER_022,Tertiary education,"Economic decision-making and its impact on business, manufacturing and employment","How government policies, fiscal measures and international trade agreements influence employment.",Active,CFKnowledge
CFK_SDG08_TER_023,Tertiary education,"Economic decision-making and its impact on business, manufacturing and employment","Effects of economic crises, recessions and inflation on businesses and workers.",Active,CFKnowledge
CFK_SDG08_TER_024,Tertiary education,"Economic decision-making and its impact on business, manufacturing and employment",How sustainable business models can drive job creation.,Active,CFKnowledge
CFK_SDG08_TER_025,Tertiary education,Youth employment and economic planning,How national and global economic policies impact youth employment opportunities.,Active,CFKnowledge
CFK_SDG08_TER_026,Tertiary education,Youth employment and economic planning,Structural barriers that limit youth participation in the labour market.,Active,CFKnowledge
CFK_SDG08_TER_027,Tertiary education,Youth employment and economic planning,Policies and strategies that promote youth entrepreneurship and workforce integration.,Active,CFKnowledge
CFK_SDG08_TER_028,Tertiary education,"Theoretical assumptions, models and indicators of economic growth","Economic indicators such as GDP, the Gini Index, the Human Development Index (HDI) and employment rates.",Active,CFKnowledge
CFK_SDG08_TER_029,Tertiary education,"Theoretical assumptions, models and indicators of economic growth",Strengths and limitations of different economic growth models.,Active,CFKnowledge
CFK_SDG08_TER_030,Tertiary education,"Theoretical assumptions, models and indicators of economic growth",Economic inequality and its implications for social stability and sustainable development.,Active,CFKnowledge
CFK_SDG08_TER_031,Tertiary education,"Gender, labour and economic development","Impact of patriarchal norms, values and discrimination on women’s economic participation.",Active,CFKnowledge
CFK_SDG08_TER_032,Tertiary education,"Gender, labour and economic development",Role of women as key economic players and their contributions to GDP.,Active,CFKnowledge
CFK_SDG08_TER_033,Tertiary education,"Gender, labour and economic development",Gender-responsive policies that promote equal economic opportunities.,Active,CFKnowledge
CFK_SDG08_ADULT_001,Adult education,Continuous learning and adaptability,Importance of lifelong learning in a rapidly changing world.,Active,CFKnowledge
CFK_SDG08_ADULT_002,Adult education,Continuous learning and adaptability,"Develop problem-solving, critical thinking and digital literacy skills.",Active,CFKnowledge
CFK_SDG08_ADULT_003,Adult education,Continuous learning and adaptability,"Encourage participation in workshops, training programmes and self-directed learning.",Active,CFKnowledge
CFK_SDG08_ADULT_004,Adult education,Continuing professional education,Upskill and reskill for career advancement and job security.,Active,CFKnowledge
CFK_SDG08_ADULT_005,Adult education,Continuing professional education,"Explore vocational training, certification programmes and higher education opportunities.",Active,CFKnowledge
CFK_SDG08_ADULT_006,Adult education,Continuing professional education,Role of professional networks and mentorship in career growth.,Active,CFKnowledge
CFK_SDG08_ADULT_007,Adult education,Exploring and developing new skills,Identify transferable skills applicable across industries.,Active,CFKnowledge
CFK_SDG08_ADULT_008,Adult education,Exploring and developing new skills,Emphasise the importance of entrepreneurship and self-employment as viable career paths.,Active,CFKnowledge
CFK_SDG08_ADULT_009,Adult education,Exploring and developing new skills,"Provide training in financial literacy, business management and digital skills.",Active,CFKnowledge
CFK_SDG08_ADULT_010,Adult education,Community empowerment and social inclusion,Encourage civic engagement and leadership in local communities.,Active,CFKnowledge
CFK_SDG08_ADULT_011,Adult education,Community empowerment and social inclusion,"Understand the role of co-operatives, social enterprises and grassroots movements.",Active,CFKnowledge
CFK_SDG08_ADULT_012,Adult education,Community empowerment and social inclusion,"Promote inclusive economic participation, particularly for marginalised groups.",Active,CFKnowledge
CFK_SDG08_ADULT_013,Adult education,Understanding geopolitical and socio-economic force,"How global events, trade policies and technological shifts impact employment.",Active,CFKnowledge
CFK_SDG08_ADULT_014,Adult education,Understanding geopolitical and socio-economic force,"Economic cycles, inflation and international labour market trends.",Active,CFKnowledge
CFK_SDG08_ADULT_015,Adult education,Understanding geopolitical and socio-economic force,"Recognise the effects of migration, climate change and global conflicts on work opportunities.",Active,CFKnowledge
CFK_SDG08_ADULT_016,Adult education,Work opportunities and required skills,Research available job opportunities and emerging fields.,Active,CFKnowledge
CFK_SDG08_ADULT_017,Adult education,Work opportunities and required skills,"Identify key skills in demand, including digital competencies, sustainable practices and technical expertise.",Active,CFKnowledge
CFK_SDG08_ADULT_018,Adult education,Work opportunities and required skills,"Learn how to navigate job searches, applications and career transitions.",Active,CFKnowledge
CFK_SDG08_ADULT_019,Adult education,Formalising informal work through practical planning,"Map informal work in the local area and identify practical steps for formalisation, such as business registration or accessing micro-loans.",Active,CFKnowledge
CFK_SDG08_ADULT_020,Adult education,Formalising informal work through practical planning,Prepare basic business plans and social protection checklists tailored to informal workers’ needs.,Active,CFKnowledge
CFK_SDG08_ADULT_021,Adult education,Formalising informal work through practical planning,"Role play advisory sessions to support informal workers in navigating legal, financial and administrative systems.",Active,CFKnowledge
CFK_SDG09_SEC_001,Secondary education,Industrialisation and historical context,"The Industrial Revolution and its lasting impacts on society, the economy, and the environment.",Active,CFKnowledge
CFK_SDG09_SEC_002,Secondary education,Industrialisation and historical context,Global disparities in industrial development and their implications for economic opportunities and social equity.,Active,CFKnowledge
CFK_SDG09_SEC_003,Secondary education,Infrastructure and economic growth,"Types of infrastructure – including transport, energy, ICT, and water – and their roles in economic development and trade.",Active,CFKnowledge
CFK_SDG09_SEC_004,Secondary education,Infrastructure and economic growth,Resilient infrastructure and its support for sustainable and inclusive industrialisation.,Active,CFKnowledge
CFK_SDG09_SEC_005,Secondary education,Infrastructure and economic growth,"Examples of infrastructure, such as bridges and railways, that enhance connectivity and economic growth.",Active,CFKnowledge
CFK_SDG09_SEC_006,Secondary education,Infrastructure and economic growth,"The role of technology in designing safer roads, smarter transportation, and effective disaster management.",Active,CFKnowledge
CFK_SDG09_SEC_007,Secondary education,Innovation and sustainability,"Innovation and its role in addressing global challenges, including renewable energy, smart transport, and sustainable industrial practices.",Active,CFKnowledge
CFK_SDG09_SEC_008,Secondary education,Innovation and sustainability,Sustainable architecture and green technologies that reduce environmental impact.,Active,CFKnowledge
CFK_SDG09_SEC_009,Secondary education,Innovation and sustainability,"Environmental, social, and economic consequences of industrialisation and infrastructure development.",Active,CFKnowledge
CFK_SDG09_SEC_010,Secondary education,Digital and technological context,"Digital technologies and their applications in smart infrastructure, public health, and disaster management.",Active,CFKnowledge
CFK_SDG09_SEC_011,Secondary education,Digital and technological context,"Ethical considerations, including cybersecurity, privacy, and responsible use of AI.",Active,CFKnowledge
CFK_SDG09_SEC_012,Secondary education,Global and local perspectives,The impact of underdeveloped infrastructure in rural and developing regions.,Active,CFKnowledge
CFK_SDG09_SEC_013,Secondary education,Global and local perspectives,"Inclusive industrialisation and its contributions to job creation, GDP growth, and quality of life.",Active,CFKnowledge
CFK_SDG09_SEC_014,Secondary education,Global and local perspectives,"Connections between SDG 9 and other SDGs, including SDG 1 (Poverty), SDG 3 (Health), and SDG 13 (Climate Action).",Active,CFKnowledge
CFK_SDG09_TVET_001,TVET,Foundations of sustainable industrialisation,"Sustainable industrialisation and its role in economic growth, environmental protection, and social wellbeing.",Active,CFKnowledge
CFK_SDG09_TVET_002,TVET,Foundations of sustainable industrialisation,"Key principles, including meeting present needs without compromising the ability of future generations.",Active,CFKnowledge
CFK_SDG09_TVET_003,TVET,Modern infrastructure systems,"Structure, function, and importance of infrastructure – transport, water, energy, and digital systems – in supporting sustainable development.",Active,CFKnowledge
CFK_SDG09_TVET_004,TVET,Modern infrastructure systems,"Challenges such as infrastructure gaps in rural and developing areas, environmental degradation, and inequitable access.",Active,CFKnowledge
CFK_SDG09_TVET_005,TVET,Innovation and Industry 4.0,"Industry 4.0 technologies, including automation, robotics, AI, IoT, and data analytics.",Active,CFKnowledge
CFK_SDG09_TVET_006,TVET,Innovation and Industry 4.0,"Transformations in manufacturing, construction, and agriculture that enhance efficiency and sustainability.",Active,CFKnowledge
CFK_SDG09_TVET_007,TVET,Circular economy and value chains,Value chains and their role in balancing profitability with sustainability.,Active,CFKnowledge
CFK_SDG09_TVET_008,TVET,Circular economy and value chains,Circular economy models for reducing waste and maximising resource use.,Active,CFKnowledge
CFK_SDG09_TVET_009,TVET,Sustainable resource management,"Energy-efficient systems, renewable energy sources (solar, wind, biofuels), and waste reduction technologies.",Active,CFKnowledge
CFK_SDG09_TVET_010,TVET,Sustainable resource management,Sustainability standards and regulations across industries to ensure responsible practices.,Active,CFKnowledge
CFK_SDG09_TVET_011,TVET,Global and regional perspectives,"Impacts of industrialisation at local, regional, and global levels.",Active,CFKnowledge
CFK_SDG09_TVET_012,TVET,Global and regional perspectives,"Cross-border challenges, global supply chains, international trade, and technology transfer.",Active,CFKnowledge
CFK_SDG09_TER_001,Tertiary education,Sustainable industrialisation and infrastructure,"Theories of infrastructure development, including network economics and systems analysis.",Active,CFKnowledge
CFK_SDG09_TER_002,Tertiary education,Sustainable industrialisation and infrastructure,"Principles of green industrialisation, circular economy, and sustainable design.",Active,CFKnowledge
CFK_SDG09_TER_003,Tertiary education,Sustainable industrialisation and infrastructure,"Transport infrastructure, including smart mobility, public transport, and low-carbon solutions, and its role in climate mitigation.",Active,CFKnowledge
CFK_SDG09_TER_004,Tertiary education,"Global trends, challenges, and opportunities",Infrastructure disparities in developing regions and implications of globalisation and technology transfer.,Active,CFKnowledge
CFK_SDG09_TER_005,Tertiary education,"Global trends, challenges, and opportunities","Historical, political, and economic factors shaping industrial systems, including power dynamics and pollution outsourcing.",Active,CFKnowledge
CFK_SDG09_TER_006,Tertiary education,"Global trends, challenges, and opportunities","Links between SDG 9 and related SDGs, such as SDG 7 (Energy), SDG 8 (Decent Work and Economic Growth), and SDG 11 (Sustainable Cities and Communities).",Active,CFKnowledge
CFK_SDG09_TER_007,Tertiary education,"Science, technology, and innovation for sustainability","Innovative technologies, including AI, IoT, robotics, 5G, smart grids, and green technologies.",Active,CFKnowledge
CFK_SDG09_TER_008,Tertiary education,"Science, technology, and innovation for sustainability","Technological innovation in addressing climate change, pollution, and social equity.",Active,CFKnowledge
CFK_SDG09_TER_009,Tertiary education,"Science, technology, and innovation for sustainability",Innovation ecosystems and strategies for industrial diversification.,Active,CFKnowledge
CFK_SDG09_TER_010,Tertiary education,"Data, research, and evidence-based analysis","Data on infrastructure performance, industrial output, and environmental impact.",Active,CFKnowledge
CFK_SDG09_TER_011,Tertiary education,"Data, research, and evidence-based analysis","Use of geographic information systems (GIS), predictive modelling, and sustainability assessment tools.",Active,CFKnowledge
CFK_SDG09_TER_012,Tertiary education,"Data, research, and evidence-based analysis",Environmental and social impact assessments for infrastructure and industrial projects.,Active,CFKnowledge
CFK_SDG09_ADULT_001,Adult education,Understanding local infrastructure,"Community infrastructure, including roads, housing, water supply, transport, ICT, and waste systems.",Active,CFKnowledge
CFK_SDG09_ADULT_002,Adult education,Understanding local infrastructure,"Effects of infrastructure on daily life, livelihoods, health, and the environment.",Active,CFKnowledge
CFK_SDG09_ADULT_003,Adult education,Understanding local infrastructure,"Benefits (clean water, electricity) and challenges (pollution, traffic congestion, flooding) associated with local infrastructure.",Active,CFKnowledge
CFK_SDG09_ADULT_004,Adult education,Role of industry and innovation in community development,Small-scale industry and local markets as drivers of income generation.,Active,CFKnowledge
CFK_SDG09_ADULT_005,Adult education,Role of industry and innovation in community development,Use of innovation and creativity to address local challenges and improve services.,Active,CFKnowledge
CFK_SDG09_ADULT_006,Adult education,Role of industry and innovation in community development,Integration of local industries into value chains and access to financial resources.,Active,CFKnowledge
CFK_SDG09_ADULT_007,Adult education,Sustainability awareness,"Connections between infrastructure, sustainability, and climate resilience.",Active,CFKnowledge
CFK_SDG09_ADULT_008,Adult education,Sustainability awareness,Environmental and social impacts of inadequate infrastructure.,Active,CFKnowledge
CFK_SDG09_ADULT_009,Adult education,Sustainability awareness,"Community contributions to SDG 9 and interlinkages with other SDGs, such as SDG 6 (Water), SDG 7 (Energy), SDG 8 (Decent Work), and SDG 11 (Sustainable Cities).",Active,CFKnowledge
CFK_SDG09_ADULT_010,Adult education,Digital and ICT literacy,"Applications of smartphones, computers, and the internet for information, communication, and service delivery.",Active,CFKnowledge
CFK_SDG09_ADULT_011,Adult education,Digital and ICT literacy,"Digital tools supporting local learning, entrepreneurship, and advocacy.",Active,CFKnowledge
CFK_SDG09_ADULT_012,Adult education,Digital and ICT literacy,Use of ICT and social media to increase awareness of the SDGs.,Active,CFKnowledge
CFK_SDG10_SEC_001,Secondary education,Understanding inequality,"Explore the root causes of inequality (economic, social, political, cultural and environmental).",Active,CFKnowledge
CFK_SDG10_SEC_002,Secondary education,Understanding inequality,"How inequality impacts individuals, communities and the broader economy.",Active,CFKnowledge
CFK_SDG10_SEC_003,Secondary education,Understanding inequality,"Structural and historical inequalities, including colonialism, apartheid and systemic discrimination.",Active,CFKnowledge
CFK_SDG10_SEC_004,Secondary education,Global and national contexts,"Comparison of economic systems in terms of equity, justice and power distribution, focusing on differences between wealthy and poor countries.",Active,CFKnowledge
CFK_SDG10_SEC_005,Secondary education,Global and national contexts,"Policies and programmes targeting inequality (for example, social protection schemes, educational access) in the national context.",Active,CFKnowledge
CFK_SDG10_SEC_006,Secondary education,Global and national contexts,"The role of national and international institutions (for example, the UN, the Commonwealth, NGOs) in addressing social justice and inequality.",Active,CFKnowledge
CFK_SDG10_SEC_007,Secondary education,Indigenous peoples and cultural identity,"Indigenous worldviews, including land stewardship, reciprocal relationships and sustainability.",Active,CFKnowledge
CFK_SDG10_SEC_008,Secondary education,Indigenous peoples and cultural identity,Challenges and resilience of indigenous communities in maintaining identity and securing rights over land and resources.,Active,CFKnowledge
CFK_SDG10_SEC_009,Secondary education,Indigenous peoples and cultural identity,"Impact of colonisation, environmental exploitation and globalisation on indigenous peoples and cultural heritage.",Active,CFKnowledge
CFK_SDG10_SEC_010,Secondary education,Representation and power,"Inequalities in political and institutional representation (for example, gender, ethnicity, indigenous status).",Active,CFKnowledge
CFK_SDG10_SEC_011,Secondary education,Representation and power,"Migration, population shifts and multiculturalism, and their role in shaping social dynamics and inequalities.",Active,CFKnowledge
CFK_SDG10_TVET_001,TVET,Inclusive economic systems and financial access,The role of inclusive economic policies and business models in reducing inequality.,Active,CFKnowledge
CFK_SDG10_TVET_002,TVET,Inclusive economic systems and financial access,"Study the principles of fair labour practices, workplace equity and anti-discrimination policies.",Active,CFKnowledge
CFK_SDG10_TVET_003,TVET,Inclusive economic systems and financial access,"How low-cost, safe and accessible remittance and mobile money technologies contribute to financial inclusion.",Active,CFKnowledge
CFK_SDG10_TVET_004,TVET,Digital technologies and innovation for inclusion,"How big data, mobile banking and cloud computing can enhance risk analysis and expand opportunities in underserved communities.",Active,CFKnowledge
CFK_SDG10_TVET_005,TVET,Digital technologies and innovation for inclusion,Use of cash remittance platforms and mobile money services in rural and low-income settings.,Active,CFKnowledge
CFK_SDG10_TVET_006,TVET,Policy and regulation,How global financial systems are regulated and monitored to prevent exploitation and promote equity.,Active,CFKnowledge
CFK_SDG10_TVET_007,TVET,Policy and regulation,"National and international frameworks that address economic inequalities, particularly those affecting vulnerable and marginalised populations.",Active,CFKnowledge
CFK_SDG10_TER_001,Tertiary education,Inequality and human development,"Interconnections between poverty, early childhood development outcomes and long-term inequalities in education, health and economic participation.",Active,CFKnowledge
CFK_SDG10_TER_002,Tertiary education,Inequality and human development,"How inequalities manifest across various dimensions – income, age, sex, disability, ethnicity, origin, religion and legal/economic status.",Active,CFKnowledge
CFK_SDG10_TER_003,Tertiary education,Economic and financial systems,"Innovations in financial services (for example, digital payments, savings mechanisms, micro-insurance and remittances) and their role in financial inclusion.",Active,CFKnowledge
CFK_SDG10_TER_004,Tertiary education,Economic and financial systems,"The influence of official development assistance (ODA), foreign direct investment (FDI) and remittances on income distribution, inequality reduction and development financing.",Active,CFKnowledge
CFK_SDG10_TER_005,Tertiary education,Global governance and institutional roles,"Responsibilities and influence of governments, international financial institutions, civil society and the private sector in addressing systemic inequalities.",Active,CFKnowledge
CFK_SDG10_TER_006,Tertiary education,Global governance and institutional roles,The design of social protection systems and the role of inclusive economic models in promoting equitable,Active,CFKnowledge
CFK_SDG10_ADULT_001,Adult education,growth. Governance and community participation,"Structure and function of local governance, decision-making processes, how to participate in community planning and resource allocation.",Active,CFKnowledge
CFK_SDG10_ADULT_002,Adult education,growth. Governance and community participation,How civic engagement can reduce social inequalities and improve access to services for marginalised groups.,Active,CFKnowledge
CFK_SDG10_ADULT_003,Adult education,Financial awareness and inclusion,"Microcredit, micro-finance and co-operatives as tools for economic empowerment.",Active,CFKnowledge
CFK_SDG10_ADULT_004,Adult education,Financial awareness and inclusion,"How to access and responsibly manage loans, savings and investment opportunities. Explore debt management.",Active,CFKnowledge
CFK_SDG11_SEC_001,Secondary education,Importance of sustainable cities and communities,Key characteristics of sustainable cities that balance development with environmental protection.,Active,CFKnowledge
CFK_SDG11_SEC_002,Secondary education,Importance of sustainable cities and communities,"Housing as a basic need and the role of various forms of shelter in urban, peri-urban, and rural settings.",Active,CFKnowledge
CFK_SDG11_SEC_003,Secondary education,Importance of sustainable cities and communities,"Meeting essential human needs: food, water, energy, transport, and waste management.",Active,CFKnowledge
CFK_SDG11_SEC_004,Secondary education,Urbanisation and its impact,"Causes and consequences of urbanisation, including population growth, migration, and economic opportunities.",Active,CFKnowledge
CFK_SDG11_SEC_005,Secondary education,Urbanisation and its impact,"Social and economic aspects: employment, education, and urban economic development.",Active,CFKnowledge
CFK_SDG11_SEC_006,Secondary education,Urbanisation and its impact,"Environmental challenges: biodiversity loss, pollution, and waste.",Active,CFKnowledge
CFK_SDG11_SEC_007,Secondary education,Urbanisation and its impact,"Building resilience to climate risks and disasters, particularly for marginalised groups.",Active,CFKnowledge
CFK_SDG11_SEC_008,Secondary education,Urbanisation and its impact,Urban Planning and Sustainable Development,Active,CFKnowledge
CFK_SDG11_SEC_009,Secondary education,Urbanisation and its impact,"Functions of urban systems: transport, housing, utilities, and infrastructure.",Active,CFKnowledge
CFK_SDG11_SEC_010,Secondary education,Urbanisation and its impact,Smart cities and digital technologies for improved urban management.,Active,CFKnowledge
CFK_SDG11_SEC_011,Secondary education,Urbanisation and its impact,"Consequences of poor planning: overcrowding, pollution, and environmental degradation.",Active,CFKnowledge
CFK_SDG11_SEC_012,Secondary education,Urbanisation and its impact,"Sustainable strategies: renewable energy, green transport, and eco-friendly infrastructure.",Active,CFKnowledge
CFK_SDG11_SEC_013,Secondary education,Green and blue infrastructure,"Benefits of green spaces for health, biodiversity, and air quality.",Active,CFKnowledge
CFK_SDG11_SEC_014,Secondary education,Green and blue infrastructure,"Role of blue infrastructure – rivers, lakes, wetlands – in stormwater management and recreation.",Active,CFKnowledge
CFK_SDG11_SEC_015,Secondary education,Green and blue infrastructure,Examples from global cities integrating nature into urban planning.,Active,CFKnowledge
CFK_SDG11_SEC_016,Secondary education,Sustainable mobility and transport,"Public transport systems, cycling networks, and pedestrian-friendly design.",Active,CFKnowledge
CFK_SDG11_SEC_017,Secondary education,Sustainable mobility and transport,"Policies reducing car dependency, with examples from leading cities.",Active,CFKnowledge
CFK_SDG11_SEC_018,Secondary education,Sustainable mobility and transport,Emerging alternatives: electric vehicles and shared mobility systems.,Active,CFKnowledge
CFK_SDG11_SEC_019,Secondary education,Social inclusion and equity,"Access to affordable housing, healthcare, and education in urban areas.",Active,CFKnowledge
CFK_SDG11_SEC_020,Secondary education,Social inclusion and equity,Inclusive policies addressing inequality and improving living conditions.,Active,CFKnowledge
CFK_SDG11_SEC_021,Secondary education,Social inclusion and equity,"Importance of safe, accessible, and inclusive public spaces for all citizens.",Active,CFKnowledge
CFK_SDG11_SEC_022,Secondary education,Waste management and the circular economy,"Recycling, composting, and reducing landfill dependency.",Active,CFKnowledge
CFK_SDG11_SEC_023,Secondary education,Waste management and the circular economy,Principles of the circular economy: minimizing waste and reusing materials.,Active,CFKnowledge
CFK_SDG11_SEC_024,Secondary education,Waste management and the circular economy,Zero-waste initiatives and urban transitions to sustainable resource use.,Active,CFKnowledge
CFK_SDG11_SEC_025,Secondary education,Cultural and economic contributions of cities,"Cities as centres of creativity, innovation, and cultural diversity.",Active,CFKnowledge
CFK_SDG11_SEC_026,Secondary education,Cultural and economic contributions of cities,"Urban economies driving national and global trade, business, and industry.",Active,CFKnowledge
CFK_SDG11_SEC_027,Secondary education,Cultural and economic contributions of cities,"Role of arts and culture in shaping identity, tourism, and social cohesion.",Active,CFKnowledge
CFK_SDG11_SEC_028,Secondary education,Policy and governance in urban sustainability,"Government roles in sustainable planning at local, national, and international levels.",Active,CFKnowledge
CFK_SDG11_SEC_029,Secondary education,Policy and governance in urban sustainability,"Global frameworks guiding urban sustainability, such as the Paris Agreement and UN-Habitat Urban Agenda.",Active,CFKnowledge
CFK_SDG11_SEC_030,Secondary education,Policy and governance in urban sustainability,Community and youth participation in shaping sustainable urban futures.,Active,CFKnowledge
CFK_SDG11_TVET_001,TVET,Sustainable urban development and resilient cities,"Principles of sustainable urbanisation, including links between rapid urban growth, migration, and environmental sustainability.",Active,CFKnowledge
CFK_SDG11_TVET_002,TVET,Sustainable urban development and resilient cities,"Cities’ contributions to climate change and their vulnerabilities, with emphasis on mitigation, adaptation, climate justice, and equitable planning.",Active,CFKnowledge
CFK_SDG11_TVET_003,TVET,Sustainable urban development and resilient cities,"Ecological restoration, urban green spaces, and biodiversity as factors in urban resilience.",Active,CFKnowledge
CFK_SDG11_TVET_004,TVET,Sustainable urban development and resilient cities,"Interactions between urban development and natural systems, and the regulation of human activities to support sustainability.",Active,CFKnowledge
CFK_SDG11_TVET_005,TVET,"Urban infrastructure, smart cities, and technological innovation","Concepts of sustainable building materials, green architecture, energy-efficient housing, and passive design.",Active,CFKnowledge
CFK_SDG11_TVET_006,TVET,"Urban infrastructure, smart cities, and technological innovation","Application of GIS, smart city technologies, and building information modelling (BIM) in urban management.",Active,CFKnowledge
CFK_SDG11_TVET_007,TVET,"Urban infrastructure, smart cities, and technological innovation","Use of ecological and GIS data for carbon monitoring, air quality management, and urban green space planning.",Active,CFKnowledge
CFK_SDG11_TVET_008,TVET,"Urban infrastructure, smart cities, and technological innovation","Principles of sustainable urban mobility, including public transit, electric vehicles, cycling, and pedestrian-friendly infrastructure.",Active,CFKnowledge
CFK_SDG11_TVET_009,TVET,"Urban ecology, waste management, and resource conservation","Urban agriculture, community gardens, and permaculture principles for local food systems and food security.",Active,CFKnowledge
CFK_SDG11_TVET_010,TVET,"Urban ecology, waste management, and resource conservation","Sustainable water management, including rainwater harvesting, efficient irrigation, and wastewater recycling.",Active,CFKnowledge
CFK_SDG11_TVET_011,TVET,"Urban ecology, waste management, and resource conservation","Waste management and resource conservation through circular economy principles, recycling systems, and zero-waste approaches.",Active,CFKnowledge
CFK_SDG11_TVET_012,TVET,"Social equity, environmental justice, and inclusive urban design","Access to affordable housing, essential services, and the impacts of urbanisation on marginalised populations.",Active,CFKnowledge
CFK_SDG11_TVET_013,TVET,"Social equity, environmental justice, and inclusive urban design","Policies addressing slum conditions, sanitation, and sustainable livelihoods.",Active,CFKnowledge
CFK_SDG11_TVET_014,TVET,"Social equity, environmental justice, and inclusive urban design",Inclusive urban design ensuring accessibility for people with disabilities and vulnerable groups.,Active,CFKnowledge
CFK_SDG11_TVET_015,TVET,Disaster preparedness and climate resilience,"Urban vulnerabilities to floods, heatwaves, and extreme weather events.",Active,CFKnowledge
CFK_SDG11_TVET_016,TVET,Disaster preparedness and climate resilience,"Risk assessment, early warning systems, and nature-based solutions such as green roofs and wetland restoration.",Active,CFKnowledge
CFK_SDG11_TVET_017,TVET,Policy frameworks and global commitments,"International frameworks guiding sustainable urban development, including SDG 11, the New Urban Agenda, and the Paris Agreement.",Active,CFKnowledge
CFK_SDG11_TVET_018,TVET,Policy frameworks and global commitments,"National and local urban policies promoting sustainability, resilience, and environmental protection.",Active,CFKnowledge
CFK_SDG11_TVET_019,TVET,Policy frameworks and global commitments,TVET’s role in providing knowledge for addressing urban challenges and supporting workforce readiness.,Active,CFKnowledge
CFK_SDG11_TER_001,Tertiary education,Urban governance and policy frameworks,"Governance systems supporting sustainable urban planning, including climate adaptation and mitigation.",Active,CFKnowledge
CFK_SDG11_TER_002,Tertiary education,Urban governance and policy frameworks,"Role of municipal, national, and international policies in shaping sustainable cities.",Active,CFKnowledge
CFK_SDG11_TER_003,Tertiary education,Urban governance and policy frameworks,"Key international agreements, such as the New Urban Agenda, and their influence on national and local governance.",Active,CFKnowledge
CFK_SDG11_TER_004,Tertiary education,Sustainable city design and urban resilience,"Principles of sustainable urban design, including green spaces, eco-friendly architecture, and urbanisation challenges.",Active,CFKnowledge
CFK_SDG11_TER_005,Tertiary education,Sustainable city design and urban resilience,Importance of green open spaces for resilience and community wellbeing.,Active,CFKnowledge
CFK_SDG11_TER_006,Tertiary education,Sustainable city design and urban resilience,Spatial planning linked to sustainable development and resilient infrastructure.,Active,CFKnowledge
CFK_SDG11_TER_007,Tertiary education,Climate resilience and urban adaptation,"Urban vulnerabilities to climate change, including flooding, heat stress, and water scarcity.",Active,CFKnowledge
CFK_SDG11_TER_008,Tertiary education,Climate resilience and urban adaptation,Cases of cities implementing climate adaptation strategies.,Active,CFKnowledge
CFK_SDG11_TER_009,Tertiary education,Climate resilience and urban adaptation,"Environmental science principles for sustainable urban management, including air and water quality, pollution control, and ecological restoration.",Active,CFKnowledge
CFK_SDG11_TER_010,Tertiary education,Climate resilience and urban adaptation,Resilient infrastructure designed for extreme weather events and climate shocks.,Active,CFKnowledge
CFK_SDG11_TER_011,Tertiary education,Sustainable infrastructure and essential services,"Green and safe transport systems, freshwater supply, and resilient infrastructure planning.",Active,CFKnowledge
CFK_SDG11_TER_012,Tertiary education,Sustainable infrastructure and essential services,"Design and management of energy, water, and waste systems.",Active,CFKnowledge
CFK_SDG11_TER_013,Tertiary education,Sustainable infrastructure and essential services,"Decentralised solutions, including rooftop gardens, rainwater harvesting, and waste-to-energy initiatives.",Active,CFKnowledge
CFK_SDG11_TER_014,Tertiary education,Sustainable urban transport and mobility,"Public transport systems, mobility-as-a-service (MaaS), and low-carbon transport solutions.",Active,CFKnowledge
CFK_SDG11_TER_015,Tertiary education,Sustainable urban transport and mobility,"Mass transit, electric vehicle infrastructure, and land-use planning for efficient mobility.",Active,CFKnowledge
CFK_SDG11_TER_016,Tertiary education,Sustainable urban transport and mobility,Integration of smart mobility technologies to enhance accessibility and reduce emissions.,Active,CFKnowledge
CFK_SDG11_TER_017,Tertiary education,Energy efficiency and renewable solutions,"Residential and institutional energy research, including thermal-energy efficiency and solar systems.",Active,CFKnowledge
CFK_SDG11_TER_018,Tertiary education,Energy efficiency and renewable solutions,Sustainable construction techniques and eco-friendly building materials.,Active,CFKnowledge
CFK_SDG11_TER_019,Tertiary education,Energy efficiency and renewable solutions,"Green building certification systems, such as LEED and BREEAM.",Active,CFKnowledge
CFK_SDG11_TER_020,Tertiary education,Smart cities and technological integration,"Data science, IoT, and AI for optimising urban systems and sustainability.",Active,CFKnowledge
CFK_SDG11_TER_021,Tertiary education,Smart cities and technological integration,"Use of data to monitor energy, water, and traffic patterns.",Active,CFKnowledge
CFK_SDG11_TER_022,Tertiary education,Smart cities and technological integration,"Integration of sensors and smart systems for energy, pollution, and infrastructure efficiency.",Active,CFKnowledge
CFK_SDG11_TER_023,Tertiary education,Social equity and inclusive urban development,"Access to affordable housing, essential services, and participatory planning.",Active,CFKnowledge
CFK_SDG11_TER_024,Tertiary education,Social equity and inclusive urban development,Case studies on urban regeneration integrating marginalised communities.,Active,CFKnowledge
CFK_SDG11_TER_025,Tertiary education,Social equity and inclusive urban development,Policies promoting inclusive innovation and equitable access to urban resources.,Active,CFKnowledge
CFK_SDG11_TER_026,Tertiary education,Advanced data analysis and gis for urban sustainability,"GIS, spatial analysis, and data science techniques to assess urban sustainability.",Active,CFKnowledge
CFK_SDG11_TER_027,Tertiary education,Advanced data analysis and gis for urban sustainability,"Analysis of urban heat islands, green space planning, and infrastructure improvements.",Active,CFKnowledge
CFK_SDG11_TER_028,Tertiary education,Sustainability assessment and environmental impact analysis,"Environmental impact assessments and sustainability audits, including energy use, carbon footprint, and water consumption.",Active,CFKnowledge
CFK_SDG11_TER_029,Tertiary education,Sustainability assessment and environmental impact analysis,Lifecycle analysis and modelling software for evaluating urban development sustainability.,Active,CFKnowledge
CFK_SDG11_TER_030,Tertiary education,Circular economy principles in urban systems,"Application of circular economy concepts, including waste reduction, material reuse, and product lifecycle extension.",Active,CFKnowledge
CFK_SDG11_TER_031,Tertiary education,Circular economy principles in urban systems,Citywide recycling and waste management strategies to reduce resource consumption.,Active,CFKnowledge
CFK_SDG11_ADULT_001,Adult education,Principles of sustainable construction and resource use,"Principles of sustainable construction, including eco-friendly materials, energy-efficient designs, and resource-efficient practices.",Active,CFKnowledge
CFK_SDG11_ADULT_002,Adult education,Principles of sustainable construction and resource use,"Efficient use of resources, integration of sustainable materials, and consideration of gender in urban development.",Active,CFKnowledge
CFK_SDG11_ADULT_003,Adult education,Principles of sustainable construction and resource use,"Guidance from green building certifications, such as LEED and BREEAM, for sustainable and inclusive urban design.",Active,CFKnowledge
CFK_SDG11_ADULT_004,Adult education,Laws and regulations governing urban development,"Familiarity with zoning, property ownership, building standards, and energy conservation laws.",Active,CFKnowledge
CFK_SDG11_ADULT_005,Adult education,Laws and regulations governing urban development,"Zoning laws, property rights, expropriation regulations, pollution control, and building codes shaping urban development.",Active,CFKnowledge
CFK_SDG11_ADULT_006,Adult education,Laws and regulations governing urban development,Understanding how local regulations influence sustainable and safe urban planning.,Active,CFKnowledge
CFK_SDG11_ADULT_007,Adult education,Impact of climate change on human settlements,"Risks to urban environments, including rising sea levels, extreme weather, and urban heat islands.",Active,CFKnowledge
CFK_SDG11_ADULT_008,Adult education,Impact of climate change on human settlements,"Climate adaptation strategies for settlements, including flood defences and urban cooling measures.",Active,CFKnowledge
CFK_SDG11_ADULT_009,Adult education,Urban resilience strategies,"Strategies for resilient cities, including disaster preparedness, sustainable infrastructure, drainage systems, and flood mitigation.",Active,CFKnowledge
CFK_SDG11_ADULT_010,Adult education,Urban resilience strategies,Integration of rainwater harvesting and sustainable urban drainage for community resilience.,Active,CFKnowledge
CFK_SDG11_ADULT_011,Adult education,Key elements of sustainable communities,"Eco-friendly housing, local food production, energy-efficient homes, waste reduction, and circular economy practices.",Active,CFKnowledge
CFK_SDG11_ADULT_012,Adult education,Key elements of sustainable communities,"Community-based sustainability initiatives, such as urban farming, solar installations, and composting programmes.",Active,CFKnowledge
CFK_SDG11_ADULT_013,Adult education,Practical approaches to reducing environmental footprints,"Use of renewable energy, waste segregation, and promotion of locally produced goods.",Active,CFKnowledge
CFK_SDG11_ADULT_014,Adult education,Practical approaches to reducing environmental footprints,"Local projects that support sustainability, including community recycling and small-scale renewable energy.",Active,CFKnowledge
CFK_SDG11_ADULT_015,Adult education,Common urban issues,"Challenges in cities, such as air pollution, overcrowding, housing shortages, and waste management.",Active,CFKnowledge
CFK_SDG11_ADULT_016,Adult education,Common urban issues,"Strategies for reducing urban environmental impacts, including low-emission transport and efficient public transit.",Active,CFKnowledge
CFK_SDG11_ADULT_017,Adult education,Community-driven solutions,"Initiatives addressing urban challenges, such as urban gardens, recycling programmes, and shared mobility schemes.",Active,CFKnowledge
CFK_SDG11_ADULT_018,Adult education,Community-driven solutions,"Benefits for food security, social cohesion, and reduction of traffic-related emissions.",Active,CFKnowledge
CFK_SDG11_ADULT_019,Adult education,"Role of parks, gardens, and public spaces","Importance of green spaces for public health, biodiversity, pollution reduction, and ecological restoration.",Active,CFKnowledge
CFK_SDG11_ADULT_020,Adult education,"Role of parks, gardens, and public spaces","Urban planning approaches for parks, green rooftops, and tree-lined streets.",Active,CFKnowledge
CFK_SDG11_ADULT_021,Adult education,"Role of parks, gardens, and public spaces",Ensuring access to nature for all residents in dense urban environments.,Active,CFKnowledge
CFK_SDG11_ADULT_022,Adult education,Social equity and inclusive development,"Importance of equitable urban development, recognising vulnerable populations.",Active,CFKnowledge
CFK_SDG11_ADULT_023,Adult education,Social equity and inclusive development,"Urban regeneration projects prioritising low-income and marginalised communities, including access to housing, healthcare, education, and transport.",Active,CFKnowledge
CFK_SDG12_SEC_001,Secondary education,Global interconnectedness,"Consumer choices in one country and their impacts on economies, labour conditions, and environments elsewhere.",Active,CFKnowledge
CFK_SDG12_SEC_002,Secondary education,Global interconnectedness,"Global supply chains, trade flows, and dependencies illustrated through examples such as electronics, fast fashion, and palm oil.",Active,CFKnowledge
CFK_SDG12_SEC_003,Secondary education,Global standards and quality,"ISO standards, eco-labelling, and product lifecycle assessments.",Active,CFKnowledge
CFK_SDG12_SEC_004,Secondary education,Global standards and quality,"Sustainability certifications including Fair Trade, Rainforest Alliance, organic labels, and energy efficiency marks.",Active,CFKnowledge
CFK_SDG12_SEC_005,Secondary education,Unsustainable trends,"Causes and consequences of overconsumption, planned obsolescence, and resource depletion.",Active,CFKnowledge
CFK_SDG12_SEC_006,Secondary education,Unsustainable trends,"Global environmental concerns linked to globalisation: pollution, deforestation, biodiversity loss, and climate change.",Active,CFKnowledge
CFK_SDG12_SEC_007,Secondary education,Technology and sustainability,"Positive and negative impacts of technology on consumption, including fast production cycles, digital waste, and smart farming.",Active,CFKnowledge
CFK_SDG12_SEC_008,Secondary education,Technology and sustainability,Innovations supporting low-impact production and sustainable alternatives.,Active,CFKnowledge
CFK_SDG12_TVET_001,TVET,Sustainable production systems,"Concept of decoupling economic growth from environmental degradation, with case studies across industries such as manufacturing, agriculture, and food systems.",Active,CFKnowledge
CFK_SDG12_TVET_002,TVET,Sustainable production systems,"Resource-efficient production models, circular economy principles, and waste reduction strategies in technical operations.",Active,CFKnowledge
CFK_SDG12_TVET_003,TVET,Sustainable production systems,"Lifecycle assessments (LCAs) for goods and services in sectors including construction, agriculture, transport, and food processing.",Active,CFKnowledge
CFK_SDG12_TVET_004,TVET,The food and product lifecycle,"Complete lifecycle of food and manufactured goods: sourcing, production, packaging, distribution, use, and disposal.",Active,CFKnowledge
CFK_SDG12_TVET_005,TVET,The food and product lifecycle,"Energy consumption, engineering processes, and environmental impacts at each stage.",Active,CFKnowledge
CFK_SDG12_TVET_006,TVET,Environmental impact of industry,"Pollution, waste generation, and emissions across different production methods.",Active,CFKnowledge
CFK_SDG12_TVET_007,TVET,Environmental impact of industry,"Eco-efficiency, green technologies, and innovations to reduce ecological footprints in trade and industry.",Active,CFKnowledge
CFK_SDG12_TVET_008,TVET,Responsible consumerism,"Psychological, social, and economic factors influencing consumer decisions.",Active,CFKnowledge
CFK_SDG12_TVET_009,TVET,Responsible consumerism,"Influence of product design, packaging, and marketing on behaviour, with pathways to more sustainable consumption.",Active,CFKnowledge
CFK_SDG12_TER_001,Tertiary education,Sustainability in production and consumption,"Environmental, economic, and social implications of current consumption and production systems.",Active,CFKnowledge
CFK_SDG12_TER_002,Tertiary education,Sustainability in production and consumption,"Political economy of production and consumption, including roles of governments, corporations, and consumers.",Active,CFKnowledge
CFK_SDG12_TER_003,Tertiary education,Sustainability in production and consumption,"Interdependence of ecological systems and development models, incorporating ecosystem health and socio-ecological resilience.",Active,CFKnowledge
CFK_SDG12_TER_004,Tertiary education,Circular economy and resource efficiency,"Circular economy principles: design for durability, repair, remanufacturing, reuse, and recycling, including material recovery in product design.",Active,CFKnowledge
CFK_SDG12_TER_005,Tertiary education,Circular economy and resource efficiency,"Waste minimisation methods, toxic waste management, and sustainable material flow systems.",Active,CFKnowledge
CFK_SDG12_TER_006,Tertiary education,Technological and policy innovations,"Technological approaches for waste reduction, cleaner production, and resource conservation, e.g., green chemistry, biodegradable packaging, smart materials.",Active,CFKnowledge
CFK_SDG12_TER_007,Tertiary education,Technological and policy innovations,"Policy frameworks and governance mechanisms, including multilevel governance, subsidiarity, and international standards such as ISO and EMAS.",Active,CFKnowledge
CFK_SDG12_TER_008,Tertiary education,Measurement and audit tools,Eco-auditing and application of the Eco-Management and Audit Scheme (EMAS).,Active,CFKnowledge
CFK_SDG12_TER_009,Tertiary education,Measurement and audit tools,Interpretation of ecological footprint data and sustainability metrics to guide corporate or institutional decisions.,Active,CFKnowledge
CFK_SDG12_ADULT_001,Adult education,Impact awareness,"Environmental, social, and economic consequences of unsustainable consumption and production, including pollution, health risks, resource depletion, and inequity.",Active,CFKnowledge
CFK_SDG12_ADULT_002,Adult education,Impact awareness,"Lifecycle of products, from sourcing and production to use and disposal.",Active,CFKnowledge
CFK_SDG12_ADULT_003,Adult education,The 4rs in everyday life,"Application of Reduce, Reuse, Recycle, and Recover in homes, workplaces, markets, and communities.",Active,CFKnowledge
CFK_SDG12_ADULT_004,Adult education,The 4rs in everyday life,"Local waste management systems, informal recycling economies, and sustainable alternatives.",Active,CFKnowledge
CFK_SDG12_ADULT_005,Adult education,Local livelihood and sustainability,"Integration of sustainable practices into livelihood strategies, including eco-crafts, community gardening, waste upcycling, and sustainable home industries.",Active,CFKnowledge
CFK_SDG12_ADULT_006,Adult education,Local livelihood and sustainability,"Connections between responsible consumption, health, food security, and local resource resilience.",Active,CFKnowledge
CFK_SDG13_SEC_001,Secondary education,Fundamentals of climate science,"Greenhouse effect, carbon cycles, and feedback mechanisms in climate systems.",Active,CFKnowledge
CFK_SDG13_SEC_002,Secondary education,Fundamentals of climate science,"Evidence for human-induced climate change, including data analysis and case studies.",Active,CFKnowledge
CFK_SDG13_SEC_003,Secondary education,Fundamentals of climate science,"Disproportionate impacts on vulnerable populations, small island nations, indigenous communities, and low-income regions.",Active,CFKnowledge
CFK_SDG13_SEC_004,Secondary education,Fundamentals of climate science,Ethical responsibilities and intergenerational justice principles.,Active,CFKnowledge
CFK_SDG13_SEC_005,Secondary education,Fundamentals of climate science,"Global frameworks and agreements: Paris Agreement, UNFCCC, SDGs, IPCC, and COP summits.",Active,CFKnowledge
CFK_SDG13_SEC_006,Secondary education,Integrative concepts and systems thinking,"Interconnections between climate action, economy, society, and environment.",Active,CFKnowledge
CFK_SDG13_SEC_007,Secondary education,Integrative concepts and systems thinking,"Economic-environmental interactions: carbon trading, carbon taxes, green technologies, and renewable energy transitions.",Active,CFKnowledge
CFK_SDG13_SEC_008,Secondary education,Integrative concepts and systems thinking,"Economic-social interactions: human capital, green jobs, and workforce requirements in a sustainable economy.",Active,CFKnowledge
CFK_SDG13_SEC_009,Secondary education,Integrative concepts and systems thinking,"Social-environmental interactions: governance, policies, cultural values, and traditional knowledge supporting climate resilience.",Active,CFKnowledge
CFK_SDG13_SEC_010,Secondary education,Implications of inaction,"Economic: costs from extreme weather, loss of productivity, food insecurity, and infrastructure damage, with emphasis on developing nations.",Active,CFKnowledge
CFK_SDG13_SEC_011,Secondary education,Implications of inaction,"Social: displacement, health risks, and exacerbation of social inequalities due to climate change.",Active,CFKnowledge
CFK_SDG13_SEC_012,Secondary education,Implications of inaction,"Environmental: biodiversity loss, desertification, deforestation, ocean acidification, and ecosystem tipping points.",Active,CFKnowledge
CFK_SDG13_SEC_013,Secondary education,Mitigation and adaptation strategies,"Mitigation: renewable energy, energy efficiency, sustainable land use, and circular economy approaches.",Active,CFKnowledge
CFK_SDG13_SEC_014,Secondary education,Mitigation and adaptation strategies,"Adaptation: community-based climate resilience, climate-smart agriculture, coastal protection, and urban planning for extreme events.",Active,CFKnowledge
CFK_SDG13_SEC_015,Secondary education,Mitigation and adaptation strategies,"Personal and collective action: sustainable behaviours, advocacy for climate policies, youth engagement, and educational initiatives for climate leadership.",Active,CFKnowledge
CFK_SDG13_TVET_001,TVET,Climate and environmental systems,"Climate and environmental systems, including human influence, environmental degradation, and regional vulnerability.",Active,CFKnowledge
CFK_SDG13_TVET_002,TVET,Climate and environmental systems,"Interconnected impacts of human actions on climate, biodiversity loss, and resource depletion.",Active,CFKnowledge
CFK_SDG13_TVET_003,TVET,"Integrated assessment of economic, environmental, and social aspects","Multidimensional evaluation of climate change trade-offs and synergies among economic growth, environmental protection, and social wellbeing.",Active,CFKnowledge
CFK_SDG13_TVET_004,TVET,"Integrated assessment of economic, environmental, and social aspects","Consideration of global migration patterns, climate impacts, and social trends in scenario analysis.",Active,CFKnowledge
CFK_SDG13_TVET_005,TVET,Intergenerational and future dimensions,Climate justice and the long-term consequences of current actions on future generations.,Active,CFKnowledge
CFK_SDG13_TVET_006,TVET,Intergenerational and future dimensions,Ethical and equity-based implications of climate change for vulnerable populations.,Active,CFKnowledge
CFK_SDG13_TVET_007,TVET,Green and blue economy,"Contributions of renewable energy, sustainable agriculture, circular economy initiatives, and responsible marine resource management to climate mitigation.",Active,CFKnowledge
CFK_SDG13_TVET_008,TVET,Green and blue economy,Case studies and industry partnerships illustrating practical applications.,Active,CFKnowledge
CFK_SDG13_TVET_009,TVET,Policy and regulatory frameworks,"Climate-related policies, environmental regulations, and compliance standards.",Active,CFKnowledge
CFK_SDG13_TVET_010,TVET,Policy and regulatory frameworks,Application of regulatory frameworks to support industry climate goals.,Active,CFKnowledge
CFK_SDG13_TVET_011,TVET,Sector-specific climate impacts,"Climate implications for key sectors: agriculture and food supply chains, marine resources, renewable energy, waste management, and sustainable construction.",Active,CFKnowledge
CFK_SDG13_TVET_012,TVET,Mitigation and adaptation solutions,"Technologies and practices for emission reduction, energy efficiency, and low-carbon transitions.",Active,CFKnowledge
CFK_SDG13_TVET_013,TVET,Mitigation and adaptation solutions,"Adaptation measures including climate-resilient infrastructure, sustainable water management, and early warning systems for natural disasters.",Active,CFKnowledge
CFK_SDG13_TER_001,Tertiary education,Adaptive and integrated governance,"Adaptive governance systems operating across scales, including co-management and transboundary approaches.",Active,CFKnowledge
CFK_SDG13_TER_002,Tertiary education,Adaptive and integrated governance,Policy frameworks supporting resilience and sustainable resource management.,Active,CFKnowledge
CFK_SDG13_TER_003,Tertiary education,"Population, urbanisation, migration, and conflict","Links between climate change, population dynamics, urbanisation, migration, and conflict.",Active,CFKnowledge
CFK_SDG13_TER_004,Tertiary education,"Population, urbanisation, migration, and conflict",Impacts of climate-induced displacement and sustainable urban planning strategies.,Active,CFKnowledge
CFK_SDG13_TER_005,Tertiary education,Climate-resilient development pathways,"Scenario modelling and policy analysis for adaptation, mitigation, and SDG alignment.",Active,CFKnowledge
CFK_SDG13_TER_006,Tertiary education,Climate-resilient development pathways,"Balancing climate resilience with social, economic, and environmental objectives.",Active,CFKnowledge
CFK_SDG13_TER_007,Tertiary education,Specialised research and analysis,"Investigation of complex climate issues, including gendered vulnerabilities and climate-sensitive health challenges.",Active,CFKnowledge
CFK_SDG13_TER_008,Tertiary education,Specialised research and analysis,Evidence-based research methods to propose solutions.,Active,CFKnowledge
CFK_SDG13_TER_009,Tertiary education,Social change and vulnerability,"Examination of social dimensions, vulnerability drivers, adaptive capacity, and social movements.",Active,CFKnowledge
CFK_SDG13_TER_010,Tertiary education,Social change and vulnerability,Analysis of advocacy approaches and transformative change mechanisms.,Active,CFKnowledge
CFK_SDG13_TER_011,Tertiary education,Climate impact projections,"Use of climate modelling tools, scenario planning, and uncertainty analysis.",Active,CFKnowledge
CFK_SDG13_TER_012,Tertiary education,Climate impact projections,Assessment of long-term risks and adaptation strategies.,Active,CFKnowledge
CFK_SDG13_TER_013,Tertiary education,Limits to adaptation and transformational approaches,Evaluation of conventional adaptation limitations and transformational strategies.,Active,CFKnowledge
CFK_SDG13_TER_014,Tertiary education,Limits to adaptation and transformational approaches,"Policies promoting resilience, equity, and climate justice in contexts of irreversible impacts.",Active,CFKnowledge
CFK_SDG13_TER_015,Tertiary education,Technological and economic models,"Development of models for sustainable development, including industrial ecology, agroecology, ecological engineering, and social enterprises.",Active,CFKnowledge
CFK_SDG13_TER_016,Tertiary education,Technological and economic models,Analysis of case studies to extract lessons for practical application.,Active,CFKnowledge
CFK_SDG13_ADULT_001,Adult education,Climate change and human impact,"Direct and indirect effects of climate change on communities, including vulnerabilities to health, livelihoods, and ecosystems.",Active,CFKnowledge
CFK_SDG13_ADULT_002,Adult education,Climate change and human impact,Multiplier effects of climate-related hazards on social and economic systems.,Active,CFKnowledge
CFK_SDG13_ADULT_003,Adult education,Indigenous and traditional knowledge,"Contributions of indigenous and local practices to climate adaptation and resilience, such as sustainable agriculture and early warning systems.",Active,CFKnowledge
CFK_SDG13_ADULT_004,Adult education,Social and cultural change,"Impacts of climate change on societal norms, migration patterns, and cultural practices.",Active,CFKnowledge
CFK_SDG13_ADULT_005,Adult education,Social and cultural change,Community-led strategies for resilience and climate advocacy.,Active,CFKnowledge
CFK_SDG13_ADULT_006,Adult education,Climate mitigation and adaptation,"Measures for reducing greenhouse gas emissions and enhancing adaptive capacity, including renewable energy, resource management, and disaster preparedness.",Active,CFKnowledge
CFK_SDG13_ADULT_007,Adult education,Sustainable development and livelihoods,"Opportunities for green and sustainable livelihoods through circular economies, ecotourism, sustainable agriculture, and climate-conscious entrepreneurship.",Active,CFKnowledge
CFK_SDG13_ADULT_008,Adult education,Monitoring and evaluation,Track and assess the effectiveness of community climate initiatives.,Active,CFKnowledge
CFK_SDG13_ADULT_009,Adult education,Monitoring and evaluation,Collect and analyse data to evaluate progress on adaptation and mitigation goals.,Active,CFKnowledge
CFK_SDG14_SEC_001,Secondary education,Ocean’s role in earth systems,"Regulates climate, carbon, and water cycles.",Active,CFKnowledge
CFK_SDG14_SEC_002,Secondary education,Ocean’s role in earth systems,Supports life on Earth through ecosystem services and biodiversity.,Active,CFKnowledge
CFK_SDG14_SEC_003,Secondary education,Marine ecosystems and biodiversity,"Coastal and marine habitats include mangroves, coral reefs, seagrass beds, and open ocean.",Active,CFKnowledge
CFK_SDG14_SEC_004,Secondary education,Marine ecosystems and biodiversity,"Marine species interact within food webs, contributing to ecosystem balance.",Active,CFKnowledge
CFK_SDG14_SEC_005,Secondary education,Human impacts,"Pollution (plastic, oil, chemicals), overfishing, and habitat destruction threaten marine ecosystems.",Active,CFKnowledge
CFK_SDG14_SEC_006,Secondary education,Human impacts,"Marine disasters and climate change (acidification, warming, sea-level rise) affect both ecosystems and communities.",Active,CFKnowledge
CFK_SDG14_SEC_007,Secondary education,Sustainable management and policy,"Marine Protected Areas (MPAs), Exclusive Economic Zones (EEZs), and international agreements regulate ocean use.",Active,CFKnowledge
CFK_SDG14_SEC_008,Secondary education,Sustainable management and policy,"The Blue Economy provides sustainable livelihoods in fisheries, tourism, energy, and biotechnology.",Active,CFKnowledge
CFK_SDG14_SEC_009,Secondary education,Sustainable management and policy,"Technological innovations support monitoring, restoration, and sustainable exploitation of marine resources.",Active,CFKnowledge
CFK_SDG14_SEC_010,Secondary education,Practical engagement,"Field trips, ecosystem monitoring, and community projects encourage direct observation and participation in ocean stewardship.",Active,CFKnowledge
CFK_SDG14_SEC_011,Secondary education,Practical engagement,"Exposure to careers in marine science, oceanography, renewable energy, and maritime law builds awareness of professional pathways.",Active,CFKnowledge
CFK_SDG14_TVET_001,TVET,Sustainable fisheries management,"Principles and practices of sustainable fishing, including ecosystem-based management.",Active,CFKnowledge
CFK_SDG14_TVET_002,TVET,Sustainable fisheries management,Methods for monitoring fish populations and maintaining the balance of marine ecosystems.,Active,CFKnowledge
CFK_SDG14_TVET_003,TVET,Marine technology and innovation,"Emerging technologies in offshore renewable energy, aquaculture systems, and ocean observation.",Active,CFKnowledge
CFK_SDG14_TVET_004,TVET,Marine technology and innovation,Applications of innovation in supporting sustainable marine industries.,Active,CFKnowledge
CFK_SDG14_TVET_005,TVET,Maritime operations,"Shipbuilding processes, vessel operation, and maritime logistics.",Active,CFKnowledge
CFK_SDG14_TVET_006,TVET,Maritime operations,Practices for sustainable shipping and reducing environmental impacts.,Active,CFKnowledge
CFK_SDG14_TVET_007,TVET,Marine business and entrepreneurship,Fisheries and aquaculture business planning within the blue economy.,Active,CFKnowledge
CFK_SDG14_TVET_008,TVET,Marine business and entrepreneurship,Management strategies for marine tourism and ocean-based economic activities.,Active,CFKnowledge
CFK_SDG14_TVET_009,TVET,Climate adaptation and risk management,Coastal engineering approaches and disaster risk mitigation.,Active,CFKnowledge
CFK_SDG14_TVET_010,TVET,Climate adaptation and risk management,Methods for monitoring ocean changes and adapting to climate-related impacts.,Active,CFKnowledge
CFK_SDG14_TVET_011,TVET,Marine conservation and policy,"Environmental regulations, management of marine protected areas, and international maritime law.",Active,CFKnowledge
CFK_SDG14_TVET_012,TVET,Marine conservation and policy,Policy frameworks guiding sustainable resource use and biodiversity protection.,Active,CFKnowledge
CFK_SDG14_TVET_013,TVET,Renewable energy,"Offshore wind, wave, and tidal energy systems.",Active,CFKnowledge
CFK_SDG14_TVET_014,TVET,Renewable energy,Integration of renewable energy into sustainable marine industry operations.,Active,CFKnowledge
CFK_SDG14_TVET_015,TVET,Fieldwork and research,"Applications of field surveys, GIS analysis, and environmental impact assessments in marine monitoring.",Active,CFKnowledge
CFK_SDG14_TVET_016,TVET,Fieldwork and research,Data collection and observation for informed decision-making in marine resource management.,Active,CFKnowledge
CFK_SDG14_TER_001,Tertiary education,Marine science and climate change,"The role of oceans in climate regulation, carbon sequestration, and global ecosystem balance.",Active,CFKnowledge
CFK_SDG14_TER_002,Tertiary education,Marine science and climate change,"Impacts of climate change on marine biodiversity, fisheries, and coastal ecosystems.",Active,CFKnowledge
CFK_SDG14_TER_003,Tertiary education,Climate adaptation and resilience,Vulnerabilities of marine ecosystems and coastal communities to climate change.,Active,CFKnowledge
CFK_SDG14_TER_004,Tertiary education,Climate adaptation and resilience,"Approaches to enhance resilience of fisheries, coastal infrastructure, and marine habitats.",Active,CFKnowledge
CFK_SDG14_TER_005,Tertiary education,Blue economy and marine technology,"Principles of sustainable ocean-based industries, including aquaculture, renewable energy, and marine biotechnology.",Active,CFKnowledge
CFK_SDG14_TER_006,Tertiary education,Blue economy and marine technology,Opportunities and constraints of emerging marine technologies in supporting sustainable development.,Active,CFKnowledge
CFK_SDG14_TER_007,Tertiary education,Marine policy and governance,"International ocean governance frameworks, maritime law, and coastal zone management policies.",Active,CFKnowledge
CFK_SDG14_TER_008,Tertiary education,Marine policy and governance,"Mechanisms for balancing conservation, resource use, and economic development in marine contexts.",Active,CFKnowledge
CFK_SDG14_TER_009,Tertiary education,Marine ecosystem management,"Ecosystem-based approaches to fisheries management, biodiversity protection, and restoration of degraded habitats.",Active,CFKnowledge
CFK_SDG14_TER_010,Tertiary education,Marine ecosystem management,"Ecological roles of keystone species, habitats, and trophic interactions in marine systems.",Active,CFKnowledge
CFK_SDG14_TER_011,Tertiary education,Innovation and monitoring technologies,"Applications of GIS, remote sensing, and underwater robotics in observing and mapping marine environments.",Active,CFKnowledge
CFK_SDG14_TER_012,Tertiary education,Innovation and monitoring technologies,Use of modelling and satellite data to assess ocean changes and anticipate future scenarios.,Active,CFKnowledge
CFK_SDG14_TER_013,Tertiary education,Coastal community resilience,Socio-economic interactions between coastal populations and marine ecosystems.,Active,CFKnowledge
CFK_SDG14_TER_014,Tertiary education,Coastal community resilience,"Carbon sequestration potential of mangroves, seagrasses, and salt marshes.",Active,CFKnowledge
CFK_SDG14_TER_015,Tertiary education,Coastal community resilience,Integration of ecological sustainability with economic development in ocean-based sectors.,Active,CFKnowledge
CFK_SDG14_TER_016,Tertiary education,Coastal community resilience,"Carbon sequestration potential of mangroves, seagrasses, and salt marshes.",Active,CFKnowledge
CFK_SDG14_TER_017,Tertiary education,Coastal community resilience,Integration of ecological sustainability with economic development in ocean-based sectors.,Active,CFKnowledge
CFK_SDG14_ADULT_001,Adult education,Sustainable resource management,"Principles for managing marine resources, including fisheries, coastal habitats, and ecotourism.",Active,CFKnowledge
CFK_SDG14_ADULT_002,Adult education,Sustainable resource management,Value of indigenous and local knowledge in conservation and sustainable use of ocean resources.,Active,CFKnowledge
CFK_SDG14_ADULT_003,Adult education,Marine pollution prevention,Causes and impacts of marine litter and pollution on ecosystems and communities.,Active,CFKnowledge
CFK_SDG14_ADULT_004,Adult education,Marine pollution prevention,Strategies for responsible waste management to protect marine environments.,Active,CFKnowledge
CFK_SDG14_ADULT_005,Adult education,Disaster preparedness and climate resilience,"Community risks from coastal hazards, including storms, flooding, and sea-level rise.",Active,CFKnowledge
CFK_SDG14_ADULT_006,Adult education,Disaster preparedness and climate resilience,"Early warning systems, vulnerability assessments, and gender-sensitive disaster response approaches.",Active,CFKnowledge
CFK_SDG14_ADULT_007,Adult education,Disaster preparedness and climate resilience,Sustainable adaptation practices addressing coastal erosion and climate change impacts.,Active,CFKnowledge
CFK_SDG14_ADULT_008,Adult education,Sustainable livelihoods,"Ocean-based livelihoods that balance economic needs with environmental protection, such as sustainable fisheries, aquaculture, and ecotourism.",Active,CFKnowledge
CFK_SDG14_ADULT_009,Adult education,Sustainable livelihoods,Socio-economic and ecological benefits of community-led sustainable resource use.,Active,CFKnowledge
CFK_SDG14_ADULT_010,Adult education,Community monitoring and engagement,Citizen science programmes and community participation in monitoring ocean health.,Active,CFKnowledge
CFK_SDG14_ADULT_011,Adult education,Community monitoring and engagement,Public engagement in reporting environmental changes and promoting marine stewardship.,Active,CFKnowledge
CFK_SDG14_ADULT_012,Adult education,Cultural and indigenous knowledge,Traditional practices and cultural values that contribute to marine conservation and sustainable resource management.,Active,CFKnowledge
CFK_SDG14_ADULT_013,Adult education,Cultural and indigenous knowledge,Role of local communities in maintaining biodiversity and ecosystem services.,Active,CFKnowledge
CFK_SDG14_ADULT_014,Adult education,Ocean literacy and public awareness,"Significance of oceans for life, livelihoods, and climate regulation.",Active,CFKnowledge
CFK_SDG14_ADULT_015,Adult education,Ocean literacy and public awareness,"Human impacts on marine ecosystems and the importance of advocacy, outreach, and partnerships to promote ocean stewardship.",Active,CFKnowledge
CFK_SDG15_SEC_001,Secondary education,Earth sciences and ecosystem dynamics,"Structure and function of terrestrial ecosystems, including forests, grasslands, wetlands, and deserts.",Active,CFKnowledge
CFK_SDG15_SEC_002,Secondary education,Earth sciences and ecosystem dynamics,"Key earth science cycles – carbon, water, and nutrient cycles – and their role in ecosystem health.",Active,CFKnowledge
CFK_SDG15_SEC_003,Secondary education,Earth sciences and ecosystem dynamics,"Processes of soil formation, erosion, and desertification affecting land productivity.",Active,CFKnowledge
CFK_SDG15_SEC_004,Secondary education,Earth sciences and ecosystem dynamics,"Role of vegetation in preventing soil erosion, maintaining water quality, and supporting biodiversity.",Active,CFKnowledge
CFK_SDG15_SEC_005,Secondary education,Impact of land-use change activities,"Effects of deforestation, urbanisation, and agricultural expansion on terrestrial ecosystems.",Active,CFKnowledge
CFK_SDG15_SEC_006,Secondary education,Impact of land-use change activities,"Case studies illustrating impacts on biodiversity, soil quality, and water resources.",Active,CFKnowledge
CFK_SDG15_SEC_007,Secondary education,Impact of land-use change activities,"Sustainable land management approaches, including agroforestry, regenerative agriculture, and reforestation.",Active,CFKnowledge
CFK_SDG15_SEC_008,Secondary education,Impact of land-use change activities,Concept of land degradation neutrality and ecosystem restoration strategies.,Active,CFKnowledge
CFK_SDG15_SEC_009,Secondary education,Ecosystem services and their importance,"Provisioning (food, water), regulating (air quality, climate), supporting (soil formation, nutrient cycling), and cultural services (recreation, spiritual value).",Active,CFKnowledge
CFK_SDG15_SEC_010,Secondary education,Ecosystem services and their importance,"Economic, social, and environmental benefits of maintaining healthy ecosystems.",Active,CFKnowledge
CFK_SDG15_SEC_011,Secondary education,Ecosystem services and their importance,Influence of human dependence on ecosystem services in development decisions and policies.,Active,CFKnowledge
CFK_SDG15_SEC_012,Secondary education,Environmental justice and land management,Effects of land-use decisions on marginalised and indigenous communities.,Active,CFKnowledge
CFK_SDG15_SEC_013,Secondary education,Environmental justice and land management,Role of traditional knowledge in biodiversity conservation and sustainable land management.,Active,CFKnowledge
CFK_SDG15_SEC_014,Secondary education,Environmental justice and land management,"Impacts of resource extraction, industrial agriculture, and infrastructure projects on communities and ecosystems.",Active,CFKnowledge
CFK_SDG15_SEC_015,Secondary education,Environmental justice and land management,Importance of equitable access to natural resources and inclusive decision-making processes.,Active,CFKnowledge
CFK_SDG15_SEC_016,Secondary education,Forms of pollution and their impact on land,"Types of pollution affecting terrestrial ecosystems: plastic waste, agricultural runoff, industrial emissions, and soil contamination.",Active,CFKnowledge
CFK_SDG15_SEC_017,Secondary education,Forms of pollution and their impact on land,"Movement of pollutants through ecosystems and impacts on soil, water, plants, and animals.",Active,CFKnowledge
CFK_SDG15_SEC_018,Secondary education,Forms of pollution and their impact on land,"Contribution of waste management, recycling, and regulatory measures to pollution reduction.",Active,CFKnowledge
CFK_SDG15_SEC_019,Secondary education,Forms of pollution and their impact on land,"Mitigation strategies, including bioremediation, sustainable agriculture, and policy enforcement.",Active,CFKnowledge
CFK_SDG15_SEC_020,Secondary education,Green skills and digital literacy for ecosystem sustainability,Use of geospatial and climate data to support ecosystem and land-use planning.,Active,CFKnowledge
CFK_SDG15_SEC_021,Secondary education,Green skills and digital literacy for ecosystem sustainability,Soil and water conservation techniques applied in sustainable agriculture.,Active,CFKnowledge
CFK_SDG15_SEC_022,Secondary education,Green skills and digital literacy for ecosystem sustainability,Application of low-cost technologies for forest and wildlife monitoring.,Active,CFKnowledge
CFK_SDG15_SEC_023,Secondary education,Green skills and digital literacy for ecosystem sustainability,Creation of marketable products from agro-waste and invasive species to support conservation and livelihoods.,Active,CFKnowledge
CFK_SDG15_SEC_024,Secondary education,Cross-disciplinary engagement,"Integration of biology, geography, chemistry, and economics in ecosystem management.",Active,CFKnowledge
CFK_SDG15_SEC_025,Secondary education,Cross-disciplinary engagement,Contributions of traditional ecological knowledge and indigenous practices to sustainable land use and conservation.,Active,CFKnowledge
CFK_SDG15_TVET_001,TVET,Pollution sources and mitigation,"Major sources of land and soil pollution, including industrial waste, agricultural chemicals, plastic waste and untreated sewage.",Active,CFKnowledge
CFK_SDG15_TVET_002,TVET,Pollution sources and mitigation,"Impacts of pollution and soil degradation on ecosystems, biodiversity and human health.",Active,CFKnowledge
CFK_SDG15_TVET_003,TVET,Pollution sources and mitigation,"Principles of pollution management, including bioremediation, soil restoration and wastewater treatment.",Active,CFKnowledge
CFK_SDG15_TVET_004,TVET,Pollution sources and mitigation,Standards and regulatory frameworks for monitoring pollutants and ensuring compliance.,Active,CFKnowledge
CFK_SDG15_TVET_005,TVET,Resilient landscapes and restoration ecology,Concepts of resilient landscape management that balance ecological health with human needs.,Active,CFKnowledge
CFK_SDG15_TVET_006,TVET,Resilient landscapes and restoration ecology,"Ecological principles underpinning restoration of degraded land, including reforestation, wetland rehabilitation and erosion control.",Active,CFKnowledge
CFK_SDG15_TVET_007,TVET,Resilient landscapes and restoration ecology,Importance of biodiversity and genetic diversity in strengthening ecosystem resilience.,Active,CFKnowledge
CFK_SDG15_TVET_008,TVET,Resilient landscapes and restoration ecology,Ecological engineering approaches to sustainable land management.,Active,CFKnowledge
CFK_SDG15_TVET_009,TVET,Conservation science and sustainable practices,Integrated ecological–agricultural systems that conserve biodiversity while supporting food security.,Active,CFKnowledge
CFK_SDG15_TVET_010,TVET,Conservation science and sustainable practices,"Sustainable farming techniques such as agroforestry, crop rotation, organic practices and precision agriculture.",Active,CFKnowledge
CFK_SDG15_TVET_011,TVET,Conservation science and sustainable practices,"Functions of protected areas, wildlife corridors and community-led conservation initiatives.",Active,CFKnowledge
CFK_SDG15_TVET_012,TVET,Conservation science and sustainable practices,"Principles of sustainable forest management, including certification schemes and responsible timber harvesting.",Active,CFKnowledge
CFK_SDG15_TVET_013,TVET,Environmental protection policies and regulations,"National and international frameworks governing biodiversity and land use, such as the Convention on Biological Diversity and the UN Convention to Combat Desertification.",Active,CFKnowledge
CFK_SDG15_TVET_014,TVET,Environmental protection policies and regulations,"Local governance and policy instruments for land use planning, pollution control and biodiversity conservation.",Active,CFKnowledge
CFK_SDG15_TVET_015,TVET,Environmental protection policies and regulations,"Role of compliance systems, environmental impact assessments and sustainable certification standards.",Active,CFKnowledge
CFK_SDG15_TVET_016,TVET,Environmental protection policies and regulations,Importance of environmental audits in maintaining ethical and legal standards.,Active,CFKnowledge
CFK_SDG15_TVET_017,TVET,Technical knowledge for sustainable solutions,Renewable energy systems and their relevance for land use and conservation.,Active,CFKnowledge
CFK_SDG15_TVET_018,TVET,Technical knowledge for sustainable solutions,"Low-impact building design, green materials and waste management principles.",Active,CFKnowledge
CFK_SDG15_TVET_019,TVET,Technical knowledge for sustainable solutions,"Applications of solar, wind and bioenergy in reducing dependence on fossil fuels.",Active,CFKnowledge
CFK_SDG15_TVET_020,TVET,Technical knowledge for sustainable solutions,Technical innovations in machinery and tools that support sustainable agriculture and eco-friendly construction.,Active,CFKnowledge
CFK_SDG15_TVET_021,TVET,Sustainable energy and low-carbon development,"Links between land degradation, deforestation and greenhouse gas emissions.",Active,CFKnowledge
CFK_SDG15_TVET_022,TVET,Sustainable energy and low-carbon development,Concepts of low-carbon technologies and regenerative agriculture for mitigation.,Active,CFKnowledge
CFK_SDG15_TVET_023,TVET,Sustainable energy and low-carbon development,Strategies for renewable energy adoption and community-level energy efficiency.,Active,CFKnowledge
CFK_SDG15_TVET_024,TVET,Sustainable energy and low-carbon development,"Land-based carbon sequestration opportunities, including afforestation and soil carbon enhancement.",Active,CFKnowledge
CFK_SDG15_TER_001,Tertiary education,Pollution sources and impacts,"Types and sources of terrestrial pollution, including industrial emissions, agricultural runoff, plastics, and air pollutants.",Active,CFKnowledge
CFK_SDG15_TER_002,Tertiary education,Pollution sources and impacts,"Ecological and human health consequences of pollution, land degradation, and deforestation.",Active,CFKnowledge
CFK_SDG15_TER_003,Tertiary education,Pollution sources and impacts,"Principles of pollution control, waste management, bioremediation, and regenerative agricultural practices.",Active,CFKnowledge
CFK_SDG15_TER_004,Tertiary education,Pollution sources and impacts,"International, national, and local regulatory frameworks for pollution prevention and ecosystem protection.",Active,CFKnowledge
CFK_SDG15_TER_005,Tertiary education,Resilient landscapes and ecosystem services,"Ecological functions and services of forests, wetlands, grasslands, and other terrestrial ecosystems.",Active,CFKnowledge
CFK_SDG15_TER_006,Tertiary education,Resilient landscapes and ecosystem services,"Causes and consequences of land degradation, desertification, and biodiversity loss.",Active,CFKnowledge
CFK_SDG15_TER_007,Tertiary education,Resilient landscapes and ecosystem services,Concepts of integrated landscape management and ecological–agricultural systems.,Active,CFKnowledge
CFK_SDG15_TER_008,Tertiary education,Resilient landscapes and ecosystem services,Role of indigenous and local knowledge in maintaining ecosystem resilience and productivity.,Active,CFKnowledge
CFK_SDG15_TER_009,Tertiary education,Sustainable energy and low-carbon development,"Concepts of renewable and low-carbon energy systems, including solar, wind, hydropower, biomass, and geothermal energy.",Active,CFKnowledge
CFK_SDG15_TER_010,Tertiary education,Sustainable energy and low-carbon development,"Links between energy systems, land use, and ecosystem health.",Active,CFKnowledge
CFK_SDG15_TER_011,Tertiary education,Sustainable energy and low-carbon development,"Principles of carbon sequestration, soil carbon management, and nature-based climate solutions.",Active,CFKnowledge
CFK_SDG15_TER_012,Tertiary education,Sustainable energy and low-carbon development,"Environmental, social, and economic considerations in transitioning to low-carbon systems.",Active,CFKnowledge
CFK_SDG15_TER_013,Tertiary education,Sustainable livelihoods and resource management,"Connections between sustainable agriculture, forestry, ecotourism, and ecosystem conservation.",Active,CFKnowledge
CFK_SDG15_TER_014,Tertiary education,Sustainable livelihoods and resource management,"Land tenure systems, governance frameworks, and market mechanisms supporting equitable and sustainable resource use.",Active,CFKnowledge
CFK_SDG15_TER_015,Tertiary education,Sustainable livelihoods and resource management,Strategies for community-led conservation and ecosystem restoration.,Active,CFKnowledge
CFK_SDG15_TER_016,Tertiary education,Human–environment interactions and environmental justice,"Socio-economic, cultural, and political drivers of environmental change.",Active,CFKnowledge
CFK_SDG15_TER_017,Tertiary education,Human–environment interactions and environmental justice,"Relationships between consumption patterns, extractive activities, and ecosystem degradation.",Active,CFKnowledge
CFK_SDG15_TER_018,Tertiary education,Human–environment interactions and environmental justice,"Concepts of environmental justice, equity, and intergenerational responsibility.",Active,CFKnowledge
CFK_SDG15_TER_019,Tertiary education,Human–environment interactions and environmental justice,"Global frameworks and agreements, including UNCCD and CBD, guiding land management and biodiversity conservation.",Active,CFKnowledge
CFK_SDG15_TER_020,Tertiary education,Policy and governance for sustainability,"Principles of environmental governance, institutional roles, and regulatory mechanisms.",Active,CFKnowledge
CFK_SDG15_TER_021,Tertiary education,Policy and governance for sustainability,National and international policy frameworks for sustainable land management and biodiversity protection.,Active,CFKnowledge
CFK_SDG15_TER_022,Tertiary education,Policy and governance for sustainability,"Approaches to integrating ecological, economic, and social considerations in policy development.",Active,CFKnowledge
CFK_SDG15_TER_023,Tertiary education,Digital and technological application,"GIS, remote sensing, and other digital tools to map biodiversity hotspots and monitor land use.",Active,CFKnowledge
CFK_SDG15_TER_024,Tertiary education,Digital and technological application,Applied technology to support community-based conservation and ecosystem management initiatives.,Active,CFKnowledge
CFK_SDG15_ADULT_001,Adult education,Environmental economics and market opportunities,"Healthy ecosystems support local and global economies through resources, tourism, and ecosystem services.",Active,CFKnowledge
CFK_SDG15_ADULT_002,Adult education,Environmental economics and market opportunities,"Market-based solutions, such as eco-labelling, and government incentives promote sustainable agriculture, forest conservation, and renewable energy.",Active,CFKnowledge
CFK_SDG15_ADULT_003,Adult education,Environmental economics and market opportunities,"Sustainable practices, including carbon credits, payments for ecosystem services, and resilient land management, provide long-term economic benefits.",Active,CFKnowledge
CFK_SDG15_ADULT_004,Adult education,Importance of healthy ecosystems,"Forests, wetlands, grasslands, and other ecosystems sustain biodiversity and human wellbeing.",Active,CFKnowledge
CFK_SDG15_ADULT_005,Adult education,Importance of healthy ecosystems,"Ecosystems provide essential services: clean air and water, fertile soil, climate regulation, and cultural value.",Active,CFKnowledge
CFK_SDG15_ADULT_006,Adult education,Importance of healthy ecosystems,"Deforestation, desertification, and biodiversity loss result from unsustainable practices.",Active,CFKnowledge
CFK_SDG15_ADULT_007,Adult education,Importance of healthy ecosystems,Sustainable land and ecosystem management enhances resilience to climate change and natural disasters.,Active,CFKnowledge
CFK_SDG15_ADULT_008,Adult education,Poaching and wildlife trafficking,"Poaching and illegal wildlife trade harm biodiversity, ecosystems, and communities.",Active,CFKnowledge
CFK_SDG15_ADULT_009,Adult education,Poaching and wildlife trafficking,"Legal frameworks and international agreements, such as CITES, guide species protection.",Active,CFKnowledge
CFK_SDG15_ADULT_010,Adult education,Poaching and wildlife trafficking,"Enforcement agencies, conservation organisations, and local communities prevent wildlife crime.",Active,CFKnowledge
CFK_SDG15_ADULT_011,Adult education,Poaching and wildlife trafficking,"Poverty, limited livelihoods, and market demand drive poaching and trafficking.",Active,CFKnowledge
CFK_SDG15_ADULT_012,Adult education,Poaching and wildlife trafficking,Community-based conservation and alternative livelihoods reduce illegal activities.,Active,CFKnowledge
CFK_SDG15_ADULT_013,Adult education,Land tenure and traditional rights,Land tenure systems shape sustainable land management and resource access.,Active,CFKnowledge
CFK_SDG15_ADULT_014,Adult education,Land tenure and traditional rights,"Securing land rights for indigenous peoples, local communities, and small-scale farmers promotes equity.",Active,CFKnowledge
CFK_SDG15_ADULT_015,Adult education,Land tenure and traditional rights,Customary and traditional practices support ecosystem conservation.,Active,CFKnowledge
CFK_SDG15_ADULT_016,Adult education,Land tenure and traditional rights,Participatory governance and legal frameworks protect community and indigenous land rights.,Active,CFKnowledge
CFK_SDG15_ADULT_017,Adult education,Community-led conservation and sustainable practices,Community-based conservation empowers local populations to manage natural resources sustainably.,Active,CFKnowledge
CFK_SDG15_ADULT_018,Adult education,Community-led conservation and sustainable practices,"Practices such as agroforestry, sustainable agriculture, and water conservation restore degraded land.",Active,CFKnowledge
CFK_SDG15_ADULT_019,Adult education,Community-led conservation and sustainable practices,Traditional ecological knowledge (TEK) complements scientific approaches in land management.,Active,CFKnowledge
CFK_SDG15_ADULT_020,Adult education,Community-led conservation and sustainable practices,Nature-based solutions restore ecosystems while creating economic opportunities.,Active,CFKnowledge
CFK_SDG15_ADULT_021,Adult education,Market-based solutions for sustainability,"Environmental economics strategies, including eco-labelling, sustainable certification schemes, and carbon credit programmes.",Active,CFKnowledge
CFK_SDG15_ADULT_022,Adult education,Market-based solutions for sustainability,"Co-operative business models that add value to sustainably harvested forest products, such as medicinal plants, honey, or crafts.",Active,CFKnowledge
CFK_SDG15_ADULT_023,Adult education,Market-based solutions for sustainability,Sustainable agricultural products in local and regional markets.,Active,CFKnowledge
CFK_SDG15_ADULT_024,Adult education,Market-based solutions for sustainability,Ecotourism ventures that advance environmental conservation and community livelihoods.,Active,CFKnowledge
CFK_SDG16_SEC_001,Secondary education,Human rights and legal systems,Understand key international human rights frameworks such as the Universal Declaration of Human Rights and the Convention on the Rights of the Child.,Active,CFKnowledge
CFK_SDG16_SEC_002,Secondary education,Human rights and legal systems,Explore how national legal systems relate to international law.,Active,CFKnowledge
CFK_SDG16_SEC_003,Secondary education,Human rights and legal systems,"Learn about democratic models, good governance, electoral systems, civic duties, and the role of institutions in upholding justice and the rule of law.",Active,CFKnowledge
CFK_SDG16_SEC_004,Secondary education,"Diversity, religion and worldviews","Explore similarities and differences among world religions and non-religious beliefs, and their role in shaping societies.",Active,CFKnowledge
CFK_SDG16_SEC_005,Secondary education,"Diversity, religion and worldviews","Understand how beliefs, practices, and sacred texts influence individual and collective behaviour.",Active,CFKnowledge
CFK_SDG16_SEC_006,Secondary education,"Diversity, religion and worldviews",Examine pluralism and the coexistence of multiple faiths and worldviews in diverse societies.,Active,CFKnowledge
CFK_SDG16_SEC_007,Secondary education,"Peace, conflict and global citizenship","Learn about the causes and consequences of conflict at local, national, and international levels.",Active,CFKnowledge
CFK_SDG16_SEC_008,Secondary education,"Peace, conflict and global citizenship",Understand global interdependence and the importance of co-operation across countries and cultures.,Active,CFKnowledge
CFK_SDG16_SEC_009,Secondary education,"Peace, conflict and global citizenship","Study the structures and roles of local, national, and global governance institutions in conflict resolution and peacebuilding.",Active,CFKnowledge
CFK_SDG16_SEC_010,Secondary education,Civic engagement and freedoms,"Understand the rights and responsibilities of citizens, including freedom of expression, access to information, and participation in governance.",Active,CFKnowledge
CFK_SDG16_SEC_011,Secondary education,Civic engagement and freedoms,"Explore how civil society, social movements, political parties, and governments interact.",Active,CFKnowledge
CFK_SDG16_SEC_012,Secondary education,Civic engagement and freedoms,"Examine the role of media, technology, and access to information in supporting justice and democratic participation.",Active,CFKnowledge
CFK_SDG16_TVET_001,TVET,"Governance, justice and anti-corruption","Principles of rule of law, human rights, good governance, and transparency.",Active,CFKnowledge
CFK_SDG16_TVET_002,TVET,"Governance, justice and anti-corruption","International and national anti-corruption frameworks (e.g., UN Convention against Corruption, corporate compliance standards).",Active,CFKnowledge
CFK_SDG16_TVET_003,TVET,"Governance, justice and anti-corruption","Roles of law enforcement, civil society, and institutions in promoting justice and integrity.",Active,CFKnowledge
CFK_SDG16_TVET_004,TVET,"Governance, justice and anti-corruption","Zero-tolerance policies on bribery and corruption in key sectors such as procurement, extractives, and construction.",Active,CFKnowledge
CFK_SDG16_TVET_005,TVET,Security and law enforcement,"National and international frameworks to address transnational crime, terrorism, and cybercrime.",Active,CFKnowledge
CFK_SDG16_TVET_006,TVET,Security and law enforcement,"Security infrastructure and technologies: surveillance, biometrics, radar, and digital monitoring.",Active,CFKnowledge
CFK_SDG16_TVET_007,TVET,Security and law enforcement,"Civilian policing standards, accountability mechanisms, and military conduct under international humanitarian law.",Active,CFKnowledge
CFK_SDG16_TVET_008,TVET,"Conflict, recovery and rehabilitation","Dynamics and root causes of armed conflict, intergroup violence, and political unrest.",Active,CFKnowledge
CFK_SDG16_TVET_009,TVET,"Conflict, recovery and rehabilitation","Disarmament, demobilisation and reintegration (DDR) programmes for ex-combatants, including child soldiers.",Active,CFKnowledge
CFK_SDG16_TVET_010,TVET,"Conflict, recovery and rehabilitation",Vocational rehabilitation and skills pathways for reintegrating affected individuals into productive civilian life.,Active,CFKnowledge
CFK_SDG16_TVET_011,TVET,Responsible resource and supply chain management,"Governance challenges in extractives, land use, and natural resources, including conflict minerals and illegal trade.",Active,CFKnowledge
CFK_SDG16_TVET_012,TVET,Responsible resource and supply chain management,"Ethical sourcing frameworks, due diligence mechanisms, and corporate responsibility in global supply chains.",Active,CFKnowledge
CFK_SDG16_TVET_013,TVET,Responsible resource and supply chain management,"Digital tools for oversight: virtual audits, chain-of-custody tracking, and secure logistics to prevent resource-linked violence.",Active,CFKnowledge
CFK_SDG16_TER_001,Tertiary education,"Human rights, legal systems, and governance","International legal frameworks, including the Universal Declaration of Human Rights, the Convention on the Rights of the Child, and CEDAW.",Active,CFKnowledge
CFK_SDG16_TER_002,Tertiary education,"Human rights, legal systems, and governance","Constitutional law, legal pluralism, environmental law, and governance structures at national and international levels.",Active,CFKnowledge
CFK_SDG16_TER_003,Tertiary education,"Human rights, legal systems, and governance","Principles of climate justice, natural resource governance, and rural livelihoods law.",Active,CFKnowledge
CFK_SDG16_TER_004,Tertiary education,"Human rights, legal systems, and governance","Social protection systems and legal mechanisms addressing gender-based violence, trafficking, and child exploitation.",Active,CFKnowledge
CFK_SDG16_TER_005,Tertiary education,"Human rights, legal systems, and governance","Traditional and indigenous justice systems, including restorative and community-based dispute resolution approaches.",Active,CFKnowledge
CFK_SDG16_TER_006,Tertiary education,"Conflict, justice, and democracy","Theories and practices of conflict transformation, mediation, and transitional justice.",Active,CFKnowledge
CFK_SDG16_TER_007,Tertiary education,"Conflict, justice, and democracy","Models of democracy, public participation, and inclusive governance.",Active,CFKnowledge
CFK_SDG16_TER_008,Tertiary education,"Conflict, justice, and democracy","Institutional roles in safeguarding rights, promoting peace, and resolving disputes.",Active,CFKnowledge
CFK_SDG16_TER_009,Tertiary education,"Conflict, justice, and democracy","Mechanisms for public access to information, civic engagement, and the role of media and civil society.",Active,CFKnowledge
CFK_SDG16_TER_010,Tertiary education,"Migration, mobility, and globalisation","Impacts of globalisation on migration, labour flows, and displaced populations.",Active,CFKnowledge
CFK_SDG16_TER_011,Tertiary education,"Migration, mobility, and globalisation","Links between environmental degradation, land use, and human displacement.",Active,CFKnowledge
CFK_SDG16_TER_012,Tertiary education,"Migration, mobility, and globalisation",Governance approaches for protecting migrants’ rights and promoting social cohesion in multicultural contexts.,Active,CFKnowledge
CFK_SDG16_TER_013,Tertiary education,"Arts, sport, and civic participation","The role of music, sports, and the arts in fostering peace, identity, and dialogue.",Active,CFKnowledge
CFK_SDG16_TER_014,Tertiary education,"Arts, sport, and civic participation","Educational approaches using expressive arts to support tolerance, teamwork, and respect.",Active,CFKnowledge
CFK_SDG16_TER_015,Tertiary education,"Arts, sport, and civic participation","Case studies where arts and cultural activities contributed to conflict resolution, reconciliation, and youth engagement.",Active,CFKnowledge
CFK_SDG16_ADULT_001,Adult education,"Peace, justice and reconciliation","Principles of peacebuilding, non-violence, and reconciliation in conflict and post-conflict contexts.",Active,CFKnowledge
CFK_SDG16_ADULT_002,Adult education,"Peace, justice and reconciliation","Causes and consequences of violence, including intergroup conflict, land disputes, and gender-based violence.",Active,CFKnowledge
CFK_SDG16_ADULT_003,Adult education,"Peace, justice and reconciliation","Community-level peace education approaches integrating local traditions, values, and intercultural dialogue.",Active,CFKnowledge
CFK_SDG16_ADULT_004,Adult education,"Rights, law and citizenship","Foundational knowledge of human rights, legal rights, and political responsibilities.",Active,CFKnowledge
CFK_SDG16_ADULT_005,Adult education,"Rights, law and citizenship",Rights and duties of citizenship within national and local legal frameworks.,Active,CFKnowledge
CFK_SDG16_ADULT_006,Adult education,"Rights, law and citizenship","Legal processes such as drafting wills, resolving land disputes, and accessing basic legal services.",Active,CFKnowledge
CFK_SDG16_ADULT_007,Adult education,Land and water rights,"Land tenure systems, including communal and individual rights, and intersections with gender, age, and ethnicity.",Active,CFKnowledge
CFK_SDG16_ADULT_008,Adult education,Land and water rights,"Issues of land grabbing, displacement, and protection of vulnerable populations.",Active,CFKnowledge
CFK_SDG16_ADULT_009,Adult education,Land and water rights,Water governance and equitable access to natural resources as a component of peace and justice.,Active,CFKnowledge
CFK_SDG16_ADULT_010,Adult education,Traditional and indigenous justice systems,Indigenous and customary forms of dispute resolution.,Active,CFKnowledge
CFK_SDG16_ADULT_011,Adult education,Traditional and indigenous justice systems,"Coexistence of traditional and modern legal systems, including potential tensions between cultural practices and universal human rights.",Active,CFKnowledge
CFK_SDG16_ADULT_012,Adult education,Traditional and indigenous justice systems,Restorative justice models rooted in community values and local traditions.,Active,CFKnowledge
CFK_SDG16_ADULT_013,Adult education,Global awareness and solidarity,"Interconnectedness of local, national, and global challenges to peace and justice.",Active,CFKnowledge
CFK_SDG16_ADULT_014,Adult education,Global awareness and solidarity,"Conflict, displacement, or human rights violations that affect communities.",Active,CFKnowledge
CFK_SDG16_ADULT_015,Adult education,Global awareness and solidarity,"Global initiatives for peacebuilding, human rights, and sustainable development.",Active,CFKnowledge
CFK_SDG17_SEC_001,Secondary education,Global partnerships and interdependence,"Collaboration between governments, international organisations, civil society, and individuals to address challenges like poverty, climate change, and inequality.",Active,CFKnowledge
CFK_SDG17_SEC_002,Secondary education,Global partnerships and interdependence,Understanding how local actions impact global development and how global decisions affect local communities.,Active,CFKnowledge
CFK_SDG17_SEC_003,Secondary education,Types of partnerships,"Public–private partnerships, international treaties, non-governmental collaborations, and grassroots alliances.",Active,CFKnowledge
CFK_SDG17_SEC_004,Secondary education,Types of partnerships,"Formal and informal networks supporting sustainable development, innovation, and community wellbeing.",Active,CFKnowledge
CFK_SDG17_SEC_005,Secondary education,Role of education and innovation,"Contribution of schools and learning institutions to knowledge sharing, capacity building, and long-term growth.",Active,CFKnowledge
CFK_SDG17_SEC_006,Secondary education,Role of education and innovation,"Application of science, technology, and digital platforms in facilitating partnerships and addressing global challenges.",Active,CFKnowledge
CFK_SDG17_SEC_007,Secondary education,"Global trade, finance, and humanitarian aid","International trade, investment, and financial mechanisms supporting development and sustainable economic growth.",Active,CFKnowledge
CFK_SDG17_SEC_008,Secondary education,"Global trade, finance, and humanitarian aid","Humanitarian and development aid, including disaster response, emergency relief, and technical assistance, supporting vulnerable populations.",Active,CFKnowledge
CFK_SDG17_SEC_009,Secondary education,"Global trade, finance, and humanitarian aid","Public finance, taxation, and transparency in managing shared resources for community services.",Active,CFKnowledge
CFK_SDG17_SEC_010,Secondary education,"Monitoring, evaluation, and policy influence",Tools for assessing the effectiveness of partnerships and aid initiatives.,Active,CFKnowledge
CFK_SDG17_SEC_011,Secondary education,"Monitoring, evaluation, and policy influence","Understanding how advocacy, governance, and policy shape successful co-operation.",Active,CFKnowledge
CFK_SDG17_SEC_012,Secondary education,"Ethics, equity, and intercultural competence","Ethical considerations in global partnerships, including fairness, environmental responsibility, and anti-corruption principles.",Active,CFKnowledge
CFK_SDG17_SEC_013,Secondary education,"Ethics, equity, and intercultural competence","Respect for cultural diversity, local knowledge, and inclusive practices in partnerships.",Active,CFKnowledge
CFK_SDG17_SEC_014,Secondary education,Challenges in global co-operation,"Political, economic, and technological barriers to effective collaboration.",Active,CFKnowledge
CFK_SDG17_SEC_015,Secondary education,Challenges in global co-operation,"Unequal access to resources, digital divides, and vulnerabilities in low-income or crisis-affected regions.",Active,CFKnowledge
CFK_SDG17_TVET_001,TVET,Workplace and industry partnerships,"Collaboration between educational institutions, businesses, and government in preparing a skilled and adaptable workforce.",Active,CFKnowledge
CFK_SDG17_TVET_002,TVET,Workplace and industry partnerships,How industry–education linkages create job opportunities and contribute to local and regional economic development.,Active,CFKnowledge
CFK_SDG17_TVET_003,TVET,Skills for sustainable development,"The contribution of technical and vocational skills to entrepreneurship, innovation, and economic empowerment.",Active,CFKnowledge
CFK_SDG17_TVET_004,TVET,Skills for sustainable development,"Alignment of vocational training with sustainable practices in sectors such as renewable energy, agriculture, and manufacturing.",Active,CFKnowledge
CFK_SDG17_TVET_005,TVET,Public–private partnerships (PPPS),"Role of PPPs in creating employment, improving infrastructure, and providing quality training.",Active,CFKnowledge
CFK_SDG17_TVET_006,TVET,Public–private partnerships (PPPS),Collaboration between businesses and governments to address skills gaps and national development priorities.,Active,CFKnowledge
CFK_SDG17_TVET_007,TVET,"Global trade, finance, and co-operation","International partnerships in trade, investment, and technology transfer as drivers of economic growth.",Active,CFKnowledge
CFK_SDG17_TVET_008,TVET,"Global trade, finance, and co-operation",Role of global supply chains and multilateral co-operation in supporting sustainable development.,Active,CFKnowledge
CFK_SDG17_TVET_009,TVET,Sustainable business practices,Ethical business practices and corporate social responsibility in advancing sustainability.,Active,CFKnowledge
CFK_SDG17_TVET_010,TVET,Sustainable business practices,"Business partnerships that prioritise environmental responsibility, equitable growth, and social impact.",Active,CFKnowledge
CFK_SDG17_TVET_011,TVET,Entrepreneurship and innovation,Skills-based entrepreneurship and collaborative projects as drivers of community development.,Active,CFKnowledge
CFK_SDG17_TVET_012,TVET,Entrepreneurship and innovation,Innovation in business and industry to address social and environmental challenges.,Active,CFKnowledge
CFK_SDG17_TVET_013,TVET,"Compliance, regulatory systems, and ethical finance","Tax laws, government regulations, and compliance systems as foundations for ethical operations.",Active,CFKnowledge
CFK_SDG17_TVET_014,TVET,"Compliance, regulatory systems, and ethical finance","Fair trade, anti-corruption, and responsible finance in partnerships.",Active,CFKnowledge
CFK_SDG17_TVET_015,TVET,Challenges in partnerships,"Barriers to collaboration such as skills mismatches, economic disparities, and limited technology access.",Active,CFKnowledge
CFK_SDG17_TVET_016,TVET,Challenges in partnerships,"Limitations and solutions for building inclusive, cross-sector partnerships.",Active,CFKnowledge
CFK_SDG17_TVET_017,TVET,"Monitoring, evaluation, and evidence-based decision-making",Importance of collecting and analysing data to assess the impact of partnerships.,Active,CFKnowledge
CFK_SDG17_TVET_018,TVET,"Monitoring, evaluation, and evidence-based decision-making","Using evidence to guide improvements, inform strategies, and ensure sustainable outcomes.",Active,CFKnowledge
CFK_SDG17_TER_001,Tertiary education,Global governance and multilateral co-operation,"Role of international organisations (for example, UN, World Trade Organization (WTO), IMF, World Bank) in building partnerships for sustainable development.",Active,CFKnowledge
CFK_SDG17_TER_002,Tertiary education,Global governance and multilateral co-operation,Influence of international agreements and institutions on global co-operation and collective responses to global challenges.,Active,CFKnowledge
CFK_SDG17_TER_003,Tertiary education,Academia-industry partnerships,"Collaboration between universities, research institutions, businesses, governments and civil society in driving innovation, technological advancement and policy solutions.",Active,CFKnowledge
CFK_SDG17_TER_004,Tertiary education,Academia-industry partnerships,Importance of interdisciplinary collaboration in solving global challenges.,Active,CFKnowledge
CFK_SDG17_TER_005,Tertiary education,Public–private partnerships (PPPs),"Contributions of PPPs to economic growth, infrastructure development and social progress.",Active,CFKnowledge
CFK_SDG17_TER_006,Tertiary education,Public–private partnerships (PPPs),Joint efforts of public and private sectors in advancing the Sustainable Development Goals.,Active,CFKnowledge
CFK_SDG17_TER_007,Tertiary education,"Trade, finance and development assistance","Role of financial institutions, foreign aid and investment as drivers of sustainable development partnerships.",Active,CFKnowledge
CFK_SDG17_TER_008,Tertiary education,"Trade, finance and development assistance",Mechanisms of international trade and finance in enabling equitable and inclusive global development.,Active,CFKnowledge
CFK_SDG17_TER_009,Tertiary education,Technology and knowledge transfer,"Contribution of digital technology, artificial intelligence and global research collaborations to problem solving and innovation.",Active,CFKnowledge
CFK_SDG17_TER_010,Tertiary education,Technology and knowledge transfer,Significance of knowledge sharing and transfer of appropriate technologies across borders.,Active,CFKnowledge
CFK_SDG17_TER_011,Tertiary education,Challenges and ethical considerations in global partnerships,"Issues of power imbalance, economic dependency and ethical dilemmas in international co-operation.",Active,CFKnowledge
CFK_SDG17_TER_012,Tertiary education,Challenges and ethical considerations in global partnerships,"Implementation challenges, including unequal resource distribution, political differences and limited institutional capacity.",Active,CFKnowledge
CFK_SDG17_TER_013,Tertiary education,Role of higher education in sustainable development,"Contribution of universities to the SDGs through research, policy engagement and capacity-building.",Active,CFKnowledge
CFK_SDG17_TER_014,Tertiary education,Role of higher education in sustainable development,Influence of academia in advancing global citizenship and sustainable solutions.,Active,CFKnowledge
CFK_SDG17_ADULT_001,Adult education,Lifelong learning for sustainable development,Continuous education to adapt to societal changes and improve livelihoods.,Active,CFKnowledge
CFK_SDG17_ADULT_002,Adult education,Lifelong learning for sustainable development,Contributions of lifelong learning to sustainable development and environmental goals.,Active,CFKnowledge
CFK_SDG17_ADULT_003,Adult education,Community and grassroots partnerships,"Local partnerships that strengthen community development, job creation, and social progress.",Active,CFKnowledge
CFK_SDG17_ADULT_004,Adult education,Community and grassroots partnerships,"NGOs and social movements in public monitoring, accountability, local governance, and climate activism.",Active,CFKnowledge
CFK_SDG17_ADULT_005,Adult education,Community and grassroots partnerships,"Impact of partnerships on sustainable development, community wellbeing, and economic empowerment.",Active,CFKnowledge
CFK_SDG17_ADULT_006,Adult education,Financial literacy and entrepreneurship,"Partnerships with financial institutions and businesses to support small enterprises, co-operatives, and sustainable economic growth.",Active,CFKnowledge
CFK_SDG17_ADULT_007,Adult education,Financial literacy and entrepreneurship,Financial literacy as a foundation for community entrepreneurship.,Active,CFKnowledge
CFK_SDG17_ADULT_008,Adult education,Civic engagement and policy influence,"discussions, and grassroots movements for sustainable development.",Active,CFKnowledge
CFK_SDG17_ADULT_009,Adult education,Civic engagement and policy influence,Civic engagement in shaping public policy and community progress.,Active,CFKnowledge
CFK_SDG17_ADULT_010,Adult education,Civic engagement and policy influence,Global significance of local partnerships for sustainability and development.,Active,CFKnowledge
CFK_SDG17_ADULT_011,Adult education,Civic engagement and policy influence,Partnerships in resolving community-level conflicts and promoting social cohesion.,Active,CFKnowledge
CFK_SDG17_ADULT_012,Adult education,Civic engagement and policy influence,Approaches to negotiation and mediation for effective conflict resolution.,Active,CFKnowledge
CFK_SDG17_ADULT_013,Adult education,Humanitarian and development aid,"Role of emergency aid, disaster response, and development assistance in supporting communities.",Active,CFKnowledge
CFK_SDG17_ADULT_014,Adult education,Humanitarian and development aid,"Partnerships for effective implementation, monitoring, and evaluation of humanitarian initiatives.",Active,CFKnowledge
