subtopic_id:ID,name,subtopic_no,description,subtopic_sd_id,review_status,status,version,:LABEL
SUB_COURSE_001_M01_S01,Classes,1,"Classes refers to an object-oriented programming construct that defines the attributes/state and operations/behaviour shared by objects of the class. In Foundations & Linear Data Structures, the focus is on class definitions, objects/instances, attributes, methods, encapsulation, abstraction, constructors, visibility and implementation of abstract data types.",SSD_CLASSES,Semantically_Audited,Active,1.0,Subtopic
SUB_COURSE_001_M01_S02,Stacks,2,"Stacks refers to a linear abstract data type in which insertion and deletion occur at one designated end, following last-in-first-out (LIFO) order. In Foundations & Linear Data Structures, the focus is on push, pop, peek/top, underflow/overflow conditions, array- and linked implementations, and time/space complexity.",SSD_STACKS,Semantically_Audited,Active,1.0,Subtopic
SUB_COURSE_001_M02_S01,Queues,1,"Queues refers to a linear abstract data type in which insertion is performed at one end and deletion at the other, following first-in-first-out (FIFO) order. In Linear Data Structures, the focus is on enqueue, dequeue, front/rear operations, circular queues, array/linked implementations, and underflow/overflow conditions.",SSD_QUEUES,Semantically_Audited,Active,1.0,Subtopic
SUB_COURSE_001_M02_S02,Linked Lists,2,"Linked Lists refers to a linked linear data structure consisting of nodes that contain data and one or more links to other nodes. In Linear Data Structures, the focus is on singly, doubly and circular lists; insertion/deletion; traversal; node references.",SSD_LINKED_LISTS,Semantically_Audited,Active,1.0,Subtopic
SUB_COURSE_001_M03_S01,Binary Search Tree (BST),1,"Binary Search Tree (BST) refers to a binary tree in which keys in the left subtree are ordered relative to the node key and keys in the right subtree are ordered in the opposite direction, according to the chosen ordering rule. In Trees & Graphs, the focus is on search, insertion, deletion, traversal, ordering invariant, height and best/average/worst-case complexity.",SSD_BST,Semantically_Audited,Active,1.0,Subtopic
SUB_COURSE_001_M03_S02,AVL Trees,2,"AVL Trees refers to a self-balancing binary search tree in which the height difference between the left and right subtrees of every node is bounded by one. In Trees & Graphs, the focus is on balance factor, rotations, insertion/deletion rebalancing, search and height guarantees.",SSD_AVL_TREES,Semantically_Audited,Active,1.0,Subtopic
SUB_COURSE_001_M04_S01,Quick/Merge sort,1,"Quick/Merge sort: Comparison-based sorting methods represented here by Quicksort and Mergesort, which organize elements into sorted order using divide-and-conquer strategies. In Sorting & Searching, the focus is on partitioning and recursive subproblems in Quicksort; splitting and merging in Mergesort; stability, in-place behaviour and time/space complexity.",SSD_QUICK_MERGE_SORT,Semantically_Audited,Active,1.0,Subtopic
SUB_COURSE_001_M04_S02,Binary Search,2,"Binary Search refers to a search algorithm that repeatedly compares a target with the middle element of an ordered sequence and eliminates half of the remaining search interval. In Sorting & Searching, the focus is on sorted data requirement, iterative/recursive implementation, interval reduction and complexity.",SSD_BINARY_SEARCH,Semantically_Audited,Active,1.0,Subtopic
SUB_COURSE_001_M05_S01,Collision resolution,1,"Collision resolution: Techniques used in hash tables to handle multiple keys that map to the same table location. In Hashing, the focus is on separate chaining, open addressing, probing strategies, load factor and clustering effects.",SSD_COLLISION_RESOLUTION,Semantically_Audited,Active,1.0,Subtopic
SUB_COURSE_002_M01_S01,Truth tables,1,"Truth tables refers to a tabular method for evaluating the truth value of a propositional or logical expression for every possible assignment of its component propositions. In Propositional Logic, the focus is on logical connectives, compound propositions, equivalence, tautology, contradiction and satisfiability checks.",SSD_TRUTH_TABLES,Semantically_Audited,Active,1.0,Subtopic
SUB_COURSE_002_M02_S01,Induction,1,"Induction refers to a proof method in which a statement is established for an initial case and then shown to hold for the next case assuming it holds for the current case. In Proof Techniques, the focus is on weak/ordinary induction, strong induction, base case, inductive hypothesis and inductive step.",SSD_INDUCTION,Semantically_Audited,Active,1.0,Subtopic
SUB_COURSE_002_M03_S01,Equivalence relations,1,"Equivalence relations refers to a binary relation that is reflexive, symmetric and transitive, thereby partitioning a set into equivalence classes. In Set Theory & Relations, the focus is on relation properties, equivalence classes, partitions and representative elements.",SSD_EQUIVALENCE_RELATIONS,Semantically_Audited,Active,1.0,Subtopic
SUB_COURSE_002_M04_S01,Pigeonhole principle,1,"Pigeonhole principle refers to a counting principle stating that placing more objects than containers into those containers forces at least one container to contain more than one object. In Combinatorics, the focus is on basic and generalized forms, counting arguments and existence proofs.",SSD_PIGEONHOLE_PRINCIPLE,Semantically_Audited,Active,1.0,Subtopic
SUB_COURSE_002_M05_S01,Trees,1,"Trees refers to a connected acyclic graph used to represent hierarchical or recursive relationships. In Graph Theory, the focus is on rooted trees, parent/child relationships, degree, height, depth, traversal and common tree representations.",SSD_TREES,Semantically_Audited,Active,1.0,Subtopic
SUB_COURSE_003_M01_S01,"Entities, relationships & constraints",1,"Entities, relationships & constraints: Core components of conceptual database modelling in which entities represent distinguishable objects, relationships represent associations, and constraints specify valid states. In ER Modeling, the focus is on entity sets, attributes, relationship sets, cardinality/participation constraints, keys and integrity constraints.",SSD_ENTITIES_RELATIONSHIPS_CONSTRAINTS,Semantically_Audited,Active,1.0,Subtopic
SUB_COURSE_003_M02_S01,Relational algebra,1,"Relational algebra refers to a formal procedural query language based on operations over relations, producing relations as results. In Relational Model, the focus is on selection, projection, union, difference, Cartesian product, joins, renaming and derived operations.",SSD_RELATIONAL_ALGEBRA,Semantically_Audited,Active,1.0,Subtopic
SUB_COURSE_003_M03_S01,SQL queries,1,"SQL queries: Declarative statements used to define, retrieve, manipulate and control data in relational database systems. In SQL, the focus is on sELECT queries, filtering, joins, grouping, aggregation, subqueries and data modification statements.",SSD_SQL_QUERIES,Semantically_Audited,Active,1.0,Subtopic
SUB_COURSE_003_M04_S01,Boyce-Codd Normal Form,1,"Boyce-Codd Normal Form refers to a relational normal form in which every determinant of a non-trivial functional dependency is a superkey. In Normalization, the focus is on functional dependencies, candidate keys, determinants, decomposition and lossless/dependency-preserving considerations.",SSD_BOYCE_CODD_NORMAL_FORM,Semantically_Audited,Active,1.0,Subtopic
SUB_COURSE_003_M05_S01,Concurrency control,1,"Concurrency control: Database mechanisms that coordinate concurrent transactions so that their interleaved execution preserves required correctness properties. In Transaction Management, the focus is on serializability, locking, timestamps, isolation, conflicts, deadlock interaction and recovery considerations.",SSD_CONCURRENCY_CONTROL,Semantically_Audited,Active,1.0,Subtopic
SUB_COURSE_004_M01_S01,Deadlocks,1,"Deadlocks refers to a state in which a set of processes or threads are permanently blocked because each waits for a resource or event held or controlled by another member of the set. In Processes, the focus is on necessary conditions, resource-allocation graphs, prevention, avoidance, detection and recovery.",SSD_DEADLOCKS,Semantically_Audited,Active,1.0,Subtopic
SUB_COURSE_004_M02_S01,Thread synchronization,1,"Thread synchronization: Coordination mechanisms that control the ordering and mutual access of concurrent threads to shared state. In Threads & Synchronization, the focus is on critical sections, mutexes/locks, semaphores, monitors, condition variables, race conditions and atomicity.",SSD_THREAD_SYNCHRONIZATION,Semantically_Audited,Active,1.0,Subtopic
SUB_COURSE_004_M03_S01,Scheduling algorithms,1,"Scheduling algorithms: Algorithms used by an operating system to select processes or threads for execution and allocate processor time. In CPU Scheduling, the focus is on fCFS, SJF/SRTF, priority, round-robin and multilevel scheduling; response, waiting and turnaround metrics.",SSD_SCHEDULING_ALGORITHMS,Semantically_Audited,Active,1.0,Subtopic
SUB_COURSE_004_M04_S01,Paging and virtual memory,1,"Paging and virtual memory: Memory-management techniques that divide address spaces into pages and physical memory into frames, allowing virtual addresses to be mapped to physical locations. In Memory Management, the focus is on page tables, address translation, page faults, demand paging, replacement and working-set considerations.",SSD_PAGING_AND_VIRTUAL_MEMORY,Semantically_Audited,Active,1.0,Subtopic
SUB_COURSE_004_M05_S01,File allocation and organization,1,"File allocation and organization: Methods by which an operating system organizes files and allocates storage blocks to represent their contents. In File Systems, the focus is on contiguous, linked and indexed allocation, directories, free-space management and access patterns.",SSD_FILE_ALLOCATION_AND_ORGANIZATION,Semantically_Audited,Active,1.0,Subtopic
SUB_COURSE_005_M01_S01,Arithmetic Logic Unit (ALU),1,"Arithmetic Logic Unit (ALU) refers to the arithmetic logic unit is a processor datapath component that performs arithmetic, logical and related bitwise operations on operands. In Digital Logic, the focus is on arithmetic operations, logical operations, flags/status outputs, operand width and datapath integration.",SSD_ALU,Semantically_Audited,Active,1.0,Subtopic
SUB_COURSE_005_M02_S01,Reduced Instruction Set Computer / Complex Instruction Set Computer (RISC/CISC),1,"RISC/CISC: Two broad instruction-set design approaches distinguished by how instruction complexity, encoding, addressing and implementation responsibilities are organized. In Instruction Set Architecture, the focus is on instruction complexity, instruction formats, addressing modes, register use, code density and implementation trade-offs.",SSD_RISC_CISC,Semantically_Audited,Active,1.0,Subtopic
SUB_COURSE_005_M03_S01,Pipeline hazards,1,"Pipeline hazards: Conditions in a pipelined processor that prevent the next instruction from proceeding through the pipeline as scheduled. In Pipelining, the focus is on structural, data and control hazards; stalls, forwarding, scheduling and branch handling.",SSD_PIPELINE_HAZARDS,Semantically_Audited,Active,1.0,Subtopic
SUB_COURSE_005_M04_S01,Caches and virtual memory,1,"Caches and virtual memory: Memory-hierarchy mechanisms that exploit locality: caches retain frequently used data near processors, while virtual memory maps virtual addresses to physical storage. In Memory Hierarchy, the focus is on cache levels, locality, mapping, replacement, write policies, TLBs and page translation.",SSD_CACHES_AND_VIRTUAL_MEMORY,Semantically_Audited,Active,1.0,Subtopic
SUB_COURSE_005_M05_S01,I/O organization and interfaces,1,"I/O organization and interfaces: Processor and system mechanisms used to communicate with peripheral devices and external interfaces. In I/O Systems, the focus is on programmed I/O, interrupts, DMA, buses, device controllers and interface protocols.",SSD_I_O_ORGANIZATION_AND_INTERFACES,Semantically_Audited,Active,1.0,Subtopic
SUB_COURSE_006_M01_S01,Merge sort,1,"Merge sort refers to a stable comparison-based sorting algorithm that recursively divides a sequence and merges sorted sub-sequences. In Divide & Conquer, the focus is on divide-and-conquer decomposition, merge operation, stability and auxiliary storage.",SSD_MERGE_SORT,Semantically_Audited,Active,1.0,Subtopic
SUB_COURSE_006_M02_S01,Knapsack,1,"Knapsack refers to a family of optimization problems that selects items under a capacity constraint to maximize total value. In Dynamic Programming, the focus is on for 0/1 knapsack, each item is selected at most once; state formulation, recurrence, dynamic programming and capacity/value constraints.",SSD_KNAPSACK,Semantically_Audited,Active,1.0,Subtopic
SUB_COURSE_006_M03_S01,Activity selection,1,"Activity selection refers to a scheduling problem that selects a maximum-size subset of mutually compatible activities given start and finish times. In Greedy Algorithms, the focus is on compatibility, earliest-finish-time greedy rule, selection sequence and proof of optimality.",SSD_ACTIVITY_SELECTION,Semantically_Audited,Active,1.0,Subtopic
SUB_COURSE_006_M04_S01,Network flow,1,"Network flow refers to a graph-based optimization model in which flow is sent through directed edges subject to capacity constraints from a source toward a sink. In Graph Algorithms, the focus is on flow conservation, capacities, residual networks, augmenting paths, max-flow/min-cut and common algorithms.",SSD_NETWORK_FLOW,Semantically_Audited,Active,1.0,Subtopic
SUB_COURSE_006_M05_S01,NP-complete problems,1,"NP-complete problems: Decision problems that are both in NP and NP-hard, meaning every problem in NP can be polynomial-time reduced to them. In NP-Completeness, the focus is on polynomial verification, polynomial-time reductions, NP-hardness and representative problems.",SSD_NP_COMPLETE_PROBLEMS,Semantically_Audited,Active,1.0,Subtopic
SUB_COURSE_007_M01_S01,Process models,1,"Process models: Structured approaches for organizing software development activities, deliverables and control points across a development lifecycle. In Software Development Life Cycle, the focus is on waterfall, iterative/incremental, spiral, agile and hybrid lifecycle approaches; activities, feedback and change management.",SSD_PROCESS_MODELS,Semantically_Audited,Active,1.0,Subtopic
SUB_COURSE_007_M02_S01,Continuous integration and delivery,1,"Continuous integration and delivery: Software engineering practices that automate frequent integration, verification and delivery of software changes through a controlled pipeline. In Agile & Scrum, the focus is on build automation, version control integration, automated tests, artifact management, deployment automation and release controls.",SSD_CONTINUOUS_INTEGRATION_AND_DELIVERY,Semantically_Audited,Active,1.0,Subtopic
SUB_COURSE_007_M03_S01,Use cases and requirements specification,1,"Use cases and requirements specification: Techniques for eliciting, documenting and validating required system behaviour, qualities and constraints from stakeholder needs. In Requirements Engineering, the focus is on functional/non-functional requirements, actors, use cases, scenarios, acceptance criteria, traceability and validation.",SSD_USE_CASES_AND_REQUIREMENTS_SPECIFICATION,Semantically_Audited,Active,1.0,Subtopic
SUB_COURSE_007_M04_S01,Design patterns,1,"Design patterns: Reusable, named design solutions to recurring software design problems within a stated context and set of trade-offs. In System Design, the focus is on creational, structural and behavioural patterns; participants, collaborations, consequences and applicability.",SSD_DESIGN_PATTERNS,Semantically_Audited,Active,1.0,Subtopic
SUB_COURSE_007_M05_S01,Unit and integration testing,1,"Unit and integration testing: Testing practices that verify individual software units and their interactions with collaborating components. In Software Testing, the focus is on test cases, fixtures, mocks/stubs, unit boundaries, integration strategies, interfaces and defect isolation.",SSD_UNIT_AND_INTEGRATION_TESTING,Semantically_Audited,Active,1.0,Subtopic
SUB_COURSE_008_M01_S01,Transmission media and signalling,1,"Transmission media and signalling: Physical means and signalling methods used to carry information across a communication channel. In Physical Layer, the focus is on copper, fibre and wireless media; bandwidth, attenuation, noise, modulation/encoding and transmission characteristics.",SSD_TRANSMISSION_MEDIA_AND_SIGNALLING,Semantically_Audited,Active,1.0,Subtopic
SUB_COURSE_008_M02_S01,Framing and MAC,1,"Framing and MAC: Data-link mechanisms that delimit frames and control access to a shared or point-to-point communication medium. In Data Link Layer, the focus is on frame structure, error detection, MAC addressing, Ethernet, collision handling and medium-access methods.",SSD_FRAMING_AND_MAC,Semantically_Audited,Active,1.0,Subtopic
SUB_COURSE_008_M03_S01,IP addressing and routing,1,"IP addressing and routing: Network-layer mechanisms for identifying interfaces or endpoints and selecting paths for forwarding packets between networks. In Network Layer, the focus is on iPv4/IPv6 addressing, subnetting, forwarding tables, routing principles and route selection.",SSD_IP_ADDRESSING_AND_ROUTING,Semantically_Audited,Active,1.0,Subtopic
SUB_COURSE_008_M04_S01,Transmission Control Protocol / User Datagram Protocol (TCP/UDP),1,"TCP/UDP: Transport-layer protocols represented by TCP, a connection-oriented reliable byte-stream protocol, and UDP, a connectionless datagram transport. In Transport Layer, the focus is on ports, multiplexing, TCP sequencing/acknowledgement/congestion control and UDP datagrams.",SSD_TCP_UDP,Semantically_Audited,Active,1.0,Subtopic
SUB_COURSE_008_M05_S01,Hypertext Transfer Protocol (HTTP),1,"Hypertext Transfer Protocol (HTTP) refers to an application-layer request/response protocol used for transferring web resources and related representations. In Application Layer, the focus is on methods, status codes, headers, message semantics, caching, persistent connections and HTTP over secure transports.",SSD_HTTP,Semantically_Audited,Active,1.0,Subtopic
SUB_COURSE_009_M01_S01,Hooke's Law,1,"Hooke's Law: Within the linear elastic range of a material, stress is proportional to strain for the relevant loading mode. In Simple Stresses, the focus is on normal stress/strain relation, elastic modulus, proportional limit and applicability to linear elasticity.",SSD_HOOKE_S_LAW,Semantically_Audited,Active,1.0,Subtopic
SUB_COURSE_009_M02_S01,Flexure formula,1,"Flexure formula refers to the beam flexure relation that connects bending stress to bending moment, cross-sectional geometry and distance from the neutral axis under stated beam assumptions. In Bending Moment, the focus is on σ = My/I, neutral axis, second moment of area, bending moment and elastic-beam assumptions.",SSD_FLEXURE_FORMULA,Semantically_Audited,Active,1.0,Subtopic
SUB_COURSE_009_M03_S01,Bending stress distribution,1,"Bending stress distribution refers to the spatial variation of normal bending stress across a beam cross-section caused by an applied bending moment. In Bending Stresses, the focus is on linear stress distribution in elastic homogeneous sections, neutral axis, extreme fibres and section modulus.",SSD_BENDING_STRESS_DISTRIBUTION,Semantically_Audited,Active,1.0,Subtopic
SUB_COURSE_009_M04_S01,Circular shafts,1,"Circular shafts: Cylindrical structural members designed to transmit torque and resist associated torsional stresses and deformation. In Torsion, the focus is on solid/hollow shafts, torque, polar moment of inertia, torsional shear stress, angle of twist and power transmission.",SSD_CIRCULAR_SHAFTS,Semantically_Audited,Active,1.0,Subtopic
SUB_COURSE_009_M05_S01,Beam deflection methods,1,"Beam deflection methods: Analytical methods used to determine displacement and slope of beams under transverse loading. In Deflection, the focus is on double integration, singularity functions, moment-area, conjugate beam and related elastic methods.",SSD_BEAM_DEFLECTION_METHODS,Semantically_Audited,Active,1.0,Subtopic
SUB_COURSE_010_M01_S01,Viscosity,1,"Viscosity refers to a measure of a fluid’s resistance to deformation and flow, arising from internal friction and relating shear stress to velocity gradient under Newtonian conditions. In Fluid Properties, the focus is on concept-level scope: the defining mechanism, properties, constraints, and application criteria; curricular context is recorded in Concept_Category and Typical_Modules.",SSD_VISCOSITY,Semantically_Audited,Active,1.0,Subtopic
SUB_COURSE_010_M02_S01,Buoyancy,1,"Buoyancy refers to the net upward force exerted by a fluid on an immersed or floating body due to the pressure distribution in the fluid. In Hydrostatics, the focus is on archimedes' principle, displaced-fluid volume, centre of buoyancy and floating equilibrium.",SSD_BUOYANCY,Semantically_Audited,Active,1.0,Subtopic
SUB_COURSE_010_M03_S01,Continuity,1,"Continuity refers to the mass-conservation relation requiring that mass entering, leaving and accumulating within a fluid system satisfy conservation of mass. In Kinematics, the focus is on control-volume continuity, steady/unsteady flow, incompressible simplification and area-velocity relationships.",SSD_CONTINUITY,Semantically_Audited,Active,1.0,Subtopic
SUB_COURSE_010_M04_S01,Reynolds number,1,"Reynolds number refers to a dimensionless ratio comparing inertial effects with viscous effects in fluid flow. In Dynamics, the focus is on re = ρVL/μ, characteristic length/velocity choices, similarity and flow-regime interpretation.",SSD_REYNOLDS_NUMBER,Semantically_Audited,Active,1.0,Subtopic
SUB_COURSE_010_M05_S01,Head loss and pipe-flow analysis,1,"Head loss and pipe-flow analysis: Analysis of pressure or energy losses associated with fluid flow through pipes and fittings. In Pipe Flow, the focus is on darcy-Weisbach equation, friction factor, minor losses, hydraulic grade/energy lines and flow regimes.",SSD_HEAD_LOSS_AND_PIPE_FLOW_ANALYSIS,Semantically_Audited,Active,1.0,Subtopic
SUB_COURSE_011_M01_S01,Truss and beam analysis,1,"Truss and beam analysis: Structural analysis procedures for determining internal forces and reactions in idealized trusses and beams under applied loads. In Determinate Structures, the focus is on equilibrium, free-body diagrams, axial truss forces, shear and bending moment in beams.",SSD_TRUSS_AND_BEAM_ANALYSIS,Semantically_Audited,Active,1.0,Subtopic
SUB_COURSE_011_M02_S01,Moment-area theorem,1,"Moment-area theorem: Beam-deflection relations that connect changes in slope and deflection to areas and first moments of the M/EI diagram. In Deflections, the focus is on theorem 1 for slope change, theorem 2 for tangential deviation, boundary conditions and sign conventions.",SSD_MOMENT_AREA_THEOREM,Semantically_Audited,Active,1.0,Subtopic
SUB_COURSE_011_M03_S01,Virtual work,1,"Virtual work refers to an analytical method that uses work equivalence under a compatible virtual displacement to determine structural responses. In Energy Methods, the focus is on virtual displacements, external/internal virtual work, unit-load method and displacement calculation.",SSD_VIRTUAL_WORK,Semantically_Audited,Active,1.0,Subtopic
SUB_COURSE_011_M04_S01,Influence-line construction,1,"Influence-line construction refers to a graphical or analytical representation showing how a response quantity at a specified location varies as a moving load changes position. In Influence Lines, the focus is on influence lines for reactions, shear, moment and other responses in determinate structures.",SSD_INFLUENCE_LINE_CONSTRUCTION,Semantically_Audited,Active,1.0,Subtopic
SUB_COURSE_011_M05_S01,Slope-deflection,1,"Slope-deflection refers to a displacement-based structural analysis method relating member end moments to end rotations, translations and fixed-end actions. In Indeterminate Structures, the focus is on member stiffness, end rotations, joint translations, fixed-end moments and compatibility equations.",SSD_SLOPE_DEFLECTION,Semantically_Audited,Active,1.0,Subtopic
SUB_COURSE_012_M01_S01,Atterberg limits,1,"Atterberg limits: Empirical moisture-content limits used to characterize the consistency and plasticity range of fine-grained soils. In Soil Classification, the focus is on liquid limit, plastic limit, shrinkage limit, plasticity index and consistency states.",SSD_ATTERBERG_LIMITS,Semantically_Audited,Active,1.0,Subtopic
SUB_COURSE_012_M02_S01,Darcy's law,1,"Darcy's law refers to a constitutive relation stating that, under laminar saturated porous-media flow conditions, discharge is proportional to hydraulic gradient and hydraulic conductivity. In Permeability, the focus is on hydraulic head, gradient, hydraulic conductivity, discharge/flux and applicability limits.",SSD_DARCY_S_LAW,Semantically_Audited,Active,1.0,Subtopic
SUB_COURSE_012_M03_S01,Consolidation settlement,1,"Consolidation settlement: Time-dependent settlement of a saturated or nearly saturated soil caused by dissipation of excess pore-water pressure and associated volume change under sustained loading. In Consolidation, the focus is on concept-level scope: the defining mechanism, properties, constraints, and application criteria; curricular context is recorded in Concept_Category and Typical_Modules.",SSD_CONSOLIDATION_SETTLEMENT,Semantically_Audited,Active,1.0,Subtopic
SUB_COURSE_012_M04_S01,Mohr-Coulomb failure criterion,1,"Mohr-Coulomb failure criterion refers to a frictional failure criterion relating shear strength of soil or rock to effective normal stress, cohesion and friction angle. In Shear Strength, the focus is on τf = c' + σ'n tanφ' for effective-stress form, failure envelope and drained/undrained interpretation.",SSD_MOHR_COULOMB_FAILURE_CRITERION,Semantically_Audited,Active,1.0,Subtopic
SUB_COURSE_012_M05_S01,Lateral earth pressure,1,"Lateral earth pressure refers to the pressure exerted by soil against a retaining or embedded structure due to soil self-weight, surcharge, groundwater and other actions. In Earth Pressure, the focus is on active, passive and at-rest states, earth-pressure coefficients, wall friction and groundwater effects.",SSD_LATERAL_EARTH_PRESSURE,Semantically_Audited,Active,1.0,Subtopic
SUB_COURSE_013_M01_S01,Demand forecasting,1,"Demand forecasting: Estimation of future demand for a resource or service from historical observations, explanatory variables, assumptions, and uncertainty, used to support planning and design. In Water Demand, the focus is on concept-level scope: the defining mechanism, properties, constraints, and application criteria; curricular context is recorded in Concept_Category and Typical_Modules.",SSD_DEMAND_FORECASTING,Semantically_Audited,Active,1.0,Subtopic
SUB_COURSE_013_M02_S01,Filtration,1,"Filtration refers to a water or wastewater treatment process that removes suspended or particulate matter by passing fluid through a porous filter medium. In Water Treatment, the focus is on media filtration, straining, adsorption contributions, head loss, backwashing and filtration performance.",SSD_FILTRATION,Semantically_Audited,Active,1.0,Subtopic
SUB_COURSE_013_M03_S01,Sewer design,1,"Sewer design: Engineering design of sewer systems to collect and convey wastewater safely and reliably to treatment or disposal facilities. In Wastewater Collection, the focus is on flow estimation, pipe sizing, hydraulic grade, self-cleansing considerations, minimum/maximum velocities and system layout.",SSD_SEWER_DESIGN,Semantically_Audited,Active,1.0,Subtopic
SUB_COURSE_013_M04_S01,Activated sludge process,1,"Activated sludge process refers to a suspended-growth biological wastewater-treatment process in which microorganisms oxidize biodegradable pollutants in an aerated reactor followed by solids separation. In Sewage Treatment, the focus is on aeration, biomass concentration, substrate removal, secondary clarification, sludge age and return/waste activated sludge.",SSD_ACTIVATED_SLUDGE_PROCESS,Semantically_Audited,Active,1.0,Subtopic
SUB_COURSE_013_M05_S01,Solid-waste management,1,"Solid-waste management refers to the systematic handling of solid wastes through generation reduction, segregation, collection, transport, processing, recovery and final disposal. In Solid Waste, the focus is on waste characterization, collection, recycling/material recovery, biological treatment, thermal treatment and engineered disposal.",SSD_SOLID_WASTE_MANAGEMENT,Semantically_Audited,Active,1.0,Subtopic
SUB_COURSE_014_M01_S01,Sight distance,1,"Sight distance refers to the roadway length over which a driver can see an object or roadway feature sufficiently far ahead to perform a required manoeuvre safely. In Highway Planning, the focus is on stopping, passing and decision sight distance; driver perception-reaction, speed, grade and geometric constraints.",SSD_SIGHT_DISTANCE,Semantically_Audited,Active,1.0,Subtopic
SUB_COURSE_014_M02_S01,Super elevation,1,"Super elevation refers to the transverse slope provided on a roadway curve to assist in counteracting lateral acceleration associated with vehicle motion. In Geometric Design, the focus is on superelevation rate, side friction, design speed, radius, runoff and transition.",SSD_SUPER_ELEVATION,Semantically_Audited,Active,1.0,Subtopic
SUB_COURSE_014_M03_S01,Traffic flow and control,1,"Traffic flow and control: Analysis and management of the movement of vehicles and people on transportation networks using flow relationships and control strategies. In Traffic Engineering, the focus is on flow, speed, density, fundamental diagrams, intersections, signals, capacity and control measures.",SSD_TRAFFIC_FLOW_AND_CONTROL,Semantically_Audited,Active,1.0,Subtopic
SUB_COURSE_014_M04_S01,Bitumen testing,1,"Bitumen testing: Laboratory characterization of bituminous binders through standardized tests of consistency, viscosity, temperature susceptibility and related properties. In Pavement Materials, the focus is on penetration, ductility, softening point, viscosity, flash/fire point and temperature susceptibility, as applicable to the specification.",SSD_BITUMEN_TESTING,Semantically_Audited,Active,1.0,Subtopic
SUB_COURSE_014_M05_S01,Flexible pavement design,1,"Flexible pavement design: Design of layered pavement systems in which wheel loads are distributed through bituminous and granular layers over the subgrade. In Pavement Design, the focus is on traffic loading, material properties, layer thicknesses, subgrade strength, drainage, fatigue and rutting considerations.",SSD_FLEXIBLE_PAVEMENT_DESIGN,Semantically_Audited,Active,1.0,Subtopic
SUB_COURSE_015_M01_S01,Gantt charts,1,"Gantt charts refers to a time-scaled project scheduling representation showing activities, durations and their planned timing. In Project Lifecycle, the focus is on activities, durations, start/finish dates, overlaps, milestones and progress tracking.",SSD_GANTT_CHARTS,Semantically_Audited,Active,1.0,Subtopic
SUB_COURSE_015_M02_S01,Crashing,1,"Crashing refers to a schedule-compression technique that reduces activity durations by applying additional resources or cost, subject to technical feasibility. In Network Techniques (CPM/PERT), the focus is on normal/crash durations and costs, cost slopes, critical paths and incremental time-cost trade-offs.",SSD_CRASHING,Semantically_Audited,Active,1.0,Subtopic
SUB_COURSE_015_M03_S01,Resource levelling,1,"Resource levelling refers to a scheduling process that adjusts activity timing to resolve resource over-allocation while respecting stated project constraints. In Resource Allocation, the focus is on resource availability, activity priorities, float, sequencing and schedule impacts.",SSD_RESOURCE_LEVELLING,Semantically_Audited,Active,1.0,Subtopic
SUB_COURSE_015_M04_S01,Depreciation and cost control,1,"Depreciation and cost control: Methods for allocating the depreciable cost of assets over their useful lives and monitoring project costs against budgets. In Cost Control, the focus is on straight-line and declining-balance methods, book value, useful life, residual value, cost variance and budget control.",SSD_DEPRECIATION_AND_COST_CONTROL,Semantically_Audited,Active,1.0,Subtopic
SUB_COURSE_015_M05_S01,Equipment selection and productivity,1,"Equipment selection and productivity: Selection and operational assessment of construction equipment based on required work, capacity, cycle time, site conditions and economic constraints. In Construction Equipment, the focus is on equipment capacity, cycle time, utilization, production rate, operating cost and site compatibility.",SSD_EQUIPMENT_SELECTION_AND_PRODUCTIVITY,Semantically_Audited,Active,1.0,Subtopic
SUB_COURSE_016_M01_S01,Errors,1,"Errors: Deviations of measured or computed quantities from an accepted reference or true/accepted value, including systematic and random components. In Basics of Surveying, the focus is on accuracy, precision, systematic/random error, propagation, uncertainty and error detection.",SSD_ERRORS,Semantically_Audited,Active,1.0,Subtopic
SUB_COURSE_016_M02_S01,Benchmarks,1,"Benchmarks: Reference points with known or established elevations used to control vertical surveying and transfer elevation information. In Leveling & Contouring, the focus is on permanent/temporary benchmarks, datum, reduced levels, levelling networks and monumentation.",SSD_BENCHMARKS,Semantically_Audited,Active,1.0,Subtopic
SUB_COURSE_016_M03_S01,Angular measurement,1,"Angular measurement: Determination of horizontal or vertical angles between survey lines or directions using appropriate angular-measurement instruments. In Theodolite Surveying, the focus is on theodolites/total stations, centering, face observations, repetition, direction measurement and error control.",SSD_ANGULAR_MEASUREMENT,Semantically_Audited,Active,1.0,Subtopic
SUB_COURSE_016_M04_S01,Horizontal and vertical curves,1,"Horizontal and vertical curves: Geometric transition elements used to connect roadway alignments while controlling changes in direction and grade. In Curves, the focus is on simple/compound horizontal curves, circular elements, transition curves, vertical parabolic curves and sight-distance considerations.",SSD_HORIZONTAL_AND_VERTICAL_CURVES,Semantically_Audited,Active,1.0,Subtopic
SUB_COURSE_016_M05_S01,GNSS/GPS and GIS applications,1,"GNSS/GPS and GIS applications: Use of satellite-based positioning and geographic information systems to acquire, reference, manage, analyze and visualize spatial data. In Modern Surveying (GPS/GIS), the focus is on gNSS positioning, coordinate reference systems, accuracy/error sources, GIS layers, spatial queries and mapping.",SSD_GNSS_GPS_AND_GIS_APPLICATIONS,Semantically_Audited,Active,1.0,Subtopic
SUB_COURSE_017_M01_S01,Control volumes,1,"Control volumes refers to a defined region in space used for applying conservation equations to mass, momentum, and energy crossing its boundary. In Basic Concepts, the focus is on concept-level scope: the defining mechanism, properties, constraints, and application criteria; curricular context is recorded in Concept_Category and Typical_Modules.",SSD_CONTROL_VOLUMES,Semantically_Audited,Active,1.0,Subtopic
SUB_COURSE_017_M02_S01,Energy equation,1,"Energy equation refers to a statement of energy conservation applied to a thermodynamic system or control volume. In First Law, the focus is on internal, kinetic and potential energy, heat transfer, work, mass-flow energy and steady-flow simplifications.",SSD_ENERGY_EQUATION,Semantically_Audited,Active,1.0,Subtopic
SUB_COURSE_017_M03_S01,Second-law analysis,1,"Second-law analysis: Thermodynamic analysis based on the second law, including entropy balance and restrictions on energy-conversion processes. In Second Law, the focus is on entropy balance, irreversibility, entropy generation, reversible/irreversible processes and efficiency limits.",SSD_SECOND_LAW_ANALYSIS,Semantically_Audited,Active,1.0,Subtopic
SUB_COURSE_017_M04_S01,Entropy generation,1,"Entropy generation refers to the production of entropy associated with irreversible processes within a system or control volume. In Entropy, the focus is on entropy balance, heat transfer across finite temperature differences, friction, mixing and other irreversibilities.",SSD_ENTROPY_GENERATION,Semantically_Audited,Active,1.0,Subtopic
SUB_COURSE_017_M05_S01,Carnot cycle,1,"Carnot cycle refers to an ideal reversible heat-engine cycle consisting of two isothermal and two reversible adiabatic (isentropic) processes between two thermal reservoirs. In Gas Power Cycles, the focus is on isothermal expansion/compression, isentropic expansion/compression and maximum reversible efficiency.",SSD_CARNOT_CYCLE,Semantically_Audited,Active,1.0,Subtopic
SUB_COURSE_018_M01_S01,Velocity and acceleration fields,1,"Velocity and acceleration fields: Spatial and temporal fields describing fluid-particle velocity and acceleration throughout a flow domain. In Fluid Kinematics, the focus is on eulerian velocity field, material acceleration, local and convective acceleration, streamlines.",SSD_VELOCITY_AND_ACCELERATION_FIELDS,Semantically_Audited,Active,1.0,Subtopic
SUB_COURSE_018_M02_S01,Navier-Stokes equation,1,"Navier-Stokes equation refers to the momentum-conservation equation for a continuum fluid, with terms determined by density, pressure, body forces and constitutive behaviour. In Conservation Laws, the focus is on continuity coupling, pressure, viscous stresses, body forces, incompressible simplifications and boundary conditions.",SSD_NAVIER_STOKES_EQUATION,Semantically_Audited,Active,1.0,Subtopic
SUB_COURSE_018_M03_S01,Boundary layers,1,"Boundary layers: Thin regions adjacent to solid surfaces in which viscous effects produce strong velocity gradients and influence momentum, heat, or mass transfer. In Viscous Flow, the focus is on concept-level scope: the defining mechanism, properties, constraints, and application criteria; curricular context is recorded in Concept_Category and Typical_Modules.",SSD_BOUNDARY_LAYERS,Semantically_Audited,Active,1.0,Subtopic
SUB_COURSE_018_M04_S01,Pelton and Francis turbines,1,"Pelton and Francis turbines: Hydraulic turbine types represented by Pelton impulse turbines and Francis reaction turbines for converting water energy into shaft power. In Hydraulic Turbines, the focus is on pelton jet/bucket interaction; Francis runner, pressure change, head, flow rate, efficiency and operating range.",SSD_PELTON_AND_FRANCIS_TURBINES,Semantically_Audited,Active,1.0,Subtopic
SUB_COURSE_018_M05_S01,Centrifugal pumps,1,"Centrifugal pumps: Rotodynamic pumps that impart energy to a fluid primarily through the action of a rotating impeller, converting mechanical energy into fluid pressure and head. In Pumps, the focus is on concept-level scope: the defining mechanism, properties, constraints, and application criteria; curricular context is recorded in Concept_Category and Typical_Modules.",SSD_CENTRIFUGAL_PUMPS,Semantically_Audited,Active,1.0,Subtopic
SUB_COURSE_019_M01_S01,Grashof's law,1,"Grashof's law refers to a kinematic criterion for planar four-bar linkages relating link lengths to the possibility of continuous rotation of at least one link. In Mechanisms, the focus is on shortest/longest/other link lengths, S+L ≤ P+Q criterion and limiting cases.",SSD_GRASHOF_S_LAW,Semantically_Audited,Active,1.0,Subtopic
SUB_COURSE_019_M02_S01,Instantaneous centers,1,"Instantaneous centers: Points or centers in planar rigid-body motion about which the relative velocity between two bodies is instantaneously equivalent to rotation. In Velocity/Acceleration Analysis, the focus is on relative motion, Kennedy's theorem, velocity relationships and construction methods.",SSD_INSTANTANEOUS_CENTERS,Semantically_Audited,Active,1.0,Subtopic
SUB_COURSE_019_M03_S01,Cam displacement diagrams,1,"Cam displacement diagrams: Graphs relating follower displacement, velocity, acceleration or related motion variables to cam angle or time. In Cams, the focus is on follower motion laws, rise/dwell/return, simple harmonic/cycloidal/polynomial motion and motion continuity.",SSD_CAM_DISPLACEMENT_DIAGRAMS,Semantically_Audited,Active,1.0,Subtopic
SUB_COURSE_019_M04_S01,Epicyclic gear trains,1,"Epicyclic gear trains: Gear arrangements in which one or more gears rotate about axes that themselves move relative to a fixed frame. In Gears, the focus is on sun, planet, ring and carrier elements; relative motion; speed ratios and torque relationships.",SSD_EPICYCLIC_GEAR_TRAINS,Semantically_Audited,Active,1.0,Subtopic
SUB_COURSE_019_M05_S01,Friction in machine mechanisms,1,"Friction in machine mechanisms: Resistance to relative motion between contacting machine components, affecting forces, power loss, wear and motion. In Friction, the focus is on dry/sliding friction, rolling resistance, friction laws, lubrication effects and efficiency implications.",SSD_FRICTION_IN_MACHINE_MECHANISMS,Semantically_Audited,Active,1.0,Subtopic
SUB_COURSE_020_M01_S01,Fins,1,"Fins: Extended surfaces used to increase heat-transfer area and enhance heat transfer between a solid and an adjoining fluid. In Conduction, the focus is on fin geometry, conduction within the fin, convection boundary condition, efficiency/effectiveness and temperature distribution.",SSD_FINS,Semantically_Audited,Active,1.0,Subtopic
SUB_COURSE_020_M02_S01,Free/forced convection,1,"Free/forced convection: Heat transfer between a surface and moving fluid driven respectively by buoyancy or by externally imposed fluid motion. In Convection, the focus is on natural/free convection, forced convection, boundary layers, dimensionless correlations and heat-transfer coefficients.",SSD_FREE_FORCED_CONVECTION,Semantically_Audited,Active,1.0,Subtopic
SUB_COURSE_020_M03_S01,Blackbody radiation,1,"Blackbody radiation: Thermal radiation idealization for a surface that absorbs all incident radiation and emits the maximum possible radiation at a given temperature. In Radiation, the focus is on blackbody emissive power, Stefan-Boltzmann law, spectral distribution and radiative exchange assumptions.",SSD_BLACKBODY_RADIATION,Semantically_Audited,Active,1.0,Subtopic
SUB_COURSE_020_M04_S01,Log Mean Temperature Difference (LMTD),1,"LMTD: Log-mean temperature difference, a mean temperature-driving-force measure used in heat-exchanger analysis when the temperature difference varies along the exchanger. In Heat Exchangers, the focus is on concept-level scope: the defining mechanism, properties, constraints, and application criteria; curricular context is recorded in Concept_Category and Typical_Modules.",SSD_LMTD,Semantically_Audited,Active,1.0,Subtopic
SUB_COURSE_020_M05_S01,Mass diffusion and transfer coefficients,1,"Mass diffusion and transfer coefficients: Transport of chemical species caused by concentration gradients and the coefficients used to relate mass-transfer flux to a driving concentration difference. In Mass Transfer, the focus is on fickian diffusion, concentration gradients, molecular diffusivity, convective mass transfer and dimensionless correlations.",SSD_MASS_DIFFUSION_AND_TRANSFER_COEFFICIENTS,Semantically_Audited,Active,1.0,Subtopic
SUB_COURSE_021_M01_S01,Flywheels,1,"Flywheels: Rotating mechanical energy-storage elements that reduce cyclic speed fluctuations by storing and releasing kinetic energy. In Dynamic Force Analysis, the focus is on energy fluctuation, moment of inertia, coefficient of speed fluctuation and angular velocity.",SSD_FLYWHEELS,Semantically_Audited,Active,1.0,Subtopic
SUB_COURSE_021_M02_S01,Static and dynamic balancing,1,"Static and dynamic balancing: Procedures for reducing unbalanced forces and moments in rotating or reciprocating machinery. In Balancing, the focus is on mass distribution, centrifugal forces, static balance, couple balance, correction planes and balancing procedures.",SSD_STATIC_AND_DYNAMIC_BALANCING,Semantically_Audited,Active,1.0,Subtopic
SUB_COURSE_021_M03_S01,Natural frequency,1,"Natural frequency refers to a characteristic frequency at which a system can oscillate freely after a disturbance in the absence of sustained external excitation and damping effects. In Free Vibration, the focus is on single/multi-degree systems, stiffness, mass, damping influence and mode shapes.",SSD_NATURAL_FREQUENCY,Semantically_Audited,Active,1.0,Subtopic
SUB_COURSE_021_M04_S01,Resonance,1,"Resonance refers to a condition in which forced vibration response becomes large when excitation frequency approaches an appropriate natural frequency of the system. In Forced Vibration, the focus is on frequency response, damping, natural frequency, amplitude and phase behaviour.",SSD_RESONANCE,Semantically_Audited,Active,1.0,Subtopic
SUB_COURSE_021_M05_S01,Governor and gyroscope principles,1,"Governor and gyroscope principles: Rotational-mechanics principles represented by governors for speed regulation and gyroscopes for angular-momentum-based orientation and reaction effects. In Governors & Gyroscopes, the focus is on governor equilibrium/speed regulation; gyroscopic moment, precession and angular momentum.",SSD_GOVERNOR_AND_GYROSCOPE_PRINCIPLES,Semantically_Audited,Active,1.0,Subtopic
SUB_COURSE_022_M01_S01,Sand casting,1,"Sand casting refers to a metal casting process in which molten metal is poured into a mould cavity formed in compacted sand. In Casting, the focus is on pattern, moulding sand, gating/riser system, solidification, defects and post-casting finishing.",SSD_SAND_CASTING,Semantically_Audited,Active,1.0,Subtopic
SUB_COURSE_022_M02_S01,Forging,1,"Forging refers to a manufacturing process that plastically deforms metal using compressive forces to produce a desired shape and properties. In Metal Forming, the focus is on open/closed-die forging, temperature, deformation, grain flow, tooling and defects.",SSD_FORGING,Semantically_Audited,Active,1.0,Subtopic
SUB_COURSE_022_M03_S01,Arc welding,1,"Arc welding refers to a fusion welding process in which an electric arc supplies heat to melt and join materials, with or without filler metal. In Joining Processes, the focus is on arc generation, electrodes, shielding, heat input, joint preparation, weld defects and safety.",SSD_ARC_WELDING,Semantically_Audited,Active,1.0,Subtopic
SUB_COURSE_022_M04_S01,Lathe operations,1,"Lathe operations: Material-removal operations performed on a lathe in which a workpiece rotates while a cutting tool removes material. In Machining, the focus is on turning, facing, tapering, threading, boring, cutting speed, feed, depth of cut and tool geometry.",SSD_LATHE_OPERATIONS,Semantically_Audited,Active,1.0,Subtopic
SUB_COURSE_022_M05_S01,Electrical discharge machining,1,"Electrical discharge machining refers to a non-contact machining process that removes electrically conductive workpiece material through controlled electrical discharges in a dielectric medium. In Non-traditional Machining, the focus is on electrode/workpiece gap, spark energy, dielectric, material removal rate, surface finish and tool wear.",SSD_ELECTRICAL_DISCHARGE_MACHINING,Semantically_Audited,Active,1.0,Subtopic
SUB_COURSE_023_M01_S01,Von Mises,1,"Von Mises refers to the von Mises yield criterion predicts yielding of ductile isotropic materials from the distortion-energy component of the stress state. In Failure Theories, the focus is on equivalent von Mises stress, multiaxial stress states, yield strength comparison and ductile-metal applicability.",SSD_VON_MISES,Semantically_Audited,Active,1.0,Subtopic
SUB_COURSE_023_M02_S01,Goodman diagram,1,"Goodman diagram refers to a fatigue-design diagram relating alternating stress and mean stress to an endurance-strength criterion, commonly using a linear Goodman relation. In Fatigue Design, the focus is on mean stress, alternating stress, endurance strength, ultimate strength and safety factors.",SSD_GOODMAN_DIAGRAM,Semantically_Audited,Active,1.0,Subtopic
SUB_COURSE_023_M03_S01,Shaft and key design,1,"Shaft and key design: Design of rotating shafts and keys to transmit torque while satisfying strength, stiffness, fatigue and connection requirements. In Shafts & Keys, the focus is on torsional/bending stresses, diameter, key dimensions, stress concentrations, deflection and torque transmission.",SSD_SHAFT_AND_KEY_DESIGN,Semantically_Audited,Active,1.0,Subtopic
SUB_COURSE_023_M04_S01,Journal bearings,1,"Journal bearings: Bearings that support a rotating shaft through sliding contact, commonly separated by a lubricating film under hydrodynamic or related regimes. In Springs & Bearings, the focus is on bearing pressure, viscosity, clearance, Sommerfeld-type parameters, lubrication regime, friction and heat generation.",SSD_JOURNAL_BEARINGS,Semantically_Audited,Active,1.0,Subtopic
SUB_COURSE_023_M05_S01,Gear design fundamentals,1,"Gear design fundamentals: Principles used to select and proportion gears for transmitting motion and torque while satisfying strength, wear, accuracy and service-life requirements. In Gears, the focus is on gear geometry, module/diametral pitch, tooth forces, bending/contact stress, ratios and failure modes.",SSD_GEAR_DESIGN_FUNDAMENTALS,Semantically_Audited,Active,1.0,Subtopic
SUB_COURSE_024_M01_S01,Laplace transforms,1,"Laplace transforms refers to an integral transform that maps suitable time-domain functions to an algebraic function of a complex variable and is widely used to analyze linear dynamic systems. In System Modeling, the focus is on transform definition, properties, inverse transform, poles/zeros and differential-equation solution.",SSD_LAPLACE_TRANSFORMS,Semantically_Audited,Active,1.0,Subtopic
SUB_COURSE_024_M02_S01,Time-domain response,1,"Time-domain response refers to the temporal output behaviour of a dynamic system following an input, disturbance or initial condition. In Time Domain Analysis, the focus is on transient and steady-state response, rise time, settling time, overshoot, damping and natural frequency.",SSD_TIME_DOMAIN_RESPONSE,Semantically_Audited,Active,1.0,Subtopic
SUB_COURSE_024_M03_S01,Routh-Hurwitz and Nyquist criteria,1,"Routh-Hurwitz and Nyquist criteria: Frequency- or polynomial-domain stability-analysis methods used to determine whether a feedback system has unstable poles or encirclements associated with closed-loop instability. In Stability, the focus is on routh array, characteristic polynomial, Nyquist plot, encirclement criterion and open-loop/closed-loop relationships.",SSD_ROUTH_HURWITZ_AND_NYQUIST_CRITERIA,Semantically_Audited,Active,1.0,Subtopic
SUB_COURSE_024_M04_S01,Bode plot,1,"Bode plot refers to a logarithmic magnitude-and-phase representation of a system's frequency response as a function of frequency. In Frequency Domain Analysis, the focus is on magnitude in decibels, phase, corner frequencies, asymptotic construction and gain/phase margins.",SSD_BODE_PLOT,Semantically_Audited,Active,1.0,Subtopic
SUB_COURSE_024_M05_S01,PID control,1,"PID control: Feedback control using proportional, integral, and derivative actions to regulate a process variable based on the control error. In Controller Design, the focus is on concept-level scope: the defining mechanism, properties, constraints, and application criteria; curricular context is recorded in Concept_Category and Typical_Modules.",SSD_PID_CONTROL,Semantically_Audited,Active,1.0,Subtopic
SUB_COURSE_025_M1_S1,agents and environments,1,"agents and environments: agents and environments in Artificial Intelligence concerns the interaction between an intelligent agent and the environment through percepts, actions, state transitions, and performance measures. In Intelligent Agents, the focus is on the analysis, design, implementation, interpretation, or evaluation of agents and environments within Artificial Intelligence, particularly where the Intelligent Agents module establishes its technical context.",SSD_COURSE_025_M1_S1,Semantically_Audited,Active,4.0,Subtopic
SUB_COURSE_025_M1_S2,rational action,2,"rational action: rational action in Artificial Intelligence concerns the selection of actions that maximize expected performance given the agent's percept history, knowledge, and available actions. In Intelligent Agents, the focus is on the analysis, design, implementation, interpretation, or evaluation of rational action within Artificial Intelligence, particularly where the Intelligent Agents module establishes its technical context.",SSD_COURSE_025_M1_S2,Semantically_Audited,Active,4.0,Subtopic
SUB_COURSE_025_M1_S3,agent architectures,3,"agent architectures: agent architectures in Artificial Intelligence concerns the computational organization of sensing, internal state, reasoning, learning, and action used to implement an intelligent agent. In Intelligent Agents, the focus is on the analysis, design, implementation, interpretation, or evaluation of agent architectures within Artificial Intelligence, particularly where the Intelligent Agents module establishes its technical context.",SSD_COURSE_025_M1_S3,Semantically_Audited,Active,4.0,Subtopic
SUB_COURSE_025_M1_S4,utility and performance measures,4,"utility and performance measures: utility and performance measures in Artificial Intelligence concerns formal measures used to represent preferences or assess how effectively an agent achieves its specified objectives. In Intelligent Agents, the focus is on the analysis, design, implementation, interpretation, or evaluation of utility and performance measures within Artificial Intelligence, particularly where the Intelligent Agents module establishes its technical context.",SSD_COURSE_025_M1_S4,Semantically_Audited,Active,4.0,Subtopic
SUB_COURSE_025_M2_S1,state-space formulation,1,"state-space formulation: state-space formulation in Artificial Intelligence concerns the representation of a problem as states, actions or operators, an initial state, goal conditions, and transition relationships. In Problem Solving and Search, the focus is on the analysis, design, implementation, interpretation, or evaluation of state-space formulation within Artificial Intelligence, particularly where the Problem Solving and Search module establishes its technical context.",SSD_COURSE_025_M2_S1,Semantically_Audited,Active,4.0,Subtopic
SUB_COURSE_025_M2_S2,uninformed search,2,"uninformed search: uninformed search in Artificial Intelligence concerns search strategies that use problem structure such as depth, cost, or breadth without heuristic estimates of distance to a goal. In Problem Solving and Search, the focus is on the analysis, design, implementation, interpretation, or evaluation of uninformed search within Artificial Intelligence, particularly where the Problem Solving and Search module establishes its technical context.",SSD_COURSE_025_M2_S2,Semantically_Audited,Active,4.0,Subtopic
SUB_COURSE_025_M2_S3,heuristic search,3,"heuristic search: heuristic search in Artificial Intelligence concerns search strategies that use an estimate of remaining cost or distance to guide exploration toward promising states. In Problem Solving and Search, the focus is on the analysis, design, implementation, interpretation, or evaluation of heuristic search within Artificial Intelligence, particularly where the Problem Solving and Search module establishes its technical context.",SSD_COURSE_025_M2_S3,Semantically_Audited,Active,4.0,Subtopic
SUB_COURSE_025_M2_S4,local search,4,"local search: local search in Artificial Intelligence concerns iterative optimization or search methods that maintain one or a small number of candidate states and improve them using neighbourhood information. In Problem Solving and Search, the focus is on the analysis, design, implementation, interpretation, or evaluation of local search within Artificial Intelligence, particularly where the Problem Solving and Search module establishes its technical context.",SSD_COURSE_025_M2_S4,Semantically_Audited,Active,4.0,Subtopic
SUB_COURSE_025_M2_S5,adversarial search,5,"adversarial search: adversarial search in Artificial Intelligence concerns search for decision-making in competitive environments where an agent must account for an opposing agent's actions, typically using minimax-style reasoning. In Problem Solving and Search, the focus is on the analysis, design, implementation, interpretation, or evaluation of adversarial search within Artificial Intelligence, particularly where the Problem Solving and Search module establishes its technical context.",SSD_COURSE_025_M2_S5,Semantically_Audited,Active,4.0,Subtopic
SUB_COURSE_025_M3_S1,propositional logic,1,"propositional logic: propositional logic in Artificial Intelligence concerns a formal logic in which propositions are represented by Boolean-valued symbols and combined with logical connectives to support deduction. In Knowledge Representation and Reasoning, the focus is on the analysis, design, implementation, interpretation, or evaluation of propositional logic within Artificial Intelligence, particularly where the Knowledge Representation and Reasoning module establishes its technical context.",SSD_COURSE_025_M3_S1,Semantically_Audited,Active,4.0,Subtopic
SUB_COURSE_025_M3_S2,first-order logic,2,"first-order logic: first-order logic in Artificial Intelligence concerns a predicate logic that represents objects, properties, and relations using predicates, variables, quantifiers, and logical connectives. In Knowledge Representation and Reasoning, the focus is on the analysis, design, implementation, interpretation, or evaluation of first-order logic within Artificial Intelligence, particularly where the Knowledge Representation and Reasoning module establishes its technical context.",SSD_COURSE_025_M3_S2,Semantically_Audited,Active,4.0,Subtopic
SUB_COURSE_025_M3_S3,ontologies,3,"ontologies: ontologies in Artificial Intelligence concerns formal specifications of concepts, relationships, constraints, and axioms within a domain for shared semantic representation and automated reasoning. In Knowledge Representation and Reasoning, the focus is on the analysis, design, implementation, interpretation, or evaluation of ontologies within Artificial Intelligence, particularly where the Knowledge Representation and Reasoning module establishes its technical context.",SSD_COURSE_025_M3_S3,Semantically_Audited,Active,4.0,Subtopic
SUB_COURSE_025_M3_S4,knowledge graphs,4,"knowledge graphs: knowledge graphs in Artificial Intelligence concerns graph-based representations in which entities and relations are represented as nodes and edges to support semantic integration, querying, and inference. In Knowledge Representation and Reasoning, the focus is on the analysis, design, implementation, interpretation, or evaluation of knowledge graphs within Artificial Intelligence, particularly where the Knowledge Representation and Reasoning module establishes its technical context.",SSD_COURSE_025_M3_S4,Semantically_Audited,Active,4.0,Subtopic
SUB_COURSE_025_M3_S5,inference,5,"inference: inference in Artificial Intelligence concerns the derivation of conclusions from represented facts, rules, models, or observations using a specified reasoning procedure. In Knowledge Representation and Reasoning, the focus is on the analysis, design, implementation, interpretation, or evaluation of inference within Artificial Intelligence, particularly where the Knowledge Representation and Reasoning module establishes its technical context.",SSD_COURSE_025_M3_S5,Semantically_Audited,Active,4.0,Subtopic
SUB_COURSE_025_M3_S6,reasoning under uncertainty,6,"reasoning under uncertainty: reasoning under uncertainty in Artificial Intelligence concerns methods for representing incomplete or uncertain knowledge and deriving conclusions when truth values, probabilities, or evidence are not fully determined. In Knowledge Representation and Reasoning, the focus is on the analysis, design, implementation, interpretation, or evaluation of reasoning under uncertainty within Artificial Intelligence, particularly where the Knowledge Representation and Reasoning module establishes its technical context.",SSD_COURSE_025_M3_S6,Semantically_Audited,Active,4.0,Subtopic
SUB_COURSE_025_M4_S1,classical planning,1,"classical planning: Planning in which actions have known preconditions and effects and a plan is a sequence of actions that achieves specified goals. In Planning and Decision Making, the focus is on the analysis, design, implementation, interpretation, or evaluation of classical planning within Artificial Intelligence, particularly where the Planning and Decision Making module establishes its technical context.",SSD_COURSE_025_M4_S1,Semantically_Audited,Active,4.0,Subtopic
SUB_COURSE_025_M4_S2,partial-order planning,2,"partial-order planning: Planning that represents only the ordering constraints required between actions, allowing independent actions to remain unordered. In Planning and Decision Making, the focus is on the analysis, design, implementation, interpretation, or evaluation of partial-order planning within Artificial Intelligence, particularly where the Planning and Decision Making module establishes its technical context.",SSD_COURSE_025_M4_S2,Semantically_Audited,Active,4.0,Subtopic
SUB_COURSE_025_M4_S3,probabilistic decision making,3,"probabilistic decision making: Choosing actions by comparing their expected outcomes when states, observations, or outcomes are uncertain. In Planning and Decision Making, the focus is on the analysis, design, implementation, interpretation, or evaluation of probabilistic decision making within Artificial Intelligence, particularly where the Planning and Decision Making module establishes its technical context.",SSD_COURSE_025_M4_S3,Semantically_Audited,Active,4.0,Subtopic
SUB_COURSE_025_M4_S4,Markov decision processes,4,"Markov decision processes refers to a model of sequential decisions in which the next state depends on the current state and chosen action. In Planning and Decision Making, the focus is on the analysis, design, implementation, interpretation, or evaluation of Markov decision processes within Artificial Intelligence, particularly where the Planning and Decision Making module establishes its technical context.",SSD_COURSE_025_M4_S4,Semantically_Audited,Active,4.0,Subtopic
SUB_COURSE_025_M4_S5,sequential decision making,5,"sequential decision making: Selecting a sequence of actions over time while accounting for future states, rewards, and uncertainty. In Planning and Decision Making, the focus is on the analysis, design, implementation, interpretation, or evaluation of sequential decision making within Artificial Intelligence, particularly where the Planning and Decision Making module establishes its technical context.",SSD_COURSE_025_M4_S5,Semantically_Audited,Active,4.0,Subtopic
SUB_COURSE_025_M5_S1,learning paradigms,1,"learning paradigms: Major ways an AI system learns from data or interaction, including supervised, unsupervised, self-supervised, and reinforcement learning. In Machine Learning Foundations, the focus is on the analysis, design, implementation, interpretation, or evaluation of learning paradigms within Artificial Intelligence, particularly where the Machine Learning Foundations module establishes its technical context.",SSD_COURSE_025_M5_S1,Semantically_Audited,Active,4.0,Subtopic
SUB_COURSE_025_M5_S2,hypothesis spaces,2,"hypothesis spaces refers to the set of candidate functions or models that a learning algorithm can select from. In Machine Learning Foundations, the focus is on the analysis, design, implementation, interpretation, or evaluation of hypothesis spaces within Artificial Intelligence, particularly where the Machine Learning Foundations module establishes its technical context.",SSD_COURSE_025_M5_S2,Semantically_Audited,Active,4.0,Subtopic
SUB_COURSE_025_M5_S3,feature representations,3,"feature representations: Ways of encoding raw data as measurable variables that an AI model can use for learning or prediction. In Machine Learning Foundations, the focus is on the analysis, design, implementation, interpretation, or evaluation of feature representations within Artificial Intelligence, particularly where the Machine Learning Foundations module establishes its technical context.",SSD_COURSE_025_M5_S3,Semantically_Audited,Active,4.0,Subtopic
SUB_COURSE_025_M5_S4,generalization,4,"generalization refers to the ability of a trained model to perform well on previously unseen data. In Machine Learning Foundations, the focus is on the analysis, design, implementation, interpretation, or evaluation of generalization within Artificial Intelligence, particularly where the Machine Learning Foundations module establishes its technical context.",SSD_COURSE_025_M5_S4,Semantically_Audited,Active,4.0,Subtopic
SUB_COURSE_025_M5_S5,bias-variance,5,"bias-variance refers to the trade-off between systematic model error and sensitivity to training-data variation. In Machine Learning Foundations, the focus is on the analysis, design, implementation, interpretation, or evaluation of bias-variance within Artificial Intelligence, particularly where the Machine Learning Foundations module establishes its technical context.",SSD_COURSE_025_M5_S5,Semantically_Audited,Active,4.0,Subtopic
SUB_COURSE_025_M5_S6,learning pipelines,6,"learning pipelines: learning pipelines in Artificial Intelligence concerns ordered data, training, validation, packaging, and deployment stages that make machine-learning workflows reproducible and operational. In Machine Learning Foundations, the focus is on the analysis, design, implementation, interpretation, or evaluation of learning pipelines within Artificial Intelligence, particularly where the Machine Learning Foundations module establishes its technical context.",SSD_COURSE_025_M5_S6,Semantically_Audited,Active,4.0,Subtopic
SUB_COURSE_025_M6_S1,text representation,1,"text representation: Encoding words, tokens, or documents in forms that AI models can process computationally. In Natural Language Processing, the focus is on the analysis, design, implementation, interpretation, or evaluation of text representation within Artificial Intelligence, particularly where the Natural Language Processing module establishes its technical context.",SSD_COURSE_025_M6_S1,Semantically_Audited,Active,4.0,Subtopic
SUB_COURSE_025_M6_S2,language models,2,"language models: Models that assign probabilities to sequences of language and use them to predict or generate text. In Natural Language Processing, the focus is on the analysis, design, implementation, interpretation, or evaluation of language models within Artificial Intelligence, particularly where the Natural Language Processing module establishes its technical context.",SSD_COURSE_025_M6_S2,Semantically_Audited,Active,4.0,Subtopic
SUB_COURSE_025_M6_S3,sequence modelling,3,"sequence modelling: Modelling ordered observations or events so that dependencies across sequence positions can be learned and used for prediction or classification. In Natural Language Processing, the focus is on the analysis, design, implementation, interpretation, or evaluation of sequence modelling within Artificial Intelligence, particularly where the Natural Language Processing module establishes its technical context.",SSD_COURSE_025_M6_S3,Semantically_Audited,Active,4.0,Subtopic
SUB_COURSE_025_M6_S4,parsing,4,"parsing: Analysing the grammatical or structural organisation of a sentence or other language sequence. In Natural Language Processing, the focus is on the analysis, design, implementation, interpretation, or evaluation of parsing within Artificial Intelligence, particularly where the Natural Language Processing module establishes its technical context.",SSD_COURSE_025_M6_S4,Semantically_Audited,Active,4.0,Subtopic
SUB_COURSE_025_M6_S5,information extraction,5,"information extraction: Automatically identifying structured facts, entities, relations, or events from unstructured text. In Natural Language Processing, the focus is on the analysis, design, implementation, interpretation, or evaluation of information extraction within Artificial Intelligence, particularly where the Natural Language Processing module establishes its technical context.",SSD_COURSE_025_M6_S5,Semantically_Audited,Active,4.0,Subtopic
SUB_COURSE_025_M6_S6,evaluation,6,"evaluation: Systematic assessment of an AI model or system using task-appropriate performance measures, test data, and error analysis. In Natural Language Processing, the focus is on the analysis, design, implementation, interpretation, or evaluation of evaluation within Artificial Intelligence, particularly where the Natural Language Processing module establishes its technical context.",SSD_COURSE_025_M6_S6,Semantically_Audited,Active,4.0,Subtopic
SUB_COURSE_025_M7_S1,image formation,1,"image formation refers to the process by which a scene is projected and recorded as an image through an imaging system. In Computer Vision and Perception, the focus is on the analysis, design, implementation, interpretation, or evaluation of image formation within Artificial Intelligence, particularly where the Computer Vision and Perception module establishes its technical context.",SSD_COURSE_025_M7_S1,Semantically_Audited,Active,4.0,Subtopic
SUB_COURSE_025_M7_S2,feature extraction,2,"feature extraction: Computing informative image patterns such as edges, textures, shapes, or learned representations. In Computer Vision and Perception, the focus is on the analysis, design, implementation, interpretation, or evaluation of feature extraction within Artificial Intelligence, particularly where the Computer Vision and Perception module establishes its technical context.",SSD_COURSE_025_M7_S2,Semantically_Audited,Active,4.0,Subtopic
SUB_COURSE_025_M7_S3,classification,3,"classification: Assigning an input image or instance to one or more predefined categories. In Computer Vision and Perception, the focus is on the analysis, design, implementation, interpretation, or evaluation of classification within Artificial Intelligence, particularly where the Computer Vision and Perception module establishes its technical context.",SSD_COURSE_025_M7_S3,Semantically_Audited,Active,4.0,Subtopic
SUB_COURSE_025_M7_S4,object detection,4,"object detection: Locating objects in an image and assigning class labels to the detected objects. In Computer Vision and Perception, the focus is on the analysis, design, implementation, interpretation, or evaluation of object detection within Artificial Intelligence, particularly where the Computer Vision and Perception module establishes its technical context.",SSD_COURSE_025_M7_S4,Semantically_Audited,Active,4.0,Subtopic
SUB_COURSE_025_M7_S5,segmentation,5,"segmentation: Assigning labels to image pixels or regions to separate objects or semantic areas. In Computer Vision and Perception, the focus is on the analysis, design, implementation, interpretation, or evaluation of segmentation within Artificial Intelligence, particularly where the Computer Vision and Perception module establishes its technical context.",SSD_COURSE_025_M7_S5,Semantically_Audited,Active,4.0,Subtopic
SUB_COURSE_025_M7_S6,evaluation,6,"evaluation: Systematic assessment of an AI model or system using task-appropriate performance measures, test data, and error analysis. In Computer Vision and Perception, the focus is on the analysis, design, implementation, interpretation, or evaluation of evaluation within Artificial Intelligence, particularly where the Natural Language Processing module establishes its technical context.",SSD_COURSE_025_M7_S6,Semantically_Audited,Active,4.0,Subtopic
SUB_COURSE_025_M8_S1,AI system architecture,1,"AI system architecture refers to the organization of models, data, software, computing resources, interfaces, and supporting services that together implement an AI system. In AI Systems, Safety and Ethics, the focus is on the analysis, design, implementation, interpretation, or evaluation of AI system architecture within Artificial Intelligence, particularly where the AI Systems, Safety and Ethics module establishes its technical context.",SSD_COURSE_025_M8_S1,Semantically_Audited,Active,4.0,Subtopic
SUB_COURSE_025_M8_S2,robustness,2,"robustness refers to the ability of an AI system to maintain acceptable performance under disturbances, uncertainty, or input variation. In AI Systems, Safety and Ethics, the focus is on the analysis, design, implementation, interpretation, or evaluation of robustness within Artificial Intelligence, particularly where the AI Systems, Safety and Ethics module establishes its technical context.",SSD_COURSE_025_M8_S2,Semantically_Audited,Active,4.0,Subtopic
SUB_COURSE_025_M8_S3,interpretability,3,"interpretability refers to the extent to which a model's predictions or internal reasoning can be understood by people. In AI Systems, Safety and Ethics, the focus is on the analysis, design, implementation, interpretation, or evaluation of interpretability within Artificial Intelligence, particularly where the AI Systems, Safety and Ethics module establishes its technical context.",SSD_COURSE_025_M8_S3,Semantically_Audited,Active,4.0,Subtopic
SUB_COURSE_025_M8_S4,fairness,4,"fairness refers to the use of defined criteria to assess and reduce unjustified differences in model outcomes across groups. In AI Systems, Safety and Ethics, the focus is on the analysis, design, implementation, interpretation, or evaluation of fairness within Artificial Intelligence, particularly where the AI Systems, Safety and Ethics module establishes its technical context.",SSD_COURSE_025_M8_S4,Semantically_Audited,Active,4.0,Subtopic
SUB_COURSE_025_M8_S5,privacy,5,"privacy: Protection of personal or sensitive information during AI data collection, processing, storage, and use. In AI Systems, Safety and Ethics, the focus is on the analysis, design, implementation, interpretation, or evaluation of privacy within Artificial Intelligence, particularly where the AI Systems, Safety and Ethics module establishes its technical context.",SSD_COURSE_025_M8_S5,Semantically_Audited,Active,4.0,Subtopic
SUB_COURSE_025_M8_S6,safety and governance,6,"safety and governance: safety and governance in Artificial Intelligence concerns legal rules, institutional mechanisms, duties, procedures, and compliance considerations governing safety and governance. In AI Systems, Safety and Ethics, the focus is on the analysis, design, implementation, interpretation, or evaluation of safety and governance within Artificial Intelligence, particularly where the AI Systems, Safety and Ethics module establishes its technical context.",SSD_COURSE_025_M8_S6,Semantically_Audited,Active,4.0,Subtopic
SUB_COURSE_026_M1_S1,supervised learning,1,"supervised learning: Supervised learning learns a mapping from inputs to labelled outputs using observed training examples. In Learning Paradigms, the focus is on the analysis, design, implementation, interpretation, or evaluation of supervised learning within Machine Learning, particularly where the Learning Paradigms module establishes its technical context.",SSD_COURSE_026_M1_S1,Semantically_Audited,Active,4.0,Subtopic
SUB_COURSE_026_M1_S2,unsupervised learning,2,"unsupervised learning: Unsupervised learning infers structure or representations from data without target labels, including clustering and dimensionality-reduction tasks. In Learning Paradigms, the focus is on the analysis, design, implementation, interpretation, or evaluation of unsupervised learning within Machine Learning, particularly where the Learning Paradigms module establishes its technical context.",SSD_COURSE_026_M1_S2,Semantically_Audited,Active,4.0,Subtopic
SUB_COURSE_026_M1_S3,semi-supervised learning,3,"semi-supervised learning: Semi-supervised learning combines labelled and unlabelled observations to improve learning when labelled data are limited. In Learning Paradigms, the focus is on the analysis, design, implementation, interpretation, or evaluation of semi-supervised learning within Machine Learning, particularly where the Learning Paradigms module establishes its technical context.",SSD_COURSE_026_M1_S3,Semantically_Audited,Active,4.0,Subtopic
SUB_COURSE_026_M1_S4,self-supervised learning,4,"self-supervised learning: Self-supervised learning constructs learning signals from the data itself, typically by predicting withheld, transformed, or related information. In Learning Paradigms, the focus is on the analysis, design, implementation, interpretation, or evaluation of self-supervised learning within Machine Learning, particularly where the Learning Paradigms module establishes its technical context.",SSD_COURSE_026_M1_S4,Semantically_Audited,Active,4.0,Subtopic
SUB_COURSE_026_M1_S5,reinforcement learning,5,"reinforcement learning: Reinforcement learning models sequential decision making in which an agent learns a policy from interactions with an environment and feedback in the form of rewards or costs. In Learning Paradigms, the focus is on the analysis, design, implementation, interpretation, or evaluation of reinforcement learning within Machine Learning, particularly where the Learning Paradigms module establishes its technical context.",SSD_COURSE_026_M1_S5,Semantically_Audited,Active,4.0,Subtopic
SUB_COURSE_026_M2_S1,data cleaning,1,"data cleaning: Data cleaning identifies and corrects or documents errors, inconsistencies, duplicates, invalid values, and other quality problems before analysis or modelling. In Data Preparation and Feature Engineering, the focus is on the analysis, design, implementation, interpretation, or evaluation of data cleaning within Machine Learning, particularly where the Data Preparation and Feature Engineering module establishes its technical context.",SSD_COURSE_026_M2_S1,Semantically_Audited,Active,4.0,Subtopic
SUB_COURSE_026_M2_S2,missing values,2,"missing values: Missing-value handling comprises methods for diagnosing missingness and deciding whether to remove, retain, or impute incomplete observations. In Data Preparation and Feature Engineering, the focus is on the analysis, design, implementation, interpretation, or evaluation of missing values within Machine Learning, particularly where the Data Preparation and Feature Engineering module establishes its technical context.",SSD_COURSE_026_M2_S2,Semantically_Audited,Active,4.0,Subtopic
SUB_COURSE_026_M2_S3,categorical encoding,3,"categorical encoding: Categorical encoding represents non-numeric categories using numerical or structured representations suitable for statistical or machine-learning models. In Data Preparation and Feature Engineering, the focus is on the analysis, design, implementation, interpretation, or evaluation of categorical encoding within Machine Learning, particularly where the Data Preparation and Feature Engineering module establishes its technical context.",SSD_COURSE_026_M2_S3,Semantically_Audited,Active,4.0,Subtopic
SUB_COURSE_026_M2_S4,scaling,4,"scaling: Transforming numerical features to comparable ranges so that model training is not dominated by variable magnitude. In Data Preparation and Feature Engineering, the focus is on the analysis, design, implementation, interpretation, or evaluation of scaling within Machine Learning, particularly where the Data Preparation and Feature Engineering module establishes its technical context.",SSD_COURSE_026_M2_S4,Semantically_Audited,Active,4.0,Subtopic
SUB_COURSE_026_M2_S5,feature selection,5,"feature selection: Choosing a subset of input features that preserves useful predictive information while reducing redundancy, noise, or model complexity. In Data Preparation and Feature Engineering, the focus is on the analysis, design, implementation, interpretation, or evaluation of feature selection within Machine Learning, particularly where the Data Preparation and Feature Engineering module establishes its technical context.",SSD_COURSE_026_M2_S5,Semantically_Audited,Active,4.0,Subtopic
SUB_COURSE_026_M2_S6,leakage control,6,"leakage control: Preventing information from the target, future observations, or evaluation data from entering model training in a way that produces overly optimistic results. In Data Preparation and Feature Engineering, the focus is on the analysis, design, implementation, interpretation, or evaluation of leakage control within Machine Learning, particularly where the Data Preparation and Feature Engineering module establishes its technical context.",SSD_COURSE_026_M2_S6,Semantically_Audited,Active,4.0,Subtopic
SUB_COURSE_026_M3_S1,linear regression,1,"linear regression refers to a regression model that represents the target as a linear function of the input features. In Regression and Classification, the focus is on the analysis, design, implementation, interpretation, or evaluation of linear regression within Machine Learning, particularly where the Regression and Classification module establishes its technical context.",SSD_COURSE_026_M3_S1,Semantically_Audited,Active,4.0,Subtopic
SUB_COURSE_026_M3_S2,logistic regression,2,"logistic regression refers to a probabilistic classification model that relates features to class probability through the logistic function. In Regression and Classification, the focus is on the analysis, design, implementation, interpretation, or evaluation of logistic regression within Machine Learning, particularly where the Regression and Classification module establishes its technical context.",SSD_COURSE_026_M3_S2,Semantically_Audited,Active,4.0,Subtopic
SUB_COURSE_026_M3_S3,regularization,3,"regularization: Adding a penalty or constraint to limit model complexity and reduce overfitting. In Regression and Classification, the focus is on the analysis, design, implementation, interpretation, or evaluation of regularization within Machine Learning, particularly where the Regression and Classification module establishes its technical context.",SSD_COURSE_026_M3_S3,Semantically_Audited,Active,4.0,Subtopic
SUB_COURSE_026_M3_S4,decision trees,4,"decision trees: Models that make predictions by recursively splitting data using feature-based decision rules. In Regression and Classification, the focus is on the analysis, design, implementation, interpretation, or evaluation of decision trees within Machine Learning, particularly where the Regression and Classification module establishes its technical context.",SSD_COURSE_026_M3_S4,Semantically_Audited,Active,4.0,Subtopic
SUB_COURSE_026_M3_S5,ensemble methods,5,"ensemble methods: Methods that combine predictions from multiple models to improve accuracy, stability, or robustness. In Regression and Classification, the focus is on the analysis, design, implementation, interpretation, or evaluation of ensemble methods within Machine Learning, particularly where the Regression and Classification module establishes its technical context.",SSD_COURSE_026_M3_S5,Semantically_Audited,Active,4.0,Subtopic
SUB_COURSE_026_M3_S6,support vector machines,6,"support vector machines: Supervised learning models that construct decision boundaries using support vectors and, when required, kernel functions to represent nonlinear relationships. In Regression and Classification, the focus is on the analysis, design, implementation, interpretation, or evaluation of support vector machines within Machine Learning, particularly where the Regression and Classification module establishes its technical context.",SSD_COURSE_026_M3_S6,Semantically_Audited,Active,4.0,Subtopic
SUB_COURSE_026_M4_S1,probability models,1,"probability models: Mathematical models that represent uncertainty in data, variables, and relationships using probability distributions. In Probabilistic and Bayesian Learning, the focus is on the analysis, design, implementation, interpretation, or evaluation of probability models within Machine Learning, particularly where the Probabilistic and Bayesian Learning module establishes its technical context.",SSD_COURSE_026_M4_S1,Semantically_Audited,Active,4.0,Subtopic
SUB_COURSE_026_M4_S2,Bayes rule,2,"Bayes rule refers to a rule for updating the probability of a hypothesis using observed evidence. In Probabilistic and Bayesian Learning, the focus is on the analysis, design, implementation, interpretation, or evaluation of Bayes rule within Machine Learning, particularly where the Probabilistic and Bayesian Learning module establishes its technical context.",SSD_COURSE_026_M4_S2,Semantically_Audited,Active,4.0,Subtopic
SUB_COURSE_026_M4_S3,naive Bayes,3,"naive Bayes refers to a Bayesian classifier that assumes conditional independence among features given the class. In Probabilistic and Bayesian Learning, the focus is on the analysis, design, implementation, interpretation, or evaluation of naive Bayes within Machine Learning, particularly where the Probabilistic and Bayesian Learning module establishes its technical context.",SSD_COURSE_026_M4_S3,Semantically_Audited,Active,4.0,Subtopic
SUB_COURSE_026_M4_S4,graphical models,4,"graphical models: Probabilistic models that represent conditional dependencies between variables using a graph. In Probabilistic and Bayesian Learning, the focus is on the analysis, design, implementation, interpretation, or evaluation of graphical models within Machine Learning, particularly where the Probabilistic and Bayesian Learning module establishes its technical context.",SSD_COURSE_026_M4_S4,Semantically_Audited,Active,4.0,Subtopic
SUB_COURSE_026_M4_S5,maximum likelihood,5,"maximum likelihood: Estimating model parameters by choosing values that make the observed data most probable. In Probabilistic and Bayesian Learning, the focus is on the analysis, design, implementation, interpretation, or evaluation of maximum likelihood within Machine Learning, particularly where the Probabilistic and Bayesian Learning module establishes its technical context.",SSD_COURSE_026_M4_S5,Semantically_Audited,Active,4.0,Subtopic
SUB_COURSE_026_M4_S6,Bayesian inference,6,"Bayesian inference: Updating prior beliefs about model parameters using observed data to obtain a posterior distribution. In Probabilistic and Bayesian Learning, the focus is on the analysis, design, implementation, interpretation, or evaluation of Bayesian inference within Machine Learning, particularly where the Probabilistic and Bayesian Learning module establishes its technical context.",SSD_COURSE_026_M4_S6,Semantically_Audited,Active,4.0,Subtopic
SUB_COURSE_026_M5_S1,clustering,1,"clustering: Grouping observations into internally similar sets without using predefined class labels. In Unsupervised Learning and Representation, the focus is on the analysis, design, implementation, interpretation, or evaluation of clustering within Machine Learning, particularly where the Unsupervised Learning and Representation module establishes its technical context.",SSD_COURSE_026_M5_S1,Semantically_Audited,Active,4.0,Subtopic
SUB_COURSE_026_M5_S2,dimensionality reduction,2,"dimensionality reduction: Representing high-dimensional data with fewer variables while retaining important structure or information. In Unsupervised Learning and Representation, the focus is on the analysis, design, implementation, interpretation, or evaluation of dimensionality reduction within Machine Learning, particularly where the Unsupervised Learning and Representation module establishes its technical context.",SSD_COURSE_026_M5_S2,Semantically_Audited,Active,4.0,Subtopic
SUB_COURSE_026_M5_S3,principal component analysis,3,"principal component analysis refers to a dimensionality-reduction method that transforms correlated variables into orthogonal principal components ordered by explained variance. In Unsupervised Learning and Representation, the focus is on the analysis, design, implementation, interpretation, or evaluation of principal component analysis within Machine Learning, particularly where the Unsupervised Learning and Representation module establishes its technical context.",SSD_COURSE_026_M5_S3,Semantically_Audited,Active,4.0,Subtopic
SUB_COURSE_026_M5_S4,mixture models,4,"mixture models: Probabilistic models that represent data as arising from a combination of component distributions. In Unsupervised Learning and Representation, the focus is on the analysis, design, implementation, interpretation, or evaluation of mixture models within Machine Learning, particularly where the Unsupervised Learning and Representation module establishes its technical context.",SSD_COURSE_026_M5_S4,Semantically_Audited,Active,4.0,Subtopic
SUB_COURSE_026_M5_S5,manifold learning,5,"manifold learning: Nonlinear dimensionality-reduction methods that model data as lying near a lower-dimensional manifold. In Unsupervised Learning and Representation, the focus is on the analysis, design, implementation, interpretation, or evaluation of manifold learning within Machine Learning, particularly where the Unsupervised Learning and Representation module establishes its technical context.",SSD_COURSE_026_M5_S5,Semantically_Audited,Active,4.0,Subtopic
SUB_COURSE_026_M6_S1,perceptrons,1,"perceptrons: Single-layer threshold-based units that form the basic computational model of a linear classifier. In Neural Networks and Deep Learning, the focus is on the analysis, design, implementation, interpretation, or evaluation of perceptrons within Machine Learning, particularly where the Neural Networks and Deep Learning module establishes its technical context.",SSD_COURSE_026_M6_S1,Semantically_Audited,Active,4.0,Subtopic
SUB_COURSE_026_M6_S2,multilayer networks,2,"multilayer networks: Neural networks containing successive layers of interconnected units that learn nonlinear mappings. In Neural Networks and Deep Learning, the focus is on the analysis, design, implementation, interpretation, or evaluation of multilayer networks within Machine Learning, particularly where the Neural Networks and Deep Learning module establishes its technical context.",SSD_COURSE_026_M6_S2,Semantically_Audited,Active,4.0,Subtopic
SUB_COURSE_026_M6_S3,backpropagation,3,"backpropagation refers to an algorithm that computes gradients through a neural network so its parameters can be updated during training. In Neural Networks and Deep Learning, the focus is on the analysis, design, implementation, interpretation, or evaluation of backpropagation within Machine Learning, particularly where the Neural Networks and Deep Learning module establishes its technical context.",SSD_COURSE_026_M6_S3,Semantically_Audited,Active,4.0,Subtopic
SUB_COURSE_026_M6_S4,convolutional networks,4,"convolutional networks: Neural networks using convolutional filters to learn local spatial or temporal patterns. In Neural Networks and Deep Learning, the focus is on the analysis, design, implementation, interpretation, or evaluation of convolutional networks within Machine Learning, particularly where the Neural Networks and Deep Learning module establishes its technical context.",SSD_COURSE_026_M6_S4,Semantically_Audited,Active,4.0,Subtopic
SUB_COURSE_026_M6_S5,sequence models,5,"sequence models: Models designed to learn dependencies among ordered observations such as words, signals, or time-series values. In Neural Networks and Deep Learning, the focus is on the analysis, design, implementation, interpretation, or evaluation of sequence models within Machine Learning, particularly where the Neural Networks and Deep Learning module establishes its technical context.",SSD_COURSE_026_M6_S5,Semantically_Audited,Active,4.0,Subtopic
SUB_COURSE_026_M6_S6,optimization,6,"optimization: Selection of decision variables or operating conditions to maximize or minimize an objective subject to specified constraints; the objective and constraints depend on the application domain. In Neural Networks and Deep Learning, the focus is on concept-level scope: the defining mechanism, properties, constraints, and application criteria; curricular context is recorded in Concept_Category and Typical_Modules.",SSD_COURSE_026_M6_S6,Semantically_Audited,Active,4.0,Subtopic
SUB_COURSE_026_M7_S1,cross-validation,1,"cross-validation: Cross-validation repeatedly partitions available data into training and validation subsets to estimate model performance and support model selection. In Model Evaluation and Deployment, the focus is on the analysis, design, implementation, interpretation, or evaluation of cross-validation within Machine Learning, particularly where the Model Evaluation and Deployment module establishes its technical context.",SSD_COURSE_026_M7_S1,Semantically_Audited,Active,4.0,Subtopic
SUB_COURSE_026_M7_S2,calibration,2,"calibration: Adjusting predicted probabilities so that they correspond appropriately to observed outcome frequencies; in ML this concerns probabilistic prediction calibration, not instrument adjustment. In Model Evaluation and Deployment, the focus is on the analysis, design, implementation, interpretation, or evaluation of calibration within Machine Learning, particularly where the Model Evaluation and Deployment module establishes its technical context.",SSD_COURSE_026_M7_S2,Semantically_Audited,Active,4.0,Subtopic
SUB_COURSE_026_M7_S3,imbalanced data,3,"imbalanced data refers to a dataset in which some classes or outcomes occur much less often than others. In Model Evaluation and Deployment, the focus is on the analysis, design, implementation, interpretation, or evaluation of imbalanced data within Machine Learning, particularly where the Model Evaluation and Deployment module establishes its technical context.",SSD_COURSE_026_M7_S3,Semantically_Audited,Active,4.0,Subtopic
SUB_COURSE_026_M7_S4,hyperparameter selection,4,"hyperparameter selection: Choosing model settings that are not learned directly from the training data, typically using validation procedures or cross-validation. In Model Evaluation and Deployment, the focus is on the analysis, design, implementation, interpretation, or evaluation of hyperparameter selection within Machine Learning, particularly where the Model Evaluation and Deployment module establishes its technical context.",SSD_COURSE_026_M7_S4,Semantically_Audited,Active,4.0,Subtopic
SUB_COURSE_026_M7_S5,model monitoring,5,"model monitoring: Tracking a deployed model's inputs, outputs, performance, and operating conditions to detect degradation or drift. In Model Evaluation and Deployment, the focus is on the analysis, design, implementation, interpretation, or evaluation of model monitoring within Machine Learning, particularly where the Model Evaluation and Deployment module establishes its technical context.",SSD_COURSE_026_M7_S5,Semantically_Audited,Active,4.0,Subtopic
SUB_COURSE_026_M7_S6,reproducibility,6,"reproducibility refers to the ability to obtain consistent results when the same analysis, data, methods, and documented computational steps are repeated. In Model Evaluation and Deployment, the focus is on the analysis, design, implementation, interpretation, or evaluation of reproducibility within Machine Learning, particularly where the Model Evaluation and Deployment module establishes its technical context.",SSD_COURSE_026_M7_S6,Semantically_Audited,Active,4.0,Subtopic
SUB_COURSE_027_M1_S1,system models,1,"system models: Abstract assumptions about processes, communication, timing, failures, and resources in a distributed system. In Distributed System Models, the focus is on the analysis, design, implementation, interpretation, or evaluation of system models within Distributed Systems, particularly where the Distributed System Models module establishes its technical context.",SSD_COURSE_027_M1_S1,Semantically_Audited,Active,4.0,Subtopic
SUB_COURSE_027_M1_S2,communication models,2,"communication models: Assumptions about how distributed processes exchange messages, including timing, ordering, and delivery guarantees. In Distributed System Models, the focus is on the analysis, design, implementation, interpretation, or evaluation of communication models within Distributed Systems, particularly where the Distributed System Models module establishes its technical context.",SSD_COURSE_027_M1_S2,Semantically_Audited,Active,4.0,Subtopic
SUB_COURSE_027_M1_S3,time and ordering,3,"time and ordering: Methods for reasoning about event order when distributed processes do not share a perfectly synchronised clock. In Distributed System Models, the focus is on the analysis, design, implementation, interpretation, or evaluation of time and ordering within Distributed Systems, particularly where the Distributed System Models module establishes its technical context.",SSD_COURSE_027_M1_S3,Semantically_Audited,Active,4.0,Subtopic
SUB_COURSE_027_M1_S4,failure models,4,"failure models: Formal assumptions about how components or processes may fail in a distributed system, such as crash, omission, timing, or Byzantine failures. In Distributed System Models, the focus is on the analysis, design, implementation, interpretation, or evaluation of failure models within Distributed Systems, particularly where the Distributed System Models module establishes its technical context.",SSD_COURSE_027_M1_S4,Semantically_Audited,Active,4.0,Subtopic
SUB_COURSE_027_M1_S5,scalability,5,"scalability refers to the ability of a distributed system to maintain acceptable performance as workload, data, or nodes increase. In Distributed System Models, the focus is on the analysis, design, implementation, interpretation, or evaluation of scalability within Distributed Systems, particularly where the Distributed System Models module establishes its technical context.",SSD_COURSE_027_M1_S5,Semantically_Audited,Active,4.0,Subtopic
SUB_COURSE_027_M2_S1,Remote Procedure Call (RPC),1,"Remote Procedure Call (RPC) refers to a communication mechanism that lets a program invoke an operation on a remote process using a call-like interface. In Communication and Coordination, the focus is on the analysis, design, implementation, interpretation, or evaluation of RPC within Distributed Systems, particularly where the Communication and Coordination module establishes its technical context.",SSD_COURSE_027_M2_S1,Semantically_Audited,Active,4.0,Subtopic
SUB_COURSE_027_M2_S2,messaging,2,"messaging: Exchange of discrete messages between distributed components to coordinate work or transfer data. In Communication and Coordination, the focus is on the analysis, design, implementation, interpretation, or evaluation of messaging within Distributed Systems, particularly where the Communication and Coordination module establishes its technical context.",SSD_COURSE_027_M2_S2,Semantically_Audited,Active,4.0,Subtopic
SUB_COURSE_027_M2_S3,multicast,3,"multicast: Sending one message to multiple intended recipients in a distributed network. In Communication and Coordination, the focus is on the analysis, design, implementation, interpretation, or evaluation of multicast within Distributed Systems, particularly where the Communication and Coordination module establishes its technical context.",SSD_COURSE_027_M2_S3,Semantically_Audited,Active,4.0,Subtopic
SUB_COURSE_027_M2_S4,logical clocks,4,"logical clocks: Logical mechanisms for ordering distributed events without relying on synchronised physical clocks. In Communication and Coordination, the focus is on the analysis, design, implementation, interpretation, or evaluation of logical clocks within Distributed Systems, particularly where the Communication and Coordination module establishes its technical context.",SSD_COURSE_027_M2_S4,Semantically_Audited,Active,4.0,Subtopic
SUB_COURSE_027_M2_S5,leader election,5,"leader election refers to a protocol for selecting one distributed process to coordinate activities or make designated decisions. In Communication and Coordination, the focus is on the analysis, design, implementation, interpretation, or evaluation of leader election within Distributed Systems, particularly where the Communication and Coordination module establishes its technical context.",SSD_COURSE_027_M2_S5,Semantically_Audited,Active,4.0,Subtopic
SUB_COURSE_027_M2_S6,distributed coordination,6,"distributed coordination: Protocols that allow independent processes to reach compatible decisions or organise shared work. In Communication and Coordination, the focus is on the analysis, design, implementation, interpretation, or evaluation of distributed coordination within Distributed Systems, particularly where the Communication and Coordination module establishes its technical context.",SSD_COURSE_027_M2_S6,Semantically_Audited,Active,4.0,Subtopic
SUB_COURSE_027_M3_S1,primary-backup replication,1,"primary-backup replication: Replication in which a primary processes updates and backups maintain copies for continuity after failure. In Replication and Consistency, the focus is on the analysis, design, implementation, interpretation, or evaluation of primary-backup replication within Distributed Systems, particularly where the Replication and Consistency module establishes its technical context.",SSD_COURSE_027_M3_S1,Semantically_Audited,Active,4.0,Subtopic
SUB_COURSE_027_M3_S2,quorum systems,2,"quorum systems: Sets of replicas whose agreement or participation is required for an operation to proceed safely. In Replication and Consistency, the focus is on the analysis, design, implementation, interpretation, or evaluation of quorum systems within Distributed Systems, particularly where the Replication and Consistency module establishes its technical context.",SSD_COURSE_027_M3_S2,Semantically_Audited,Active,4.0,Subtopic
SUB_COURSE_027_M3_S3,consistency models,3,"consistency models: Rules defining what values and operation orders clients may observe from replicated data. In Replication and Consistency, the focus is on the analysis, design, implementation, interpretation, or evaluation of consistency models within Distributed Systems, particularly where the Replication and Consistency module establishes its technical context.",SSD_COURSE_027_M3_S3,Semantically_Audited,Active,4.0,Subtopic
SUB_COURSE_027_M3_S4,consensus,4,"consensus refers to a distributed protocol that makes non-faulty processes agree on one value despite specified failures. In Replication and Consistency, the focus is on the analysis, design, implementation, interpretation, or evaluation of consensus within Distributed Systems, particularly where the Replication and Consistency module establishes its technical context.",SSD_COURSE_027_M3_S4,Semantically_Audited,Active,4.0,Subtopic
SUB_COURSE_027_M3_S5,conflict resolution,5,"conflict resolution: Rules for reconciling concurrent or incompatible updates to shared distributed state. In Replication and Consistency, the focus is on the analysis, design, implementation, interpretation, or evaluation of conflict resolution within Distributed Systems, particularly where the Replication and Consistency module establishes its technical context.",SSD_COURSE_027_M3_S5,Semantically_Audited,Active,4.0,Subtopic
SUB_COURSE_027_M4_S1,atomic commit,1,"atomic commit refers to a protocol ensuring that a distributed transaction is either committed by all required participants or aborted. In Distributed Transactions, the focus is on the analysis, design, implementation, interpretation, or evaluation of atomic commit within Distributed Systems, particularly where the Distributed Transactions module establishes its technical context.",SSD_COURSE_027_M4_S1,Semantically_Audited,Active,4.0,Subtopic
SUB_COURSE_027_M4_S2,two-phase commit,2,"two-phase commit refers to a distributed commit protocol using prepare and commit phases to coordinate transaction outcome. In Distributed Transactions, the focus is on the analysis, design, implementation, interpretation, or evaluation of two-phase commit within Distributed Systems, particularly where the Distributed Transactions module establishes its technical context.",SSD_COURSE_027_M4_S2,Semantically_Audited,Active,4.0,Subtopic
SUB_COURSE_027_M4_S3,distributed concurrency control,3,"distributed concurrency control: Coordination mechanisms that keep concurrent operations on distributed data consistent while allowing appropriate parallel execution. In Distributed Transactions, the focus is on the analysis, design, implementation, interpretation, or evaluation of distributed concurrency control within Distributed Systems, particularly where the Distributed Transactions module establishes its technical context.",SSD_COURSE_027_M4_S3,Semantically_Audited,Active,4.0,Subtopic
SUB_COURSE_027_M4_S4,serializability,4,"serializability refers to the property that concurrent transaction execution has an effect equivalent to some serial order. In Distributed Transactions, the focus is on the analysis, design, implementation, interpretation, or evaluation of serializability within Distributed Systems, particularly where the Distributed Transactions module establishes its technical context.",SSD_COURSE_027_M4_S4,Semantically_Audited,Active,4.0,Subtopic
SUB_COURSE_027_M4_S5,recovery,5,"recovery: Restoring a distributed system or transaction to a correct state after a failure, using mechanisms such as logging, checkpoints, rollback, or replay. In Distributed Transactions, the focus is on the analysis, design, implementation, interpretation, or evaluation of recovery within Distributed Systems, particularly where the Distributed Transactions module establishes its technical context.",SSD_COURSE_027_M4_S5,Semantically_Audited,Active,4.0,Subtopic
SUB_COURSE_027_M5_S1,partitioning,1,"partitioning: Dividing data or workload across nodes so that storage and processing can be distributed. In Distributed Storage, the focus is on the analysis, design, implementation, interpretation, or evaluation of partitioning within Distributed Systems, particularly where the Distributed Storage module establishes its technical context.",SSD_COURSE_027_M5_S1,Semantically_Audited,Active,4.0,Subtopic
SUB_COURSE_027_M5_S2,distributed hash tables,2,"distributed hash tables: Distributed data structures that map keys to responsible nodes for scalable lookup. In Distributed Storage, the focus is on the analysis, design, implementation, interpretation, or evaluation of distributed hash tables within Distributed Systems, particularly where the Distributed Storage module establishes its technical context.",SSD_COURSE_027_M5_S2,Semantically_Audited,Active,4.0,Subtopic
SUB_COURSE_027_M5_S3,distributed file systems,3,"distributed file systems: File systems that store and manage files across multiple networked machines. In Distributed Storage, the focus is on the analysis, design, implementation, interpretation, or evaluation of distributed file systems within Distributed Systems, particularly where the Distributed Storage module establishes its technical context.",SSD_COURSE_027_M5_S3,Semantically_Audited,Active,4.0,Subtopic
SUB_COURSE_027_M5_S4,object storage,4,"object storage refers to a storage architecture in which data are managed as objects containing payload data, metadata, and a unique identifier within a logical namespace. In Distributed Storage, the focus is on concept-level scope: the defining mechanism, properties, constraints, and application criteria; curricular context is recorded in Concept_Category and Typical_Modules.",SSD_COURSE_027_M5_S4,Semantically_Audited,Active,4.0,Subtopic
SUB_COURSE_027_M5_S5,metadata management,5,"metadata management: Maintaining information about distributed files, objects, nodes, locations, and system state. In Distributed Storage, the focus is on the analysis, design, implementation, interpretation, or evaluation of metadata management within Distributed Systems, particularly where the Distributed Storage module establishes its technical context.",SSD_COURSE_027_M5_S5,Semantically_Audited,Active,4.0,Subtopic
SUB_COURSE_027_M6_S1,failure detection,1,"failure detection: Identifying components that are suspected to have failed, typically from timeouts, heartbeats, acknowledgements, or other observations. In Fault Tolerance and Recovery, the focus is on the analysis, design, implementation, interpretation, or evaluation of failure detection within Distributed Systems, particularly where the Fault Tolerance and Recovery module establishes its technical context.",SSD_COURSE_027_M6_S1,Semantically_Audited,Active,4.0,Subtopic
SUB_COURSE_027_M6_S2,redundancy,2,"redundancy: Provision of duplicate or alternative components, paths, or resources so that loss or failure of one element does not necessarily cause loss of required service. In Fault Tolerance and Recovery, the focus is on concept-level scope: the defining mechanism, properties, constraints, and application criteria; curricular context is recorded in Concept_Category and Typical_Modules.",SSD_COURSE_027_M6_S2,Semantically_Audited,Active,4.0,Subtopic
SUB_COURSE_027_M6_S3,checkpointing,3,"checkpointing: Saving recoverable system state so computation can resume after a failure. In Fault Tolerance and Recovery, the focus is on the analysis, design, implementation, interpretation, or evaluation of checkpointing within Distributed Systems, particularly where the Fault Tolerance and Recovery module establishes its technical context.",SSD_COURSE_027_M6_S3,Semantically_Audited,Active,4.0,Subtopic
SUB_COURSE_027_M6_S4,recovery protocols,4,"recovery protocols: Protocols that coordinate restoration of consistent system state after failures, including rollback, replay, checkpointing, or state reconstruction. In Fault Tolerance and Recovery, the focus is on the analysis, design, implementation, interpretation, or evaluation of recovery protocols within Distributed Systems, particularly where the Fault Tolerance and Recovery module establishes its technical context.",SSD_COURSE_027_M6_S4,Semantically_Audited,Active,4.0,Subtopic
SUB_COURSE_027_M6_S5,Byzantine failures,5,"Byzantine failures: Failures in which a distributed component may behave arbitrarily or inconsistently, including sending conflicting or misleading information. In Fault Tolerance and Recovery, the focus is on the analysis, design, implementation, interpretation, or evaluation of Byzantine failures within Distributed Systems, particularly where the Fault Tolerance and Recovery module establishes its technical context.",SSD_COURSE_027_M6_S5,Semantically_Audited,Active,4.0,Subtopic
SUB_COURSE_027_M7_S1,availability,1,"availability refers to the ability of a distributed service to remain accessible and responsive when components fail. In Distributed System Design, the focus is on the analysis, design, implementation, interpretation, or evaluation of availability within Distributed Systems, particularly where the Distributed System Design module establishes its technical context.",SSD_COURSE_027_M7_S1,Semantically_Audited,Active,4.0,Subtopic
SUB_COURSE_027_M7_S2,partition tolerance,2,"partition tolerance refers to the ability to continue operating when network partitions prevent some nodes from communicating. In Distributed System Design, the focus is on the analysis, design, implementation, interpretation, or evaluation of partition tolerance within Distributed Systems, particularly where the Distributed System Design module establishes its technical context.",SSD_COURSE_027_M7_S2,Semantically_Audited,Active,4.0,Subtopic
SUB_COURSE_027_M7_S3,load balancing,3,"load balancing: Distribution of computational, network, or service workload across available resources to improve utilization, throughput, latency, or availability. In Distributed System Design, the focus is on concept-level scope: the defining mechanism, properties, constraints, and application criteria; curricular context is recorded in Concept_Category and Typical_Modules.",SSD_COURSE_027_M7_S3,Semantically_Audited,Active,4.0,Subtopic
SUB_COURSE_027_M7_S4,observability,4,"observability refers to the ability to infer distributed-system behaviour from logs, metrics, traces, and other telemetry. In Distributed System Design, the focus is on the analysis, design, implementation, interpretation, or evaluation of observability within Distributed Systems, particularly where the Distributed System Design module establishes its technical context.",SSD_COURSE_027_M7_S4,Semantically_Audited,Active,4.0,Subtopic
SUB_COURSE_027_M7_S5,performance trade-offs,5,"performance trade-offs: Design choices that balance latency, throughput, consistency, availability, resource use, and other system objectives. In Distributed System Design, the focus is on the analysis, design, implementation, interpretation, or evaluation of performance trade-offs within Distributed Systems, particularly where the Distributed System Design module establishes its technical context.",SSD_COURSE_027_M7_S5,Semantically_Audited,Active,4.0,Subtopic
SUB_COURSE_028_M1_S1,IaaS,1,"IaaS: Cloud delivery of virtualised or physical computing, storage, and networking resources that users configure and manage. In Cloud Computing Models, the focus is on the analysis, design, implementation, interpretation, or evaluation of IaaS within Cloud Computing and Virtualization, particularly where the Cloud Computing Models module establishes its technical context.",SSD_COURSE_028_M1_S1,Semantically_Audited,Active,4.0,Subtopic
SUB_COURSE_028_M1_S2,PaaS,2,"PaaS: Cloud delivery of a managed application platform on which users deploy code without managing the underlying infrastructure. In Cloud Computing Models, the focus is on the analysis, design, implementation, interpretation, or evaluation of PaaS within Cloud Computing and Virtualization, particularly where the Cloud Computing Models module establishes its technical context.",SSD_COURSE_028_M1_S2,Semantically_Audited,Active,4.0,Subtopic
SUB_COURSE_028_M1_S3,SaaS,3,"SaaS: Cloud delivery of complete software applications managed by the provider and accessed by users as a service. In Cloud Computing Models, the focus is on the analysis, design, implementation, interpretation, or evaluation of SaaS within Cloud Computing and Virtualization, particularly where the Cloud Computing Models module establishes its technical context.",SSD_COURSE_028_M1_S3,Semantically_Audited,Active,4.0,Subtopic
SUB_COURSE_028_M1_S4,public/private/hybrid cloud,4,"public/private/hybrid cloud: Cloud deployment models that differ in ownership, isolation, and combination of provider and organisational infrastructure. In Cloud Computing Models, the focus is on the analysis, design, implementation, interpretation, or evaluation of public/private/hybrid cloud within Cloud Computing and Virtualization, particularly where the Cloud Computing Models module establishes its technical context.",SSD_COURSE_028_M1_S4,Semantically_Audited,Active,4.0,Subtopic
SUB_COURSE_028_M1_S5,shared responsibility,5,"shared responsibility refers to a security model that divides operational and security responsibilities between the cloud provider and customer. In Cloud Computing Models, the focus is on the analysis, design, implementation, interpretation, or evaluation of shared responsibility within Cloud Computing and Virtualization, particularly where the Cloud Computing Models module establishes its technical context.",SSD_COURSE_028_M1_S5,Semantically_Audited,Active,4.0,Subtopic
SUB_COURSE_028_M2_S1,hypervisors,1,"hypervisors: Software or firmware layers that create and manage virtual machines by controlling access to physical computing resources. In Virtualization Technologies, the focus is on concept-level scope: the defining mechanism, properties, constraints, and application criteria; curricular context is recorded in Concept_Category and Typical_Modules.",SSD_COURSE_028_M2_S1,Semantically_Audited,Active,4.0,Subtopic
SUB_COURSE_028_M2_S2,virtual machines,2,"virtual machines: Software-defined computing environments that provide isolated execution of guest operating systems and applications on shared physical hardware. In Virtualization Technologies, the focus is on the analysis, design, implementation, interpretation, or evaluation of virtual machines within Cloud Computing and Virtualization, particularly where the Virtualization Technologies module establishes its technical context.",SSD_COURSE_028_M2_S2,Semantically_Audited,Active,4.0,Subtopic
SUB_COURSE_028_M2_S3,containers,3,"containers: OS-level application isolation units that package application code and dependencies while sharing a host operating-system kernel. In Virtualization Technologies, the focus is on concept-level scope: the defining mechanism, properties, constraints, and application criteria; curricular context is recorded in Concept_Category and Typical_Modules.",SSD_COURSE_028_M2_S3,Semantically_Audited,Active,4.0,Subtopic
SUB_COURSE_028_M2_S4,hardware virtualization,4,"hardware virtualization: Using a hypervisor or similar mechanism to create virtual machines from shared physical hardware. In Virtualization Technologies, the focus is on the analysis, design, implementation, interpretation, or evaluation of hardware virtualization within Cloud Computing and Virtualization, particularly where the Virtualization Technologies module establishes its technical context.",SSD_COURSE_028_M2_S4,Semantically_Audited,Active,4.0,Subtopic
SUB_COURSE_028_M2_S5,resource isolation,5,"resource isolation: Separating workloads so that one tenant or virtual machine cannot improperly affect another's resources or data. In Virtualization Technologies, the focus is on the analysis, design, implementation, interpretation, or evaluation of resource isolation within Cloud Computing and Virtualization, particularly where the Virtualization Technologies module establishes its technical context.",SSD_COURSE_028_M2_S5,Semantically_Audited,Active,4.0,Subtopic
SUB_COURSE_028_M3_S1,provisioning,1,"provisioning: Allocating and configuring cloud resources required to run a workload or service. In Cloud Resource Management, the focus is on the analysis, design, implementation, interpretation, or evaluation of provisioning within Cloud Computing and Virtualization, particularly where the Cloud Resource Management module establishes its technical context.",SSD_COURSE_028_M3_S1,Semantically_Audited,Active,4.0,Subtopic
SUB_COURSE_028_M3_S2,autoscaling,2,"autoscaling: Automatically increasing or decreasing resources in response to workload or policy conditions. In Cloud Resource Management, the focus is on the analysis, design, implementation, interpretation, or evaluation of autoscaling within Cloud Computing and Virtualization, particularly where the Cloud Resource Management module establishes its technical context.",SSD_COURSE_028_M3_S2,Semantically_Audited,Active,4.0,Subtopic
SUB_COURSE_028_M3_S3,scheduling,3,"scheduling: Selecting when and where cloud workloads should run subject to resource and policy constraints. In Cloud Resource Management, the focus is on the analysis, design, implementation, interpretation, or evaluation of scheduling within Cloud Computing and Virtualization, particularly where the Cloud Resource Management module establishes its technical context.",SSD_COURSE_028_M3_S3,Semantically_Audited,Active,4.0,Subtopic
SUB_COURSE_028_M3_S4,resource allocation,4,"resource allocation: Assigning compute, memory, storage, and network capacity to workloads according to defined objectives and constraints. In Cloud Resource Management, the focus is on the analysis, design, implementation, interpretation, or evaluation of resource allocation within Cloud Computing and Virtualization, particularly where the Cloud Resource Management module establishes its technical context.",SSD_COURSE_028_M3_S4,Semantically_Audited,Active,4.0,Subtopic
SUB_COURSE_028_M3_S5,capacity planning,5,"capacity planning: Estimating future resource demand and determining the compute, storage, network, or service capacity needed to meet performance and availability requirements. In Cloud Resource Management, the focus is on the analysis, design, implementation, interpretation, or evaluation of capacity planning within Cloud Computing and Virtualization, particularly where the Cloud Resource Management module establishes its technical context.",SSD_COURSE_028_M3_S5,Semantically_Audited,Active,4.0,Subtopic
SUB_COURSE_028_M4_S1,object storage,1,"object storage refers to a storage architecture in which data are managed as objects containing payload data, metadata, and a unique identifier within a logical namespace. In Cloud Storage and Data Services, the focus is on concept-level scope: the defining mechanism, properties, constraints, and application criteria; curricular context is recorded in Concept_Category and Typical_Modules.",SSD_COURSE_028_M4_S1,Semantically_Audited,Active,4.0,Subtopic
SUB_COURSE_028_M4_S2,block storage,2,"block storage: Storage presented as addressable blocks that operating systems or applications can format and manage. In Cloud Storage and Data Services, the focus is on the analysis, design, implementation, interpretation, or evaluation of block storage within Cloud Computing and Virtualization, particularly where the Cloud Storage and Data Services module establishes its technical context.",SSD_COURSE_028_M4_S2,Semantically_Audited,Active,4.0,Subtopic
SUB_COURSE_028_M4_S3,file storage,3,"file storage: Shared storage that organises data as files and directories accessed through a file-system interface. In Cloud Storage and Data Services, the focus is on the analysis, design, implementation, interpretation, or evaluation of file storage within Cloud Computing and Virtualization, particularly where the Cloud Storage and Data Services module establishes its technical context.",SSD_COURSE_028_M4_S3,Semantically_Audited,Active,4.0,Subtopic
SUB_COURSE_028_M4_S4,distributed databases,4,"distributed databases: Databases whose data and processing are distributed across multiple networked nodes. In Cloud Storage and Data Services, the focus is on the analysis, design, implementation, interpretation, or evaluation of distributed databases within Cloud Computing and Virtualization, particularly where the Cloud Storage and Data Services module establishes its technical context.",SSD_COURSE_028_M4_S4,Semantically_Audited,Active,4.0,Subtopic
SUB_COURSE_028_M4_S5,data durability,5,"data durability refers to the likelihood that stored data remains intact and recoverable despite failures or loss events. In Cloud Storage and Data Services, the focus is on the analysis, design, implementation, interpretation, or evaluation of data durability within Cloud Computing and Virtualization, particularly where the Cloud Storage and Data Services module establishes its technical context.",SSD_COURSE_028_M4_S5,Semantically_Audited,Active,4.0,Subtopic
SUB_COURSE_028_M5_S1,virtual networks,1,"virtual networks: Software-defined network structures that provide logical connectivity and isolation over shared infrastructure. In Cloud Networking, the focus is on the analysis, design, implementation, interpretation, or evaluation of virtual networks within Cloud Computing and Virtualization, particularly where the Cloud Networking module establishes its technical context.",SSD_COURSE_028_M5_S1,Semantically_Audited,Active,4.0,Subtopic
SUB_COURSE_028_M5_S2,subnets,2,"subnets: Logical subdivisions of an IP network used to organise addressing and routing. In Cloud Networking, the focus is on the analysis, design, implementation, interpretation, or evaluation of subnets within Cloud Computing and Virtualization, particularly where the Cloud Networking module establishes its technical context.",SSD_COURSE_028_M5_S2,Semantically_Audited,Active,4.0,Subtopic
SUB_COURSE_028_M5_S3,routing,3,"routing: Selection of paths through a network from a source to a destination according to addressing, topology, constraints, and routing policies. In Cloud Networking, the focus is on concept-level scope: the defining mechanism, properties, constraints, and application criteria; curricular context is recorded in Concept_Category and Typical_Modules.",SSD_COURSE_028_M5_S3,Semantically_Audited,Active,4.0,Subtopic
SUB_COURSE_028_M5_S4,load balancing,4,"load balancing: Distribution of computational, network, or service workload across available resources to improve utilization, throughput, latency, or availability. In Cloud Networking, the focus is on concept-level scope: the defining mechanism, properties, constraints, and application criteria; curricular context is recorded in Concept_Category and Typical_Modules.",SSD_COURSE_028_M5_S4,Semantically_Audited,Active,4.0,Subtopic
SUB_COURSE_028_M5_S5,service discovery,5,"service discovery: Mechanisms by which services find the network locations or endpoints of other services. In Cloud Networking, the focus is on the analysis, design, implementation, interpretation, or evaluation of service discovery within Cloud Computing and Virtualization, particularly where the Cloud Networking module establishes its technical context.",SSD_COURSE_028_M5_S5,Semantically_Audited,Active,4.0,Subtopic
SUB_COURSE_028_M5_S6,network security,6,"network security: Controls that protect cloud network traffic, interfaces, segments, and services from unauthorised access or attack. In Cloud Networking, the focus is on the analysis, design, implementation, interpretation, or evaluation of network security within Cloud Computing and Virtualization, particularly where the Cloud Networking module establishes its technical context.",SSD_COURSE_028_M5_S6,Semantically_Audited,Active,4.0,Subtopic
SUB_COURSE_028_M6_S1,infrastructure as code,1,"infrastructure as code: Defining infrastructure configuration in machine-readable files so it can be provisioned and changed consistently. In Cloud Orchestration and Automation, the focus is on the analysis, design, implementation, interpretation, or evaluation of infrastructure as code within Cloud Computing and Virtualization, particularly where the Cloud Orchestration and Automation module establishes its technical context.",SSD_COURSE_028_M6_S1,Semantically_Audited,Active,4.0,Subtopic
SUB_COURSE_028_M6_S2,configuration management,2,"configuration management: Controlling and maintaining system configuration states so that infrastructure remains consistent, reproducible, and auditable. In Cloud Orchestration and Automation, the focus is on the analysis, design, implementation, interpretation, or evaluation of configuration management within Cloud Computing and Virtualization, particularly where the Cloud Orchestration and Automation module establishes its technical context.",SSD_COURSE_028_M6_S2,Semantically_Audited,Active,4.0,Subtopic
SUB_COURSE_028_M6_S3,orchestration,3,"orchestration: Automated coordination of multiple resources, containers, services, or deployment steps. In Cloud Orchestration and Automation, the focus is on the analysis, design, implementation, interpretation, or evaluation of orchestration within Cloud Computing and Virtualization, particularly where the Cloud Orchestration and Automation module establishes its technical context.",SSD_COURSE_028_M6_S3,Semantically_Audited,Active,4.0,Subtopic
SUB_COURSE_028_M6_S4,service deployment,4,"service deployment refers to the process of releasing and configuring an application or service on cloud infrastructure. In Cloud Orchestration and Automation, the focus is on the analysis, design, implementation, interpretation, or evaluation of service deployment within Cloud Computing and Virtualization, particularly where the Cloud Orchestration and Automation module establishes its technical context.",SSD_COURSE_028_M6_S4,Semantically_Audited,Active,4.0,Subtopic
SUB_COURSE_028_M6_S5,autoscaling policies,5,"autoscaling policies: Rules that determine when and how cloud resources are added or removed in response to workload conditions. In Cloud Orchestration and Automation, the focus is on the analysis, design, implementation, interpretation, or evaluation of autoscaling policies within Cloud Computing and Virtualization, particularly where the Cloud Orchestration and Automation module establishes its technical context.",SSD_COURSE_028_M6_S5,Semantically_Audited,Active,4.0,Subtopic
SUB_COURSE_028_M7_S1,identity and access management,1,"identity and access management: Controls for identifying users or services and granting them appropriate access to cloud resources. In Cloud Security and Reliability, the focus is on the analysis, design, implementation, interpretation, or evaluation of identity and access management within Cloud Computing and Virtualization, particularly where the Cloud Security and Reliability module establishes its technical context.",SSD_COURSE_028_M7_S1,Semantically_Audited,Active,4.0,Subtopic
SUB_COURSE_028_M7_S2,encryption,2,"encryption: Transforming data using cryptographic methods so it cannot be read without the required key. In Cloud Security and Reliability, the focus is on the analysis, design, implementation, interpretation, or evaluation of encryption within Cloud Computing and Virtualization, particularly where the Cloud Security and Reliability module establishes its technical context.",SSD_COURSE_028_M7_S2,Semantically_Audited,Active,4.0,Subtopic
SUB_COURSE_028_M7_S3,isolation,3,"isolation: Keeping workloads, tenants, or security domains separated to prevent unintended access or interference. In Cloud Security and Reliability, the focus is on the analysis, design, implementation, interpretation, or evaluation of isolation within Cloud Computing and Virtualization, particularly where the Cloud Security and Reliability module establishes its technical context.",SSD_COURSE_028_M7_S3,Semantically_Audited,Active,4.0,Subtopic
SUB_COURSE_028_M7_S4,resilience,4,"resilience refers to the ability of a cloud service to continue or recover operation after component or infrastructure failures. In Cloud Security and Reliability, the focus is on the analysis, design, implementation, interpretation, or evaluation of resilience within Cloud Computing and Virtualization, particularly where the Cloud Security and Reliability module establishes its technical context.",SSD_COURSE_028_M7_S4,Semantically_Audited,Active,4.0,Subtopic
SUB_COURSE_028_M7_S5,backup and disaster recovery,5,"backup and disaster recovery: Practices for preserving recoverable copies of data and restoring services after data loss, equipment failure, or a disruptive event. In Cloud Security and Reliability, the focus is on the analysis, design, implementation, interpretation, or evaluation of backup and disaster recovery within Cloud Computing and Virtualization, particularly where the Cloud Security and Reliability module establishes its technical context.",SSD_COURSE_028_M7_S5,Semantically_Audited,Active,4.0,Subtopic
SUB_COURSE_029_M1_S1,site planning,1,"site planning: Selecting and arranging a data-centre site and its supporting infrastructure with regard to power, cooling, connectivity, risk, capacity, and expansion. In Data Center Architecture and Facilities, the focus is on the analysis, design, implementation, interpretation, or evaluation of site planning within Data Center Operations and Infrastructure, particularly where the Data Center Architecture and Facilities module establishes its technical context.",SSD_COURSE_029_M1_S1,Semantically_Audited,Active,4.0,Subtopic
SUB_COURSE_029_M1_S2,rack layout,2,"rack layout refers to the physical arrangement of servers, network equipment, power equipment, and cabling within data-center racks. In Data Center Architecture and Facilities, the focus is on the analysis, design, implementation, interpretation, or evaluation of rack layout within Data Center Operations and Infrastructure, particularly where the Data Center Architecture and Facilities module establishes its technical context.",SSD_COURSE_029_M1_S2,Semantically_Audited,Active,4.0,Subtopic
SUB_COURSE_029_M1_S3,power distribution,3,"power distribution: Arrangement and operation of electrical equipment and conductors used to distribute power from sources or upstream systems to loads at the required voltage and reliability level. In Data Center Architecture and Facilities, the focus is on concept-level scope: the defining mechanism, properties, constraints, and application criteria; curricular context is recorded in Concept_Category and Typical_Modules.",SSD_COURSE_029_M1_S3,Semantically_Audited,Active,4.0,Subtopic
SUB_COURSE_029_M1_S4,cooling architecture,4,"cooling architecture refers to the arrangement of cooling equipment, heat-transfer paths, airflow, and controls used to remove heat from data-centre spaces and IT equipment. In Data Center Architecture and Facilities, the focus is on the analysis, design, implementation, interpretation, or evaluation of cooling architecture within Data Center Operations and Infrastructure, particularly where the Data Center Architecture and Facilities module establishes its technical context.",SSD_COURSE_029_M1_S4,Semantically_Audited,Active,4.0,Subtopic
SUB_COURSE_029_M1_S5,physical security,5,"physical security: Measures that protect data-center facilities and equipment from unauthorised physical access, damage, or tampering. In Data Center Architecture and Facilities, the focus is on the analysis, design, implementation, interpretation, or evaluation of physical security within Data Center Operations and Infrastructure, particularly where the Data Center Architecture and Facilities module establishes its technical context.",SSD_COURSE_029_M1_S5,Semantically_Audited,Active,4.0,Subtopic
SUB_COURSE_029_M2_S1,server architectures,1,"server architectures refers to the hardware and system architectures used to provide compute capacity, including processors, memory, storage interfaces, accelerators, and interconnects. In Compute Infrastructure, the focus is on the analysis, design, implementation, interpretation, or evaluation of server architectures within Data Center Operations and Infrastructure, particularly where the Compute Infrastructure module establishes its technical context.",SSD_COURSE_029_M2_S1,Semantically_Audited,Active,4.0,Subtopic
SUB_COURSE_029_M2_S2,processors,2,"processors: Central processing units that execute instructions and perform general-purpose computational work. In Compute Infrastructure, the focus is on the analysis, design, implementation, interpretation, or evaluation of processors within Data Center Operations and Infrastructure, particularly where the Compute Infrastructure module establishes its technical context.",SSD_COURSE_029_M2_S2,Semantically_Audited,Active,4.0,Subtopic
SUB_COURSE_029_M2_S3,memory,3,"memory: High-speed storage used by processors to hold active instructions and data during computation. In Compute Infrastructure, the focus is on the analysis, design, implementation, interpretation, or evaluation of memory within Data Center Operations and Infrastructure, particularly where the Compute Infrastructure module establishes its technical context.",SSD_COURSE_029_M2_S3,Semantically_Audited,Active,4.0,Subtopic
SUB_COURSE_029_M2_S4,storage controllers,4,"storage controllers: Hardware or software components that manage data transfers between compute systems and storage devices or arrays. In Compute Infrastructure, the focus is on the analysis, design, implementation, interpretation, or evaluation of storage controllers within Data Center Operations and Infrastructure, particularly where the Compute Infrastructure module establishes its technical context.",SSD_COURSE_029_M2_S4,Semantically_Audited,Active,4.0,Subtopic
SUB_COURSE_029_M2_S5,accelerators,5,"accelerators: Specialised processors, such as GPUs or AI accelerators, designed to speed particular computational workloads. In Compute Infrastructure, the focus is on the analysis, design, implementation, interpretation, or evaluation of accelerators within Data Center Operations and Infrastructure, particularly where the Compute Infrastructure module establishes its technical context.",SSD_COURSE_029_M2_S5,Semantically_Audited,Active,4.0,Subtopic
SUB_COURSE_029_M2_S6,hardware lifecycle,6,"hardware lifecycle: Management of equipment from procurement and installation through operation, maintenance, upgrade, and retirement. In Compute Infrastructure, the focus is on the analysis, design, implementation, interpretation, or evaluation of hardware lifecycle within Data Center Operations and Infrastructure, particularly where the Compute Infrastructure module establishes its technical context.",SSD_COURSE_029_M2_S6,Semantically_Audited,Active,4.0,Subtopic
SUB_COURSE_029_M3_S1,Redundant Array of Independent Disks (RAID),1,"Redundant Array of Independent Disks (RAID) refers to a storage technique that combines multiple drives to provide defined levels of performance, redundancy, or fault tolerance. In Storage and Data Infrastructure, the focus is on the analysis, design, implementation, interpretation, or evaluation of RAID within Data Center Operations and Infrastructure, particularly where the Storage and Data Infrastructure module establishes its technical context.",SSD_COURSE_029_M3_S1,Semantically_Audited,Active,4.0,Subtopic
SUB_COURSE_029_M3_S2,Storage Area Network (SAN),2,"Storage Area Network (SAN) refers to a dedicated storage network that provides block-level access to shared storage systems. In Storage and Data Infrastructure, the focus is on the analysis, design, implementation, interpretation, or evaluation of SAN within Data Center Operations and Infrastructure, particularly where the Storage and Data Infrastructure module establishes its technical context.",SSD_COURSE_029_M3_S2,Semantically_Audited,Active,4.0,Subtopic
SUB_COURSE_029_M3_S3,Network Attached Storage (NAS),3,"Network Attached Storage (NAS) refers to a network-attached storage system that provides shared file-level access to data. In Storage and Data Infrastructure, the focus is on the analysis, design, implementation, interpretation, or evaluation of NAS within Data Center Operations and Infrastructure, particularly where the Storage and Data Infrastructure module establishes its technical context.",SSD_COURSE_029_M3_S3,Semantically_Audited,Active,4.0,Subtopic
SUB_COURSE_029_M3_S4,object storage,4,"object storage refers to a storage architecture in which data are managed as objects containing payload data, metadata, and a unique identifier within a logical namespace. In Storage and Data Infrastructure, the focus is on concept-level scope: the defining mechanism, properties, constraints, and application criteria; curricular context is recorded in Concept_Category and Typical_Modules.",SSD_COURSE_029_M3_S4,Semantically_Audited,Active,4.0,Subtopic
SUB_COURSE_029_M3_S5,backup,5,"backup refers to a separate copy of data maintained so it can be restored after deletion, corruption, or system failure. In Storage and Data Infrastructure, the focus is on the analysis, design, implementation, interpretation, or evaluation of backup within Data Center Operations and Infrastructure, particularly where the Storage and Data Infrastructure module establishes its technical context.",SSD_COURSE_029_M3_S5,Semantically_Audited,Active,4.0,Subtopic
SUB_COURSE_029_M3_S6,data protection,6,"data protection: Measures that preserve the confidentiality, integrity, availability, and recoverability of data throughout its storage, processing, and transfer. In Storage and Data Infrastructure, the focus is on the analysis, design, implementation, interpretation, or evaluation of data protection within Data Center Operations and Infrastructure, particularly where the Storage and Data Infrastructure module establishes its technical context.",SSD_COURSE_029_M3_S6,Semantically_Audited,Active,4.0,Subtopic
SUB_COURSE_029_M4_S1,topologies,1,"topologies: Physical or logical arrangements describing how data-center network devices and links are interconnected. In Data Center Networking, the focus is on the analysis, design, implementation, interpretation, or evaluation of topologies within Data Center Operations and Infrastructure, particularly where the Data Center Networking module establishes its technical context.",SSD_COURSE_029_M4_S1,Semantically_Audited,Active,4.0,Subtopic
SUB_COURSE_029_M4_S2,switching,2,"switching: Forwarding network frames between connected devices using switching decisions based on address information. In Data Center Networking, the focus is on the analysis, design, implementation, interpretation, or evaluation of switching within Data Center Operations and Infrastructure, particularly where the Data Center Networking module establishes its technical context.",SSD_COURSE_029_M4_S2,Semantically_Audited,Active,4.0,Subtopic
SUB_COURSE_029_M4_S3,routing,3,"routing: Selection of paths through a network from a source to a destination according to addressing, topology, constraints, and routing policies. In Data Center Networking, the focus is on concept-level scope: the defining mechanism, properties, constraints, and application criteria; curricular context is recorded in Concept_Category and Typical_Modules.",SSD_COURSE_029_M4_S3,Semantically_Audited,Active,4.0,Subtopic
SUB_COURSE_029_M4_S4,load balancing,4,"load balancing: Distribution of computational, network, or service workload across available resources to improve utilization, throughput, latency, or availability. In Data Center Networking, the focus is on concept-level scope: the defining mechanism, properties, constraints, and application criteria; curricular context is recorded in Concept_Category and Typical_Modules.",SSD_COURSE_029_M4_S4,Semantically_Audited,Active,4.0,Subtopic
SUB_COURSE_029_M4_S5,network virtualization,5,"network virtualization: Creating logical networks, segments, or network functions independently of fixed physical network connections. In Data Center Networking, the focus is on the analysis, design, implementation, interpretation, or evaluation of network virtualization within Data Center Operations and Infrastructure, particularly where the Data Center Networking module establishes its technical context.",SSD_COURSE_029_M4_S5,Semantically_Audited,Active,4.0,Subtopic
SUB_COURSE_029_M4_S6,high-availability design,6,"high-availability design: Designing infrastructure to maintain service availability despite component failures through redundancy, fault isolation, failover, and maintainability. In Data Center Networking, the focus is on the analysis, design, implementation, interpretation, or evaluation of high-availability design within Data Center Operations and Infrastructure, particularly where the Data Center Networking module establishes its technical context.",SSD_COURSE_029_M4_S6,Semantically_Audited,Active,4.0,Subtopic
SUB_COURSE_029_M5_S1,Uninterruptible Power Supply (UPS),1,"UPS: Uninterruptible power supply systems that provide conditioned electrical power and temporary ride-through or backup power to loads when the normal supply is disturbed or unavailable. In Power Systems and Energy Management, the focus is on concept-level scope: the defining mechanism, properties, constraints, and application criteria; curricular context is recorded in Concept_Category and Typical_Modules.",SSD_COURSE_029_M5_S1,Semantically_Audited,Active,4.0,Subtopic
SUB_COURSE_029_M5_S2,generators,2,"generators: Machines that convert mechanical energy into electrical energy through electromagnetic induction and supply electrical loads or power-system networks. In Power Systems and Energy Management, the focus is on concept-level scope: the defining mechanism, properties, constraints, and application criteria; curricular context is recorded in Concept_Category and Typical_Modules.",SSD_COURSE_029_M5_S2,Semantically_Audited,Active,4.0,Subtopic
SUB_COURSE_029_M5_S3,power distribution,3,"power distribution: Arrangement and operation of electrical equipment and conductors used to distribute power from sources or upstream systems to loads at the required voltage and reliability level. In Power Systems and Energy Management, the focus is on concept-level scope: the defining mechanism, properties, constraints, and application criteria; curricular context is recorded in Concept_Category and Typical_Modules.",SSD_COURSE_029_M5_S3,Semantically_Audited,Active,4.0,Subtopic
SUB_COURSE_029_M5_S4,Power Usage Effectiveness (PUE),4,"PUE: Power Usage Effectiveness, the ratio of total data-center facility energy to energy delivered to IT equipment. In Power Systems and Energy Management, the focus is on the analysis, design, implementation, interpretation, or evaluation of PUE within Data Center Operations and Infrastructure, particularly where the Power Systems and Energy Management module establishes its technical context.",SSD_COURSE_029_M5_S4,Semantically_Audited,Active,4.0,Subtopic
SUB_COURSE_029_M5_S5,demand management,5,"demand management: Managing computing or facility demand to control capacity, power use, cost, or peak loads. In Power Systems and Energy Management, the focus is on the analysis, design, implementation, interpretation, or evaluation of demand management within Data Center Operations and Infrastructure, particularly where the Power Systems and Energy Management module establishes its technical context.",SSD_COURSE_029_M5_S5,Semantically_Audited,Active,4.0,Subtopic
SUB_COURSE_029_M5_S6,power quality,6,"power quality refers to the characteristics of electrical power, including voltage variation, frequency deviation, harmonics, transients, and interruptions, that affect equipment operation. In Power Systems and Energy Management, the focus is on the analysis, design, implementation, interpretation, or evaluation of power quality within Data Center Operations and Infrastructure, particularly where the Power Systems and Energy Management module establishes its technical context.",SSD_COURSE_029_M5_S6,Semantically_Audited,Active,4.0,Subtopic
SUB_COURSE_029_M6_S1,Computer Room Air Conditioner / Computer Room Air Handler (CRAC/CRAH),1,"CRAC/CRAH: Computer-room air-conditioning or air-handler systems used to remove heat and condition data-center air. In Cooling and Thermal Management, the focus is on the analysis, design, implementation, interpretation, or evaluation of CRAC/CRAH within Data Center Operations and Infrastructure, particularly where the Cooling and Thermal Management module establishes its technical context.",SSD_COURSE_029_M6_S1,Semantically_Audited,Active,4.0,Subtopic
SUB_COURSE_029_M6_S2,chilled water,2,"chilled water: Water circulated through cooling equipment to remove heat from data-center air or IT equipment. In Cooling and Thermal Management, the focus is on the analysis, design, implementation, interpretation, or evaluation of chilled water within Data Center Operations and Infrastructure, particularly where the Cooling and Thermal Management module establishes its technical context.",SSD_COURSE_029_M6_S2,Semantically_Audited,Active,4.0,Subtopic
SUB_COURSE_029_M6_S3,airflow management,3,"airflow management: Controlling supply, return, pressure, and equipment layout to deliver cooling air where heat is generated. In Cooling and Thermal Management, the focus is on the analysis, design, implementation, interpretation, or evaluation of airflow management within Data Center Operations and Infrastructure, particularly where the Cooling and Thermal Management module establishes its technical context.",SSD_COURSE_029_M6_S3,Semantically_Audited,Active,4.0,Subtopic
SUB_COURSE_029_M6_S4,heat rejection,4,"heat rejection: Transfer of heat from a data-centre cooling system to the surrounding environment through air, water, or other heat-rejection systems. In Cooling and Thermal Management, the focus is on the analysis, design, implementation, interpretation, or evaluation of heat rejection within Data Center Operations and Infrastructure, particularly where the Cooling and Thermal Management module establishes its technical context.",SSD_COURSE_029_M6_S4,Semantically_Audited,Active,4.0,Subtopic
SUB_COURSE_029_M6_S5,thermal monitoring,5,"thermal monitoring: Measuring temperatures and thermal conditions to detect hotspots, cooling problems, and capacity limits. In Cooling and Thermal Management, the focus is on the analysis, design, implementation, interpretation, or evaluation of thermal monitoring within Data Center Operations and Infrastructure, particularly where the Cooling and Thermal Management module establishes its technical context.",SSD_COURSE_029_M6_S5,Semantically_Audited,Active,4.0,Subtopic
SUB_COURSE_029_M7_S1,hypervisors,1,"hypervisors: Software or firmware layers that create and manage virtual machines by controlling access to physical computing resources. In Virtualization and Infrastructure Management, the focus is on concept-level scope: the defining mechanism, properties, constraints, and application criteria; curricular context is recorded in Concept_Category and Typical_Modules.",SSD_COURSE_029_M7_S1,Semantically_Audited,Active,4.0,Subtopic
SUB_COURSE_029_M7_S2,containers,2,"containers: OS-level application isolation units that package application code and dependencies while sharing a host operating-system kernel. In Virtualization and Infrastructure Management, the focus is on concept-level scope: the defining mechanism, properties, constraints, and application criteria; curricular context is recorded in Concept_Category and Typical_Modules.",SSD_COURSE_029_M7_S2,Semantically_Audited,Active,4.0,Subtopic
SUB_COURSE_029_M7_S3,resource pools,3,"resource pools: Groups of shared compute, memory, storage, or network resources allocated to workloads as needed. In Virtualization and Infrastructure Management, the focus is on the analysis, design, implementation, interpretation, or evaluation of resource pools within Data Center Operations and Infrastructure, particularly where the Virtualization and Infrastructure Management module establishes its technical context.",SSD_COURSE_029_M7_S3,Semantically_Audited,Active,4.0,Subtopic
SUB_COURSE_029_M7_S4,capacity management,4,"capacity management: Planning and tracking available and required power, cooling, space, compute, storage, and network capacity. In Virtualization and Infrastructure Management, the focus is on the analysis, design, implementation, interpretation, or evaluation of capacity management within Data Center Operations and Infrastructure, particularly where the Virtualization and Infrastructure Management module establishes its technical context.",SSD_COURSE_029_M7_S4,Semantically_Audited,Active,4.0,Subtopic
SUB_COURSE_029_M7_S5,infrastructure automation,5,"infrastructure automation: Automating provisioning, configuration, monitoring, and operational changes across data-center infrastructure. In Virtualization and Infrastructure Management, the focus is on the analysis, design, implementation, interpretation, or evaluation of infrastructure automation within Data Center Operations and Infrastructure, particularly where the Virtualization and Infrastructure Management module establishes its technical context.",SSD_COURSE_029_M7_S5,Semantically_Audited,Active,4.0,Subtopic
SUB_COURSE_029_M8_S1,Data Center Infrastructure Management (DCIM),1,"DCIM: Data Center Infrastructure Management tools and practices for monitoring and managing facility and IT infrastructure. In Monitoring, Reliability and Emerging Technologies, the focus is on the analysis, design, implementation, interpretation, or evaluation of DCIM within Data Center Operations and Infrastructure, particularly where the Monitoring, Reliability and Emerging Technologies module establishes its technical context.",SSD_COURSE_029_M8_S1,Semantically_Audited,Active,4.0,Subtopic
SUB_COURSE_029_M8_S2,telemetry,2,"telemetry: Operational measurements collected from infrastructure and equipment for monitoring, analysis, and control. In Monitoring, Reliability and Emerging Technologies, the focus is on the analysis, design, implementation, interpretation, or evaluation of telemetry within Data Center Operations and Infrastructure, particularly where the Monitoring, Reliability and Emerging Technologies module establishes its technical context.",SSD_COURSE_029_M8_S2,Semantically_Audited,Active,4.0,Subtopic
SUB_COURSE_029_M8_S3,incident management,3,"incident management: Processes for detecting, responding to, resolving, and learning from data-center service incidents. In Monitoring, Reliability and Emerging Technologies, the focus is on the analysis, design, implementation, interpretation, or evaluation of incident management within Data Center Operations and Infrastructure, particularly where the Monitoring, Reliability and Emerging Technologies module establishes its technical context.",SSD_COURSE_029_M8_S3,Semantically_Audited,Active,4.0,Subtopic
SUB_COURSE_029_M8_S4,redundancy,4,"redundancy: Provision of duplicate or alternative components, paths, or resources so that loss or failure of one element does not necessarily cause loss of required service. In Monitoring, Reliability and Emerging Technologies, the focus is on concept-level scope: the defining mechanism, properties, constraints, and application criteria; curricular context is recorded in Concept_Category and Typical_Modules.",SSD_COURSE_029_M8_S4,Semantically_Audited,Active,4.0,Subtopic
SUB_COURSE_029_M8_S5,liquid cooling,5,"liquid cooling: Cooling methods that use liquid to remove heat from high-density IT equipment more effectively than air alone. In Monitoring, Reliability and Emerging Technologies, the focus is on the analysis, design, implementation, interpretation, or evaluation of liquid cooling within Data Center Operations and Infrastructure, particularly where the Monitoring, Reliability and Emerging Technologies module establishes its technical context.",SSD_COURSE_029_M8_S5,Semantically_Audited,Active,4.0,Subtopic
SUB_COURSE_029_M8_S6,edge computing,6,"edge computing: Placing computing and data-processing resources close to data sources or users to reduce latency or network load. In Monitoring, Reliability and Emerging Technologies, the focus is on the analysis, design, implementation, interpretation, or evaluation of edge computing within Data Center Operations and Infrastructure, particularly where the Monitoring, Reliability and Emerging Technologies module establishes its technical context.",SSD_COURSE_029_M8_S6,Semantically_Audited,Active,4.0,Subtopic
SUB_COURSE_030_M1_S1,cement chemistry,1,"cement chemistry: Chemical composition and reactions of cement phases that control hydration, setting, strength development, and durability. In Cement and Supplementary Materials, the focus is on the analysis, design, implementation, interpretation, or evaluation of cement chemistry within Concrete Technology, particularly where the Cement and Supplementary Materials module establishes its technical context.",SSD_COURSE_030_M1_S1,Semantically_Audited,Active,4.0,Subtopic
SUB_COURSE_030_M1_S2,hydration,2,"hydration: Chemical reactions between cement and water that form hydration products and cause concrete to set and harden. In Cement and Supplementary Materials, the focus is on the analysis, design, implementation, interpretation, or evaluation of hydration within Concrete Technology, particularly where the Cement and Supplementary Materials module establishes its technical context.",SSD_COURSE_030_M1_S2,Semantically_Audited,Active,4.0,Subtopic
SUB_COURSE_030_M1_S3,supplementary cementitious materials,3,"supplementary cementitious materials: Reactive or partly reactive mineral materials used with cement to modify concrete properties and reduce the proportion of Portland cement, such as fly ash, slag, or silica fume. In Cement and Supplementary Materials, the focus is on the analysis, design, implementation, interpretation, or evaluation of supplementary cementitious materials within Concrete Technology, particularly where the Cement and Supplementary Materials module establishes its technical context.",SSD_COURSE_030_M1_S3,Semantically_Audited,Active,4.0,Subtopic
SUB_COURSE_030_M1_S4,blended cements,4,"blended cements: Cements containing supplementary cementitious materials or other constituents that modify performance and durability. In Cement and Supplementary Materials, the focus is on the analysis, design, implementation, interpretation, or evaluation of blended cements within Concrete Technology, particularly where the Cement and Supplementary Materials module establishes its technical context.",SSD_COURSE_030_M1_S4,Semantically_Audited,Active,4.0,Subtopic
SUB_COURSE_030_M2_S1,aggregate grading,1,"aggregate grading refers to the distribution of aggregate particle sizes used to control packing, workability, voids, and concrete proportions. In Aggregates and Mix Constituents, the focus is on the analysis, design, implementation, interpretation, or evaluation of aggregate grading within Concrete Technology, particularly where the Aggregates and Mix Constituents module establishes its technical context.",SSD_COURSE_030_M2_S1,Semantically_Audited,Active,4.0,Subtopic
SUB_COURSE_030_M2_S2,shape and texture,2,"shape and texture: Aggregate particle shape and surface texture that influence packing, workability, paste demand, and bond. In Aggregates and Mix Constituents, the focus is on the analysis, design, implementation, interpretation, or evaluation of shape and texture within Concrete Technology, particularly where the Aggregates and Mix Constituents module establishes its technical context.",SSD_COURSE_030_M2_S2,Semantically_Audited,Active,4.0,Subtopic
SUB_COURSE_030_M2_S3,moisture,3,"moisture: Water present in aggregates, which affects the effective mixing water and concrete mix proportions. In Aggregates and Mix Constituents, the focus is on the analysis, design, implementation, interpretation, or evaluation of moisture within Concrete Technology, particularly where the Aggregates and Mix Constituents module establishes its technical context.",SSD_COURSE_030_M2_S3,Semantically_Audited,Active,4.0,Subtopic
SUB_COURSE_030_M2_S4,admixtures,4,"admixtures: Materials added in small quantities to concrete to modify properties such as workability, setting, strength, or durability. In Aggregates and Mix Constituents, the focus is on the analysis, design, implementation, interpretation, or evaluation of admixtures within Concrete Technology, particularly where the Aggregates and Mix Constituents module establishes its technical context.",SSD_COURSE_030_M2_S4,Semantically_Audited,Active,4.0,Subtopic
SUB_COURSE_030_M2_S5,mixing water,5,"mixing water: Water added to a concrete mixture to enable hydration and provide the required workability. In Aggregates and Mix Constituents, the focus is on the analysis, design, implementation, interpretation, or evaluation of mixing water within Concrete Technology, particularly where the Aggregates and Mix Constituents module establishes its technical context.",SSD_COURSE_030_M2_S5,Semantically_Audited,Active,4.0,Subtopic
SUB_COURSE_030_M3_S1,water-cement ratio,1,"water-cement ratio refers to the mass ratio of mixing water to cement, strongly affecting concrete strength, permeability, and durability. In Concrete Mix Design, the focus is on the analysis, design, implementation, interpretation, or evaluation of water-cement ratio within Concrete Technology, particularly where the Concrete Mix Design module establishes its technical context.",SSD_COURSE_030_M3_S1,Semantically_Audited,Active,4.0,Subtopic
SUB_COURSE_030_M3_S2,absolute volume method,2,"absolute volume method refers to a mix-design method that proportions concrete constituents by their absolute volumes so the total volume equals the batch volume. In Concrete Mix Design, the focus is on the analysis, design, implementation, interpretation, or evaluation of absolute volume method within Concrete Technology, particularly where the Concrete Mix Design module establishes its technical context.",SSD_COURSE_030_M3_S2,Semantically_Audited,Active,4.0,Subtopic
SUB_COURSE_030_M3_S3,target strength,3,"target strength refers to the specified average strength used in mix design to provide the required probability of achieving characteristic strength. In Concrete Mix Design, the focus is on the analysis, design, implementation, interpretation, or evaluation of target strength within Concrete Technology, particularly where the Concrete Mix Design module establishes its technical context.",SSD_COURSE_030_M3_S3,Semantically_Audited,Active,4.0,Subtopic
SUB_COURSE_030_M3_S4,workability,4,"workability refers to the ease with which fresh concrete can be mixed, transported, placed, compacted, and finished while maintaining the required uniformity and stability. In Concrete Mix Design, the focus is on concept-level scope: the defining mechanism, properties, constraints, and application criteria; curricular context is recorded in Concept_Category and Typical_Modules.",SSD_COURSE_030_M3_S4,Semantically_Audited,Active,4.0,Subtopic
SUB_COURSE_030_M3_S5,proportioning,5,"proportioning: Determining the quantities of cementitious material, aggregate, water, and admixtures required for a concrete mix. In Concrete Mix Design, the focus is on the analysis, design, implementation, interpretation, or evaluation of proportioning within Concrete Technology, particularly where the Concrete Mix Design module establishes its technical context.",SSD_COURSE_030_M3_S5,Semantically_Audited,Active,4.0,Subtopic
SUB_COURSE_030_M4_S1,workability,1,"workability refers to the ease with which fresh concrete can be mixed, transported, placed, compacted, and finished while maintaining the required uniformity and stability. In Fresh Concrete, the focus is on concept-level scope: the defining mechanism, properties, constraints, and application criteria; curricular context is recorded in Concept_Category and Typical_Modules.",SSD_COURSE_030_M4_S1,Semantically_Audited,Active,4.0,Subtopic
SUB_COURSE_030_M4_S2,segregation,2,"segregation: Separation of coarse aggregate from mortar or paste during handling, placing, or compaction of concrete. In Fresh Concrete, the focus is on the analysis, design, implementation, interpretation, or evaluation of segregation within Concrete Technology, particularly where the Fresh Concrete module establishes its technical context.",SSD_COURSE_030_M4_S2,Semantically_Audited,Active,4.0,Subtopic
SUB_COURSE_030_M4_S3,bleeding,3,"bleeding: Upward movement of water to the concrete surface as solid particles settle after placement. In Fresh Concrete, the focus is on the analysis, design, implementation, interpretation, or evaluation of bleeding within Concrete Technology, particularly where the Fresh Concrete module establishes its technical context.",SSD_COURSE_030_M4_S3,Semantically_Audited,Active,4.0,Subtopic
SUB_COURSE_030_M4_S4,setting,4,"setting refers to the transition of cement paste from a fluid state to a rigid state during hydration. In Fresh Concrete, the focus is on the analysis, design, implementation, interpretation, or evaluation of setting within Concrete Technology, particularly where the Fresh Concrete module establishes its technical context.",SSD_COURSE_030_M4_S4,Semantically_Audited,Active,4.0,Subtopic
SUB_COURSE_030_M4_S5,placing,5,"placing: Depositing fresh concrete into its required position while maintaining uniformity and avoiding defects. In Fresh Concrete, the focus is on the analysis, design, implementation, interpretation, or evaluation of placing within Concrete Technology, particularly where the Fresh Concrete module establishes its technical context.",SSD_COURSE_030_M4_S5,Semantically_Audited,Active,4.0,Subtopic
SUB_COURSE_030_M4_S6,compaction,6,"compaction: Removing entrapped air from fresh concrete to achieve adequate density and contact with reinforcement or formwork. In Fresh Concrete, the focus is on the analysis, design, implementation, interpretation, or evaluation of compaction within Concrete Technology, particularly where the Fresh Concrete module establishes its technical context.",SSD_COURSE_030_M4_S6,Semantically_Audited,Active,4.0,Subtopic
SUB_COURSE_030_M5_S1,strength,1,"strength refers to the capacity of hardened concrete to resist specified mechanical actions such as compression, tension, or flexure. In Hardened Concrete, the focus is on the analysis, design, implementation, interpretation, or evaluation of strength within Concrete Technology, particularly where the Hardened Concrete module establishes its technical context.",SSD_COURSE_030_M5_S1,Semantically_Audited,Active,4.0,Subtopic
SUB_COURSE_030_M5_S2,modulus,2,"modulus refers to a measure of concrete stiffness relating stress to strain within the applicable range of behaviour. In Hardened Concrete, the focus is on the analysis, design, implementation, interpretation, or evaluation of modulus within Concrete Technology, particularly where the Hardened Concrete module establishes its technical context.",SSD_COURSE_030_M5_S2,Semantically_Audited,Active,4.0,Subtopic
SUB_COURSE_030_M5_S3,shrinkage,3,"shrinkage: Volume reduction in concrete caused by moisture loss, chemical reactions, or other mechanisms independent of external loading. In Hardened Concrete, the focus is on the analysis, design, implementation, interpretation, or evaluation of shrinkage within Concrete Technology, particularly where the Hardened Concrete module establishes its technical context.",SSD_COURSE_030_M5_S3,Semantically_Audited,Active,4.0,Subtopic
SUB_COURSE_030_M5_S4,creep,4,"creep: Time-dependent deformation of concrete under sustained stress. In Hardened Concrete, the focus is on the analysis, design, implementation, interpretation, or evaluation of creep within Concrete Technology, particularly where the Hardened Concrete module establishes its technical context.",SSD_COURSE_030_M5_S4,Semantically_Audited,Active,4.0,Subtopic
SUB_COURSE_030_M5_S5,permeability,5,"permeability refers to the ability of concrete to allow fluids or gases to pass through its pore structure. In Hardened Concrete, the focus is on the analysis, design, implementation, interpretation, or evaluation of permeability within Concrete Technology, particularly where the Hardened Concrete module establishes its technical context.",SSD_COURSE_030_M5_S5,Semantically_Audited,Active,4.0,Subtopic
SUB_COURSE_030_M5_S6,microstructure,6,"microstructure refers to the internal arrangement of cement paste, aggregates, pores, and interfaces that controls many concrete properties. In Hardened Concrete, the focus is on the analysis, design, implementation, interpretation, or evaluation of microstructure within Concrete Technology, particularly where the Hardened Concrete module establishes its technical context.",SSD_COURSE_030_M5_S6,Semantically_Audited,Active,4.0,Subtopic
SUB_COURSE_030_M6_S1,batching,1,"batching: Measuring concrete constituents in specified quantities before mixing. In Concrete Production and Quality Control, the focus is on the analysis, design, implementation, interpretation, or evaluation of batching within Concrete Technology, particularly where the Concrete Production and Quality Control module establishes its technical context.",SSD_COURSE_030_M6_S1,Semantically_Audited,Active,4.0,Subtopic
SUB_COURSE_030_M6_S2,mixing,2,"mixing: Combining concrete constituents until a sufficiently uniform mixture is obtained. In Concrete Production and Quality Control, the focus is on the analysis, design, implementation, interpretation, or evaluation of mixing within Concrete Technology, particularly where the Concrete Production and Quality Control module establishes its technical context.",SSD_COURSE_030_M6_S2,Semantically_Audited,Active,4.0,Subtopic
SUB_COURSE_030_M6_S3,transport,3,"transport: Moving fresh concrete from the mixer to the placing location while limiting segregation and loss of workability. In Concrete Production and Quality Control, the focus is on the analysis, design, implementation, interpretation, or evaluation of transport within Concrete Technology, particularly where the Concrete Production and Quality Control module establishes its technical context.",SSD_COURSE_030_M6_S3,Semantically_Audited,Active,4.0,Subtopic
SUB_COURSE_030_M6_S4,sampling,4,"sampling: Obtaining representative concrete samples for testing and quality-control decisions. In Concrete Production and Quality Control, the focus is on the analysis, design, implementation, interpretation, or evaluation of sampling within Concrete Technology, particularly where the Concrete Production and Quality Control module establishes its technical context.",SSD_COURSE_030_M6_S4,Semantically_Audited,Active,4.0,Subtopic
SUB_COURSE_030_M6_S5,statistical quality control,5,"statistical quality control: Use of control charts, process statistics, sampling, and acceptance criteria to monitor concrete production consistency and detect significant variation. In Concrete Production and Quality Control, the focus is on the analysis, design, implementation, interpretation, or evaluation of statistical quality control within Concrete Technology, particularly where the Concrete Production and Quality Control module establishes its technical context.",SSD_COURSE_030_M6_S5,Semantically_Audited,Active,4.0,Subtopic
SUB_COURSE_030_M7_S1,freeze-thaw,1,"freeze-thaw: Deterioration caused by repeated freezing and thawing of water within concrete pores. In Durability and Special Concretes, the focus is on the analysis, design, implementation, interpretation, or evaluation of freeze-thaw within Concrete Technology, particularly where the Durability and Special Concretes module establishes its technical context.",SSD_COURSE_030_M7_S1,Semantically_Audited,Active,4.0,Subtopic
SUB_COURSE_030_M7_S2,chloride ingress,2,"chloride ingress: Movement of chloride ions into concrete, potentially leading to corrosion of embedded steel reinforcement. In Durability and Special Concretes, the focus is on the analysis, design, implementation, interpretation, or evaluation of chloride ingress within Concrete Technology, particularly where the Durability and Special Concretes module establishes its technical context.",SSD_COURSE_030_M7_S2,Semantically_Audited,Active,4.0,Subtopic
SUB_COURSE_030_M7_S3,sulfate attack,3,"sulfate attack: Deterioration caused by reactions between sulfate-bearing environments and cementitious constituents in concrete. In Durability and Special Concretes, the focus is on the analysis, design, implementation, interpretation, or evaluation of sulfate attack within Concrete Technology, particularly where the Durability and Special Concretes module establishes its technical context.",SSD_COURSE_030_M7_S3,Semantically_Audited,Active,4.0,Subtopic
SUB_COURSE_030_M7_S4,alkali-silica reaction,4,"alkali-silica reaction refers to a deleterious reaction between reactive silica in aggregate and alkalis in cementitious pore solution that can produce expansive gel and concrete cracking. In Durability and Special Concretes, the focus is on the analysis, design, implementation, interpretation, or evaluation of alkali-silica reaction within Concrete Technology, particularly where the Durability and Special Concretes module establishes its technical context.",SSD_COURSE_030_M7_S4,Semantically_Audited,Active,4.0,Subtopic
SUB_COURSE_030_M7_S5,high-performance and fiber-reinforced concrete,5,"high-performance and fiber-reinforced concrete: Concrete designed for enhanced mechanical or durability performance, with fibres used to improve properties such as crack control, toughness, or post-cracking behaviour. In Durability and Special Concretes, the focus is on the analysis, design, implementation, interpretation, or evaluation of high-performance and fiber-reinforced concrete within Concrete Technology, particularly where the Durability and Special Concretes module establishes its technical context.",SSD_COURSE_030_M7_S5,Semantically_Audited,Active,4.0,Subtopic
SUB_COURSE_031_M1_S1,borings,1,"borings: Boreholes made during site investigation to determine subsurface strata, groundwater conditions, and obtain samples or test data. In Site Investigation and Subsurface Characterization, the focus is on the analysis, design, implementation, interpretation, or evaluation of borings within Foundation Engineering, particularly where the Site Investigation and Subsurface Characterization module establishes its technical context.",SSD_COURSE_031_M1_S1,Semantically_Audited,Active,4.0,Subtopic
SUB_COURSE_031_M1_S2,Geotechnical sampling,2,"Geotechnical sampling: Collection of representative soil, rock, groundwater, or other subsurface samples for laboratory characterization and design decisions, with attention to sample disturbance and representativeness. In Site Investigation and Subsurface Characterization, the focus is on curricular scope: Foundation Engineering; The concept is represented at the level of the stated mechanism, properties, constraints, and application criteria.",SSD_COURSE_031_M1_S2,Semantically_Audited,Active,4.0,Subtopic
SUB_COURSE_031_M1_S3,in-situ testing,3,"in-situ testing: Field testing of soil or ground conditions at their natural location to estimate engineering properties used in site characterization and foundation design. In Site Investigation and Subsurface Characterization, the focus is on the analysis, design, implementation, interpretation, or evaluation of in-situ testing within Foundation Engineering, particularly where the Site Investigation and Subsurface Characterization module establishes its technical context.",SSD_COURSE_031_M1_S3,Semantically_Audited,Active,4.0,Subtopic
SUB_COURSE_031_M1_S4,groundwater,4,"groundwater: Water occupying the saturated zone beneath the ground surface and stored or transmitted through soil and rock formations. In Site Investigation and Subsurface Characterization, the focus is on concept-level scope: the defining mechanism, properties, constraints, and application criteria; curricular context is recorded in Concept_Category and Typical_Modules.",SSD_COURSE_031_M1_S4,Semantically_Audited,Active,4.0,Subtopic
SUB_COURSE_031_M1_S5,stratigraphy,5,"stratigraphy refers to the sequence, thickness, and characteristics of soil or rock layers at a site. In Site Investigation and Subsurface Characterization, the focus is on the analysis, design, implementation, interpretation, or evaluation of stratigraphy within Foundation Engineering, particularly where the Site Investigation and Subsurface Characterization module establishes its technical context.",SSD_COURSE_031_M1_S5,Semantically_Audited,Active,4.0,Subtopic
SUB_COURSE_031_M2_S1,unit weight,1,"unit weight: Weight per unit volume of soil, used in stress, bearing-capacity, and earth-pressure calculations. In Soil Parameters for Foundation Design, the focus is on the analysis, design, implementation, interpretation, or evaluation of unit weight within Foundation Engineering, particularly where the Soil Parameters for Foundation Design module establishes its technical context.",SSD_COURSE_031_M2_S1,Semantically_Audited,Active,4.0,Subtopic
SUB_COURSE_031_M2_S2,shear strength,2,"shear strength refers to the resistance of soil to shearing, commonly represented using cohesion and friction parameters. In Soil Parameters for Foundation Design, the focus is on the analysis, design, implementation, interpretation, or evaluation of shear strength within Foundation Engineering, particularly where the Soil Parameters for Foundation Design module establishes its technical context.",SSD_COURSE_031_M2_S2,Semantically_Audited,Active,4.0,Subtopic
SUB_COURSE_031_M2_S3,compressibility,3,"compressibility refers to the tendency of soil to deform as effective stress increases, producing settlement. In Soil Parameters for Foundation Design, the focus is on the analysis, design, implementation, interpretation, or evaluation of compressibility within Foundation Engineering, particularly where the Soil Parameters for Foundation Design module establishes its technical context.",SSD_COURSE_031_M2_S3,Semantically_Audited,Active,4.0,Subtopic
SUB_COURSE_031_M2_S4,Soil permeability,4,"Soil permeability: Property describing the ability of soil to transmit fluid through its interconnected pore space under a hydraulic gradient; commonly represented by hydraulic conductivity in saturated flow analysis. In Soil Parameters for Foundation Design, the focus is on curricular scope: Foundation Engineering; The concept is represented at the level of the stated mechanism, properties, constraints, and application criteria.",SSD_COURSE_031_M2_S4,Semantically_Audited,Active,4.0,Subtopic
SUB_COURSE_031_M2_S5,stiffness,5,"stiffness refers to the resistance of soil to deformation under applied loading. In Soil Parameters for Foundation Design, the focus is on the analysis, design, implementation, interpretation, or evaluation of stiffness within Foundation Engineering, particularly where the Soil Parameters for Foundation Design module establishes its technical context.",SSD_COURSE_031_M2_S5,Semantically_Audited,Active,4.0,Subtopic
SUB_COURSE_031_M3_S1,isolated footings,1,"isolated footings: Shallow foundations supporting individual columns and transferring their loads to the soil. In Shallow Foundations, the focus is on the analysis, design, implementation, interpretation, or evaluation of isolated footings within Foundation Engineering, particularly where the Shallow Foundations module establishes its technical context.",SSD_COURSE_031_M3_S1,Semantically_Audited,Active,4.0,Subtopic
SUB_COURSE_031_M3_S2,strip footings,2,"strip footings: Continuous shallow foundations supporting walls or closely spaced columns. In Shallow Foundations, the focus is on the analysis, design, implementation, interpretation, or evaluation of strip footings within Foundation Engineering, particularly where the Shallow Foundations module establishes its technical context.",SSD_COURSE_031_M3_S2,Semantically_Audited,Active,4.0,Subtopic
SUB_COURSE_031_M3_S3,combined footings,3,"combined footings refers to a footing designed to support two or more columns when geometry or loading makes separate footings unsuitable. In Shallow Foundations, the focus is on the analysis, design, implementation, interpretation, or evaluation of combined footings within Foundation Engineering, particularly where the Shallow Foundations module establishes its technical context.",SSD_COURSE_031_M3_S3,Semantically_Audited,Active,4.0,Subtopic
SUB_COURSE_031_M3_S4,raft foundations,4,"raft foundations: Large slab-like foundations supporting many columns or walls and distributing loads over a broad soil area. In Shallow Foundations, the focus is on the analysis, design, implementation, interpretation, or evaluation of raft foundations within Foundation Engineering, particularly where the Shallow Foundations module establishes its technical context.",SSD_COURSE_031_M3_S4,Semantically_Audited,Active,4.0,Subtopic
SUB_COURSE_031_M3_S5,load transfer,5,"load transfer refers to the transfer of structural loads through the foundation into the supporting soil or rock. In Shallow Foundations, the focus is on the analysis, design, implementation, interpretation, or evaluation of load transfer within Foundation Engineering, particularly where the Shallow Foundations module establishes its technical context.",SSD_COURSE_031_M3_S5,Semantically_Audited,Active,4.0,Subtopic
SUB_COURSE_031_M4_S1,Terzaghi theory,1,"Terzaghi theory: Classical bearing-capacity theory for shallow foundations based on soil strength, footing geometry, and surcharge. In Bearing Capacity, the focus is on the analysis, design, implementation, interpretation, or evaluation of Terzaghi theory within Foundation Engineering, particularly where the Bearing Capacity module establishes its technical context.",SSD_COURSE_031_M4_S1,Semantically_Audited,Active,4.0,Subtopic
SUB_COURSE_031_M4_S2,Meyerhof methods,2,"Meyerhof methods: Bearing-capacity and foundation-design methods that account for factors such as footing shape, depth, inclination, and loading. In Bearing Capacity, the focus is on the analysis, design, implementation, interpretation, or evaluation of Meyerhof methods within Foundation Engineering, particularly where the Bearing Capacity module establishes its technical context.",SSD_COURSE_031_M4_S2,Semantically_Audited,Active,4.0,Subtopic
SUB_COURSE_031_M4_S3,Vesic concepts,3,"Vesic concepts: Bearing-capacity formulations and correction factors associated with Vesic's foundation analysis. In Bearing Capacity, the focus is on the analysis, design, implementation, interpretation, or evaluation of Vesic concepts within Foundation Engineering, particularly where the Bearing Capacity module establishes its technical context.",SSD_COURSE_031_M4_S3,Semantically_Audited,Active,4.0,Subtopic
SUB_COURSE_031_M4_S4,eccentric loading,4,"eccentric loading: Foundation loading in which the resultant force does not pass through the centroid of the footing area. In Bearing Capacity, the focus is on the analysis, design, implementation, interpretation, or evaluation of eccentric loading within Foundation Engineering, particularly where the Bearing Capacity module establishes its technical context.",SSD_COURSE_031_M4_S4,Semantically_Audited,Active,4.0,Subtopic
SUB_COURSE_031_M4_S5,inclined loads,5,"inclined loads: Foundation loads having horizontal as well as vertical components. In Bearing Capacity, the focus is on the analysis, design, implementation, interpretation, or evaluation of inclined loads within Foundation Engineering, particularly where the Bearing Capacity module establishes its technical context.",SSD_COURSE_031_M4_S5,Semantically_Audited,Active,4.0,Subtopic
SUB_COURSE_031_M5_S1,immediate settlement,1,"immediate settlement: Settlement that occurs essentially during or soon after loading due to soil deformation without significant consolidation. In Settlement Analysis, the focus is on the analysis, design, implementation, interpretation, or evaluation of immediate settlement within Foundation Engineering, particularly where the Settlement Analysis module establishes its technical context.",SSD_COURSE_031_M5_S1,Semantically_Audited,Active,4.0,Subtopic
SUB_COURSE_031_M5_S2,consolidation settlement,2,"consolidation settlement: Time-dependent settlement of a saturated or nearly saturated soil caused by dissipation of excess pore-water pressure and associated volume change under sustained loading. In Settlement Analysis, the focus is on concept-level scope: the defining mechanism, properties, constraints, and application criteria; curricular context is recorded in Concept_Category and Typical_Modules.",SSD_COURSE_031_M5_S2,Semantically_Audited,Active,4.0,Subtopic
SUB_COURSE_031_M5_S3,differential settlement,3,"differential settlement: Unequal settlement between different parts of a foundation or structure. In Settlement Analysis, the focus is on the analysis, design, implementation, interpretation, or evaluation of differential settlement within Foundation Engineering, particularly where the Settlement Analysis module establishes its technical context.",SSD_COURSE_031_M5_S3,Semantically_Audited,Active,4.0,Subtopic
SUB_COURSE_031_M5_S4,time-rate effects,4,"time-rate effects refers to the rate at which consolidation and other time-dependent soil deformation develop after loading. In Settlement Analysis, the focus is on the analysis, design, implementation, interpretation, or evaluation of time-rate effects within Foundation Engineering, particularly where the Settlement Analysis module establishes its technical context.",SSD_COURSE_031_M5_S4,Semantically_Audited,Active,4.0,Subtopic
SUB_COURSE_031_M6_S1,piles,1,"piles: Deep foundation elements that transfer structural loads through shaft resistance, end bearing, or both. In Deep Foundations, the focus is on the analysis, design, implementation, interpretation, or evaluation of piles within Foundation Engineering, particularly where the Deep Foundations module establishes its technical context.",SSD_COURSE_031_M6_S1,Semantically_Audited,Active,4.0,Subtopic
SUB_COURSE_031_M6_S2,pile capacity,2,"pile capacity refers to the load a pile can safely support based on geotechnical resistance and applicable serviceability limits. In Deep Foundations, the focus is on the analysis, design, implementation, interpretation, or evaluation of pile capacity within Foundation Engineering, particularly where the Deep Foundations module establishes its technical context.",SSD_COURSE_031_M6_S2,Semantically_Audited,Active,4.0,Subtopic
SUB_COURSE_031_M6_S3,group action,3,"group action refers to the interaction among closely spaced piles that changes the load capacity and settlement of the pile group. In Deep Foundations, the focus is on the analysis, design, implementation, interpretation, or evaluation of group action within Foundation Engineering, particularly where the Deep Foundations module establishes its technical context.",SSD_COURSE_031_M6_S3,Semantically_Audited,Active,4.0,Subtopic
SUB_COURSE_031_M6_S4,negative skin friction,4,"negative skin friction: Downward shear resistance acting on a pile when surrounding soil settles relative to the pile. In Deep Foundations, the focus is on the analysis, design, implementation, interpretation, or evaluation of negative skin friction within Foundation Engineering, particularly where the Deep Foundations module establishes its technical context.",SSD_COURSE_031_M6_S4,Semantically_Audited,Active,4.0,Subtopic
SUB_COURSE_031_M6_S5,pile load testing,5,"pile load testing: Field testing used to assess the load–displacement behaviour and, where applicable, capacity of piles under axial or lateral loading. In Deep Foundations, the focus is on the analysis, design, implementation, interpretation, or evaluation of pile load testing within Foundation Engineering, particularly where the Deep Foundations module establishes its technical context.",SSD_COURSE_031_M6_S5,Semantically_Audited,Active,4.0,Subtopic
SUB_COURSE_031_M7_S1,serviceability,1,"serviceability: Assessment of foundation performance against excessive settlement, rotation, vibration, or other unacceptable movement. In Foundation Design and Construction, the focus is on the analysis, design, implementation, interpretation, or evaluation of serviceability within Foundation Engineering, particularly where the Foundation Design and Construction module establishes its technical context.",SSD_COURSE_031_M7_S1,Semantically_Audited,Active,4.0,Subtopic
SUB_COURSE_031_M7_S2,structural checks,2,"structural checks: Verification that foundation elements have adequate strength and detailing for applied structural actions. In Foundation Design and Construction, the focus is on the analysis, design, implementation, interpretation, or evaluation of structural checks within Foundation Engineering, particularly where the Foundation Design and Construction module establishes its technical context.",SSD_COURSE_031_M7_S2,Semantically_Audited,Active,4.0,Subtopic
SUB_COURSE_031_M7_S3,ground improvement,3,"ground improvement: Methods used to increase soil strength, stiffness, drainage, or bearing performance before construction. In Foundation Design and Construction, the focus is on the analysis, design, implementation, interpretation, or evaluation of ground improvement within Foundation Engineering, particularly where the Foundation Design and Construction module establishes its technical context.",SSD_COURSE_031_M7_S3,Semantically_Audited,Active,4.0,Subtopic
SUB_COURSE_031_M7_S4,construction monitoring,4,"construction monitoring: Field observation and measurement used to verify foundation behaviour and detect unexpected ground response during construction. In Foundation Design and Construction, the focus is on the analysis, design, implementation, interpretation, or evaluation of construction monitoring within Foundation Engineering, particularly where the Foundation Design and Construction module establishes its technical context.",SSD_COURSE_031_M7_S4,Semantically_Audited,Active,4.0,Subtopic
SUB_COURSE_032_M1_S1,precipitation,1,"precipitation: Water falling to the Earth's surface as rain, snow, sleet, or other forms of atmospheric precipitation. In Hydrologic Processes, the focus is on the analysis, design, implementation, interpretation, or evaluation of precipitation within Water Resources Engineering, particularly where the Hydrologic Processes module establishes its technical context.",SSD_COURSE_032_M1_S1,Semantically_Audited,Active,4.0,Subtopic
SUB_COURSE_032_M1_S2,infiltration,2,"infiltration: Entry of water from the ground surface into the soil. In Hydrologic Processes, the focus is on the analysis, design, implementation, interpretation, or evaluation of infiltration within Water Resources Engineering, particularly where the Hydrologic Processes module establishes its technical context.",SSD_COURSE_032_M1_S2,Semantically_Audited,Active,4.0,Subtopic
SUB_COURSE_032_M1_S3,evaporation,3,"evaporation: Conversion of liquid water at a surface into water vapour. In Hydrologic Processes, the focus is on the analysis, design, implementation, interpretation, or evaluation of evaporation within Water Resources Engineering, particularly where the Hydrologic Processes module establishes its technical context.",SSD_COURSE_032_M1_S3,Semantically_Audited,Active,4.0,Subtopic
SUB_COURSE_032_M1_S4,interception,4,"interception: Temporary capture of precipitation by vegetation, structures, or other surfaces before it reaches the ground. In Hydrologic Processes, the focus is on the analysis, design, implementation, interpretation, or evaluation of interception within Water Resources Engineering, particularly where the Hydrologic Processes module establishes its technical context.",SSD_COURSE_032_M1_S4,Semantically_Audited,Active,4.0,Subtopic
SUB_COURSE_032_M1_S5,runoff,5,"runoff: Part of precipitation that flows over the land surface or through drainage pathways toward streams and water bodies. In Hydrologic Processes, the focus is on the analysis, design, implementation, interpretation, or evaluation of runoff within Water Resources Engineering, particularly where the Hydrologic Processes module establishes its technical context.",SSD_COURSE_032_M1_S5,Semantically_Audited,Active,4.0,Subtopic
SUB_COURSE_032_M1_S6,watershed processes,6,"watershed processes: Hydrological processes controlling the movement and storage of water within a drainage basin. In Hydrologic Processes, the focus is on the analysis, design, implementation, interpretation, or evaluation of watershed processes within Water Resources Engineering, particularly where the Hydrologic Processes module establishes its technical context.",SSD_COURSE_032_M1_S6,Semantically_Audited,Active,4.0,Subtopic
SUB_COURSE_032_M2_S1,rain gauges,1,"rain gauges: Instruments used to measure precipitation depth over a specified period. In Hydrologic Measurement and Data Analysis, the focus is on the analysis, design, implementation, interpretation, or evaluation of rain gauges within Water Resources Engineering, particularly where the Hydrologic Measurement and Data Analysis module establishes its technical context.",SSD_COURSE_032_M2_S1,Semantically_Audited,Active,4.0,Subtopic
SUB_COURSE_032_M2_S2,stream gauging,2,"stream gauging: Measurement of river stage and discharge to establish the flow behaviour of a stream. In Hydrologic Measurement and Data Analysis, the focus is on the analysis, design, implementation, interpretation, or evaluation of stream gauging within Water Resources Engineering, particularly where the Hydrologic Measurement and Data Analysis module establishes its technical context.",SSD_COURSE_032_M2_S2,Semantically_Audited,Active,4.0,Subtopic
SUB_COURSE_032_M2_S3,hydrographs,3,"hydrographs: Graphs showing streamflow or another hydrological variable as a function of time. In Hydrologic Measurement and Data Analysis, the focus is on the analysis, design, implementation, interpretation, or evaluation of hydrographs within Water Resources Engineering, particularly where the Hydrologic Measurement and Data Analysis module establishes its technical context.",SSD_COURSE_032_M2_S3,Semantically_Audited,Active,4.0,Subtopic
SUB_COURSE_032_M2_S4,frequency analysis,4,"frequency analysis: Statistical analysis of hydrologic observations to estimate the frequency or probability of events such as floods or extreme rainfall. In Hydrologic Measurement and Data Analysis, the focus is on the analysis, design, implementation, interpretation, or evaluation of frequency analysis within Water Resources Engineering, particularly where the Hydrologic Measurement and Data Analysis module establishes its technical context.",SSD_COURSE_032_M2_S4,Semantically_Audited,Active,4.0,Subtopic
SUB_COURSE_032_M2_S5,data consistency,5,"data consistency: Checks that identify errors, shifts, or inconsistencies in hydrological records before analysis. In Hydrologic Measurement and Data Analysis, the focus is on the analysis, design, implementation, interpretation, or evaluation of data consistency within Water Resources Engineering, particularly where the Hydrologic Measurement and Data Analysis module establishes its technical context.",SSD_COURSE_032_M2_S5,Semantically_Audited,Active,4.0,Subtopic
SUB_COURSE_032_M3_S1,unit hydrograph,1,"unit hydrograph refers to the runoff hydrograph produced by a unit depth of effective rainfall over a specified watershed and duration. In Hydrologic Modelling and Design, the focus is on the analysis, design, implementation, interpretation, or evaluation of unit hydrograph within Water Resources Engineering, particularly where the Hydrologic Modelling and Design module establishes its technical context.",SSD_COURSE_032_M3_S1,Semantically_Audited,Active,4.0,Subtopic
SUB_COURSE_032_M3_S2,rainfall-runoff models,2,"rainfall-runoff models: Models that estimate watershed runoff from rainfall and other catchment characteristics. In Hydrologic Modelling and Design, the focus is on the analysis, design, implementation, interpretation, or evaluation of rainfall-runoff models within Water Resources Engineering, particularly where the Hydrologic Modelling and Design module establishes its technical context.",SSD_COURSE_032_M3_S2,Semantically_Audited,Active,4.0,Subtopic
SUB_COURSE_032_M3_S3,flood estimation,3,"flood estimation: Determining design flood magnitudes or frequencies from hydrological data and models. In Hydrologic Modelling and Design, the focus is on the analysis, design, implementation, interpretation, or evaluation of flood estimation within Water Resources Engineering, particularly where the Hydrologic Modelling and Design module establishes its technical context.",SSD_COURSE_032_M3_S3,Semantically_Audited,Active,4.0,Subtopic
SUB_COURSE_032_M3_S4,design storms,4,"design storms: Design rainfall or storm events selected using statistical frequency analysis and specified return-period or risk criteria for hydraulic and water-resources design. In Hydrologic Modelling and Design, the focus is on the analysis, design, implementation, interpretation, or evaluation of design storms within Water Resources Engineering, particularly where the Hydrologic Modelling and Design module establishes its technical context.",SSD_COURSE_032_M3_S4,Semantically_Audited,Active,4.0,Subtopic
SUB_COURSE_032_M4_S1,storage-yield analysis,1,"storage-yield analysis: Analysis of the relationship between reservoir storage, inflow variability, operating policy, and the yield that can be supplied at a specified reliability. In Reservoirs and Water Storage, the focus is on the analysis, design, implementation, interpretation, or evaluation of storage-yield analysis within Water Resources Engineering, particularly where the Reservoirs and Water Storage module establishes its technical context.",SSD_COURSE_032_M4_S1,Semantically_Audited,Active,4.0,Subtopic
SUB_COURSE_032_M4_S2,reservoir routing,2,"reservoir routing: Calculation of how reservoir storage, inflow, and outflow change during a flood or operating event. In Reservoirs and Water Storage, the focus is on the analysis, design, implementation, interpretation, or evaluation of reservoir routing within Water Resources Engineering, particularly where the Reservoirs and Water Storage module establishes its technical context.",SSD_COURSE_032_M4_S2,Semantically_Audited,Active,4.0,Subtopic
SUB_COURSE_032_M4_S3,sedimentation,3,"sedimentation: Accumulation of transported sediment in reservoirs, channels, or other water infrastructure. In Reservoirs and Water Storage, the focus is on the analysis, design, implementation, interpretation, or evaluation of sedimentation within Water Resources Engineering, particularly where the Reservoirs and Water Storage module establishes its technical context.",SSD_COURSE_032_M4_S3,Semantically_Audited,Active,4.0,Subtopic
SUB_COURSE_032_M4_S4,operating rules,4,"operating rules: Specified rules for releasing or storing water from reservoirs and other controlled water systems. In Reservoirs and Water Storage, the focus is on the analysis, design, implementation, interpretation, or evaluation of operating rules within Water Resources Engineering, particularly where the Reservoirs and Water Storage module establishes its technical context.",SSD_COURSE_032_M4_S4,Semantically_Audited,Active,4.0,Subtopic
SUB_COURSE_032_M5_S1,aquifers,1,"aquifers: Permeable geological formations that store and transmit groundwater. In Groundwater Resources, the focus is on the analysis, design, implementation, interpretation, or evaluation of aquifers within Water Resources Engineering, particularly where the Groundwater Resources module establishes its technical context.",SSD_COURSE_032_M5_S1,Semantically_Audited,Active,4.0,Subtopic
SUB_COURSE_032_M5_S2,Darcy law,2,"Darcy law: Analysis of groundwater flow to and from wells, including drawdown and pumping response. In Groundwater Resources, the focus is on the analysis, design, implementation, interpretation, or evaluation of well hydraulics within Water Resources Engineering, particularly where the Groundwater Resources module establishes its technical context.",SSD_COURSE_032_M5_S2,Semantically_Audited,Active,4.0,Subtopic
SUB_COURSE_032_M5_S3,well hydraulics,3,"well hydraulics: Analysis of groundwater flow to and from wells, including drawdown and pumping response. In Groundwater Resources, the focus is on the analysis, design, implementation, interpretation, or evaluation of well hydraulics within Water Resources Engineering, particularly where the Groundwater Resources module establishes its technical context.",SSD_COURSE_032_M5_S3,Semantically_Audited,Active,4.0,Subtopic
SUB_COURSE_032_M5_S4,recharge,4,"recharge: Addition of water to an aquifer, commonly from infiltration or surface-water sources. In Groundwater Resources, the focus is on the analysis, design, implementation, interpretation, or evaluation of recharge within Water Resources Engineering, particularly where the Groundwater Resources module establishes its technical context.",SSD_COURSE_032_M5_S4,Semantically_Audited,Active,4.0,Subtopic
SUB_COURSE_032_M5_S5,groundwater modelling,5,"groundwater modelling: Mathematical or numerical representation of groundwater flow and, where included, solute transport to analyse aquifer behaviour and management scenarios. In Groundwater Resources, the focus is on the analysis, design, implementation, interpretation, or evaluation of groundwater modelling within Water Resources Engineering, particularly where the Groundwater Resources module establishes its technical context.",SSD_COURSE_032_M5_S5,Semantically_Audited,Active,4.0,Subtopic
SUB_COURSE_032_M6_S1,allocation,1,"allocation: Distribution of available water among users, ecosystems, and competing demands subject to constraints. In Water Resources Systems, the focus is on the analysis, design, implementation, interpretation, or evaluation of allocation within Water Resources Engineering, particularly where the Water Resources Systems module establishes its technical context.",SSD_COURSE_032_M6_S1,Semantically_Audited,Active,4.0,Subtopic
SUB_COURSE_032_M6_S2,demand forecasting,2,"demand forecasting: Estimation of future demand for a resource or service from historical observations, explanatory variables, assumptions, and uncertainty, used to support planning and design. In Water Resources Systems, the focus is on concept-level scope: the defining mechanism, properties, constraints, and application criteria; curricular context is recorded in Concept_Category and Typical_Modules.",SSD_COURSE_032_M6_S2,Semantically_Audited,Active,4.0,Subtopic
SUB_COURSE_032_M6_S3,systems analysis,3,"systems analysis: Evaluation of interacting water-resources components, demands, constraints, and operating policies to compare system performance and alternatives. In Water Resources Systems, the focus is on the analysis, design, implementation, interpretation, or evaluation of systems analysis within Water Resources Engineering, particularly where the Water Resources Systems module establishes its technical context.",SSD_COURSE_032_M6_S3,Semantically_Audited,Active,4.0,Subtopic
SUB_COURSE_032_M6_S4,optimization,4,"optimization: Selection of decision variables or operating conditions to maximize or minimize an objective subject to specified constraints; the objective and constraints depend on the application domain. In Water Resources Systems, the focus is on concept-level scope: the defining mechanism, properties, constraints, and application criteria; curricular context is recorded in Concept_Category and Typical_Modules.",SSD_COURSE_032_M6_S4,Semantically_Audited,Active,4.0,Subtopic
SUB_COURSE_032_M6_S5,conjunctive use,5,"conjunctive use: Coordinated management of surface water and groundwater as interconnected resources. In Water Resources Systems, the focus is on the analysis, design, implementation, interpretation, or evaluation of conjunctive use within Water Resources Engineering, particularly where the Water Resources Systems module establishes its technical context.",SSD_COURSE_032_M6_S5,Semantically_Audited,Active,4.0,Subtopic
SUB_COURSE_032_M7_S1,flood routing,1,"flood routing: Computation of how a flood wave changes as it moves through a river reach or reservoir. In Flood and Drought Management, the focus is on the analysis, design, implementation, interpretation, or evaluation of flood routing within Water Resources Engineering, particularly where the Flood and Drought Management module establishes its technical context.",SSD_COURSE_032_M7_S1,Semantically_Audited,Active,4.0,Subtopic
SUB_COURSE_032_M7_S2,floodplain management,2,"floodplain management: Planning and regulation of flood-prone land to reduce risk while accounting for river functions. In Flood and Drought Management, the focus is on the analysis, design, implementation, interpretation, or evaluation of floodplain management within Water Resources Engineering, particularly where the Flood and Drought Management module establishes its technical context.",SSD_COURSE_032_M7_S2,Semantically_Audited,Active,4.0,Subtopic
SUB_COURSE_032_M7_S3,drought indices,3,"drought indices: Numerical indicators used to quantify the severity, duration, or spatial extent of drought. In Flood and Drought Management, the focus is on the analysis, design, implementation, interpretation, or evaluation of drought indices within Water Resources Engineering, particularly where the Flood and Drought Management module establishes its technical context.",SSD_COURSE_032_M7_S3,Semantically_Audited,Active,4.0,Subtopic
SUB_COURSE_032_M7_S4,early warning,4,"early warning: Systems that detect developing hazards and communicate timely information for preparedness and response. In Flood and Drought Management, the focus is on the analysis, design, implementation, interpretation, or evaluation of early warning within Water Resources Engineering, particularly where the Flood and Drought Management module establishes its technical context.",SSD_COURSE_032_M7_S4,Semantically_Audited,Active,4.0,Subtopic
SUB_COURSE_032_M7_S5,risk analysis,5,"risk analysis: Systematic estimation of the likelihood and consequences of uncertain hazards or failures to support water-resources planning and decisions. In Flood and Drought Management, the focus is on the analysis, design, implementation, interpretation, or evaluation of risk analysis within Water Resources Engineering, particularly where the Flood and Drought Management module establishes its technical context.",SSD_COURSE_032_M7_S5,Semantically_Audited,Active,4.0,Subtopic
SUB_COURSE_033_M1_S1,pressure,1,"pressure: Normal force per unit area acting on a surface or within a fluid; in continuum fluid mechanics it is a scalar state variable whose spatial gradients can drive flow. In Fluid Properties and Fundamental Flow, the focus is on concept-level scope: the defining mechanism, properties, constraints, and application criteria; curricular context is recorded in Concept_Category and Typical_Modules.",SSD_COURSE_033_M1_S1,Semantically_Audited,Active,4.0,Subtopic
SUB_COURSE_033_M1_S2,viscosity,2,"viscosity refers to a measure of a fluid’s resistance to deformation and flow, arising from internal friction and relating shear stress to velocity gradient under Newtonian conditions. In Fluid Properties and Fundamental Flow, the focus is on concept-level scope: the defining mechanism, properties, constraints, and application criteria; curricular context is recorded in Concept_Category and Typical_Modules.",SSD_COURSE_033_M1_S2,Semantically_Audited,Active,4.0,Subtopic
SUB_COURSE_033_M1_S3,hydrostatics,3,"hydrostatics: Analysis of fluids at rest, including pressure distributions, forces on submerged surfaces, buoyancy, and related equilibrium conditions. In Fluid Properties and Fundamental Flow, the focus is on concept-level scope: the defining mechanism, properties, constraints, and application criteria; curricular context is recorded in Concept_Category and Typical_Modules.",SSD_COURSE_033_M1_S3,Semantically_Audited,Active,4.0,Subtopic
SUB_COURSE_033_M1_S4,Bernoulli equation,4,"Bernoulli equation refers to an energy equation relating pressure head, velocity head, elevation head, and losses along a streamline under stated assumptions. In Fluid Properties and Fundamental Flow, the focus is on the analysis, design, implementation, interpretation, or evaluation of Bernoulli equation within Hydraulics and Hydraulic Engineering, particularly where the Fluid Properties and Fundamental Flow module establishes its technical context.",SSD_COURSE_033_M1_S4,Semantically_Audited,Active,4.0,Subtopic
SUB_COURSE_033_M1_S5,control volumes,5,"control volumes refers to a defined region in space used for applying conservation equations to mass, momentum, and energy crossing its boundary. In Fluid Properties and Fundamental Flow, the focus is on concept-level scope: the defining mechanism, properties, constraints, and application criteria; curricular context is recorded in Concept_Category and Typical_Modules.",SSD_COURSE_033_M1_S5,Semantically_Audited,Active,4.0,Subtopic
SUB_COURSE_033_M2_S1,laminar flow,1,"laminar flow: Flow regime characterized by relatively ordered fluid motion with limited cross-stream mixing and viscous forces dominating over inertial effects at sufficiently low Reynolds number. In Pipe Flow, the focus is on concept-level scope: the defining mechanism, properties, constraints, and application criteria; curricular context is recorded in Concept_Category and Typical_Modules.",SSD_COURSE_033_M2_S1,Semantically_Audited,Active,4.0,Subtopic
SUB_COURSE_033_M2_S2,turbulent flow,2,"turbulent flow: Flow regime characterized by irregular, three-dimensional fluctuations and enhanced mixing, typically associated with sufficiently high Reynolds number and strong inertial effects. In Pipe Flow, the focus is on concept-level scope: the defining mechanism, properties, constraints, and application criteria; curricular context is recorded in Concept_Category and Typical_Modules.",SSD_COURSE_033_M2_S2,Semantically_Audited,Active,4.0,Subtopic
SUB_COURSE_033_M2_S3,Darcy-Weisbach,3,"Darcy-Weisbach refers to an equation for head loss due to friction in pressurised pipe flow. In Pipe Flow, the focus is on the analysis, design, implementation, interpretation, or evaluation of Darcy-Weisbach within Hydraulics and Hydraulic Engineering, particularly where the Pipe Flow module establishes its technical context.",SSD_COURSE_033_M2_S3,Semantically_Audited,Active,4.0,Subtopic
SUB_COURSE_033_M2_S4,minor losses,4,"minor losses: Local hydraulic losses caused by fittings, entrances, exits, bends, valves, and other disturbances. In Pipe Flow, the focus is on the analysis, design, implementation, interpretation, or evaluation of minor losses within Hydraulics and Hydraulic Engineering, particularly where the Pipe Flow module establishes its technical context.",SSD_COURSE_033_M2_S4,Semantically_Audited,Active,4.0,Subtopic
SUB_COURSE_033_M2_S5,pipe networks,5,"pipe networks: Connected systems of pipes in which flow rates and pressures must satisfy continuity and energy relationships. In Pipe Flow, the focus is on the analysis, design, implementation, interpretation, or evaluation of pipe networks within Hydraulics and Hydraulic Engineering, particularly where the Pipe Flow module establishes its technical context.",SSD_COURSE_033_M2_S5,Semantically_Audited,Active,4.0,Subtopic
SUB_COURSE_033_M3_S1,specific energy,1,"specific energy: Flow energy measured relative to the channel bed, used particularly in open-channel critical-flow analysis. In Open Channel Flow, the focus is on the analysis, design, implementation, interpretation, or evaluation of specific energy within Hydraulics and Hydraulic Engineering, particularly where the Open Channel Flow module establishes its technical context.",SSD_COURSE_033_M3_S1,Semantically_Audited,Active,4.0,Subtopic
SUB_COURSE_033_M3_S2,critical flow,2,"critical flow refers to an open-channel condition at which specific energy is minimum for a given discharge. In Open Channel Flow, the focus is on the analysis, design, implementation, interpretation, or evaluation of critical flow within Hydraulics and Hydraulic Engineering, particularly where the Open Channel Flow module establishes its technical context.",SSD_COURSE_033_M3_S2,Semantically_Audited,Active,4.0,Subtopic
SUB_COURSE_033_M3_S3,uniform flow,3,"uniform flow: Open-channel flow with constant depth and velocity along the channel under uniform conditions. In Open Channel Flow, the focus is on the analysis, design, implementation, interpretation, or evaluation of uniform flow within Hydraulics and Hydraulic Engineering, particularly where the Open Channel Flow module establishes its technical context.",SSD_COURSE_033_M3_S3,Semantically_Audited,Active,4.0,Subtopic
SUB_COURSE_033_M3_S4,gradually varied flow,4,"gradually varied flow: Open-channel flow whose depth changes gradually along the channel. In Open Channel Flow, the focus is on the analysis, design, implementation, interpretation, or evaluation of gradually varied flow within Hydraulics and Hydraulic Engineering, particularly where the Open Channel Flow module establishes its technical context.",SSD_COURSE_033_M3_S4,Semantically_Audited,Active,4.0,Subtopic
SUB_COURSE_033_M3_S5,hydraulic jumps,5,"hydraulic jumps: Rapid transitions from supercritical to subcritical flow accompanied by energy dissipation. In Open Channel Flow, the focus is on the analysis, design, implementation, interpretation, or evaluation of hydraulic jumps within Hydraulics and Hydraulic Engineering, particularly where the Open Channel Flow module establishes its technical context.",SSD_COURSE_033_M3_S5,Semantically_Audited,Active,4.0,Subtopic
SUB_COURSE_033_M4_S1,centrifugal pumps,1,"centrifugal pumps: Rotodynamic pumps that impart energy to a fluid primarily through the action of a rotating impeller, converting mechanical energy into fluid pressure and head. In Hydraulic Machines, the focus is on concept-level scope: the defining mechanism, properties, constraints, and application criteria; curricular context is recorded in Concept_Category and Typical_Modules.",SSD_COURSE_033_M4_S1,Semantically_Audited,Active,4.0,Subtopic
SUB_COURSE_033_M4_S2,reciprocating pumps,2,"reciprocating pumps: Positive-displacement pumps that move fluid using the cyclic motion of pistons or plungers. In Hydraulic Machines, the focus is on the analysis, design, implementation, interpretation, or evaluation of reciprocating pumps within Hydraulics and Hydraulic Engineering, particularly where the Hydraulic Machines module establishes its technical context.",SSD_COURSE_033_M4_S2,Semantically_Audited,Active,4.0,Subtopic
SUB_COURSE_033_M4_S3,turbines,3,"turbines: Hydraulic machines that convert water energy into mechanical shaft power. In Hydraulic Machines, the focus is on the analysis, design, implementation, interpretation, or evaluation of turbines within Hydraulics and Hydraulic Engineering, particularly where the Hydraulic Machines module establishes its technical context.",SSD_COURSE_033_M4_S3,Semantically_Audited,Active,4.0,Subtopic
SUB_COURSE_033_M4_S4,cavitation,4,"cavitation: Formation and collapse of vapour cavities when local pressure falls below the fluid's vapour pressure. In Hydraulic Machines, the focus is on the analysis, design, implementation, interpretation, or evaluation of cavitation within Hydraulics and Hydraulic Engineering, particularly where the Hydraulic Machines module establishes its technical context.",SSD_COURSE_033_M4_S4,Semantically_Audited,Active,4.0,Subtopic
SUB_COURSE_033_M4_S5,performance curves,5,"performance curves: Graphs relating hydraulic-machine variables such as head, flow, efficiency, and power. In Hydraulic Machines, the focus is on the analysis, design, implementation, interpretation, or evaluation of performance curves within Hydraulics and Hydraulic Engineering, particularly where the Hydraulic Machines module establishes its technical context.",SSD_COURSE_033_M4_S5,Semantically_Audited,Active,4.0,Subtopic
SUB_COURSE_033_M5_S1,weirs,1,"weirs: Overflow structures used to control or measure open-channel flow. In Hydraulic Structures, the focus is on the analysis, design, implementation, interpretation, or evaluation of weirs within Hydraulics and Hydraulic Engineering, particularly where the Hydraulic Structures module establishes its technical context.",SSD_COURSE_033_M5_S1,Semantically_Audited,Active,4.0,Subtopic
SUB_COURSE_033_M5_S2,spillways,2,"spillways: Structures that safely convey excess reservoir water downstream. In Hydraulic Structures, the focus is on the analysis, design, implementation, interpretation, or evaluation of spillways within Hydraulics and Hydraulic Engineering, particularly where the Hydraulic Structures module establishes its technical context.",SSD_COURSE_033_M5_S2,Semantically_Audited,Active,4.0,Subtopic
SUB_COURSE_033_M5_S3,culverts,3,"culverts: Enclosed conduits that convey water beneath roads, railways, or other embankments. In Hydraulic Structures, the focus is on the analysis, design, implementation, interpretation, or evaluation of culverts within Hydraulics and Hydraulic Engineering, particularly where the Hydraulic Structures module establishes its technical context.",SSD_COURSE_033_M5_S3,Semantically_Audited,Active,4.0,Subtopic
SUB_COURSE_033_M5_S4,energy dissipators,4,"energy dissipators: Hydraulic structures that reduce flow energy and velocity to limit downstream erosion and damage. In Hydraulic Structures, the focus is on the analysis, design, implementation, interpretation, or evaluation of energy dissipators within Hydraulics and Hydraulic Engineering, particularly where the Hydraulic Structures module establishes its technical context.",SSD_COURSE_033_M5_S4,Semantically_Audited,Active,4.0,Subtopic
SUB_COURSE_033_M5_S5,intake structures,5,"intake structures: Structures that control and convey water from a river, reservoir, or other source into a hydraulic system. In Hydraulic Structures, the focus is on the analysis, design, implementation, interpretation, or evaluation of intake structures within Hydraulics and Hydraulic Engineering, particularly where the Hydraulic Structures module establishes its technical context.",SSD_COURSE_033_M5_S5,Semantically_Audited,Active,4.0,Subtopic
SUB_COURSE_033_M6_S1,surge pressure,1,"surge pressure: Pressure change caused by rapid changes in flow velocity in a pressurised conduit. In Transient Flow and Water Hammer, the focus is on the analysis, design, implementation, interpretation, or evaluation of surge pressure within Hydraulics and Hydraulic Engineering, particularly where the Transient Flow and Water Hammer module establishes its technical context.",SSD_COURSE_033_M6_S1,Semantically_Audited,Active,4.0,Subtopic
SUB_COURSE_033_M6_S2,elastic pipe flow,2,"elastic pipe flow: Transient flow behaviour in which pressure waves and pipe-wall elasticity are important. In Transient Flow and Water Hammer, the focus is on the analysis, design, implementation, interpretation, or evaluation of elastic pipe flow within Hydraulics and Hydraulic Engineering, particularly where the Transient Flow and Water Hammer module establishes its technical context.",SSD_COURSE_033_M6_S2,Semantically_Audited,Active,4.0,Subtopic
SUB_COURSE_033_M6_S3,wave speed,3,"wave speed: Speed at which a pressure disturbance propagates through a fluid-conduit system. In Transient Flow and Water Hammer, the focus is on the analysis, design, implementation, interpretation, or evaluation of wave speed within Hydraulics and Hydraulic Engineering, particularly where the Transient Flow and Water Hammer module establishes its technical context.",SSD_COURSE_033_M6_S3,Semantically_Audited,Active,4.0,Subtopic
SUB_COURSE_033_M6_S4,surge control,4,"surge control: Measures used to limit pressure transients in hydraulic systems and protect pipelines, equipment, and structures from excessive surge pressures. In Transient Flow and Water Hammer, the focus is on the analysis, design, implementation, interpretation, or evaluation of surge control within Hydraulics and Hydraulic Engineering, particularly where the Transient Flow and Water Hammer module establishes its technical context.",SSD_COURSE_033_M6_S4,Semantically_Audited,Active,4.0,Subtopic
SUB_COURSE_033_M7_S1,network analysis,1,"network analysis: Analysis of connected hydraulic pipes, nodes, pumps, and controls to determine flow distribution and pressure or head conditions. In Hydraulic System Design, the focus is on the analysis, design, implementation, interpretation, or evaluation of network analysis within Hydraulics and Hydraulic Engineering, particularly where the Hydraulic System Design module establishes its technical context.",SSD_COURSE_033_M7_S1,Semantically_Audited,Active,4.0,Subtopic
SUB_COURSE_033_M7_S2,pump selection,2,"pump selection: Choosing a pump and operating point that satisfy required flow, head, efficiency, control, and system constraints. In Hydraulic System Design, the focus is on the analysis, design, implementation, interpretation, or evaluation of pump selection within Hydraulics and Hydraulic Engineering, particularly where the Hydraulic System Design module establishes its technical context.",SSD_COURSE_033_M7_S2,Semantically_Audited,Active,4.0,Subtopic
SUB_COURSE_033_M7_S3,system curves,3,"system curves: Relationships between required system head and discharge for a hydraulic network. In Hydraulic System Design, the focus is on the analysis, design, implementation, interpretation, or evaluation of system curves within Hydraulics and Hydraulic Engineering, particularly where the Hydraulic System Design module establishes its technical context.",SSD_COURSE_033_M7_S3,Semantically_Audited,Active,4.0,Subtopic
SUB_COURSE_033_M7_S4,operational control,4,"operational control: Methods for regulating hydraulic systems during operation to maintain required flows, levels, pressures, and safe operating conditions. In Hydraulic System Design, the focus is on the analysis, design, implementation, interpretation, or evaluation of operational control within Hydraulics and Hydraulic Engineering, particularly where the Hydraulic System Design module establishes its technical context.",SSD_COURSE_033_M7_S4,Semantically_Audited,Active,4.0,Subtopic
SUB_COURSE_034_M1_S1,mineral identification,1,"mineral identification: Identification of minerals using properties such as hardness, cleavage, lustre, colour, streak, and specific gravity. In Minerals and Rocks, the focus is on the analysis, design, implementation, interpretation, or evaluation of mineral identification within Engineering Geology, particularly where the Minerals and Rocks module establishes its technical context.",SSD_COURSE_034_M1_S1,Semantically_Audited,Active,4.0,Subtopic
SUB_COURSE_034_M1_S2,igneous rocks,2,"igneous rocks: Rocks formed by the cooling and solidification of molten magma or lava. In Minerals and Rocks, the focus is on the analysis, design, implementation, interpretation, or evaluation of igneous rocks within Engineering Geology, particularly where the Minerals and Rocks module establishes its technical context.",SSD_COURSE_034_M1_S2,Semantically_Audited,Active,4.0,Subtopic
SUB_COURSE_034_M1_S3,sedimentary rocks,3,"sedimentary rocks: Rocks formed from deposited sediments or from chemical or biological processes at or near the Earth's surface. In Minerals and Rocks, the focus is on the analysis, design, implementation, interpretation, or evaluation of sedimentary rocks within Engineering Geology, particularly where the Minerals and Rocks module establishes its technical context.",SSD_COURSE_034_M1_S3,Semantically_Audited,Active,4.0,Subtopic
SUB_COURSE_034_M1_S4,metamorphic rocks,4,"metamorphic rocks: Rocks formed when existing rocks are altered by heat, pressure, and chemically active fluids without complete melting. In Minerals and Rocks, the focus is on the analysis, design, implementation, interpretation, or evaluation of metamorphic rocks within Engineering Geology, particularly where the Minerals and Rocks module establishes its technical context.",SSD_COURSE_034_M1_S4,Semantically_Audited,Active,4.0,Subtopic
SUB_COURSE_034_M2_S1,physical weathering,1,"physical weathering: Breakdown of rock into smaller pieces without changing its mineral composition. In Weathering and Geological Processes, the focus is on the analysis, design, implementation, interpretation, or evaluation of physical weathering within Engineering Geology, particularly where the Weathering and Geological Processes module establishes its technical context.",SSD_COURSE_034_M2_S1,Semantically_Audited,Active,4.0,Subtopic
SUB_COURSE_034_M2_S2,chemical weathering,2,"chemical weathering: Alteration or decomposition of minerals through chemical reactions with water, gases, or dissolved substances. In Weathering and Geological Processes, the focus is on the analysis, design, implementation, interpretation, or evaluation of chemical weathering within Engineering Geology, particularly where the Weathering and Geological Processes module establishes its technical context.",SSD_COURSE_034_M2_S2,Semantically_Audited,Active,4.0,Subtopic
SUB_COURSE_034_M2_S3,erosion,3,"erosion: Removal and transport of weathered soil or rock by water, wind, ice, or gravity. In Weathering and Geological Processes, the focus is on the analysis, design, implementation, interpretation, or evaluation of erosion within Engineering Geology, particularly where the Weathering and Geological Processes module establishes its technical context.",SSD_COURSE_034_M2_S3,Semantically_Audited,Active,4.0,Subtopic
SUB_COURSE_034_M2_S4,mass wasting,4,"mass wasting: Downslope movement of soil or rock primarily under the influence of gravity. In Weathering and Geological Processes, the focus is on the analysis, design, implementation, interpretation, or evaluation of mass wasting within Engineering Geology, particularly where the Weathering and Geological Processes module establishes its technical context.",SSD_COURSE_034_M2_S4,Semantically_Audited,Active,4.0,Subtopic
SUB_COURSE_034_M3_S1,bedding,1,"bedding: Layering in sedimentary rocks produced by changes in depositional conditions. In Geological Structures and Discontinuities, the focus is on the analysis, design, implementation, interpretation, or evaluation of bedding within Engineering Geology, particularly where the Geological Structures and Discontinuities module establishes its technical context.",SSD_COURSE_034_M3_S1,Semantically_Audited,Active,4.0,Subtopic
SUB_COURSE_034_M3_S2,folds,2,"folds: Bends or curved structures formed when rock layers are deformed. In Geological Structures and Discontinuities, the focus is on the analysis, design, implementation, interpretation, or evaluation of folds within Engineering Geology, particularly where the Geological Structures and Discontinuities module establishes its technical context.",SSD_COURSE_034_M3_S2,Semantically_Audited,Active,4.0,Subtopic
SUB_COURSE_034_M3_S3,faults,3,"faults: Fractures or zones of displacement in rock along which relative movement has occurred. In Geological Structures and Discontinuities, the focus is on the analysis, design, implementation, interpretation, or evaluation of faults within Engineering Geology, particularly where the Geological Structures and Discontinuities module establishes its technical context.",SSD_COURSE_034_M3_S3,Semantically_Audited,Active,4.0,Subtopic
SUB_COURSE_034_M3_S4,joints,4,"joints: Planar fractures in rock along which little or no displacement has occurred. In Geological Structures and Discontinuities, the focus is on the analysis, design, implementation, interpretation, or evaluation of joints within Engineering Geology, particularly where the Geological Structures and Discontinuities module establishes its technical context.",SSD_COURSE_034_M3_S4,Semantically_Audited,Active,4.0,Subtopic
SUB_COURSE_034_M3_S5,shear zones,5,"shear zones: Zones of concentrated rock deformation characterised by significant shear displacement or strain. In Geological Structures and Discontinuities, the focus is on the analysis, design, implementation, interpretation, or evaluation of shear zones within Engineering Geology, particularly where the Geological Structures and Discontinuities module establishes its technical context.",SSD_COURSE_034_M3_S5,Semantically_Audited,Active,4.0,Subtopic
SUB_COURSE_034_M4_S1,geological mapping,1,"geological mapping: Systematic recording of rock units, structures, landforms, and geological features at a site or region. In Engineering Site Characterization, the focus is on the analysis, design, implementation, interpretation, or evaluation of geological mapping within Engineering Geology, particularly where the Engineering Site Characterization module establishes its technical context.",SSD_COURSE_034_M4_S1,Semantically_Audited,Active,4.0,Subtopic
SUB_COURSE_034_M4_S2,discontinuity surveys,2,"discontinuity surveys: Field measurement of joints, bedding, faults, and other rock discontinuities for engineering assessment. In Engineering Site Characterization, the focus is on the analysis, design, implementation, interpretation, or evaluation of discontinuity surveys within Engineering Geology, particularly where the Engineering Site Characterization module establishes its technical context.",SSD_COURSE_034_M4_S2,Semantically_Audited,Active,4.0,Subtopic
SUB_COURSE_034_M4_S3,rock mass description,3,"rock mass description: Systematic characterization of intact rock and discontinuities, including weathering, jointing, strength, spacing, and condition. In Engineering Site Characterization, the focus is on the analysis, design, implementation, interpretation, or evaluation of rock mass description within Engineering Geology, particularly where the Engineering Site Characterization module establishes its technical context.",SSD_COURSE_034_M4_S3,Semantically_Audited,Active,4.0,Subtopic
SUB_COURSE_034_M4_S4,geophysical methods,4,"geophysical methods: Non-invasive methods that infer subsurface conditions from physical properties such as seismic velocity or electrical resistivity. In Engineering Site Characterization, the focus is on the analysis, design, implementation, interpretation, or evaluation of geophysical methods within Engineering Geology, particularly where the Engineering Site Characterization module establishes its technical context.",SSD_COURSE_034_M4_S4,Semantically_Audited,Active,4.0,Subtopic
SUB_COURSE_034_M5_S1,landslides,1,"landslides: Rapid or slow downslope movements of soil, rock, or debris along a failure surface. In Geological Hazards, the focus is on the analysis, design, implementation, interpretation, or evaluation of landslides within Engineering Geology, particularly where the Geological Hazards module establishes its technical context.",SSD_COURSE_034_M5_S1,Semantically_Audited,Active,4.0,Subtopic
SUB_COURSE_034_M5_S2,earthquakes,2,"earthquakes: Sudden release of stored geological strain that generates seismic waves and ground motion. In Geological Hazards, the focus is on the analysis, design, implementation, interpretation, or evaluation of earthquakes within Engineering Geology, particularly where the Geological Hazards module establishes its technical context.",SSD_COURSE_034_M5_S2,Semantically_Audited,Active,4.0,Subtopic
SUB_COURSE_034_M5_S3,subsidence,3,"subsidence: Downward movement of the ground surface caused by natural or human-induced processes. In Geological Hazards, the focus is on the analysis, design, implementation, interpretation, or evaluation of subsidence within Engineering Geology, particularly where the Geological Hazards module establishes its technical context.",SSD_COURSE_034_M5_S3,Semantically_Audited,Active,4.0,Subtopic
SUB_COURSE_034_M5_S4,expansive materials,4,"expansive materials: Soils or rocks that undergo significant volume change, particularly swelling and shrinkage, when their moisture state changes. In Geological Hazards, the focus is on the analysis, design, implementation, interpretation, or evaluation of expansive materials within Engineering Geology, particularly where the Geological Hazards module establishes its technical context.",SSD_COURSE_034_M5_S4,Semantically_Audited,Active,4.0,Subtopic
SUB_COURSE_034_M5_S5,erosion hazards,5,"erosion hazards: Risks to engineering works caused by removal of soil or rock by flowing water, wind, or other agents. In Geological Hazards, the focus is on the analysis, design, implementation, interpretation, or evaluation of erosion hazards within Engineering Geology, particularly where the Geological Hazards module establishes its technical context.",SSD_COURSE_034_M5_S5,Semantically_Audited,Active,4.0,Subtopic
SUB_COURSE_034_M6_S1,rock foundations,1,"rock foundations: Foundations bearing on or socketed into rock, designed using rock-mass strength, discontinuities, deformation, and groundwater conditions. In Geology for Foundations and Excavations, the focus is on the analysis, design, implementation, interpretation, or evaluation of rock foundations within Engineering Geology, particularly where the Geology for Foundations and Excavations module establishes its technical context.",SSD_COURSE_034_M6_S1,Semantically_Audited,Active,4.0,Subtopic
SUB_COURSE_034_M6_S2,slope stability inputs,2,"slope stability inputs: Geological, geometric, groundwater, and material parameters required for slope-stability analysis. In Geology for Foundations and Excavations, the focus is on the analysis, design, implementation, interpretation, or evaluation of slope stability inputs within Engineering Geology, particularly where the Geology for Foundations and Excavations module establishes its technical context.",SSD_COURSE_034_M6_S2,Semantically_Audited,Active,4.0,Subtopic
SUB_COURSE_034_M6_S3,tunnelling geology,3,"tunnelling geology: Geological conditions that influence tunnel alignment, excavation method, support, groundwater, and stability. In Geology for Foundations and Excavations, the focus is on the analysis, design, implementation, interpretation, or evaluation of tunnelling geology within Engineering Geology, particularly where the Geology for Foundations and Excavations module establishes its technical context.",SSD_COURSE_034_M6_S3,Semantically_Audited,Active,4.0,Subtopic
SUB_COURSE_034_M6_S4,excavation conditions,4,"excavation conditions: Ground and groundwater conditions that affect excavation stability, support, dewatering, and construction methods. In Geology for Foundations and Excavations, the focus is on the analysis, design, implementation, interpretation, or evaluation of excavation conditions within Engineering Geology, particularly where the Geology for Foundations and Excavations module establishes its technical context.",SSD_COURSE_034_M6_S4,Semantically_Audited,Active,4.0,Subtopic
SUB_COURSE_034_M7_S1,dams,1,"dams: Water-retaining structures whose design depends on foundation geology, materials, seepage, and geological hazards. In Geology in Infrastructure Projects, the focus is on the analysis, design, implementation, interpretation, or evaluation of dams within Engineering Geology, particularly where the Geology in Infrastructure Projects module establishes its technical context.",SSD_COURSE_034_M7_S1,Semantically_Audited,Active,4.0,Subtopic
SUB_COURSE_034_M7_S2,tunnels,2,"tunnels: Underground structures whose construction and performance depend strongly on rock mass and groundwater conditions. In Geology in Infrastructure Projects, the focus is on the analysis, design, implementation, interpretation, or evaluation of tunnels within Engineering Geology, particularly where the Geology in Infrastructure Projects module establishes its technical context.",SSD_COURSE_034_M7_S2,Semantically_Audited,Active,4.0,Subtopic
SUB_COURSE_034_M7_S3,roads,3,"roads: Transport infrastructure whose alignment, cuts, fills, drainage, and foundations must account for geological conditions and hazards. In Geology in Infrastructure Projects, the focus is on the analysis, design, implementation, interpretation, or evaluation of roads within Engineering Geology, particularly where the Geology in Infrastructure Projects module establishes its technical context.",SSD_COURSE_034_M7_S3,Semantically_Audited,Active,4.0,Subtopic
SUB_COURSE_034_M7_S4,groundwater,4,"groundwater: Water occupying the saturated zone beneath the ground surface and stored or transmitted through soil and rock formations. In Geology in Infrastructure Projects, the focus is on concept-level scope: the defining mechanism, properties, constraints, and application criteria; curricular context is recorded in Concept_Category and Typical_Modules.",SSD_COURSE_034_M7_S4,Semantically_Audited,Active,4.0,Subtopic
SUB_COURSE_034_M7_S5,geological risk assessment,5,"geological risk assessment: Evaluation of geological hazards, their likelihood and consequences, and the measures required to reduce associated project risk. In Geology in Infrastructure Projects, the focus is on the analysis, design, implementation, interpretation, or evaluation of geological risk assessment within Engineering Geology, particularly where the Geology in Infrastructure Projects module establishes its technical context.",SSD_COURSE_034_M7_S5,Semantically_Audited,Active,4.0,Subtopic
SUB_COURSE_035_M1_S1,wireframe,1,"wireframe refers to a geometric model representing an object using points, curves, and edges without explicit surfaces or solid volume. In Geometric Modelling, the focus is on the analysis, design, implementation, interpretation, or evaluation of wireframe within CAD/CAM, particularly where the Geometric Modelling module establishes its technical context.",SSD_COURSE_035_M1_S1,Semantically_Audited,Active,4.0,Subtopic
SUB_COURSE_035_M1_S2,surface modelling,2,"surface modelling: Representation of continuous or irregular surfaces in CAD using mathematical surface entities such as patches, splines, or NURBS. In Geometric Modelling, the focus is on the analysis, design, implementation, interpretation, or evaluation of surface modelling within CAD/CAM, particularly where the Geometric Modelling module establishes its technical context.",SSD_COURSE_035_M1_S2,Semantically_Audited,Active,4.0,Subtopic
SUB_COURSE_035_M1_S3,solid modelling,3,"solid modelling: Computer representation of a three-dimensional object as a complete volume with defined boundaries, enabling geometric operations and engineering analysis. In Geometric Modelling, the focus is on the analysis, design, implementation, interpretation, or evaluation of solid modelling within CAD/CAM, particularly where the Geometric Modelling module establishes its technical context.",SSD_COURSE_035_M1_S3,Semantically_Audited,Active,4.0,Subtopic
SUB_COURSE_035_M1_S4,parametric features,4,"parametric features: CAD features whose geometry is controlled by dimensions, constraints, and relationships that can be edited systematically. In Geometric Modelling, the focus is on the analysis, design, implementation, interpretation, or evaluation of parametric features within CAD/CAM, particularly where the Geometric Modelling module establishes its technical context.",SSD_COURSE_035_M1_S4,Semantically_Audited,Active,4.0,Subtopic
SUB_COURSE_035_M1_S5,constraints,5,"constraints: Geometric or dimensional rules that control relationships among sketch or model elements. In Geometric Modelling, the focus is on the analysis, design, implementation, interpretation, or evaluation of constraints within CAD/CAM, particularly where the Geometric Modelling module establishes its technical context.",SSD_COURSE_035_M1_S5,Semantically_Audited,Active,4.0,Subtopic
SUB_COURSE_035_M2_S1,sketching,1,"sketching: Creating constrained two-dimensional geometry that forms the basis of many parametric CAD features. In Computer-Aided Design, the focus is on the analysis, design, implementation, interpretation, or evaluation of sketching within CAD/CAM, particularly where the Computer-Aided Design module establishes its technical context.",SSD_COURSE_035_M2_S1,Semantically_Audited,Active,4.0,Subtopic
SUB_COURSE_035_M2_S2,assemblies,2,"assemblies: CAD representations of multiple components positioned and constrained to represent a complete product or mechanism. In Computer-Aided Design, the focus is on the analysis, design, implementation, interpretation, or evaluation of assemblies within CAD/CAM, particularly where the Computer-Aided Design module establishes its technical context.",SSD_COURSE_035_M2_S2,Semantically_Audited,Active,4.0,Subtopic
SUB_COURSE_035_M2_S3,design intent,3,"design intent refers to the functional and geometric requirements that a CAD model is expected to preserve when dimensions, features, or relationships are changed. In Computer-Aided Design, the focus is on the analysis, design, implementation, interpretation, or evaluation of design intent within CAD/CAM, particularly where the Computer-Aided Design module establishes its technical context.",SSD_COURSE_035_M2_S3,Semantically_Audited,Active,4.0,Subtopic
SUB_COURSE_035_M2_S4,tolerancing,4,"tolerancing: Specifying allowable variation in a dimension or geometric characteristic so parts can be manufactured and assembled reliably. In Computer-Aided Design, the focus is on the analysis, design, implementation, interpretation, or evaluation of tolerancing within CAD/CAM, particularly where the Computer-Aided Design module establishes its technical context.",SSD_COURSE_035_M2_S4,Semantically_Audited,Active,4.0,Subtopic
SUB_COURSE_035_M2_S5,design documentation,5,"design documentation: Structured drawings, models, annotations, specifications, and related records used to communicate and control a product design. In Computer-Aided Design, the focus is on the analysis, design, implementation, interpretation, or evaluation of design documentation within CAD/CAM, particularly where the Computer-Aided Design module establishes its technical context.",SSD_COURSE_035_M2_S5,Semantically_Audited,Active,4.0,Subtopic
SUB_COURSE_035_M3_S1,sectioning,1,"sectioning: Creating sectional views or cuts to reveal internal geometry in an engineering drawing or model. In Engineering Graphics and Product Definition, the focus is on the analysis, design, implementation, interpretation, or evaluation of sectioning within CAD/CAM, particularly where the Engineering Graphics and Product Definition module establishes its technical context.",SSD_COURSE_035_M3_S1,Semantically_Audited,Active,4.0,Subtopic
SUB_COURSE_035_M3_S2,dimensioning,2,"dimensioning: Communicating the sizes and locations of geometric features using standard engineering drawing conventions. In Engineering Graphics and Product Definition, the focus is on the analysis, design, implementation, interpretation, or evaluation of dimensioning within CAD/CAM, particularly where the Engineering Graphics and Product Definition module establishes its technical context.",SSD_COURSE_035_M3_S2,Semantically_Audited,Active,4.0,Subtopic
SUB_COURSE_035_M3_S3,geometric dimensioning and tolerancing,3,"geometric dimensioning and tolerancing refers to a system for specifying allowable geometric variation, datum references, and feature requirements on engineering drawings or models. In Engineering Graphics and Product Definition, the focus is on the analysis, design, implementation, interpretation, or evaluation of geometric dimensioning and tolerancing within CAD/CAM, particularly where the Engineering Graphics and Product Definition module establishes its technical context.",SSD_COURSE_035_M3_S3,Semantically_Audited,Active,4.0,Subtopic
SUB_COURSE_035_M3_S4,bills of materials,4,"bills of materials: Structured lists of the parts, assemblies, quantities, and identifiers required to build a product. In Engineering Graphics and Product Definition, the focus is on the analysis, design, implementation, interpretation, or evaluation of bills of materials within CAD/CAM, particularly where the Engineering Graphics and Product Definition module establishes its technical context.",SSD_COURSE_035_M3_S4,Semantically_Audited,Active,4.0,Subtopic
SUB_COURSE_035_M4_S1,process planning,1,"process planning: Determining the sequence of manufacturing operations, machines, tools, fixtures, and parameters required to produce a component. In Manufacturing Planning, the focus is on the analysis, design, implementation, interpretation, or evaluation of process planning within CAD/CAM, particularly where the Manufacturing Planning module establishes its technical context.",SSD_COURSE_035_M4_S1,Semantically_Audited,Active,4.0,Subtopic
SUB_COURSE_035_M4_S2,Manufacturing routing,2,"Manufacturing routing: Definition and sequencing of the manufacturing operations, work centres, tools, setups, and process parameters required to produce a part or product. In Manufacturing Planning, the focus is on curricular scope: CAD/CAM; The concept is represented at the level of the stated mechanism, properties, constraints, and application criteria.",SSD_COURSE_035_M4_S2,Semantically_Audited,Active,4.0,Subtopic
SUB_COURSE_035_M4_S3,tooling,3,"tooling: Fixtures, cutting tools, dies, moulds, and related equipment used to manufacture a component. In Manufacturing Planning, the focus is on the analysis, design, implementation, interpretation, or evaluation of tooling within CAD/CAM, particularly where the Manufacturing Planning module establishes its technical context.",SSD_COURSE_035_M4_S3,Semantically_Audited,Active,4.0,Subtopic
SUB_COURSE_035_M4_S4,setup planning,4,"setup planning: Determining how a workpiece will be located, oriented, supported, and processed for a manufacturing setup. In Manufacturing Planning, the focus is on the analysis, design, implementation, interpretation, or evaluation of setup planning within CAD/CAM, particularly where the Manufacturing Planning module establishes its technical context.",SSD_COURSE_035_M4_S4,Semantically_Audited,Active,4.0,Subtopic
SUB_COURSE_035_M4_S5,computer-aided process planning,5,"computer-aided process planning: Computer-supported generation or selection of manufacturing process plans from product and production information. In Manufacturing Planning, the focus is on the analysis, design, implementation, interpretation, or evaluation of computer-aided process planning within CAD/CAM, particularly where the Manufacturing Planning module establishes its technical context.",SSD_COURSE_035_M4_S5,Semantically_Audited,Active,4.0,Subtopic
SUB_COURSE_035_M5_S1,coordinate systems,1,"coordinate systems: Reference frames used to define the position and orientation of geometry, tools, machines, or workpieces. In CNC Programming and Machining, the focus is on the analysis, design, implementation, interpretation, or evaluation of coordinate systems within CAD/CAM, particularly where the CNC Programming and Machining module establishes its technical context.",SSD_COURSE_035_M5_S1,Semantically_Audited,Active,4.0,Subtopic
SUB_COURSE_035_M5_S2,G-code,2,"G-code: Machine-control instructions used by CNC equipment to specify movements, speeds, feeds, and related operations. In CNC Programming and Machining, the focus is on the analysis, design, implementation, interpretation, or evaluation of G-code within CAD/CAM, particularly where the CNC Programming and Machining module establishes its technical context.",SSD_COURSE_035_M5_S2,Semantically_Audited,Active,4.0,Subtopic
SUB_COURSE_035_M5_S3,tool paths,3,"tool paths: Planned trajectories followed by a cutting tool during CNC machining. In CNC Programming and Machining, the focus is on the analysis, design, implementation, interpretation, or evaluation of tool paths within CAD/CAM, particularly where the CNC Programming and Machining module establishes its technical context.",SSD_COURSE_035_M5_S3,Semantically_Audited,Active,4.0,Subtopic
SUB_COURSE_035_M5_S4,interpolation,4,"interpolation: Calculation of intermediate tool positions between programmed points to produce a required CNC motion. In CNC Programming and Machining, the focus is on the analysis, design, implementation, interpretation, or evaluation of interpolation within CAD/CAM, particularly where the CNC Programming and Machining module establishes its technical context.",SSD_COURSE_035_M5_S4,Semantically_Audited,Active,4.0,Subtopic
SUB_COURSE_035_M5_S5,machining simulation,5,"machining simulation: Computer-based prediction and visualisation of tool motion, material removal, collisions, and machining results. In CNC Programming and Machining, the focus is on the analysis, design, implementation, interpretation, or evaluation of machining simulation within CAD/CAM, particularly where the CNC Programming and Machining module establishes its technical context.",SSD_COURSE_035_M5_S5,Semantically_Audited,Active,4.0,Subtopic
SUB_COURSE_035_M6_S1,CAM workflows,1,"CAM workflows refers to the sequence from manufacturing-process planning through tool-path creation, verification, post-processing, and CNC execution. In Computer-Aided Manufacturing, the focus is on the analysis, design, implementation, interpretation, or evaluation of CAM workflows within CAD/CAM, particularly where the Computer-Aided Manufacturing module establishes its technical context.",SSD_COURSE_035_M6_S1,Semantically_Audited,Active,4.0,Subtopic
SUB_COURSE_035_M6_S2,tool-path generation,2,"tool-path generation: Computing machining trajectories from part geometry, cutting tools, stock, and process parameters. In Computer-Aided Manufacturing, the focus is on the analysis, design, implementation, interpretation, or evaluation of tool-path generation within CAD/CAM, particularly where the Computer-Aided Manufacturing module establishes its technical context.",SSD_COURSE_035_M6_S2,Semantically_Audited,Active,4.0,Subtopic
SUB_COURSE_035_M6_S3,verification,3,"verification: Process of determining whether a model, design, implementation, or manufactured result satisfies specified requirements or has been constructed correctly. In Computer-Aided Manufacturing, the focus is on concept-level scope: the defining mechanism, properties, constraints, and application criteria; curricular context is recorded in Concept_Category and Typical_Modules.",SSD_COURSE_035_M6_S3,Semantically_Audited,Active,4.0,Subtopic
SUB_COURSE_035_M6_S4,post-processing,4,"post-processing: Converting CAM tool paths into machine-specific CNC instructions for a particular controller. In Computer-Aided Manufacturing, the focus is on the analysis, design, implementation, interpretation, or evaluation of post-processing within CAD/CAM, particularly where the Computer-Aided Manufacturing module establishes its technical context.",SSD_COURSE_035_M6_S4,Semantically_Audited,Active,4.0,Subtopic
SUB_COURSE_035_M6_S5,machining optimization,5,"machining optimization: Selecting tool paths and process parameters to balance productivity, surface quality, tool life, and machining constraints. In Computer-Aided Manufacturing, the focus is on the analysis, design, implementation, interpretation, or evaluation of machining optimization within CAD/CAM, particularly where the Computer-Aided Manufacturing module establishes its technical context.",SSD_COURSE_035_M6_S5,Semantically_Audited,Active,4.0,Subtopic
SUB_COURSE_035_M7_S1,associativity,1,"associativity: Maintaining links so changes to related CAD geometry, features, drawings, or manufacturing data can propagate consistently. In CAD/CAM Integration and Product Data, the focus is on the analysis, design, implementation, interpretation, or evaluation of associativity within CAD/CAM, particularly where the CAD/CAM Integration and Product Data module establishes its technical context.",SSD_COURSE_035_M7_S1,Semantically_Audited,Active,4.0,Subtopic
SUB_COURSE_035_M7_S2,product data exchange,2,"product data exchange: Transferring product geometry and engineering information between different CAD/CAM systems using defined data formats. In CAD/CAM Integration and Product Data, the focus is on the analysis, design, implementation, interpretation, or evaluation of product data exchange within CAD/CAM, particularly where the CAD/CAM Integration and Product Data module establishes its technical context.",SSD_COURSE_035_M7_S2,Semantically_Audited,Active,4.0,Subtopic
SUB_COURSE_035_M7_S3,Product Lifecycle Management (PLM),3,"PLM: Product Lifecycle Management, the controlled management of product information and processes from design through manufacture, service, and retirement. In CAD/CAM Integration and Product Data, the focus is on the analysis, design, implementation, interpretation, or evaluation of PLM within CAD/CAM, particularly where the CAD/CAM Integration and Product Data module establishes its technical context.",SSD_COURSE_035_M7_S3,Semantically_Audited,Active,4.0,Subtopic
SUB_COURSE_035_M7_S4,digital thread,4,"digital thread refers to a connected flow of product and process information across design, manufacturing, operation, and lifecycle stages. In CAD/CAM Integration and Product Data, the focus is on the analysis, design, implementation, interpretation, or evaluation of digital thread within CAD/CAM, particularly where the CAD/CAM Integration and Product Data module establishes its technical context.",SSD_COURSE_035_M7_S4,Semantically_Audited,Active,4.0,Subtopic
SUB_COURSE_035_M7_S5,model-based definition,5,"model-based definition: Using a 3D digital product model as the authoritative source for geometry, dimensions, tolerances, and manufacturing information. In CAD/CAM Integration and Product Data, the focus is on the analysis, design, implementation, interpretation, or evaluation of model-based definition within CAD/CAM, particularly where the CAD/CAM Integration and Product Data module establishes its technical context.",SSD_COURSE_035_M7_S5,Semantically_Audited,Active,4.0,Subtopic
SUB_COURSE_036_M1_S1,measurement principles,1,"measurement principles: Principles governing how a physical quantity is defined, measured, represented, and related to an indicated value and measurement uncertainty. In Sensors and Transducers, the focus is on the analysis, design, implementation, interpretation, or evaluation of measurement principles within Mechatronics, particularly where the Sensors and Transducers module establishes its technical context.",SSD_COURSE_036_M1_S1,Semantically_Audited,Active,4.0,Subtopic
SUB_COURSE_036_M1_S2,position,2,"position refers to the measured or commanded location of a mechanical component or actuator along a defined coordinate. In Sensors and Transducers, the focus is on the analysis, design, implementation, interpretation, or evaluation of position within Mechatronics, particularly where the Sensors and Transducers module establishes its technical context.",SSD_COURSE_036_M1_S2,Semantically_Audited,Active,4.0,Subtopic
SUB_COURSE_036_M1_S3,velocity,3,"velocity refers to the rate of change of position of a mechanical component with time. In Sensors and Transducers, the focus is on the analysis, design, implementation, interpretation, or evaluation of velocity within Mechatronics, particularly where the Sensors and Transducers module establishes its technical context.",SSD_COURSE_036_M1_S3,Semantically_Audited,Active,4.0,Subtopic
SUB_COURSE_036_M1_S4,force,4,"force refers to an interaction that produces acceleration or deformation and is measured or controlled in mechatronic systems. In Sensors and Transducers, the focus is on the analysis, design, implementation, interpretation, or evaluation of force within Mechatronics, particularly where the Sensors and Transducers module establishes its technical context.",SSD_COURSE_036_M1_S4,Semantically_Audited,Active,4.0,Subtopic
SUB_COURSE_036_M1_S5,pressure,5,"pressure: Normal force per unit area acting on a surface or within a fluid; in continuum fluid mechanics it is a scalar state variable whose spatial gradients can drive flow. In Sensors and Transducers, the focus is on concept-level scope: the defining mechanism, properties, constraints, and application criteria; curricular context is recorded in Concept_Category and Typical_Modules.",SSD_COURSE_036_M1_S5,Semantically_Audited,Active,4.0,Subtopic
SUB_COURSE_036_M1_S6,temperature sensing,6,"temperature sensing: Measurement of temperature using a sensor whose output changes predictably with temperature. In Sensors and Transducers, the focus is on the analysis, design, implementation, interpretation, or evaluation of temperature sensing within Mechatronics, particularly where the Sensors and Transducers module establishes its technical context.",SSD_COURSE_036_M1_S6,Semantically_Audited,Active,4.0,Subtopic
SUB_COURSE_036_M2_S1,DC motors,1,"DC motors: Electric motors that convert direct-current electrical input into controlled rotary mechanical motion. In Actuators and Drives, the focus is on the analysis, design, implementation, interpretation, or evaluation of DC motors within Mechatronics, particularly where the Actuators and Drives module establishes its technical context.",SSD_COURSE_036_M2_S1,Semantically_Audited,Active,4.0,Subtopic
SUB_COURSE_036_M2_S2,stepper motors,2,"stepper motors: Motors that move in discrete angular steps in response to commanded electrical sequences. In Actuators and Drives, the focus is on the analysis, design, implementation, interpretation, or evaluation of stepper motors within Mechatronics, particularly where the Actuators and Drives module establishes its technical context.",SSD_COURSE_036_M2_S2,Semantically_Audited,Active,4.0,Subtopic
SUB_COURSE_036_M2_S3,servo drives,3,"servo drives: Closed-loop drive systems that regulate motor position, speed, or torque using feedback. In Actuators and Drives, the focus is on the analysis, design, implementation, interpretation, or evaluation of servo drives within Mechatronics, particularly where the Actuators and Drives module establishes its technical context.",SSD_COURSE_036_M2_S3,Semantically_Audited,Active,4.0,Subtopic
SUB_COURSE_036_M2_S4,solenoids,4,"solenoids: Electromagnetic actuators that produce linear motion when their coil is energised. In Actuators and Drives, the focus is on the analysis, design, implementation, interpretation, or evaluation of solenoids within Mechatronics, particularly where the Actuators and Drives module establishes its technical context.",SSD_COURSE_036_M2_S4,Semantically_Audited,Active,4.0,Subtopic
SUB_COURSE_036_M2_S5,pneumatic and hydraulic actuators,5,"pneumatic and hydraulic actuators: Actuators that convert compressed air or pressurised fluid into controlled mechanical motion. In Actuators and Drives, the focus is on the analysis, design, implementation, interpretation, or evaluation of pneumatic and hydraulic actuators within Mechatronics, particularly where the Actuators and Drives module establishes its technical context.",SSD_COURSE_036_M2_S5,Semantically_Audited,Active,4.0,Subtopic
SUB_COURSE_036_M3_S1,microcontrollers,1,"microcontrollers: Integrated programmable devices that combine a processor, memory, and peripheral interfaces for dedicated control and embedded-system tasks. In Embedded Controllers, the focus is on the analysis, design, implementation, interpretation, or evaluation of microcontrollers within Mechatronics, particularly where the Embedded Controllers module establishes its technical context.",SSD_COURSE_036_M3_S1,Semantically_Audited,Active,4.0,Subtopic
SUB_COURSE_036_M3_S2,Input/Output (I/O),2,"I/O: Input/output interfaces through which a controller exchanges signals with sensors, actuators, and other devices. In Embedded Controllers, the focus is on the analysis, design, implementation, interpretation, or evaluation of I/O within Mechatronics, particularly where the Embedded Controllers module establishes its technical context.",SSD_COURSE_036_M3_S2,Semantically_Audited,Active,4.0,Subtopic
SUB_COURSE_036_M3_S3,timers,3,"timers: Controller hardware or software functions that generate timing events, delays, or periodic operations. In Embedded Controllers, the focus is on the analysis, design, implementation, interpretation, or evaluation of timers within Mechatronics, particularly where the Embedded Controllers module establishes its technical context.",SSD_COURSE_036_M3_S3,Semantically_Audited,Active,4.0,Subtopic
SUB_COURSE_036_M3_S4,interrupts,4,"interrupts: Signals that temporarily divert processor execution to handle an event requiring timely service. In Embedded Controllers, the focus is on the analysis, design, implementation, interpretation, or evaluation of interrupts within Mechatronics, particularly where the Embedded Controllers module establishes its technical context.",SSD_COURSE_036_M3_S4,Semantically_Audited,Active,4.0,Subtopic
SUB_COURSE_036_M3_S5,Analog-to-Digital / Digital-to-Analog Conversion (ADC/DAC),5,"ADC/DAC: Analog-to-digital and digital-to-analog conversion processes used to interface continuous-valued signals with digital systems. In Embedded Controllers, the focus is on concept-level scope: the defining mechanism, properties, constraints, and application criteria; curricular context is recorded in Concept_Category and Typical_Modules.",SSD_COURSE_036_M3_S5,Semantically_Audited,Active,4.0,Subtopic
SUB_COURSE_036_M3_S6,real-time execution,6,"real-time execution: Execution in which computations must complete within defined timing deadlines. In Embedded Controllers, the focus is on the analysis, design, implementation, interpretation, or evaluation of real-time execution within Mechatronics, particularly where the Embedded Controllers module establishes its technical context.",SSD_COURSE_036_M3_S6,Semantically_Audited,Active,4.0,Subtopic
SUB_COURSE_036_M4_S1,amplification,1,"amplification: Increase in the magnitude of a signal or physical quantity using an active or passive mechanism, subject to gain, bandwidth, distortion, noise, and stability constraints. In Signal Conditioning and Data Acquisition, the focus is on concept-level scope: the defining mechanism, properties, constraints, and application criteria; curricular context is recorded in Concept_Category and Typical_Modules.",SSD_COURSE_036_M4_S1,Semantically_Audited,Active,4.0,Subtopic
SUB_COURSE_036_M4_S2,filtering,2,"filtering: Selective attenuation or passage of signal components according to frequency, time, spatial characteristics, or other defined criteria. In Signal Conditioning and Data Acquisition, the focus is on concept-level scope: the defining mechanism, properties, constraints, and application criteria; curricular context is recorded in Concept_Category and Typical_Modules.",SSD_COURSE_036_M4_S2,Semantically_Audited,Active,4.0,Subtopic
SUB_COURSE_036_M4_S3,Measurement isolation,3,"Measurement isolation: Electrical or functional isolation used to prevent unwanted conductive interaction between signal paths, measurement circuits, or system elements while preserving the required transfer of information or energy. In Signal Conditioning and Data Acquisition, the focus is on curricular scope: Mechatronics; Electrical Measurements and Instrumentation; The concept is represented at the level of the stated mechanism, properties, constraints, and application criteria.",SSD_COURSE_036_M4_S3,Semantically_Audited,Active,4.0,Subtopic
SUB_COURSE_036_M4_S4,Signal sampling,4,"Signal sampling: Conversion of a continuous-time signal into discrete samples at specified sampling instants; sampling rate and reconstruction requirements determine aliasing and information loss. In Signal Conditioning and Data Acquisition, the focus is on curricular scope: Mechatronics; Electrical Measurements and Instrumentation; The concept is represented at the level of the stated mechanism, properties, constraints, and application criteria.",SSD_COURSE_036_M4_S4,Semantically_Audited,Active,4.0,Subtopic
SUB_COURSE_036_M4_S5,data acquisition,5,"data acquisition: Measurement, conditioning, conversion, and collection of sensor signals for digital processing or control. In Signal Conditioning and Data Acquisition, the focus is on the analysis, design, implementation, interpretation, or evaluation of data acquisition within Mechatronics, particularly where the Signal Conditioning and Data Acquisition module establishes its technical context.",SSD_COURSE_036_M4_S5,Semantically_Audited,Active,4.0,Subtopic
SUB_COURSE_036_M5_S1,dynamic models,1,"dynamic models: Mathematical models describing how a system's states and outputs change with time. In System Modelling and Control, the focus is on the analysis, design, implementation, interpretation, or evaluation of dynamic models within Mechatronics, particularly where the System Modelling and Control module establishes its technical context.",SSD_COURSE_036_M5_S1,Semantically_Audited,Active,4.0,Subtopic
SUB_COURSE_036_M5_S2,transfer functions,2,"transfer functions: Mathematical representations relating the output to the input of a linear time-invariant system in a transform domain under stated initial-condition assumptions. In System Modelling and Control, the focus is on concept-level scope: the defining mechanism, properties, constraints, and application criteria; curricular context is recorded in Concept_Category and Typical_Modules.",SSD_COURSE_036_M5_S2,Semantically_Audited,Active,4.0,Subtopic
SUB_COURSE_036_M5_S3,state-space,3,"state-space refers to a modelling framework that represents system dynamics using state variables and first-order differential or difference equations. In System Modelling and Control, the focus is on the analysis, design, implementation, interpretation, or evaluation of state-space within Mechatronics, particularly where the System Modelling and Control module establishes its technical context.",SSD_COURSE_036_M5_S3,Semantically_Audited,Active,4.0,Subtopic
SUB_COURSE_036_M5_S4,feedback,4,"feedback: Using measured output information to adjust control action according to the difference between desired and actual behaviour. In System Modelling and Control, the focus is on the analysis, design, implementation, interpretation, or evaluation of feedback within Mechatronics, particularly where the System Modelling and Control module establishes its technical context.",SSD_COURSE_036_M5_S4,Semantically_Audited,Active,4.0,Subtopic
SUB_COURSE_036_M5_S5,PID control,5,"PID control: Feedback control using proportional, integral, and derivative actions to regulate a process variable based on the control error. In System Modelling and Control, the focus is on concept-level scope: the defining mechanism, properties, constraints, and application criteria; curricular context is recorded in Concept_Category and Typical_Modules.",SSD_COURSE_036_M5_S5,Semantically_Audited,Active,4.0,Subtopic
SUB_COURSE_036_M6_S1,mechanical-electrical interfaces,1,"mechanical-electrical interfaces: Interfaces that connect mechanical components and electrical systems, including sensors, actuators, drives, and signal or power connections. In Mechatronic System Integration, the focus is on the analysis, design, implementation, interpretation, or evaluation of mechanical-electrical interfaces within Mechatronics, particularly where the Mechatronic System Integration module establishes its technical context.",SSD_COURSE_036_M6_S1,Semantically_Audited,Active,4.0,Subtopic
SUB_COURSE_036_M6_S2,embedded software,2,"embedded software: Software running on a dedicated controller or embedded processor to perform sensing, computation, control, or communication. In Mechatronic System Integration, the focus is on the analysis, design, implementation, interpretation, or evaluation of embedded software within Mechatronics, particularly where the Mechatronic System Integration module establishes its technical context.",SSD_COURSE_036_M6_S2,Semantically_Audited,Active,4.0,Subtopic
SUB_COURSE_036_M6_S3,control architecture,3,"control architecture refers to the organization of sensors, controllers, actuators, communication paths, and control loops that determines how a mechatronic system is regulated. In Mechatronic System Integration, the focus is on the analysis, design, implementation, interpretation, or evaluation of control architecture within Mechatronics, particularly where the Mechatronic System Integration module establishes its technical context.",SSD_COURSE_036_M6_S3,Semantically_Audited,Active,4.0,Subtopic
SUB_COURSE_036_M6_S4,system integration,4,"system integration: Combining mechanical, electrical, electronic, control, and software components into a functioning mechatronic system. In Mechatronic System Integration, the focus is on the analysis, design, implementation, interpretation, or evaluation of system integration within Mechatronics, particularly where the Mechatronic System Integration module establishes its technical context.",SSD_COURSE_036_M6_S4,Semantically_Audited,Active,4.0,Subtopic
SUB_COURSE_036_M7_S1,verification,1,"verification: Process of determining whether a model, design, implementation, or manufactured result satisfies specified requirements or has been constructed correctly. In Testing and Reliability of Mechatronic Systems, the focus is on concept-level scope: the defining mechanism, properties, constraints, and application criteria; curricular context is recorded in Concept_Category and Typical_Modules.",SSD_COURSE_036_M7_S1,Semantically_Audited,Active,4.0,Subtopic
SUB_COURSE_036_M7_S2,validation,2,"validation: Checking that an integrated mechatronic system meets its specified requirements under representative conditions. In Testing and Reliability of Mechatronic Systems, the focus is on the analysis, design, implementation, interpretation, or evaluation of validation within Mechatronics, particularly where the Testing and Reliability of Mechatronic Systems module establishes its technical context.",SSD_COURSE_036_M7_S2,Semantically_Audited,Active,4.0,Subtopic
SUB_COURSE_036_M7_S3,fault diagnosis,3,"fault diagnosis: Identification, localization, and characterization of faults from observed system behaviour, measurements, alarms, or diagnostic evidence. In Testing and Reliability of Mechatronic Systems, the focus is on concept-level scope: the defining mechanism, properties, constraints, and application criteria; curricular context is recorded in Concept_Category and Typical_Modules.",SSD_COURSE_036_M7_S3,Semantically_Audited,Active,4.0,Subtopic
SUB_COURSE_036_M7_S4,Engineering calibration,4,"Engineering calibration: Establishing the relationship between an instrument or measurement-system indication and values realized by standards under specified conditions, with stated measurement uncertainty and traceability where applicable. In Testing and Reliability of Mechatronic Systems, the focus is on mechatronics → Testing and Reliability of Mechatronic Systems: calibration of sensors, measurement chains, and associated instrumentation; calibration is distinct from adjustment.",SSD_COURSE_036_M7_S4,Semantically_Audited,Active,4.0,Subtopic
SUB_COURSE_036_M7_S5,reliability testing,5,"reliability testing: Testing performed to characterize whether a mechatronic system or component performs its required function consistently over specified conditions and time. In Testing and Reliability of Mechatronic Systems, the focus is on the analysis, design, implementation, interpretation, or evaluation of reliability testing within Mechatronics, particularly where the Testing and Reliability of Mechatronic Systems module establishes its technical context.",SSD_COURSE_036_M7_S5,Semantically_Audited,Active,4.0,Subtopic
SUB_COURSE_037_M1_S1,vapour-compression cycle,1,"vapour-compression cycle refers to a refrigeration cycle using evaporation, compression, condensation, and expansion of a working fluid to transfer heat. In Refrigeration Cycles, the focus is on the analysis, design, implementation, interpretation, or evaluation of vapour-compression cycle within Refrigeration and Air Conditioning, particularly where the Refrigeration Cycles module establishes its technical context.",SSD_COURSE_037_M1_S1,Semantically_Audited,Active,4.0,Subtopic
SUB_COURSE_037_M1_S2,refrigeration effect,2,"refrigeration effect: Heat absorbed by the refrigerant in the evaporator per unit mass of refrigerant circulated. In Refrigeration Cycles, the focus is on the analysis, design, implementation, interpretation, or evaluation of refrigeration effect within Refrigeration and Air Conditioning, particularly where the Refrigeration Cycles module establishes its technical context.",SSD_COURSE_037_M1_S2,Semantically_Audited,Active,4.0,Subtopic
SUB_COURSE_037_M1_S3,Coefficient of Performance (COP),3,"COP: Coefficient of Performance, the ratio of useful refrigeration or heating effect to the work or energy input. In Refrigeration Cycles, the focus is on the analysis, design, implementation, interpretation, or evaluation of COP within Refrigeration and Air Conditioning, particularly where the Refrigeration Cycles module establishes its technical context.",SSD_COURSE_037_M1_S3,Semantically_Audited,Active,4.0,Subtopic
SUB_COURSE_037_M1_S4,pressure-enthalpy analysis,4,"pressure-enthalpy analysis: Use of pressure–enthalpy diagrams or property relations to analyse refrigeration cycles, state changes, work, and heat transfer. In Refrigeration Cycles, the focus is on the analysis, design, implementation, interpretation, or evaluation of pressure-enthalpy analysis within Refrigeration and Air Conditioning, particularly where the Refrigeration Cycles module establishes its technical context.",SSD_COURSE_037_M1_S4,Semantically_Audited,Active,4.0,Subtopic
SUB_COURSE_037_M2_S1,refrigerant properties,1,"refrigerant properties: Thermodynamic and transport properties used to analyse refrigerant behaviour and select suitable working fluids. In Refrigerants and Environmental Considerations, the focus is on the analysis, design, implementation, interpretation, or evaluation of refrigerant properties within Refrigeration and Air Conditioning, particularly where the Refrigerants and Environmental Considerations module establishes its technical context.",SSD_COURSE_037_M2_S1,Semantically_Audited,Active,4.0,Subtopic
SUB_COURSE_037_M2_S2,Refrigerant classification,2,"Refrigerant classification: Classification of refrigerants according to thermodynamic, safety, environmental, and application-relevant properties used for refrigerant selection and system design. In Refrigerants and Environmental Considerations, the focus is on curricular scope: Refrigeration and Air Conditioning; The concept is represented at the level of the stated mechanism, properties, constraints, and application criteria.",SSD_COURSE_037_M2_S2,Semantically_Audited,Active,4.0,Subtopic
SUB_COURSE_037_M2_S3,safety,3,"safety: Protection of people, assets, systems, and the environment from unacceptable risk arising from hazards through prevention, control, mitigation, and protective measures. In Refrigerants and Environmental Considerations, the focus is on concept-level scope: the defining mechanism, properties, constraints, and application criteria; curricular context is recorded in Concept_Category and Typical_Modules.",SSD_COURSE_037_M2_S3,Semantically_Audited,Active,4.0,Subtopic
SUB_COURSE_037_M2_S4,phase-out and alternatives,4,"phase-out and alternatives: Replacement of refrigerants with substances that meet required performance while reducing ozone or climate impacts under applicable rules. In Refrigerants and Environmental Considerations, the focus is on the analysis, design, implementation, interpretation, or evaluation of phase-out and alternatives within Refrigeration and Air Conditioning, particularly where the Refrigerants and Environmental Considerations module establishes its technical context.",SSD_COURSE_037_M2_S4,Semantically_Audited,Active,4.0,Subtopic
SUB_COURSE_037_M3_S1,compressors,1,"compressors: Machines that raise refrigerant pressure and temperature by supplying mechanical work. In Refrigeration Components, the focus is on the analysis, design, implementation, interpretation, or evaluation of compressors within Refrigeration and Air Conditioning, particularly where the Refrigeration Components module establishes its technical context.",SSD_COURSE_037_M3_S1,Semantically_Audited,Active,4.0,Subtopic
SUB_COURSE_037_M3_S2,condensers,2,"condensers: Heat exchangers that reject heat from high-pressure refrigerant and condense it to liquid. In Refrigeration Components, the focus is on the analysis, design, implementation, interpretation, or evaluation of condensers within Refrigeration and Air Conditioning, particularly where the Refrigeration Components module establishes its technical context.",SSD_COURSE_037_M3_S2,Semantically_Audited,Active,4.0,Subtopic
SUB_COURSE_037_M3_S3,expansion devices,3,"expansion devices: Devices that reduce refrigerant pressure and control its flow into the evaporator. In Refrigeration Components, the focus is on the analysis, design, implementation, interpretation, or evaluation of expansion devices within Refrigeration and Air Conditioning, particularly where the Refrigeration Components module establishes its technical context.",SSD_COURSE_037_M3_S3,Semantically_Audited,Active,4.0,Subtopic
SUB_COURSE_037_M3_S4,evaporators,4,"evaporators: Heat exchangers where refrigerant absorbs heat and evaporates. In Refrigeration Components, the focus is on the analysis, design, implementation, interpretation, or evaluation of evaporators within Refrigeration and Air Conditioning, particularly where the Refrigeration Components module establishes its technical context.",SSD_COURSE_037_M3_S4,Semantically_Audited,Active,4.0,Subtopic
SUB_COURSE_037_M3_S5,controls,5,"controls: Automatic or manual control functions used to regulate refrigeration and air-conditioning equipment in response to temperature, pressure, flow, or other operating variables. In Refrigeration Components, the focus is on the analysis, design, implementation, interpretation, or evaluation of controls within Refrigeration and Air Conditioning, particularly where the Refrigeration Components module establishes its technical context.",SSD_COURSE_037_M3_S5,Semantically_Audited,Active,4.0,Subtopic
SUB_COURSE_037_M4_S1,humidity ratio,1,"humidity ratio: Mass of water vapour per unit mass of dry air. In Psychrometrics, the focus is on the analysis, design, implementation, interpretation, or evaluation of humidity ratio within Refrigeration and Air Conditioning, particularly where the Psychrometrics module establishes its technical context.",SSD_COURSE_037_M4_S1,Semantically_Audited,Active,4.0,Subtopic
SUB_COURSE_037_M4_S2,relative humidity,2,"relative humidity: Ratio of actual water-vapour partial pressure to saturation vapour pressure at the same temperature. In Psychrometrics, the focus is on the analysis, design, implementation, interpretation, or evaluation of relative humidity within Refrigeration and Air Conditioning, particularly where the Psychrometrics module establishes its technical context.",SSD_COURSE_037_M4_S2,Semantically_Audited,Active,4.0,Subtopic
SUB_COURSE_037_M4_S3,psychrometric chart,3,"psychrometric chart refers to a graphical representation of thermodynamic properties and processes of moist air. In Psychrometrics, the focus is on the analysis, design, implementation, interpretation, or evaluation of psychrometric chart within Refrigeration and Air Conditioning, particularly where the Psychrometrics module establishes its technical context.",SSD_COURSE_037_M4_S3,Semantically_Audited,Active,4.0,Subtopic
SUB_COURSE_037_M4_S4,air mixing,4,"air mixing: Combining air streams with different temperatures and moisture contents to obtain a resulting mixed-air state. In Psychrometrics, the focus is on the analysis, design, implementation, interpretation, or evaluation of air mixing within Refrigeration and Air Conditioning, particularly where the Psychrometrics module establishes its technical context.",SSD_COURSE_037_M4_S4,Semantically_Audited,Active,4.0,Subtopic
SUB_COURSE_037_M4_S5,dew point,5,"dew point: Temperature at which air becomes saturated with water vapour when cooled at constant pressure and composition. In Psychrometrics, the focus is on the analysis, design, implementation, interpretation, or evaluation of dew point within Refrigeration and Air Conditioning, particularly where the Psychrometrics module establishes its technical context.",SSD_COURSE_037_M4_S5,Semantically_Audited,Active,4.0,Subtopic
SUB_COURSE_037_M5_S1,sensible and latent loads,1,"sensible and latent loads: Cooling or heating loads associated respectively with temperature change and moisture addition or removal. In Air-Conditioning Loads, the focus is on the analysis, design, implementation, interpretation, or evaluation of sensible and latent loads within Refrigeration and Air Conditioning, particularly where the Air-Conditioning Loads module establishes its technical context.",SSD_COURSE_037_M5_S1,Semantically_Audited,Active,4.0,Subtopic
SUB_COURSE_037_M5_S2,heat gains,2,"heat gains: Heat entering an air-conditioned space from occupants, lighting, equipment, solar radiation, conduction, infiltration, and other sources. In Air-Conditioning Loads, the focus is on the analysis, design, implementation, interpretation, or evaluation of heat gains within Refrigeration and Air Conditioning, particularly where the Air-Conditioning Loads module establishes its technical context.",SSD_COURSE_037_M5_S2,Semantically_Audited,Active,4.0,Subtopic
SUB_COURSE_037_M5_S3,ventilation,3,"ventilation: Intentional supply and removal of air to control indoor air quality and contaminant levels. In Air-Conditioning Loads, the focus is on the analysis, design, implementation, interpretation, or evaluation of ventilation within Refrigeration and Air Conditioning, particularly where the Air-Conditioning Loads module establishes its technical context.",SSD_COURSE_037_M5_S3,Semantically_Audited,Active,4.0,Subtopic
SUB_COURSE_037_M5_S4,Air infiltration,4,"Air infiltration: Uncontrolled or unintended entry of outdoor air into a conditioned space through leakage paths driven by pressure differences, wind, stack effect, or mechanical-system operation. In Air-Conditioning Loads, the focus is on curricular scope: Refrigeration and Air Conditioning; The concept is represented at the level of the stated mechanism, properties, constraints, and application criteria.",SSD_COURSE_037_M5_S4,Semantically_Audited,Active,4.0,Subtopic
SUB_COURSE_037_M5_S5,load calculation,5,"load calculation: Estimation of sensible and latent cooling or heating loads used to size air-conditioning equipment and distribution systems. In Air-Conditioning Loads, the focus is on the analysis, design, implementation, interpretation, or evaluation of load calculation within Refrigeration and Air Conditioning, particularly where the Air-Conditioning Loads module establishes its technical context.",SSD_COURSE_037_M5_S5,Semantically_Audited,Active,4.0,Subtopic
SUB_COURSE_037_M6_S1,all-air systems,1,"all-air systems: HVAC systems in which conditioned air is used to provide both heating/cooling and ventilation. In Air-Conditioning Systems, the focus is on the analysis, design, implementation, interpretation, or evaluation of all-air systems within Refrigeration and Air Conditioning, particularly where the Air-Conditioning Systems module establishes its technical context.",SSD_COURSE_037_M6_S1,Semantically_Audited,Active,4.0,Subtopic
SUB_COURSE_037_M6_S2,chilled-water systems,2,"chilled-water systems: HVAC systems that circulate chilled water to coils that condition air or spaces. In Air-Conditioning Systems, the focus is on the analysis, design, implementation, interpretation, or evaluation of chilled-water systems within Refrigeration and Air Conditioning, particularly where the Air-Conditioning Systems module establishes its technical context.",SSD_COURSE_037_M6_S2,Semantically_Audited,Active,4.0,Subtopic
SUB_COURSE_037_M6_S3,variable air volume,3,"variable air volume refers to an HVAC control approach that varies supply-air flow to meet changing zone loads. In Air-Conditioning Systems, the focus is on the analysis, design, implementation, interpretation, or evaluation of variable air volume within Refrigeration and Air Conditioning, particularly where the Air-Conditioning Systems module establishes its technical context.",SSD_COURSE_037_M6_S3,Semantically_Audited,Active,4.0,Subtopic
SUB_COURSE_037_M6_S4,equipment selection,4,"equipment selection: Selection and sizing of refrigeration or air-conditioning equipment to meet required capacity, efficiency, operating conditions, and system constraints. In Air-Conditioning Systems, the focus is on the analysis, design, implementation, interpretation, or evaluation of equipment selection within Refrigeration and Air Conditioning, particularly where the Air-Conditioning Systems module establishes its technical context.",SSD_COURSE_037_M6_S4,Semantically_Audited,Active,4.0,Subtopic
SUB_COURSE_037_M7_S1,Coefficient of Performance / Energy Efficiency Ratio (COP/EER),1,"COP/EER: Performance measures relating useful cooling or heating output to energy input under specified conditions. In System Performance and Diagnostics, the focus is on the analysis, design, implementation, interpretation, or evaluation of COP/EER within Refrigeration and Air Conditioning, particularly where the System Performance and Diagnostics module establishes its technical context.",SSD_COURSE_037_M7_S1,Semantically_Audited,Active,4.0,Subtopic
SUB_COURSE_037_M7_S2,part-load performance,2,"part-load performance: System efficiency and capacity behaviour when operating below full design load. In System Performance and Diagnostics, the focus is on the analysis, design, implementation, interpretation, or evaluation of part-load performance within Refrigeration and Air Conditioning, particularly where the System Performance and Diagnostics module establishes its technical context.",SSD_COURSE_037_M7_S2,Semantically_Audited,Active,4.0,Subtopic
SUB_COURSE_037_M7_S3,commissioning,3,"commissioning: Systematic verification that HVAC equipment and controls are installed, configured, and operating as intended. In System Performance and Diagnostics, the focus is on the analysis, design, implementation, interpretation, or evaluation of commissioning within Refrigeration and Air Conditioning, particularly where the System Performance and Diagnostics module establishes its technical context.",SSD_COURSE_037_M7_S3,Semantically_Audited,Active,4.0,Subtopic
SUB_COURSE_037_M7_S4,fault diagnosis,4,"fault diagnosis: Identification, localization, and characterization of faults from observed system behaviour, measurements, alarms, or diagnostic evidence. In System Performance and Diagnostics, the focus is on concept-level scope: the defining mechanism, properties, constraints, and application criteria; curricular context is recorded in Concept_Category and Typical_Modules.",SSD_COURSE_037_M7_S4,Semantically_Audited,Active,4.0,Subtopic
SUB_COURSE_037_M7_S5,maintenance,5,"maintenance: Inspection, servicing, cleaning, adjustment, and repair used to maintain HVAC performance and reliability. In System Performance and Diagnostics, the focus is on the analysis, design, implementation, interpretation, or evaluation of maintenance within Refrigeration and Air Conditioning, particularly where the System Performance and Diagnostics module establishes its technical context.",SSD_COURSE_037_M7_S5,Semantically_Audited,Active,4.0,Subtopic
SUB_COURSE_038_M1_S1,Otto cycle,1,"Otto cycle refers to an ideal thermodynamic cycle used to represent spark-ignition engine operation. In Engine Cycles and Architecture, the focus is on the analysis, design, implementation, interpretation, or evaluation of Otto cycle within Internal Combustion Engines, particularly where the Engine Cycles and Architecture module establishes its technical context.",SSD_COURSE_038_M1_S1,Semantically_Audited,Active,4.0,Subtopic
SUB_COURSE_038_M1_S2,Diesel cycle,2,"Diesel cycle refers to an ideal thermodynamic cycle used to represent compression-ignition engine operation with heat addition at approximately constant pressure. In Engine Cycles and Architecture, the focus is on the analysis, design, implementation, interpretation, or evaluation of Diesel cycle within Internal Combustion Engines, particularly where the Engine Cycles and Architecture module establishes its technical context.",SSD_COURSE_038_M1_S2,Semantically_Audited,Active,4.0,Subtopic
SUB_COURSE_038_M1_S3,dual cycle,3,"dual cycle refers to an ideal engine cycle in which heat addition is represented partly at constant volume and partly at constant pressure. In Engine Cycles and Architecture, the focus is on the analysis, design, implementation, interpretation, or evaluation of dual cycle within Internal Combustion Engines, particularly where the Engine Cycles and Architecture module establishes its technical context.",SSD_COURSE_038_M1_S3,Semantically_Audited,Active,4.0,Subtopic
SUB_COURSE_038_M1_S4,two-stroke/four-stroke,4,"two-stroke/four-stroke: Engine operating cycles distinguished by whether the sequence of intake, compression, power, and exhaust occurs over two or four piston strokes. In Engine Cycles and Architecture, the focus is on the analysis, design, implementation, interpretation, or evaluation of two-stroke/four-stroke within Internal Combustion Engines, particularly where the Engine Cycles and Architecture module establishes its technical context.",SSD_COURSE_038_M1_S4,Semantically_Audited,Active,4.0,Subtopic
SUB_COURSE_038_M1_S5,engine configurations,5,"engine configurations: Arrangements of engine cylinders, valve trains, crank mechanisms, induction systems, and other major components that determine engine architecture. In Engine Cycles and Architecture, the focus is on the analysis, design, implementation, interpretation, or evaluation of engine configurations within Internal Combustion Engines, particularly where the Engine Cycles and Architecture module establishes its technical context.",SSD_COURSE_038_M1_S5,Semantically_Audited,Active,4.0,Subtopic
SUB_COURSE_038_M2_S1,cylinder,1,"cylinder refers to the engine chamber in which the piston moves and combustion or gas exchange occurs. In Engine Components and Mechanics, the focus is on the analysis, design, implementation, interpretation, or evaluation of cylinder within Internal Combustion Engines, particularly where the Engine Components and Mechanics module establishes its technical context.",SSD_COURSE_038_M2_S1,Semantically_Audited,Active,4.0,Subtopic
SUB_COURSE_038_M2_S2,piston,2,"piston refers to a reciprocating engine component that transfers gas pressure to the connecting rod and crank mechanism. In Engine Components and Mechanics, the focus is on the analysis, design, implementation, interpretation, or evaluation of piston within Internal Combustion Engines, particularly where the Engine Components and Mechanics module establishes its technical context.",SSD_COURSE_038_M2_S2,Semantically_Audited,Active,4.0,Subtopic
SUB_COURSE_038_M2_S3,crankshaft,3,"crankshaft refers to a rotating shaft that converts piston reciprocating motion into useful rotary output. In Engine Components and Mechanics, the focus is on the analysis, design, implementation, interpretation, or evaluation of crankshaft within Internal Combustion Engines, particularly where the Engine Components and Mechanics module establishes its technical context.",SSD_COURSE_038_M2_S3,Semantically_Audited,Active,4.0,Subtopic
SUB_COURSE_038_M2_S4,valve train,4,"valve train refers to the components that open and close engine intake and exhaust valves at controlled times. In Engine Components and Mechanics, the focus is on the analysis, design, implementation, interpretation, or evaluation of valve train within Internal Combustion Engines, particularly where the Engine Components and Mechanics module establishes its technical context.",SSD_COURSE_038_M2_S4,Semantically_Audited,Active,4.0,Subtopic
SUB_COURSE_038_M2_S5,lubrication,5,"lubrication: Supplying lubricant to engine surfaces to reduce friction, wear, and heat generation. In Engine Components and Mechanics, the focus is on the analysis, design, implementation, interpretation, or evaluation of lubrication within Internal Combustion Engines, particularly where the Engine Components and Mechanics module establishes its technical context.",SSD_COURSE_038_M2_S5,Semantically_Audited,Active,4.0,Subtopic
SUB_COURSE_038_M2_S6,cooling,6,"cooling: Removing excess engine heat to maintain components and lubricant within acceptable operating temperatures. In Engine Components and Mechanics, the focus is on the analysis, design, implementation, interpretation, or evaluation of cooling within Internal Combustion Engines, particularly where the Engine Components and Mechanics module establishes its technical context.",SSD_COURSE_038_M2_S6,Semantically_Audited,Active,4.0,Subtopic
SUB_COURSE_038_M3_S1,air intake,1,"air intake refers to the path and process by which fresh air is supplied to the engine cylinders. In Air and Fuel Systems, the focus is on the analysis, design, implementation, interpretation, or evaluation of air intake within Internal Combustion Engines, particularly where the Air and Fuel Systems module establishes its technical context.",SSD_COURSE_038_M3_S1,Semantically_Audited,Active,4.0,Subtopic
SUB_COURSE_038_M3_S2,turbocharging,2,"turbocharging: Using a turbine-driven compressor to increase intake-air pressure and engine air mass flow. In Air and Fuel Systems, the focus is on the analysis, design, implementation, interpretation, or evaluation of turbocharging within Internal Combustion Engines, particularly where the Air and Fuel Systems module establishes its technical context.",SSD_COURSE_038_M3_S2,Semantically_Audited,Active,4.0,Subtopic
SUB_COURSE_038_M3_S3,fuel injection,3,"fuel injection: Metering and delivering fuel into the intake or combustion chamber at controlled timing and conditions. In Air and Fuel Systems, the focus is on the analysis, design, implementation, interpretation, or evaluation of fuel injection within Internal Combustion Engines, particularly where the Air and Fuel Systems module establishes its technical context.",SSD_COURSE_038_M3_S3,Semantically_Audited,Active,4.0,Subtopic
SUB_COURSE_038_M3_S4,ignition,4,"ignition: Initiation of combustion in a fuel-air mixture by a spark or by conditions that cause autoignition. In Air and Fuel Systems, the focus is on the analysis, design, implementation, interpretation, or evaluation of ignition within Internal Combustion Engines, particularly where the Air and Fuel Systems module establishes its technical context.",SSD_COURSE_038_M3_S4,Semantically_Audited,Active,4.0,Subtopic
SUB_COURSE_038_M3_S5,mixture formation,5,"mixture formation: Preparation and distribution of the fuel-air mixture required for combustion. In Air and Fuel Systems, the focus is on the analysis, design, implementation, interpretation, or evaluation of mixture formation within Internal Combustion Engines, particularly where the Air and Fuel Systems module establishes its technical context.",SSD_COURSE_038_M3_S5,Semantically_Audited,Active,4.0,Subtopic
SUB_COURSE_038_M4_S1,flame development,1,"flame development: Early propagation of a combustion flame after ignition in a spark-ignition engine. In Combustion in Engines, the focus is on the analysis, design, implementation, interpretation, or evaluation of flame development within Internal Combustion Engines, particularly where the Combustion in Engines module establishes its technical context.",SSD_COURSE_038_M4_S1,Semantically_Audited,Active,4.0,Subtopic
SUB_COURSE_038_M4_S2,ignition delay,2,"ignition delay refers to the interval between fuel injection and the start of significant combustion in a compression-ignition engine. In Combustion in Engines, the focus is on the analysis, design, implementation, interpretation, or evaluation of ignition delay within Internal Combustion Engines, particularly where the Combustion in Engines module establishes its technical context.",SSD_COURSE_038_M4_S2,Semantically_Audited,Active,4.0,Subtopic
SUB_COURSE_038_M4_S3,knock,3,"knock: Unwanted rapid combustion or pressure oscillation caused by abnormal autoignition in an engine cylinder. In Combustion in Engines, the focus is on the analysis, design, implementation, interpretation, or evaluation of knock within Internal Combustion Engines, particularly where the Combustion in Engines module establishes its technical context.",SSD_COURSE_038_M4_S3,Semantically_Audited,Active,4.0,Subtopic
SUB_COURSE_038_M4_S4,combustion efficiency,4,"combustion efficiency refers to a measure of how effectively the chemical energy of fuel is converted through combustion, considering incomplete combustion losses. In Combustion in Engines, the focus is on the analysis, design, implementation, interpretation, or evaluation of combustion efficiency within Internal Combustion Engines, particularly where the Combustion in Engines module establishes its technical context.",SSD_COURSE_038_M4_S4,Semantically_Audited,Active,4.0,Subtopic
SUB_COURSE_038_M4_S5,heat release,5,"heat release: Rate and total amount of chemical energy released during combustion as the fuel–air mixture reacts. In Combustion in Engines, the focus is on the analysis, design, implementation, interpretation, or evaluation of heat release within Internal Combustion Engines, particularly where the Combustion in Engines module establishes its technical context.",SSD_COURSE_038_M4_S5,Semantically_Audited,Active,4.0,Subtopic
SUB_COURSE_038_M5_S1,brake power,1,"brake power: Useful mechanical power available at an engine's output shaft, measured after internal mechanical losses. In Engine Performance, the focus is on the analysis, design, implementation, interpretation, or evaluation of brake power within Internal Combustion Engines, particularly where the Engine Performance module establishes its technical context.",SSD_COURSE_038_M5_S1,Semantically_Audited,Active,4.0,Subtopic
SUB_COURSE_038_M5_S2,indicated power,2,"indicated power: Power developed by the gases on the engine pistons, calculated from in-cylinder pressure and displacement or from related indicated work. In Engine Performance, the focus is on the analysis, design, implementation, interpretation, or evaluation of indicated power within Internal Combustion Engines, particularly where the Engine Performance module establishes its technical context.",SSD_COURSE_038_M5_S2,Semantically_Audited,Active,4.0,Subtopic
SUB_COURSE_038_M5_S3,efficiency,3,"efficiency: Ratio or other defined measure of useful output to input for a process, device, or system under specified operating conditions. In Engine Performance, the focus is on concept-level scope: the defining mechanism, properties, constraints, and application criteria; curricular context is recorded in Concept_Category and Typical_Modules.",SSD_COURSE_038_M5_S3,Semantically_Audited,Active,4.0,Subtopic
SUB_COURSE_038_M5_S4,specific fuel consumption,4,"specific fuel consumption: Fuel mass consumed per unit of useful engine power over a specified operating period. In Engine Performance, the focus is on the analysis, design, implementation, interpretation, or evaluation of specific fuel consumption within Internal Combustion Engines, particularly where the Engine Performance module establishes its technical context.",SSD_COURSE_038_M5_S4,Semantically_Audited,Active,4.0,Subtopic
SUB_COURSE_038_M5_S5,performance testing,5,"performance testing: Measurement of engine operating variables such as power, torque, fuel consumption, efficiency, and emissions under controlled test conditions. In Engine Performance, the focus is on the analysis, design, implementation, interpretation, or evaluation of performance testing within Internal Combustion Engines, particularly where the Engine Performance module establishes its technical context.",SSD_COURSE_038_M5_S5,Semantically_Audited,Active,4.0,Subtopic
SUB_COURSE_038_M6_S1,NOx,1,"NOx: Nitrogen oxides formed mainly through high-temperature combustion processes and relevant to engine emissions control. In Emissions and After-Treatment, the focus is on the analysis, design, implementation, interpretation, or evaluation of NOx within Internal Combustion Engines, particularly where the Emissions and After-Treatment module establishes its technical context.",SSD_COURSE_038_M6_S1,Semantically_Audited,Active,4.0,Subtopic
SUB_COURSE_038_M6_S2,particulate matter,2,"particulate matter: Fine solid or liquid particles emitted from combustion, especially significant in diesel engines. In Emissions and After-Treatment, the focus is on the analysis, design, implementation, interpretation, or evaluation of particulate matter within Internal Combustion Engines, particularly where the Emissions and After-Treatment module establishes its technical context.",SSD_COURSE_038_M6_S2,Semantically_Audited,Active,4.0,Subtopic
SUB_COURSE_038_M6_S3,Carbon Monoxide (CO),3,"CO: Carbon monoxide produced by incomplete combustion and emitted in engine exhaust. In Emissions and After-Treatment, the focus is on the analysis, design, implementation, interpretation, or evaluation of CO within Internal Combustion Engines, particularly where the Emissions and After-Treatment module establishes its technical context.",SSD_COURSE_038_M6_S3,Semantically_Audited,Active,4.0,Subtopic
SUB_COURSE_038_M6_S4,hydrocarbons,4,"hydrocarbons: Unburned or partially oxidised fuel-related compounds present in engine exhaust. In Emissions and After-Treatment, the focus is on the analysis, design, implementation, interpretation, or evaluation of hydrocarbons within Internal Combustion Engines, particularly where the Emissions and After-Treatment module establishes its technical context.",SSD_COURSE_038_M6_S4,Semantically_Audited,Active,4.0,Subtopic
SUB_COURSE_038_M6_S5,oxidation catalysts,5,"oxidation catalysts: After-treatment catalysts that promote oxidation of carbon monoxide and hydrocarbons in exhaust gas. In Emissions and After-Treatment, the focus is on the analysis, design, implementation, interpretation, or evaluation of oxidation catalysts within Internal Combustion Engines, particularly where the Emissions and After-Treatment module establishes its technical context.",SSD_COURSE_038_M6_S5,Semantically_Audited,Active,4.0,Subtopic
SUB_COURSE_038_M6_S6,particulate filters,6,"particulate filters: Exhaust after-treatment devices that capture particulate matter and periodically remove accumulated soot. In Emissions and After-Treatment, the focus is on the analysis, design, implementation, interpretation, or evaluation of particulate filters within Internal Combustion Engines, particularly where the Emissions and After-Treatment module establishes its technical context.",SSD_COURSE_038_M6_S6,Semantically_Audited,Active,4.0,Subtopic
SUB_COURSE_038_M7_S1,electronic control,1,"electronic control: Use of electronic sensors, controllers, actuators, and control logic to regulate engine operating conditions. In Engine Control and Diagnostics, the focus is on the analysis, design, implementation, interpretation, or evaluation of electronic control within Internal Combustion Engines, particularly where the Engine Control and Diagnostics module establishes its technical context.",SSD_COURSE_038_M7_S1,Semantically_Audited,Active,4.0,Subtopic
SUB_COURSE_038_M7_S2,sensors,2,"sensors: Devices that measure engine variables such as pressure, temperature, speed, oxygen concentration, or position. In Engine Control and Diagnostics, the focus is on the analysis, design, implementation, interpretation, or evaluation of sensors within Internal Combustion Engines, particularly where the Engine Control and Diagnostics module establishes its technical context.",SSD_COURSE_038_M7_S2,Semantically_Audited,Active,4.0,Subtopic
SUB_COURSE_038_M7_S3,actuators,3,"actuators: Devices that convert a control signal or available energy into physical action, such as force, motion, flow, pressure, or position. In Engine Control and Diagnostics, the focus is on concept-level scope: the defining mechanism, properties, constraints, and application criteria; curricular context is recorded in Concept_Category and Typical_Modules.",SSD_COURSE_038_M7_S3,Semantically_Audited,Active,4.0,Subtopic
SUB_COURSE_038_M7_S4,diagnostics,4,"diagnostics: Methods for detecting and identifying engine faults using measured signals, operating data, and system models. In Engine Control and Diagnostics, the focus is on the analysis, design, implementation, interpretation, or evaluation of diagnostics within Internal Combustion Engines, particularly where the Engine Control and Diagnostics module establishes its technical context.",SSD_COURSE_038_M7_S4,Semantically_Audited,Active,4.0,Subtopic
SUB_COURSE_038_M7_S5,Engine calibration,5,"Engine calibration: Adjustment and validation of engine control parameters and maps so that the engine meets specified performance, emissions, drivability, and operating constraints across its intended operating range. In Engine Control and Diagnostics, the focus is on internal Combustion Engines → Engine Control and Diagnostics: calibration of control parameters and maps, validation against performance and emissions constraints, and operating-range considerations.",SSD_COURSE_038_M7_S5,Semantically_Audited,Active,4.0,Subtopic
SUB_COURSE_039_M1_S1,crystal structures,1,"crystal structures: Ordered arrangements of atoms in crystalline materials that strongly influence their mechanical, thermal, and physical properties. In Material Structure and Properties, the focus is on the analysis, design, implementation, interpretation, or evaluation of crystal structures within Engineering Materials, particularly where the Material Structure and Properties module establishes its technical context.",SSD_COURSE_039_M1_S1,Semantically_Audited,Active,4.0,Subtopic
SUB_COURSE_039_M1_S2,defects,2,"defects: Imperfections such as vacancies, dislocations, and grain boundaries that affect material behaviour and processing. In Material Structure and Properties, the focus is on the analysis, design, implementation, interpretation, or evaluation of defects within Engineering Materials, particularly where the Material Structure and Properties module establishes its technical context.",SSD_COURSE_039_M1_S2,Semantically_Audited,Active,4.0,Subtopic
SUB_COURSE_039_M1_S3,diffusion,3,"diffusion: Movement of atoms or molecules through a material driven primarily by concentration or chemical-potential gradients. In Material Structure and Properties, the focus is on the analysis, design, implementation, interpretation, or evaluation of diffusion within Engineering Materials, particularly where the Material Structure and Properties module establishes its technical context.",SSD_COURSE_039_M1_S3,Semantically_Audited,Active,4.0,Subtopic
SUB_COURSE_039_M1_S4,phase structure,4,"phase structure refers to the phases present in a material and their distribution, composition, and relationships at equilibrium or during processing. In Material Structure and Properties, the focus is on the analysis, design, implementation, interpretation, or evaluation of phase structure within Engineering Materials, particularly where the Material Structure and Properties module establishes its technical context.",SSD_COURSE_039_M1_S4,Semantically_Audited,Active,4.0,Subtopic
SUB_COURSE_039_M1_S5,mechanical properties,5,"mechanical properties: Material characteristics such as strength, stiffness, ductility, toughness, hardness, and fatigue resistance. In Material Structure and Properties, the focus is on the analysis, design, implementation, interpretation, or evaluation of mechanical properties within Engineering Materials, particularly where the Material Structure and Properties module establishes its technical context.",SSD_COURSE_039_M1_S5,Semantically_Audited,Active,4.0,Subtopic
SUB_COURSE_039_M2_S1,steels,1,"steels: Iron-carbon alloys containing controlled additions of other elements and widely used for structural and mechanical applications. In Ferrous Materials, the focus is on the analysis, design, implementation, interpretation, or evaluation of steels within Engineering Materials, particularly where the Ferrous Materials module establishes its technical context.",SSD_COURSE_039_M2_S1,Semantically_Audited,Active,4.0,Subtopic
SUB_COURSE_039_M2_S2,cast irons,2,"cast irons: Iron-carbon alloys with relatively high carbon content that are commonly cast into complex shapes. In Ferrous Materials, the focus is on the analysis, design, implementation, interpretation, or evaluation of cast irons within Engineering Materials, particularly where the Ferrous Materials module establishes its technical context.",SSD_COURSE_039_M2_S2,Semantically_Audited,Active,4.0,Subtopic
SUB_COURSE_039_M2_S3,phase transformations,3,"phase transformations: Changes from one material phase or microstructural state to another caused by temperature, composition, or processing. In Ferrous Materials, the focus is on the analysis, design, implementation, interpretation, or evaluation of phase transformations within Engineering Materials, particularly where the Ferrous Materials module establishes its technical context.",SSD_COURSE_039_M2_S3,Semantically_Audited,Active,4.0,Subtopic
SUB_COURSE_039_M2_S4,heat treatment,4,"heat treatment: Controlled heating and cooling of a material to change its microstructure and obtain desired mechanical or physical properties. In Ferrous Materials, the focus is on the analysis, design, implementation, interpretation, or evaluation of heat treatment within Engineering Materials, particularly where the Ferrous Materials module establishes its technical context.",SSD_COURSE_039_M2_S4,Semantically_Audited,Active,4.0,Subtopic
SUB_COURSE_039_M2_S5,alloying,5,"alloying: Adding elements to a base material to modify its structure and properties. In Ferrous Materials, the focus is on the analysis, design, implementation, interpretation, or evaluation of alloying within Engineering Materials, particularly where the Ferrous Materials module establishes its technical context.",SSD_COURSE_039_M2_S5,Semantically_Audited,Active,4.0,Subtopic
SUB_COURSE_039_M3_S1,aluminium,1,"aluminium refers to a lightweight metal valued for low density, corrosion resistance, and useful strength-to-weight performance. In Non-Ferrous Materials, the focus is on the analysis, design, implementation, interpretation, or evaluation of aluminium within Engineering Materials, particularly where the Non-Ferrous Materials module establishes its technical context.",SSD_COURSE_039_M3_S1,Semantically_Audited,Active,4.0,Subtopic
SUB_COURSE_039_M3_S2,copper,2,"copper refers to a highly conductive metal widely used in electrical, thermal, and engineering applications. In Non-Ferrous Materials, the focus is on the analysis, design, implementation, interpretation, or evaluation of copper within Engineering Materials, particularly where the Non-Ferrous Materials module establishes its technical context.",SSD_COURSE_039_M3_S2,Semantically_Audited,Active,4.0,Subtopic
SUB_COURSE_039_M3_S3,titanium,3,"titanium refers to a high-strength, low-density metal with excellent corrosion resistance and useful performance at elevated temperatures. In Non-Ferrous Materials, the focus is on the analysis, design, implementation, interpretation, or evaluation of titanium within Engineering Materials, particularly where the Non-Ferrous Materials module establishes its technical context.",SSD_COURSE_039_M3_S3,Semantically_Audited,Active,4.0,Subtopic
SUB_COURSE_039_M3_S4,nickel alloys,4,"nickel alloys: Alloys based on nickel that retain strength and corrosion resistance in demanding or high-temperature environments. In Non-Ferrous Materials, the focus is on the analysis, design, implementation, interpretation, or evaluation of nickel alloys within Engineering Materials, particularly where the Non-Ferrous Materials module establishes its technical context.",SSD_COURSE_039_M3_S4,Semantically_Audited,Active,4.0,Subtopic
SUB_COURSE_039_M3_S5,selection criteria,5,"selection criteria: Material properties, service conditions, manufacturing requirements, cost, and other constraints used to compare candidate materials. In Non-Ferrous Materials, the focus is on the analysis, design, implementation, interpretation, or evaluation of selection criteria within Engineering Materials, particularly where the Non-Ferrous Materials module establishes its technical context.",SSD_COURSE_039_M3_S5,Semantically_Audited,Active,4.0,Subtopic
SUB_COURSE_039_M4_S1,thermoplastics,1,"thermoplastics: Polymers that soften when heated and can generally be reheated and reshaped. In Polymers and Ceramics, the focus is on the analysis, design, implementation, interpretation, or evaluation of thermoplastics within Engineering Materials, particularly where the Polymers and Ceramics module establishes its technical context.",SSD_COURSE_039_M4_S1,Semantically_Audited,Active,4.0,Subtopic
SUB_COURSE_039_M4_S2,thermosets,2,"thermosets: Polymers that form a permanently cross-linked structure during curing and cannot be remelted into a new shape. In Polymers and Ceramics, the focus is on the analysis, design, implementation, interpretation, or evaluation of thermosets within Engineering Materials, particularly where the Polymers and Ceramics module establishes its technical context.",SSD_COURSE_039_M4_S2,Semantically_Audited,Active,4.0,Subtopic
SUB_COURSE_039_M4_S3,elastomers,3,"elastomers: Polymers capable of large reversible elastic deformation. In Polymers and Ceramics, the focus is on the analysis, design, implementation, interpretation, or evaluation of elastomers within Engineering Materials, particularly where the Polymers and Ceramics module establishes its technical context.",SSD_COURSE_039_M4_S3,Semantically_Audited,Active,4.0,Subtopic
SUB_COURSE_039_M4_S4,ceramics,4,"ceramics: Inorganic non-metallic materials generally characterised by high hardness, temperature resistance, and brittleness. In Polymers and Ceramics, the focus is on the analysis, design, implementation, interpretation, or evaluation of ceramics within Engineering Materials, particularly where the Polymers and Ceramics module establishes its technical context.",SSD_COURSE_039_M4_S4,Semantically_Audited,Active,4.0,Subtopic
SUB_COURSE_039_M4_S5,processing-property relations,5,"processing-property relations: Links between manufacturing or heat-treatment processes, resulting microstructure, and material properties. In Polymers and Ceramics, the focus is on the analysis, design, implementation, interpretation, or evaluation of processing-property relations within Engineering Materials, particularly where the Polymers and Ceramics module establishes its technical context.",SSD_COURSE_039_M4_S5,Semantically_Audited,Active,4.0,Subtopic
SUB_COURSE_039_M5_S1,fibres,1,"fibres: High-strength reinforcement elements used to carry load in composite materials. In Composite Materials, the focus is on the analysis, design, implementation, interpretation, or evaluation of fibres within Engineering Materials, particularly where the Composite Materials module establishes its technical context.",SSD_COURSE_039_M5_S1,Semantically_Audited,Active,4.0,Subtopic
SUB_COURSE_039_M5_S2,matrices,2,"matrices: Continuous phases that bind and support reinforcement in composite materials and transfer loads between constituents. In Composite Materials, the focus is on the analysis, design, implementation, interpretation, or evaluation of matrices within Engineering Materials, particularly where the Composite Materials module establishes its technical context.",SSD_COURSE_039_M5_S2,Semantically_Audited,Active,4.0,Subtopic
SUB_COURSE_039_M5_S3,laminates,3,"laminates: Layered composite structures formed by stacking plies with specified orientations and properties. In Composite Materials, the focus is on the analysis, design, implementation, interpretation, or evaluation of laminates within Engineering Materials, particularly where the Composite Materials module establishes its technical context.",SSD_COURSE_039_M5_S3,Semantically_Audited,Active,4.0,Subtopic
SUB_COURSE_039_M5_S4,anisotropy,4,"anisotropy: Dependence of a material's properties on measurement or loading direction. In Composite Materials, the focus is on the analysis, design, implementation, interpretation, or evaluation of anisotropy within Engineering Materials, particularly where the Composite Materials module establishes its technical context.",SSD_COURSE_039_M5_S4,Semantically_Audited,Active,4.0,Subtopic
SUB_COURSE_039_M5_S5,failure mechanisms,5,"failure mechanisms: Physical processes such as fracture, fatigue, wear, corrosion, creep, or delamination that cause a material or component to lose required function. In Composite Materials, the focus is on the analysis, design, implementation, interpretation, or evaluation of failure mechanisms within Engineering Materials, particularly where the Composite Materials module establishes its technical context.",SSD_COURSE_039_M5_S5,Semantically_Audited,Active,4.0,Subtopic
SUB_COURSE_039_M6_S1,casting,1,"casting: Manufacturing by pouring or injecting molten material into a mould where it solidifies into the required shape. In Material Processing, the focus is on the analysis, design, implementation, interpretation, or evaluation of casting within Engineering Materials, particularly where the Material Processing module establishes its technical context.",SSD_COURSE_039_M6_S1,Semantically_Audited,Active,4.0,Subtopic
SUB_COURSE_039_M6_S2,forming,2,"forming: Shaping material by plastic deformation without removing substantial material. In Material Processing, the focus is on the analysis, design, implementation, interpretation, or evaluation of forming within Engineering Materials, particularly where the Material Processing module establishes its technical context.",SSD_COURSE_039_M6_S2,Semantically_Audited,Active,4.0,Subtopic
SUB_COURSE_039_M6_S3,machining,3,"machining: Removing material with cutting tools to achieve specified geometry, dimensions, and surface finish. In Material Processing, the focus is on the analysis, design, implementation, interpretation, or evaluation of machining within Engineering Materials, particularly where the Material Processing module establishes its technical context.",SSD_COURSE_039_M6_S3,Semantically_Audited,Active,4.0,Subtopic
SUB_COURSE_039_M6_S4,joining,4,"joining: Connecting separate components using processes such as welding, brazing, soldering, adhesive bonding, or mechanical fastening. In Material Processing, the focus is on the analysis, design, implementation, interpretation, or evaluation of joining within Engineering Materials, particularly where the Material Processing module establishes its technical context.",SSD_COURSE_039_M6_S4,Semantically_Audited,Active,4.0,Subtopic
SUB_COURSE_039_M6_S5,additive manufacturing,5,"additive manufacturing: Building parts layer by layer from digital geometry rather than removing material from a bulk stock. In Material Processing, the focus is on the analysis, design, implementation, interpretation, or evaluation of additive manufacturing within Engineering Materials, particularly where the Material Processing module establishes its technical context.",SSD_COURSE_039_M6_S5,Semantically_Audited,Active,4.0,Subtopic
SUB_COURSE_039_M7_S1,Ashby-style selection,1,"Ashby-style selection refers to the process of choosing among alternatives for ashby-style selection using defined performance, service, design, and constraint criteria. In Material Selection and Failure, the focus is on the analysis, design, implementation, interpretation, or evaluation of Ashby-style selection within Engineering Materials, particularly where the Material Selection and Failure module establishes its technical context.",SSD_COURSE_039_M7_S1,Semantically_Audited,Active,4.0,Subtopic
SUB_COURSE_039_M7_S2,corrosion,2,"corrosion: Deterioration of a material through chemical or electrochemical interaction with its environment. In Material Selection and Failure, the focus is on the analysis, design, implementation, interpretation, or evaluation of corrosion within Engineering Materials, particularly where the Material Selection and Failure module establishes its technical context.",SSD_COURSE_039_M7_S2,Semantically_Audited,Active,4.0,Subtopic
SUB_COURSE_039_M7_S3,fatigue,3,"fatigue: Progressive material damage caused by repeated or fluctuating loading, often leading to crack initiation and growth. In Material Selection and Failure, the focus is on the analysis, design, implementation, interpretation, or evaluation of fatigue within Engineering Materials, particularly where the Material Selection and Failure module establishes its technical context.",SSD_COURSE_039_M7_S3,Semantically_Audited,Active,4.0,Subtopic
SUB_COURSE_039_M7_S4,fracture,4,"fracture: Failure involving initiation and propagation of cracks through a material. In Material Selection and Failure, the focus is on the analysis, design, implementation, interpretation, or evaluation of fracture within Engineering Materials, particularly where the Material Selection and Failure module establishes its technical context.",SSD_COURSE_039_M7_S4,Semantically_Audited,Active,4.0,Subtopic
SUB_COURSE_039_M7_S5,wear,5,"wear: Progressive material loss or surface damage caused by mechanical interaction between contacting surfaces. In Material Selection and Failure, the focus is on the analysis, design, implementation, interpretation, or evaluation of wear within Engineering Materials, particularly where the Material Selection and Failure module establishes its technical context.",SSD_COURSE_039_M7_S5,Semantically_Audited,Active,4.0,Subtopic
SUB_COURSE_039_M7_S6,failure analysis,6,"failure analysis: Systematic investigation of why a material or component failed, using evidence from service conditions, fracture features, microstructure, and testing. In Material Selection and Failure, the focus is on the analysis, design, implementation, interpretation, or evaluation of failure analysis within Engineering Materials, particularly where the Material Selection and Failure module establishes its technical context.",SSD_COURSE_039_M7_S6,Semantically_Audited,Active,4.0,Subtopic
SUB_COURSE_040_M1_S1,SI units,1,"SI units refers to the International System of Units used consistently for mass, length, time, temperature, amount of substance, and derived process quantities. In Units, Dimensions and Process Variables, the focus is on the analysis, design, implementation, interpretation, or evaluation of SI units within Chemical Process Calculations, particularly where the Units, Dimensions and Process Variables module establishes its technical context.",SSD_COURSE_040_M1_S1,Semantically_Audited,Active,4.0,Subtopic
SUB_COURSE_040_M1_S2,dimensional consistency,2,"dimensional consistency refers to the requirement that both sides of an engineering equation have compatible physical dimensions. In Units, Dimensions and Process Variables, the focus is on the analysis, design, implementation, interpretation, or evaluation of dimensional consistency within Chemical Process Calculations, particularly where the Units, Dimensions and Process Variables module establishes its technical context.",SSD_COURSE_040_M1_S2,Semantically_Audited,Active,4.0,Subtopic
SUB_COURSE_040_M1_S3,concentration,3,"concentration refers to the amount of a component present per unit volume, mass, or amount of mixture or solution. In Units, Dimensions and Process Variables, the focus is on the analysis, design, implementation, interpretation, or evaluation of concentration within Chemical Process Calculations, particularly where the Units, Dimensions and Process Variables module establishes its technical context.",SSD_COURSE_040_M1_S3,Semantically_Audited,Active,4.0,Subtopic
SUB_COURSE_040_M1_S4,flow rates,4,"flow rates refers to the rate at which mass, volume, or molar quantity passes through a process stream. In Units, Dimensions and Process Variables, the focus is on the analysis, design, implementation, interpretation, or evaluation of flow rates within Chemical Process Calculations, particularly where the Units, Dimensions and Process Variables module establishes its technical context.",SSD_COURSE_040_M1_S4,Semantically_Audited,Active,4.0,Subtopic
SUB_COURSE_040_M1_S5,pressure,5,"pressure: Normal force per unit area acting on a surface or within a fluid; in continuum fluid mechanics it is a scalar state variable whose spatial gradients can drive flow. In Units, Dimensions and Process Variables, the focus is on concept-level scope: the defining mechanism, properties, constraints, and application criteria; curricular context is recorded in Concept_Category and Typical_Modules.",SSD_COURSE_040_M1_S5,Semantically_Audited,Active,4.0,Subtopic
SUB_COURSE_040_M1_S6,temperature,6,"temperature: Thermodynamic state variable indicating the thermal condition of a system and determining the direction of heat transfer under specified conditions. In Units, Dimensions and Process Variables, the focus is on concept-level scope: the defining mechanism, properties, constraints, and application criteria; curricular context is recorded in Concept_Category and Typical_Modules.",SSD_COURSE_040_M1_S6,Semantically_Audited,Active,4.0,Subtopic
SUB_COURSE_040_M2_S1,mass conservation,1,"mass conservation refers to the principle that total mass is conserved across a process subject to clearly defined system boundaries. In Material Balances, the focus is on the analysis, design, implementation, interpretation, or evaluation of mass conservation within Chemical Process Calculations, particularly where the Material Balances module establishes its technical context.",SSD_COURSE_040_M2_S1,Semantically_Audited,Active,4.0,Subtopic
SUB_COURSE_040_M2_S2,component balances,2,"component balances: Material balances written separately for individual chemical species or components. In Material Balances, the focus is on the analysis, design, implementation, interpretation, or evaluation of component balances within Chemical Process Calculations, particularly where the Material Balances module establishes its technical context.",SSD_COURSE_040_M2_S2,Semantically_Audited,Active,4.0,Subtopic
SUB_COURSE_040_M2_S3,basis selection,3,"basis selection: Choosing a convenient material or molar basis for process calculations so that material balances and related quantities can be formulated consistently. In Material Balances, the focus is on the analysis, design, implementation, interpretation, or evaluation of basis selection within Chemical Process Calculations, particularly where the Material Balances module establishes its technical context.",SSD_COURSE_040_M2_S3,Semantically_Audited,Active,4.0,Subtopic
SUB_COURSE_040_M2_S4,recycle,4,"recycle: Returning part of a process stream to an earlier unit to improve conversion, recovery, or process performance. In Material Balances, the focus is on the analysis, design, implementation, interpretation, or evaluation of recycle within Chemical Process Calculations, particularly where the Material Balances module establishes its technical context.",SSD_COURSE_040_M2_S4,Semantically_Audited,Active,4.0,Subtopic
SUB_COURSE_040_M2_S5,purge,5,"purge: Removing a portion of a recycle stream to prevent unwanted accumulation of inert or undesired components. In Material Balances, the focus is on the analysis, design, implementation, interpretation, or evaluation of purge within Chemical Process Calculations, particularly where the Material Balances module establishes its technical context.",SSD_COURSE_040_M2_S5,Semantically_Audited,Active,4.0,Subtopic
SUB_COURSE_040_M3_S1,stoichiometry,1,"stoichiometry: Quantitative relationships among reactants and products determined by balanced chemical equations. In Balances with Chemical Reactions, the focus is on the analysis, design, implementation, interpretation, or evaluation of stoichiometry within Chemical Process Calculations, particularly where the Balances with Chemical Reactions module establishes its technical context.",SSD_COURSE_040_M3_S1,Semantically_Audited,Active,4.0,Subtopic
SUB_COURSE_040_M3_S2,conversion,2,"conversion refers to the fraction or percentage of a specified reactant that is consumed in a reaction. In Balances with Chemical Reactions, the focus is on the analysis, design, implementation, interpretation, or evaluation of conversion within Chemical Process Calculations, particularly where the Balances with Chemical Reactions module establishes its technical context.",SSD_COURSE_040_M3_S2,Semantically_Audited,Active,4.0,Subtopic
SUB_COURSE_040_M3_S3,yield,3,"yield: Measure of desired product obtained relative to a specified theoretical, feed, or reactant basis; the exact definition depends on the process and stoichiometric basis. In Balances with Chemical Reactions, the focus is on concept-level scope: the defining mechanism, properties, constraints, and application criteria; curricular context is recorded in Concept_Category and Typical_Modules.",SSD_COURSE_040_M3_S3,Semantically_Audited,Active,4.0,Subtopic
SUB_COURSE_040_M3_S4,selectivity,4,"selectivity refers to the extent to which a reaction or process favours formation of a desired product over competing products. In Balances with Chemical Reactions, the focus is on the analysis, design, implementation, interpretation, or evaluation of selectivity within Chemical Process Calculations, particularly where the Balances with Chemical Reactions module establishes its technical context.",SSD_COURSE_040_M3_S4,Semantically_Audited,Active,4.0,Subtopic
SUB_COURSE_040_M3_S5,extent of reaction,5,"extent of reaction refers to a measure of the progress of a chemical reaction expressed through the change in the amount of a reacting species relative to its stoichiometric coefficient. In Balances with Chemical Reactions, the focus is on the analysis, design, implementation, interpretation, or evaluation of extent of reaction within Chemical Process Calculations, particularly where the Balances with Chemical Reactions module establishes its technical context.",SSD_COURSE_040_M3_S5,Semantically_Audited,Active,4.0,Subtopic
SUB_COURSE_040_M4_S1,enthalpy,1,"enthalpy refers to a thermodynamic property used to represent energy changes in flowing process streams and phase changes. In Energy Balances, the focus is on the analysis, design, implementation, interpretation, or evaluation of enthalpy within Chemical Process Calculations, particularly where the Energy Balances module establishes its technical context.",SSD_COURSE_040_M4_S1,Semantically_Audited,Active,4.0,Subtopic
SUB_COURSE_040_M4_S2,heat capacity,2,"heat capacity refers to the amount of heat required to raise the temperature of a substance or system by one degree under specified conditions. In Energy Balances, the focus is on the analysis, design, implementation, interpretation, or evaluation of heat capacity within Chemical Process Calculations, particularly where the Energy Balances module establishes its technical context.",SSD_COURSE_040_M4_S2,Semantically_Audited,Active,4.0,Subtopic
SUB_COURSE_040_M4_S3,phase change,3,"phase change refers to a change between solid, liquid, vapour, or other phases involving associated energy and property changes. In Energy Balances, the focus is on the analysis, design, implementation, interpretation, or evaluation of phase change within Chemical Process Calculations, particularly where the Energy Balances module establishes its technical context.",SSD_COURSE_040_M4_S3,Semantically_Audited,Active,4.0,Subtopic
SUB_COURSE_040_M4_S4,heat effects,4,"heat effects: Changes in enthalpy or temperature associated with heating, cooling, phase change, mixing, or chemical reaction in a process. In Energy Balances, the focus is on the analysis, design, implementation, interpretation, or evaluation of heat effects within Chemical Process Calculations, particularly where the Energy Balances module establishes its technical context.",SSD_COURSE_040_M4_S4,Semantically_Audited,Active,4.0,Subtopic
SUB_COURSE_040_M4_S5,steady-state energy balances,5,"steady-state energy balances: Energy balances for processes in which stored mass and energy do not change with time. In Energy Balances, the focus is on the analysis, design, implementation, interpretation, or evaluation of steady-state energy balances within Chemical Process Calculations, particularly where the Energy Balances module establishes its technical context.",SSD_COURSE_040_M4_S5,Semantically_Audited,Active,4.0,Subtopic
SUB_COURSE_040_M5_S1,coupled balances,1,"coupled balances: Simultaneous material and energy balances that must be solved together because process variables are interdependent. In Combined Material and Energy Balances, the focus is on the analysis, design, implementation, interpretation, or evaluation of coupled balances within Chemical Process Calculations, particularly where the Combined Material and Energy Balances module establishes its technical context.",SSD_COURSE_040_M5_S1,Semantically_Audited,Active,4.0,Subtopic
SUB_COURSE_040_M5_S2,process streams,2,"process streams: Flows of material entering, leaving, or circulating between process units. In Combined Material and Energy Balances, the focus is on the analysis, design, implementation, interpretation, or evaluation of process streams within Chemical Process Calculations, particularly where the Combined Material and Energy Balances module establishes its technical context.",SSD_COURSE_040_M5_S2,Semantically_Audited,Active,4.0,Subtopic
SUB_COURSE_040_M5_S3,heat integration basics,3,"heat integration basics: Basic methods for matching process heat sources and sinks to reduce external heating and cooling requirements. In Combined Material and Energy Balances, the focus is on the analysis, design, implementation, interpretation, or evaluation of heat integration basics within Chemical Process Calculations, particularly where the Combined Material and Energy Balances module establishes its technical context.",SSD_COURSE_040_M5_S3,Semantically_Audited,Active,4.0,Subtopic
SUB_COURSE_040_M5_S4,degrees of freedom,4,"degrees of freedom refers to the number of independent variables that remain to be specified after accounting for equations and known information. In Combined Material and Energy Balances, the focus is on the analysis, design, implementation, interpretation, or evaluation of degrees of freedom within Chemical Process Calculations, particularly where the Combined Material and Energy Balances module establishes its technical context.",SSD_COURSE_040_M5_S4,Semantically_Audited,Active,4.0,Subtopic
SUB_COURSE_040_M6_S1,flowsheets,1,"flowsheets: Graphical representations of process units and the streams connecting them. In Process Flow Calculations, the focus is on the analysis, design, implementation, interpretation, or evaluation of flowsheets within Chemical Process Calculations, particularly where the Process Flow Calculations module establishes its technical context.",SSD_COURSE_040_M6_S1,Semantically_Audited,Active,4.0,Subtopic
SUB_COURSE_040_M6_S2,stream tables,2,"stream tables: Tabulated process-stream information such as flow, composition, temperature, pressure, and phase. In Process Flow Calculations, the focus is on the analysis, design, implementation, interpretation, or evaluation of stream tables within Chemical Process Calculations, particularly where the Process Flow Calculations module establishes its technical context.",SSD_COURSE_040_M6_S2,Semantically_Audited,Active,4.0,Subtopic
SUB_COURSE_040_M6_S3,process specifications,3,"process specifications: Specified operating or product requirements that constrain process calculations and design. In Process Flow Calculations, the focus is on the analysis, design, implementation, interpretation, or evaluation of process specifications within Chemical Process Calculations, particularly where the Process Flow Calculations module establishes its technical context.",SSD_COURSE_040_M6_S3,Semantically_Audited,Active,4.0,Subtopic
SUB_COURSE_040_M6_S4,numerical solution,4,"numerical solution: Use of numerical algorithms to solve process equations when analytical solutions are unavailable or inconvenient. In Process Flow Calculations, the focus is on the analysis, design, implementation, interpretation, or evaluation of numerical solution within Chemical Process Calculations, particularly where the Process Flow Calculations module establishes its technical context.",SSD_COURSE_040_M6_S4,Semantically_Audited,Active,4.0,Subtopic
SUB_COURSE_040_M6_S5,sensitivity,5,"sensitivity refers to the change in a calculated process result caused by a change in an input parameter or assumption. In Process Flow Calculations, the focus is on the analysis, design, implementation, interpretation, or evaluation of sensitivity within Chemical Process Calculations, particularly where the Process Flow Calculations module establishes its technical context.",SSD_COURSE_040_M6_S5,Semantically_Audited,Active,4.0,Subtopic
SUB_COURSE_041_M1_S1,density,1,"density: Mass per unit volume of a fluid. In Fluid Properties and Flow Fundamentals, the focus is on the analysis, design, implementation, interpretation, or evaluation of density within Fluid Flow and Heat Transfer, particularly where the Fluid Properties and Flow Fundamentals module establishes its technical context.",SSD_COURSE_041_M1_S1,Semantically_Audited,Active,4.0,Subtopic
SUB_COURSE_041_M1_S2,viscosity,2,"viscosity refers to a measure of a fluid’s resistance to deformation and flow, arising from internal friction and relating shear stress to velocity gradient under Newtonian conditions. In Fluid Properties and Flow Fundamentals, the focus is on concept-level scope: the defining mechanism, properties, constraints, and application criteria; curricular context is recorded in Concept_Category and Typical_Modules.",SSD_COURSE_041_M1_S2,Semantically_Audited,Active,4.0,Subtopic
SUB_COURSE_041_M1_S3,Newtonian fluids,3,"Newtonian fluids: Fluids whose shear stress is proportional to shear rate, with viscosity remaining approximately constant at a given temperature and pressure. In Fluid Properties and Flow Fundamentals, the focus is on the analysis, design, implementation, interpretation, or evaluation of Newtonian fluids within Fluid Flow and Heat Transfer, particularly where the Fluid Properties and Flow Fundamentals module establishes its technical context.",SSD_COURSE_041_M1_S3,Semantically_Audited,Active,4.0,Subtopic
SUB_COURSE_041_M1_S4,hydrostatics,4,"hydrostatics: Analysis of fluids at rest, including pressure distributions, forces on submerged surfaces, buoyancy, and related equilibrium conditions. In Fluid Properties and Flow Fundamentals, the focus is on concept-level scope: the defining mechanism, properties, constraints, and application criteria; curricular context is recorded in Concept_Category and Typical_Modules.",SSD_COURSE_041_M1_S4,Semantically_Audited,Active,4.0,Subtopic
SUB_COURSE_041_M1_S5,pressure measurement,5,"pressure measurement refers to the methods and principles used to obtain and interpret measurements of pressure measurement under specified conditions. In Fluid Properties and Flow Fundamentals, the focus is on the analysis, design, implementation, interpretation, or evaluation of pressure measurement within Fluid Flow and Heat Transfer, particularly where the Fluid Properties and Flow Fundamentals module establishes its technical context.",SSD_COURSE_041_M1_S5,Semantically_Audited,Active,4.0,Subtopic
SUB_COURSE_041_M2_S1,laminar flow,1,"laminar flow: Flow regime characterized by relatively ordered fluid motion with limited cross-stream mixing and viscous forces dominating over inertial effects at sufficiently low Reynolds number. In Internal Flow, the focus is on concept-level scope: the defining mechanism, properties, constraints, and application criteria; curricular context is recorded in Concept_Category and Typical_Modules.",SSD_COURSE_041_M2_S1,Semantically_Audited,Active,4.0,Subtopic
SUB_COURSE_041_M2_S2,turbulent flow,2,"turbulent flow: Flow regime characterized by irregular, three-dimensional fluctuations and enhanced mixing, typically associated with sufficiently high Reynolds number and strong inertial effects. In Internal Flow, the focus is on concept-level scope: the defining mechanism, properties, constraints, and application criteria; curricular context is recorded in Concept_Category and Typical_Modules.",SSD_COURSE_041_M2_S2,Semantically_Audited,Active,4.0,Subtopic
SUB_COURSE_041_M2_S3,friction factor,3,"friction factor refers to a dimensionless factor used to represent wall-friction losses in internal pipe flow. In Internal Flow, the focus is on the analysis, design, implementation, interpretation, or evaluation of friction factor within Fluid Flow and Heat Transfer, particularly where the Internal Flow module establishes its technical context.",SSD_COURSE_041_M2_S3,Semantically_Audited,Active,4.0,Subtopic
SUB_COURSE_041_M2_S4,pipe fittings,4,"pipe fittings: Components such as bends, valves, tees, and reducers that change flow direction or area and cause local losses. In Internal Flow, the focus is on the analysis, design, implementation, interpretation, or evaluation of pipe fittings within Fluid Flow and Heat Transfer, particularly where the Internal Flow module establishes its technical context.",SSD_COURSE_041_M2_S4,Semantically_Audited,Active,4.0,Subtopic
SUB_COURSE_041_M2_S5,pumping requirements,5,"pumping requirements refers to the flow rate and head or pressure increase that a pump must provide for a specified hydraulic system. In Internal Flow, the focus is on the analysis, design, implementation, interpretation, or evaluation of pumping requirements within Fluid Flow and Heat Transfer, particularly where the Internal Flow module establishes its technical context.",SSD_COURSE_041_M2_S5,Semantically_Audited,Active,4.0,Subtopic
SUB_COURSE_041_M3_S1,drag,1,"drag: Fluid force acting opposite to the relative motion of a body through a fluid. In External Flow and Boundary Layers, the focus is on the analysis, design, implementation, interpretation, or evaluation of drag within Fluid Flow and Heat Transfer, particularly where the External Flow and Boundary Layers module establishes its technical context.",SSD_COURSE_041_M3_S1,Semantically_Audited,Active,4.0,Subtopic
SUB_COURSE_041_M3_S2,boundary layers,2,"boundary layers: Thin regions adjacent to solid surfaces in which viscous effects produce strong velocity gradients and influence momentum, heat, or mass transfer. In External Flow and Boundary Layers, the focus is on concept-level scope: the defining mechanism, properties, constraints, and application criteria; curricular context is recorded in Concept_Category and Typical_Modules.",SSD_COURSE_041_M3_S2,Semantically_Audited,Active,4.0,Subtopic
SUB_COURSE_041_M3_S3,flow separation,3,"flow separation: Detachment of a boundary layer from a surface when an adverse pressure gradient causes near-wall flow to reverse or weaken. In External Flow and Boundary Layers, the focus is on the analysis, design, implementation, interpretation, or evaluation of flow separation within Fluid Flow and Heat Transfer, particularly where the External Flow and Boundary Layers module establishes its technical context.",SSD_COURSE_041_M3_S3,Semantically_Audited,Active,4.0,Subtopic
SUB_COURSE_041_M3_S4,pressure drop,4,"pressure drop refers to the reduction in fluid pressure along equipment or piping caused by friction, fittings, elevation, or other flow resistance. In External Flow and Boundary Layers, the focus is on the analysis, design, implementation, interpretation, or evaluation of pressure drop within Fluid Flow and Heat Transfer, particularly where the External Flow and Boundary Layers module establishes its technical context.",SSD_COURSE_041_M3_S4,Semantically_Audited,Active,4.0,Subtopic
SUB_COURSE_041_M4_S1,momentum balance,1,"momentum balance refers to an application of conservation of momentum to relate forces, pressure, and momentum changes in a fluid system. In Momentum Transport and Dimensional Analysis, the focus is on the analysis, design, implementation, interpretation, or evaluation of momentum balance within Fluid Flow and Heat Transfer, particularly where the Momentum Transport and Dimensional Analysis module establishes its technical context.",SSD_COURSE_041_M4_S1,Semantically_Audited,Active,4.0,Subtopic
SUB_COURSE_041_M4_S2,dimensional groups,2,"dimensional groups: Dimensionless combinations of variables, such as Reynolds or Nusselt number, used to characterise transport behaviour. In Momentum Transport and Dimensional Analysis, the focus is on the analysis, design, implementation, interpretation, or evaluation of dimensional groups within Fluid Flow and Heat Transfer, particularly where the Momentum Transport and Dimensional Analysis module establishes its technical context.",SSD_COURSE_041_M4_S2,Semantically_Audited,Active,4.0,Subtopic
SUB_COURSE_041_M4_S3,similitude,3,"similitude: Conditions under which a model and full-scale system have sufficiently similar governing dimensionless parameters to represent the same behaviour. In Momentum Transport and Dimensional Analysis, the focus is on the analysis, design, implementation, interpretation, or evaluation of similitude within Fluid Flow and Heat Transfer, particularly where the Momentum Transport and Dimensional Analysis module establishes its technical context.",SSD_COURSE_041_M4_S3,Semantically_Audited,Active,4.0,Subtopic
SUB_COURSE_041_M4_S4,scale-up,4,"scale-up: Translation of process or equipment behaviour from a smaller reference scale to a larger scale while accounting for geometric, transport, kinetic, and operating constraints. In Momentum Transport and Dimensional Analysis, the focus is on concept-level scope: the defining mechanism, properties, constraints, and application criteria; curricular context is recorded in Concept_Category and Typical_Modules.",SSD_COURSE_041_M4_S4,Semantically_Audited,Active,4.0,Subtopic
SUB_COURSE_041_M5_S1,Fourier law,1,"Fourier law: Fourier law in Fluid Flow and Heat Transfer concerns legal rules, institutional mechanisms, duties, procedures, and compliance considerations governing fourier law. In Heat Conduction and Convection, the focus is on the analysis, design, implementation, interpretation, or evaluation of Fourier law within Fluid Flow and Heat Transfer, particularly where the Heat Conduction and Convection module establishes its technical context.",SSD_COURSE_041_M5_S1,Semantically_Audited,Active,4.0,Subtopic
SUB_COURSE_041_M5_S2,steady conduction,2,"steady conduction: Heat conduction in which temperature at each location does not change with time. In Heat Conduction and Convection, the focus is on the analysis, design, implementation, interpretation, or evaluation of steady conduction within Fluid Flow and Heat Transfer, particularly where the Heat Conduction and Convection module establishes its technical context.",SSD_COURSE_041_M5_S2,Semantically_Audited,Active,4.0,Subtopic
SUB_COURSE_041_M5_S3,transient conduction,3,"transient conduction: Heat conduction in which temperature varies with time as well as position. In Heat Conduction and Convection, the focus is on the analysis, design, implementation, interpretation, or evaluation of transient conduction within Fluid Flow and Heat Transfer, particularly where the Heat Conduction and Convection module establishes its technical context.",SSD_COURSE_041_M5_S3,Semantically_Audited,Active,4.0,Subtopic
SUB_COURSE_041_M5_S4,natural and forced convection,4,"natural and forced convection: Heat transfer by fluid motion driven respectively by buoyancy or by an external device such as a fan or pump. In Heat Conduction and Convection, the focus is on the analysis, design, implementation, interpretation, or evaluation of natural and forced convection within Fluid Flow and Heat Transfer, particularly where the Heat Conduction and Convection module establishes its technical context.",SSD_COURSE_041_M5_S4,Semantically_Audited,Active,4.0,Subtopic
SUB_COURSE_041_M6_S1,Log Mean Temperature Difference (LMTD),1,"LMTD: Log-mean temperature difference, a mean temperature-driving-force measure used in heat-exchanger analysis when the temperature difference varies along the exchanger. In Heat Exchangers, the focus is on concept-level scope: the defining mechanism, properties, constraints, and application criteria; curricular context is recorded in Concept_Category and Typical_Modules.",SSD_COURSE_041_M6_S1,Semantically_Audited,Active,4.0,Subtopic
SUB_COURSE_041_M6_S2,effectiveness-NTU,2,"effectiveness-NTU refers to a heat-exchanger analysis method based on effectiveness and the number of transfer units. In Heat Exchangers, the focus is on the analysis, design, implementation, interpretation, or evaluation of effectiveness-NTU within Fluid Flow and Heat Transfer, particularly where the Heat Exchangers module establishes its technical context.",SSD_COURSE_041_M6_S2,Semantically_Audited,Active,4.0,Subtopic
SUB_COURSE_041_M6_S3,exchanger configurations,3,"exchanger configurations: Arrangements of heat-exchanger flow paths and surfaces, such as parallel flow, counterflow, crossflow, shell-and-tube, or plate configurations. In Heat Exchangers, the focus is on the analysis, design, implementation, interpretation, or evaluation of exchanger configurations within Fluid Flow and Heat Transfer, particularly where the Heat Exchangers module establishes its technical context.",SSD_COURSE_041_M6_S3,Semantically_Audited,Active,4.0,Subtopic
SUB_COURSE_041_M6_S4,fouling,4,"fouling: Accumulation of unwanted deposits on heat-transfer surfaces that increases thermal resistance and may reduce performance. In Heat Exchangers, the focus is on the analysis, design, implementation, interpretation, or evaluation of fouling within Fluid Flow and Heat Transfer, particularly where the Heat Exchangers module establishes its technical context.",SSD_COURSE_041_M6_S4,Semantically_Audited,Active,4.0,Subtopic
SUB_COURSE_041_M6_S5,design,5,"design refers to the structured process of defining requirements, constraints, alternatives, and implementation decisions for design. In Heat Exchangers, the focus is on the analysis, design, implementation, interpretation, or evaluation of design within Fluid Flow and Heat Transfer, particularly where the Heat Exchangers module establishes its technical context.",SSD_COURSE_041_M6_S5,Semantically_Audited,Active,4.0,Subtopic
SUB_COURSE_041_M7_S1,thermal radiation,1,"thermal radiation: Heat transfer by electromagnetic emission between surfaces without requiring a material medium. In Radiation and Thermal Systems, the focus is on the analysis, design, implementation, interpretation, or evaluation of thermal radiation within Fluid Flow and Heat Transfer, particularly where the Radiation and Thermal Systems module establishes its technical context.",SSD_COURSE_041_M7_S1,Semantically_Audited,Active,4.0,Subtopic
SUB_COURSE_041_M7_S2,emissivity,2,"emissivity refers to a surface property describing its thermal-radiation emission relative to an ideal blackbody. In Radiation and Thermal Systems, the focus is on the analysis, design, implementation, interpretation, or evaluation of emissivity within Fluid Flow and Heat Transfer, particularly where the Radiation and Thermal Systems module establishes its technical context.",SSD_COURSE_041_M7_S2,Semantically_Audited,Active,4.0,Subtopic
SUB_COURSE_041_M7_S3,view factors,3,"view factors: Geometric factors representing the fraction of radiation leaving one surface that directly reaches another. In Radiation and Thermal Systems, the focus is on the analysis, design, implementation, interpretation, or evaluation of view factors within Fluid Flow and Heat Transfer, particularly where the Radiation and Thermal Systems module establishes its technical context.",SSD_COURSE_041_M7_S3,Semantically_Audited,Active,4.0,Subtopic
SUB_COURSE_041_M7_S4,combined modes,4,"combined modes: Heat-transfer situations involving two or more mechanisms such as conduction, convection, and radiation. In Radiation and Thermal Systems, the focus is on the analysis, design, implementation, interpretation, or evaluation of combined modes within Fluid Flow and Heat Transfer, particularly where the Radiation and Thermal Systems module establishes its technical context.",SSD_COURSE_041_M7_S4,Semantically_Audited,Active,4.0,Subtopic
SUB_COURSE_041_M7_S5,insulation,5,"insulation: Material or construction used to reduce unwanted heat transfer by increasing thermal resistance. In Radiation and Thermal Systems, the focus is on the analysis, design, implementation, interpretation, or evaluation of insulation within Fluid Flow and Heat Transfer, particularly where the Radiation and Thermal Systems module establishes its technical context.",SSD_COURSE_041_M7_S5,Semantically_Audited,Active,4.0,Subtopic
SUB_COURSE_042_M1_S1,Fick law,1,"Fick law: Fick law in Mass Transfer Operations concerns legal rules, institutional mechanisms, duties, procedures, and compliance considerations governing fick law. In Diffusion and Mass-Transfer Fundamentals, the focus is on the analysis, design, implementation, interpretation, or evaluation of Fick law within Mass Transfer Operations, particularly where the Diffusion and Mass-Transfer Fundamentals module establishes its technical context.",SSD_COURSE_042_M1_S1,Semantically_Audited,Active,4.0,Subtopic
SUB_COURSE_042_M1_S2,molecular diffusion,2,"molecular diffusion: Mass transport caused by molecular motion down a concentration or chemical-potential gradient. In Diffusion and Mass-Transfer Fundamentals, the focus is on the analysis, design, implementation, interpretation, or evaluation of molecular diffusion within Mass Transfer Operations, particularly where the Diffusion and Mass-Transfer Fundamentals module establishes its technical context.",SSD_COURSE_042_M1_S2,Semantically_Audited,Active,4.0,Subtopic
SUB_COURSE_042_M1_S3,mass-transfer coefficients,3,"mass-transfer coefficients: Parameters relating mass-transfer flux to a driving-force difference between a bulk phase and an interface. In Diffusion and Mass-Transfer Fundamentals, the focus is on the analysis, design, implementation, interpretation, or evaluation of mass-transfer coefficients within Mass Transfer Operations, particularly where the Diffusion and Mass-Transfer Fundamentals module establishes its technical context.",SSD_COURSE_042_M1_S3,Semantically_Audited,Active,4.0,Subtopic
SUB_COURSE_042_M1_S4,interfacial transport,4,"interfacial transport: Mass transfer across the boundary between two contacting phases. In Diffusion and Mass-Transfer Fundamentals, the focus is on the analysis, design, implementation, interpretation, or evaluation of interfacial transport within Mass Transfer Operations, particularly where the Diffusion and Mass-Transfer Fundamentals module establishes its technical context.",SSD_COURSE_042_M1_S4,Semantically_Audited,Active,4.0,Subtopic
SUB_COURSE_042_M2_S1,equilibrium relations,1,"equilibrium relations: Relationships defining the compositions or concentrations of phases when they are at equilibrium. In Gas Absorption and Stripping, the focus is on the analysis, design, implementation, interpretation, or evaluation of equilibrium relations within Mass Transfer Operations, particularly where the Gas Absorption and Stripping module establishes its technical context.",SSD_COURSE_042_M2_S1,Semantically_Audited,Active,4.0,Subtopic
SUB_COURSE_042_M2_S2,operating lines,2,"operating lines: Relationships between phase flow rates and compositions used to analyse staged or continuous separation processes. In Gas Absorption and Stripping, the focus is on the analysis, design, implementation, interpretation, or evaluation of operating lines within Mass Transfer Operations, particularly where the Gas Absorption and Stripping module establishes its technical context.",SSD_COURSE_042_M2_S2,Semantically_Audited,Active,4.0,Subtopic
SUB_COURSE_042_M2_S3,Height of a Transfer Unit / Number of Transfer Units (HTU/NTU),3,"HTU/NTU: Height and number-of-transfer-unit methods used to design packed mass-transfer equipment. In Gas Absorption and Stripping, the focus is on the analysis, design, implementation, interpretation, or evaluation of HTU/NTU within Mass Transfer Operations, particularly where the Gas Absorption and Stripping module establishes its technical context.",SSD_COURSE_042_M2_S3,Semantically_Audited,Active,4.0,Subtopic
SUB_COURSE_042_M2_S4,packed columns,4,"packed columns: Mass-transfer columns containing packing that provides contact area between flowing phases. In Gas Absorption and Stripping, the focus is on the analysis, design, implementation, interpretation, or evaluation of packed columns within Mass Transfer Operations, particularly where the Gas Absorption and Stripping module establishes its technical context.",SSD_COURSE_042_M2_S4,Semantically_Audited,Active,4.0,Subtopic
SUB_COURSE_042_M3_S1,vapour-liquid equilibrium,1,"vapour-liquid equilibrium refers to the equilibrium relationship between vapour and liquid compositions at specified temperature or pressure. In Distillation, the focus is on the analysis, design, implementation, interpretation, or evaluation of vapour-liquid equilibrium within Mass Transfer Operations, particularly where the Distillation module establishes its technical context.",SSD_COURSE_042_M3_S1,Semantically_Audited,Active,4.0,Subtopic
SUB_COURSE_042_M3_S2,McCabe-Thiele,2,"McCabe-Thiele refers to a graphical method for analysing binary distillation using equilibrium and operating lines. In Distillation, the focus is on the analysis, design, implementation, interpretation, or evaluation of McCabe-Thiele within Mass Transfer Operations, particularly where the Distillation module establishes its technical context.",SSD_COURSE_042_M3_S2,Semantically_Audited,Active,4.0,Subtopic
SUB_COURSE_042_M3_S3,reflux,3,"reflux: Liquid returned to a distillation column from condensed overhead vapour to improve separation. In Distillation, the focus is on the analysis, design, implementation, interpretation, or evaluation of reflux within Mass Transfer Operations, particularly where the Distillation module establishes its technical context.",SSD_COURSE_042_M3_S3,Semantically_Audited,Active,4.0,Subtopic
SUB_COURSE_042_M3_S4,tray efficiency,4,"tray efficiency refers to a measure of how closely an actual tray approaches the mass-transfer performance of an ideal equilibrium stage. In Distillation, the focus is on the analysis, design, implementation, interpretation, or evaluation of tray efficiency within Mass Transfer Operations, particularly where the Distillation module establishes its technical context.",SSD_COURSE_042_M3_S4,Semantically_Audited,Active,4.0,Subtopic
SUB_COURSE_042_M3_S5,multicomponent concepts,5,"multicomponent concepts: Methods for analysing separation of mixtures containing more than two components. In Distillation, the focus is on the analysis, design, implementation, interpretation, or evaluation of multicomponent concepts within Mass Transfer Operations, particularly where the Distillation module establishes its technical context.",SSD_COURSE_042_M3_S5,Semantically_Audited,Active,4.0,Subtopic
SUB_COURSE_042_M4_S1,distribution coefficients,1,"distribution coefficients: Ratios describing how a solute partitions between two phases at equilibrium. In Liquid-Liquid Extraction, the focus is on the analysis, design, implementation, interpretation, or evaluation of distribution coefficients within Mass Transfer Operations, particularly where the Liquid-Liquid Extraction module establishes its technical context.",SSD_COURSE_042_M4_S1,Semantically_Audited,Active,4.0,Subtopic
SUB_COURSE_042_M4_S2,ternary diagrams,2,"ternary diagrams: Triangular composition diagrams used to represent equilibrium and separation behaviour of three-component mixtures. In Liquid-Liquid Extraction, the focus is on the analysis, design, implementation, interpretation, or evaluation of ternary diagrams within Mass Transfer Operations, particularly where the Liquid-Liquid Extraction module establishes its technical context.",SSD_COURSE_042_M4_S2,Semantically_Audited,Active,4.0,Subtopic
SUB_COURSE_042_M4_S3,stagewise extraction,3,"stagewise extraction: Liquid-liquid extraction analysis in which contacting is represented by discrete equilibrium or mass-transfer stages. In Liquid-Liquid Extraction, the focus is on the analysis, design, implementation, interpretation, or evaluation of stagewise extraction within Mass Transfer Operations, particularly where the Liquid-Liquid Extraction module establishes its technical context.",SSD_COURSE_042_M4_S3,Semantically_Audited,Active,4.0,Subtopic
SUB_COURSE_042_M4_S4,solvent selection,4,"solvent selection refers to the process of choosing among alternatives for solvent selection using defined performance, service, design, and constraint criteria. In Liquid-Liquid Extraction, the focus is on the analysis, design, implementation, interpretation, or evaluation of solvent selection within Mass Transfer Operations, particularly where the Liquid-Liquid Extraction module establishes its technical context.",SSD_COURSE_042_M4_S4,Semantically_Audited,Active,4.0,Subtopic
SUB_COURSE_042_M5_S1,psychrometrics,1,"psychrometrics: psychrometrics in Mass Transfer Operations concerns the analysis of moist-air properties and processes using quantities such as dry-bulb temperature, humidity ratio, relative humidity, enthalpy, and dew point. In Humidification and Drying, the focus is on the analysis, design, implementation, interpretation, or evaluation of psychrometrics within Mass Transfer Operations, particularly where the Humidification and Drying module establishes its technical context.",SSD_COURSE_042_M5_S1,Semantically_Audited,Active,4.0,Subtopic
SUB_COURSE_042_M5_S2,wet-bulb temperature,2,"wet-bulb temperature refers to the temperature indicated by a wetted sensor exposed to moving air, reflecting evaporative cooling under specified conditions. In Humidification and Drying, the focus is on the analysis, design, implementation, interpretation, or evaluation of wet-bulb temperature within Mass Transfer Operations, particularly where the Humidification and Drying module establishes its technical context.",SSD_COURSE_042_M5_S2,Semantically_Audited,Active,4.0,Subtopic
SUB_COURSE_042_M5_S3,drying curves,3,"drying curves: Plots describing the rate or extent of moisture removal from a wet solid during drying. In Humidification and Drying, the focus is on the analysis, design, implementation, interpretation, or evaluation of drying curves within Mass Transfer Operations, particularly where the Humidification and Drying module establishes its technical context.",SSD_COURSE_042_M5_S3,Semantically_Audited,Active,4.0,Subtopic
SUB_COURSE_042_M5_S4,drying-rate periods,4,"drying-rate periods: Distinct stages of drying, commonly including constant-rate and falling-rate periods. In Humidification and Drying, the focus is on the analysis, design, implementation, interpretation, or evaluation of drying-rate periods within Mass Transfer Operations, particularly where the Humidification and Drying module establishes its technical context.",SSD_COURSE_042_M5_S4,Semantically_Audited,Active,4.0,Subtopic
SUB_COURSE_042_M6_S1,adsorption equilibria,1,"adsorption equilibria: Relationships between the amount adsorbed on a solid surface and fluid-phase concentration or pressure at equilibrium. In Adsorption and Membrane Separation, the focus is on the analysis, design, implementation, interpretation, or evaluation of adsorption equilibria within Mass Transfer Operations, particularly where the Adsorption and Membrane Separation module establishes its technical context.",SSD_COURSE_042_M6_S1,Semantically_Audited,Active,4.0,Subtopic
SUB_COURSE_042_M6_S2,breakthrough,2,"breakthrough refers to the point at which a contaminant or solute begins to appear significantly in the outlet of an adsorption bed. In Adsorption and Membrane Separation, the focus is on the analysis, design, implementation, interpretation, or evaluation of breakthrough within Mass Transfer Operations, particularly where the Adsorption and Membrane Separation module establishes its technical context.",SSD_COURSE_042_M6_S2,Semantically_Audited,Active,4.0,Subtopic
SUB_COURSE_042_M6_S3,membrane transport,3,"membrane transport: Movement of species through a membrane driven by differences in chemical potential, pressure, concentration, or electric potential. In Adsorption and Membrane Separation, the focus is on the analysis, design, implementation, interpretation, or evaluation of membrane transport within Mass Transfer Operations, particularly where the Adsorption and Membrane Separation module establishes its technical context.",SSD_COURSE_042_M6_S3,Semantically_Audited,Active,4.0,Subtopic
SUB_COURSE_042_M6_S4,Membrane selectivity,4,"Membrane selectivity: Degree to which a membrane preferentially permeates one component relative to another, determined by differences in sorption and transport properties and expressed through appropriate selectivity metrics. In Adsorption and Membrane Separation, the focus is on curricular scope: Mass Transfer Operations; The concept is represented at the level of the stated mechanism, properties, constraints, and application criteria.",SSD_COURSE_042_M6_S4,Semantically_Audited,Active,4.0,Subtopic
SUB_COURSE_042_M6_S5,Membrane permeability,5,"Membrane permeability: Permeability of a membrane to a specified component or species, governing the rate at which that component passes through the membrane under a specified driving force. In Adsorption and Membrane Separation, the focus is on curricular scope: Mass Transfer Operations; The concept is represented at the level of the stated mechanism, properties, constraints, and application criteria.",SSD_COURSE_042_M6_S5,Semantically_Audited,Active,4.0,Subtopic
SUB_COURSE_042_M7_S1,column hydraulics,1,"column hydraulics: Flow behaviour in packed or tray columns, including pressure drop, loading, entrainment, and flooding. In Mass-Transfer Equipment Design, the focus is on the analysis, design, implementation, interpretation, or evaluation of column hydraulics within Mass Transfer Operations, particularly where the Mass-Transfer Equipment Design module establishes its technical context.",SSD_COURSE_042_M7_S1,Semantically_Audited,Active,4.0,Subtopic
SUB_COURSE_042_M7_S2,flooding,2,"flooding: Excessive gas or liquid flow in a separation column that disrupts normal countercurrent operation. In Mass-Transfer Equipment Design, the focus is on the analysis, design, implementation, interpretation, or evaluation of flooding within Mass Transfer Operations, particularly where the Mass-Transfer Equipment Design module establishes its technical context.",SSD_COURSE_042_M7_S2,Semantically_Audited,Active,4.0,Subtopic
SUB_COURSE_042_M7_S3,pressure drop,3,"pressure drop refers to the reduction in fluid pressure along equipment or piping caused by friction, fittings, elevation, or other flow resistance. In Mass-Transfer Equipment Design, the focus is on the analysis, design, implementation, interpretation, or evaluation of pressure drop within Fluid Flow and Heat Transfer, particularly where the External Flow and Boundary Layers module establishes its technical context.",SSD_COURSE_042_M7_S3,Semantically_Audited,Active,4.0,Subtopic
SUB_COURSE_042_M7_S4,scale-up,4,"scale-up: Translation of process or equipment behaviour from a smaller reference scale to a larger scale while accounting for geometric, transport, kinetic, and operating constraints. In Mass-Transfer Equipment Design, the focus is on concept-level scope: the defining mechanism, properties, constraints, and application criteria; curricular context is recorded in Concept_Category and Typical_Modules.",SSD_COURSE_042_M7_S4,Semantically_Audited,Active,4.0,Subtopic
SUB_COURSE_042_M7_S5,process integration,5,"process integration: Coordinating separation and transport operations to reduce energy, material use, equipment demand, or operating cost. In Mass-Transfer Equipment Design, the focus is on the analysis, design, implementation, interpretation, or evaluation of process integration within Mass Transfer Operations, particularly where the Mass-Transfer Equipment Design module establishes its technical context.",SSD_COURSE_042_M7_S5,Semantically_Audited,Active,4.0,Subtopic
SUB_COURSE_043_M1_S1,rate laws,1,"rate laws: rate laws in Chemical Reaction Engineering concerns legal rules, institutional mechanisms, duties, procedures, and compliance considerations governing rate laws. In Reaction Kinetics, the focus is on the analysis, design, implementation, interpretation, or evaluation of rate laws within Chemical Reaction Engineering, particularly where the Reaction Kinetics module establishes its technical context.",SSD_COURSE_043_M1_S1,Semantically_Audited,Active,4.0,Subtopic
SUB_COURSE_043_M1_S2,reaction order,2,"reaction order refers to the exponent describing how the rate of a reaction depends on the concentration of a reactant in a rate expression. In Reaction Kinetics, the focus is on the analysis, design, implementation, interpretation, or evaluation of reaction order within Chemical Reaction Engineering, particularly where the Reaction Kinetics module establishes its technical context.",SSD_COURSE_043_M1_S2,Semantically_Audited,Active,4.0,Subtopic
SUB_COURSE_043_M1_S3,Arrhenius equation,3,"Arrhenius equation refers to an equation relating a reaction rate constant to temperature through an activation-energy term. In Reaction Kinetics, the focus is on the analysis, design, implementation, interpretation, or evaluation of Arrhenius equation within Chemical Reaction Engineering, particularly where the Reaction Kinetics module establishes its technical context.",SSD_COURSE_043_M1_S3,Semantically_Audited,Active,4.0,Subtopic
SUB_COURSE_043_M1_S4,elementary reactions,4,"elementary reactions: Individual reaction steps that represent a single molecular event and whose rate law follows directly from the step's molecularity. In Reaction Kinetics, the focus is on the analysis, design, implementation, interpretation, or evaluation of elementary reactions within Chemical Reaction Engineering, particularly where the Reaction Kinetics module establishes its technical context.",SSD_COURSE_043_M1_S4,Semantically_Audited,Active,4.0,Subtopic
SUB_COURSE_043_M1_S5,kinetic parameter estimation,5,"kinetic parameter estimation: Estimating reaction-rate parameters such as rate constants and activation energies from experimental data. In Reaction Kinetics, the focus is on the analysis, design, implementation, interpretation, or evaluation of kinetic parameter estimation within Chemical Reaction Engineering, particularly where the Reaction Kinetics module establishes its technical context.",SSD_COURSE_043_M1_S5,Semantically_Audited,Active,4.0,Subtopic
SUB_COURSE_043_M2_S1,batch reactors,1,"batch reactors: Reactors in which reactants are charged, allowed to react, and removed without continuous feed during the reaction period. In Ideal Reactors, the focus is on the analysis, design, implementation, interpretation, or evaluation of batch reactors within Chemical Reaction Engineering, particularly where the Ideal Reactors module establishes its technical context.",SSD_COURSE_043_M2_S1,Semantically_Audited,Active,4.0,Subtopic
SUB_COURSE_043_M2_S2,Continuous Stirred-Tank Reactor (CSTR),2,"Continuous Stirred-Tank Reactor (CSTR) refers to a continuous stirred-tank reactor assumed to be perfectly mixed so the outlet composition equals the reactor composition. In Ideal Reactors, the focus is on the analysis, design, implementation, interpretation, or evaluation of CSTR within Chemical Reaction Engineering, particularly where the Ideal Reactors module establishes its technical context.",SSD_COURSE_043_M2_S2,Semantically_Audited,Active,4.0,Subtopic
SUB_COURSE_043_M2_S3,Plug Flow Reactor (PFR),3,"Plug Flow Reactor (PFR) refers to a plug-flow reactor model in which fluid moves through the reactor with negligible axial mixing. In Ideal Reactors, the focus is on the analysis, design, implementation, interpretation, or evaluation of PFR within Chemical Reaction Engineering, particularly where the Ideal Reactors module establishes its technical context.",SSD_COURSE_043_M2_S3,Semantically_Audited,Active,4.0,Subtopic
SUB_COURSE_043_M2_S4,reactor design equations,4,"reactor design equations: Equations relating material balances, kinetics, flow, conversion, and reactor volume or residence time for sizing and analysing chemical reactors. In Ideal Reactors, the focus is on the analysis, design, implementation, interpretation, or evaluation of reactor design equations within Chemical Reaction Engineering, particularly where the Ideal Reactors module establishes its technical context.",SSD_COURSE_043_M2_S4,Semantically_Audited,Active,4.0,Subtopic
SUB_COURSE_043_M2_S5,residence time,5,"residence time refers to the time material spends in a reactor or process region, with its precise definition depending on the flow model. In Ideal Reactors, the focus is on the analysis, design, implementation, interpretation, or evaluation of residence time within Chemical Reaction Engineering, particularly where the Ideal Reactors module establishes its technical context.",SSD_COURSE_043_M2_S5,Semantically_Audited,Active,4.0,Subtopic
SUB_COURSE_043_M3_S1,parallel reactions,1,"parallel reactions refers to a reaction network in which the same reactant participates in two or more competing reaction pathways. In Multiple Reactions, the focus is on the analysis, design, implementation, interpretation, or evaluation of parallel reactions within Chemical Reaction Engineering, particularly where the Multiple Reactions module establishes its technical context.",SSD_COURSE_043_M3_S1,Semantically_Audited,Active,4.0,Subtopic
SUB_COURSE_043_M3_S2,series reactions,2,"series reactions refers to a reaction sequence in which a product of one reaction becomes a reactant in a subsequent reaction. In Multiple Reactions, the focus is on the analysis, design, implementation, interpretation, or evaluation of series reactions within Chemical Reaction Engineering, particularly where the Multiple Reactions module establishes its technical context.",SSD_COURSE_043_M3_S2,Semantically_Audited,Active,4.0,Subtopic
SUB_COURSE_043_M3_S3,selectivity,3,"selectivity refers to the extent to which a reaction or process favours formation of a desired product over competing products. In Multiple Reactions, the focus is on the analysis, design, implementation, interpretation, or evaluation of selectivity within Chemical Process Calculations, particularly where the Balances with Chemical Reactions module establishes its technical context.",SSD_COURSE_043_M3_S3,Semantically_Audited,Active,4.0,Subtopic
SUB_COURSE_043_M3_S4,yield,4,"yield: Measure of desired product obtained relative to a specified theoretical, feed, or reactant basis; the exact definition depends on the process and stoichiometric basis. In Multiple Reactions, the focus is on concept-level scope: the defining mechanism, properties, constraints, and application criteria; curricular context is recorded in Concept_Category and Typical_Modules.",SSD_COURSE_043_M3_S4,Semantically_Audited,Active,4.0,Subtopic
SUB_COURSE_043_M3_S5,reaction networks,5,"reaction networks refers to a set of chemically connected reactions and species represented through their stoichiometry and kinetic relationships. In Multiple Reactions, the focus is on the analysis, design, implementation, interpretation, or evaluation of reaction networks within Chemical Reaction Engineering, particularly where the Multiple Reactions module establishes its technical context.",SSD_COURSE_043_M3_S5,Semantically_Audited,Active,4.0,Subtopic
SUB_COURSE_043_M4_S1,energy balances,1,"energy balances: energy balances in Chemical Reaction Engineering concerns applications of conservation of energy using internal energy, enthalpy, heat transfer, work, and phase or reaction effects as appropriate. In Non-Isothermal Reactor Analysis, the focus is on the analysis, design, implementation, interpretation, or evaluation of energy balances within Chemical Reaction Engineering, particularly where the Non-Isothermal Reactor Analysis module establishes its technical context.",SSD_COURSE_043_M4_S1,Semantically_Audited,Active,4.0,Subtopic
SUB_COURSE_043_M4_S2,heat generation,2,"heat generation: Production of heat within a reacting system, commonly from exothermic chemical reactions or other energy-releasing processes. In Non-Isothermal Reactor Analysis, the focus is on the analysis, design, implementation, interpretation, or evaluation of heat generation within Chemical Reaction Engineering, particularly where the Non-Isothermal Reactor Analysis module establishes its technical context.",SSD_COURSE_043_M4_S2,Semantically_Audited,Active,4.0,Subtopic
SUB_COURSE_043_M4_S3,heat removal,3,"heat removal: Transfer of heat out of a reacting system to control temperature and maintain safe or desired operating conditions. In Non-Isothermal Reactor Analysis, the focus is on the analysis, design, implementation, interpretation, or evaluation of heat removal within Chemical Reaction Engineering, particularly where the Non-Isothermal Reactor Analysis module establishes its technical context.",SSD_COURSE_043_M4_S3,Semantically_Audited,Active,4.0,Subtopic
SUB_COURSE_043_M4_S4,Reactor ignition,4,"Reactor ignition: Onset of self-sustained combustion or rapid exothermic reaction in a reactive mixture when thermal and kinetic conditions permit ignition or autoignition. In Non-Isothermal Reactor Analysis, the focus is on curricular scope: Chemical Reaction Engineering; The concept is represented at the level of the stated mechanism, properties, constraints, and application criteria.",SSD_COURSE_043_M4_S4,Semantically_Audited,Active,4.0,Subtopic
SUB_COURSE_043_M4_S5,multiplicity,5,"multiplicity refers to the occurrence of multiple possible steady states for the same operating conditions in a nonlinear reactor. In Non-Isothermal Reactor Analysis, the focus is on the analysis, design, implementation, interpretation, or evaluation of multiplicity within Chemical Reaction Engineering, particularly where the Non-Isothermal Reactor Analysis module establishes its technical context.",SSD_COURSE_043_M4_S5,Semantically_Audited,Active,4.0,Subtopic
SUB_COURSE_043_M5_S1,Residence Time Distribution (RTD),1,"RTD: Residence Time Distribution, the distribution of times that fluid elements spend within a reactor. In Residence Time and Reactor Performance, the focus is on the analysis, design, implementation, interpretation, or evaluation of RTD within Chemical Reaction Engineering, particularly where the Residence Time and Reactor Performance module establishes its technical context.",SSD_COURSE_043_M5_S1,Semantically_Audited,Active,4.0,Subtopic
SUB_COURSE_043_M5_S2,E-curves,2,"E-curves: Experimental or normalised RTD representations based on tracer concentration response after a tracer input. In Residence Time and Reactor Performance, the focus is on the analysis, design, implementation, interpretation, or evaluation of E-curves within Chemical Reaction Engineering, particularly where the Residence Time and Reactor Performance module establishes its technical context.",SSD_COURSE_043_M5_S2,Semantically_Audited,Active,4.0,Subtopic
SUB_COURSE_043_M5_S3,F-curves,3,"F-curves: Cumulative residence-time distributions giving the fraction of material that has exited by a specified time. In Residence Time and Reactor Performance, the focus is on the analysis, design, implementation, interpretation, or evaluation of F-curves within Chemical Reaction Engineering, particularly where the Residence Time and Reactor Performance module establishes its technical context.",SSD_COURSE_043_M5_S3,Semantically_Audited,Active,4.0,Subtopic
SUB_COURSE_043_M5_S4,Phase segregation in reactors,4,"Phase segregation in reactors: Separation or non-uniform distribution of phases or species in a reactor, including its effects on transport, reaction rates, residence-time behaviour, and reactor performance. In Residence Time and Reactor Performance, the focus is on curricular scope: Chemical Reaction Engineering; The concept is represented at the level of the stated mechanism, properties, constraints, and application criteria.",SSD_COURSE_043_M5_S4,Semantically_Audited,Active,4.0,Subtopic
SUB_COURSE_043_M5_S5,non-ideal flow,5,"non-ideal flow: Reactor flow behaviour that differs from ideal plug-flow or perfectly mixed assumptions. In Residence Time and Reactor Performance, the focus is on the analysis, design, implementation, interpretation, or evaluation of non-ideal flow within Chemical Reaction Engineering, particularly where the Residence Time and Reactor Performance module establishes its technical context.",SSD_COURSE_043_M5_S5,Semantically_Audited,Active,4.0,Subtopic
SUB_COURSE_043_M6_S1,gas-solid reactions,1,"gas-solid reactions: Heterogeneous reactions involving gaseous reactants or products and a solid phase, with reaction behaviour affected by mass transfer and surface processes. In Heterogeneous Reactions, the focus is on the analysis, design, implementation, interpretation, or evaluation of gas-solid reactions within Chemical Reaction Engineering, particularly where the Heterogeneous Reactions module establishes its technical context.",SSD_COURSE_043_M6_S1,Semantically_Audited,Active,4.0,Subtopic
SUB_COURSE_043_M6_S2,fluid-solid systems,2,"fluid-solid systems: Systems in which fluids and solid particles interact through momentum, heat, and mass transfer, including packed, fluidized, or suspended systems. In Heterogeneous Reactions, the focus is on the analysis, design, implementation, interpretation, or evaluation of fluid-solid systems within Chemical Reaction Engineering, particularly where the Heterogeneous Reactions module establishes its technical context.",SSD_COURSE_043_M6_S2,Semantically_Audited,Active,4.0,Subtopic
SUB_COURSE_043_M6_S3,catalyst pellets,3,"catalyst pellets: Porous solid catalyst particles used to provide active surface area for heterogeneous reactions. In Heterogeneous Reactions, the focus is on the analysis, design, implementation, interpretation, or evaluation of catalyst pellets within Chemical Reaction Engineering, particularly where the Heterogeneous Reactions module establishes its technical context.",SSD_COURSE_043_M6_S3,Semantically_Audited,Active,4.0,Subtopic
SUB_COURSE_043_M6_S4,effectiveness factors,4,"effectiveness factors: Ratios comparing the actual reaction rate in a porous catalyst particle with the rate without internal transport limitations. In Heterogeneous Reactions, the focus is on the analysis, design, implementation, interpretation, or evaluation of effectiveness factors within Chemical Reaction Engineering, particularly where the Heterogeneous Reactions module establishes its technical context.",SSD_COURSE_043_M6_S4,Semantically_Audited,Active,4.0,Subtopic
SUB_COURSE_043_M7_S1,reactor selection,1,"reactor selection refers to the process of choosing among alternatives for reactor selection using defined performance, service, design, and constraint criteria. In Reactor Design and Scale-Up, the focus is on the analysis, design, implementation, interpretation, or evaluation of reactor selection within Chemical Reaction Engineering, particularly where the Reactor Design and Scale-Up module establishes its technical context.",SSD_COURSE_043_M7_S1,Semantically_Audited,Active,4.0,Subtopic
SUB_COURSE_043_M7_S2,Reactor mixing,2,"Reactor mixing: Mixing of reactants and fluid phases within a chemical reactor to reduce concentration and temperature gradients and influence transport, reaction rate, selectivity, and residence-time behaviour. In Reactor Design and Scale-Up, the focus is on curricular scope: Chemical Reaction Engineering; The concept is represented at the level of the stated mechanism, properties, constraints, and application criteria.",SSD_COURSE_043_M7_S2,Semantically_Audited,Active,4.0,Subtopic
SUB_COURSE_043_M7_S3,heat transfer,3,"heat transfer: Transfer of thermal energy between regions or phases because of a temperature difference, through conduction, convection, radiation, or combinations of these modes. In Reactor Design and Scale-Up, the focus is on the analysis, design, implementation, interpretation, or evaluation of heat transfer within Chemical Reaction Engineering, particularly where the Reactor Design and Scale-Up module establishes its technical context.",SSD_COURSE_043_M7_S3,Semantically_Audited,Active,4.0,Subtopic
SUB_COURSE_043_M7_S4,safety,4,"safety: Protection of people, assets, systems, and the environment from unacceptable risk arising from hazards through prevention, control, mitigation, and protective measures. In Reactor Design and Scale-Up, the focus is on concept-level scope: the defining mechanism, properties, constraints, and application criteria; curricular context is recorded in Concept_Category and Typical_Modules.",SSD_COURSE_043_M7_S4,Semantically_Audited,Active,4.0,Subtopic
SUB_COURSE_043_M7_S5,scale-up constraints,5,"scale-up constraints: Hydrodynamic, heat-transfer, mass-transfer, safety, and kinetic limits that must be considered when increasing reactor size. In Reactor Design and Scale-Up, the focus is on the analysis, design, implementation, interpretation, or evaluation of scale-up constraints within Chemical Reaction Engineering, particularly where the Reactor Design and Scale-Up module establishes its technical context.",SSD_COURSE_043_M7_S5,Semantically_Audited,Active,4.0,Subtopic
SUB_COURSE_044_M1_S1,temperature,1,"temperature: Thermodynamic state variable indicating the thermal condition of a system and determining the direction of heat transfer under specified conditions. In Process Measurement, the focus is on concept-level scope: the defining mechanism, properties, constraints, and application criteria; curricular context is recorded in Concept_Category and Typical_Modules.",SSD_COURSE_044_M1_S1,Semantically_Audited,Active,4.0,Subtopic
SUB_COURSE_044_M1_S2,pressure,2,"pressure: Normal force per unit area acting on a surface or within a fluid; in continuum fluid mechanics it is a scalar state variable whose spatial gradients can drive flow. In Process Measurement, the focus is on concept-level scope: the defining mechanism, properties, constraints, and application criteria; curricular context is recorded in Concept_Category and Typical_Modules.",SSD_COURSE_044_M1_S2,Semantically_Audited,Active,4.0,Subtopic
SUB_COURSE_044_M1_S3,flow,3,"flow refers to the rate at which a fluid moves through a process line or equipment. In Process Measurement, the focus is on the analysis, design, implementation, interpretation, or evaluation of flow within Process Control and Instrumentation, particularly where the Process Measurement module establishes its technical context.",SSD_COURSE_044_M1_S3,Semantically_Audited,Active,4.0,Subtopic
SUB_COURSE_044_M1_S4,level,4,"level refers to the height or quantity of material contained in a process vessel or tank. In Process Measurement, the focus is on the analysis, design, implementation, interpretation, or evaluation of level within Process Control and Instrumentation, particularly where the Process Measurement module establishes its technical context.",SSD_COURSE_044_M1_S4,Semantically_Audited,Active,4.0,Subtopic
SUB_COURSE_044_M1_S5,analytical measurements,5,"analytical measurements refers to the methods and principles used to obtain and interpret measurements of analytical measurements under specified conditions. In Process Measurement, the focus is on the analysis, design, implementation, interpretation, or evaluation of analytical measurements within Process Control and Instrumentation, particularly where the Process Measurement module establishes its technical context.",SSD_COURSE_044_M1_S5,Semantically_Audited,Active,4.0,Subtopic
SUB_COURSE_044_M1_S6,sensor dynamics,6,"sensor dynamics refers to the time-dependent response of a sensor to changes in its measured variable. In Process Measurement, the focus is on the analysis, design, implementation, interpretation, or evaluation of sensor dynamics within Process Control and Instrumentation, particularly where the Process Measurement module establishes its technical context.",SSD_COURSE_044_M1_S6,Semantically_Audited,Active,4.0,Subtopic
SUB_COURSE_044_M2_S1,control valves,1,"control valves: Methods used to regulate control valves by measuring relevant conditions and applying defined control actions or constraints. In Final Control Elements, the focus is on the analysis, design, implementation, interpretation, or evaluation of control valves within Process Control and Instrumentation, particularly where the Final Control Elements module establishes its technical context.",SSD_COURSE_044_M2_S1,Semantically_Audited,Active,4.0,Subtopic
SUB_COURSE_044_M2_S2,valve characteristics,2,"valve characteristics refers to the relationship between control-valve opening and flow capacity under specified pressure conditions. In Final Control Elements, the focus is on the analysis, design, implementation, interpretation, or evaluation of valve characteristics within Process Control and Instrumentation, particularly where the Final Control Elements module establishes its technical context.",SSD_COURSE_044_M2_S2,Semantically_Audited,Active,4.0,Subtopic
SUB_COURSE_044_M2_S3,actuators,3,"actuators: Devices that convert a control signal or available energy into physical action, such as force, motion, flow, pressure, or position. In Final Control Elements, the focus is on concept-level scope: the defining mechanism, properties, constraints, and application criteria; curricular context is recorded in Concept_Category and Typical_Modules.",SSD_COURSE_044_M2_S3,Semantically_Audited,Active,4.0,Subtopic
SUB_COURSE_044_M2_S4,positioners,4,"positioners: Devices that regulate valve position so it follows the controller or command signal. In Final Control Elements, the focus is on the analysis, design, implementation, interpretation, or evaluation of positioners within Process Control and Instrumentation, particularly where the Final Control Elements module establishes its technical context.",SSD_COURSE_044_M2_S4,Semantically_Audited,Active,4.0,Subtopic
SUB_COURSE_044_M2_S5,sizing principles,5,"sizing principles: Rules for selecting measurement and final-control equipment to meet required range, capacity, response, and process conditions. In Final Control Elements, the focus is on the analysis, design, implementation, interpretation, or evaluation of sizing principles within Process Control and Instrumentation, particularly where the Final Control Elements module establishes its technical context.",SSD_COURSE_044_M2_S5,Semantically_Audited,Active,4.0,Subtopic
SUB_COURSE_044_M3_S1,first-order and higher-order models,1,"first-order and higher-order models: Dynamic process models representing one or more energy-storage or response modes. In Process Dynamics, the focus is on the analysis, design, implementation, interpretation, or evaluation of first-order and higher-order models within Process Control and Instrumentation, particularly where the Process Dynamics module establishes its technical context.",SSD_COURSE_044_M3_S1,Semantically_Audited,Active,4.0,Subtopic
SUB_COURSE_044_M3_S2,dead time,2,"dead time refers to the delay between a process input change and the beginning of its observable output response. In Process Dynamics, the focus is on the analysis, design, implementation, interpretation, or evaluation of dead time within Process Control and Instrumentation, particularly where the Process Dynamics module establishes its technical context.",SSD_COURSE_044_M3_S2,Semantically_Audited,Active,4.0,Subtopic
SUB_COURSE_044_M3_S3,process gain,3,"process gain refers to the change in a process output relative to a change in an input variable around an operating point. In Process Dynamics, the focus is on the analysis, design, implementation, interpretation, or evaluation of process gain within Process Control and Instrumentation, particularly where the Process Dynamics module establishes its technical context.",SSD_COURSE_044_M3_S3,Semantically_Audited,Active,4.0,Subtopic
SUB_COURSE_044_M3_S4,dynamic testing,4,"dynamic testing refers to a procedure for assessing dynamic testing under specified conditions using defined measurements, criteria, and acceptance requirements. In Process Dynamics, the focus is on the analysis, design, implementation, interpretation, or evaluation of dynamic testing within Process Control and Instrumentation, particularly where the Process Dynamics module establishes its technical context.",SSD_COURSE_044_M3_S4,Semantically_Audited,Active,4.0,Subtopic
SUB_COURSE_044_M4_S1,closed-loop control,1,"closed-loop control: Methods used to regulate closed-loop control by measuring relevant conditions and applying defined control actions or constraints. In Feedback Control, the focus is on the analysis, design, implementation, interpretation, or evaluation of closed-loop control within Process Control and Instrumentation, particularly where the Feedback Control module establishes its technical context.",SSD_COURSE_044_M4_S1,Semantically_Audited,Active,4.0,Subtopic
SUB_COURSE_044_M4_S2,PID structure,2,"PID structure refers to a feedback-control structure combining proportional, integral, and derivative actions. In Feedback Control, the focus is on the analysis, design, implementation, interpretation, or evaluation of PID structure within Process Control and Instrumentation, particularly where the Feedback Control module establishes its technical context.",SSD_COURSE_044_M4_S2,Semantically_Audited,Active,4.0,Subtopic
SUB_COURSE_044_M4_S3,stability,3,"stability: Property describing whether a system returns toward an acceptable state or bounded response after a perturbation, according to the stability criterion appropriate to the system model. In Feedback Control, the focus is on concept-level scope: the defining mechanism, properties, constraints, and application criteria; curricular context is recorded in Concept_Category and Typical_Modules.",SSD_COURSE_044_M4_S3,Semantically_Audited,Active,4.0,Subtopic
SUB_COURSE_044_M4_S4,setpoint tracking,4,"setpoint tracking: Controller performance in driving a process variable toward a changing desired setpoint. In Feedback Control, the focus is on the analysis, design, implementation, interpretation, or evaluation of setpoint tracking within Process Control and Instrumentation, particularly where the Feedback Control module establishes its technical context.",SSD_COURSE_044_M4_S4,Semantically_Audited,Active,4.0,Subtopic
SUB_COURSE_044_M4_S5,disturbance rejection,5,"disturbance rejection: Controller performance in limiting the effect of external or unmeasured disturbances on a process variable. In Feedback Control, the focus is on the analysis, design, implementation, interpretation, or evaluation of disturbance rejection within Process Control and Instrumentation, particularly where the Feedback Control module establishes its technical context.",SSD_COURSE_044_M4_S5,Semantically_Audited,Active,4.0,Subtopic
SUB_COURSE_044_M5_S1,Ziegler-Nichols,1,"Ziegler-Nichols: Empirical controller-tuning rules based on process response or sustained oscillation characteristics. In Controller Tuning, the focus is on the analysis, design, implementation, interpretation, or evaluation of Ziegler-Nichols within Process Control and Instrumentation, particularly where the Controller Tuning module establishes its technical context.",SSD_COURSE_044_M5_S1,Semantically_Audited,Active,4.0,Subtopic
SUB_COURSE_044_M5_S2,Cohen-Coon,2,"Cohen-Coon: Controller-tuning correlations designed for processes approximated by first-order dynamics with dead time. In Controller Tuning, the focus is on the analysis, design, implementation, interpretation, or evaluation of Cohen-Coon within Process Control and Instrumentation, particularly where the Controller Tuning module establishes its technical context.",SSD_COURSE_044_M5_S2,Semantically_Audited,Active,4.0,Subtopic
SUB_COURSE_044_M5_S3,Internal Model Control (IMC),3,"IMC: Internal Model Control, a control-design approach that uses an explicit process model and a chosen robustness or filtering parameter. In Controller Tuning, the focus is on the analysis, design, implementation, interpretation, or evaluation of IMC within Process Control and Instrumentation, particularly where the Controller Tuning module establishes its technical context.",SSD_COURSE_044_M5_S3,Semantically_Audited,Active,4.0,Subtopic
SUB_COURSE_044_M5_S4,Control-system robustness,4,"Control-system robustness: Ability of a control system to maintain acceptable performance despite model uncertainty, disturbances, parameter variation, measurement noise, or implementation imperfections. In Controller Tuning, the focus is on curricular scope: Process Control and Instrumentation; The concept is represented at the level of the stated mechanism, properties, constraints, and application criteria.",SSD_COURSE_044_M5_S4,Semantically_Audited,Active,4.0,Subtopic
SUB_COURSE_044_M5_S5,performance criteria,5,"performance criteria: Measures such as error, settling time, overshoot, effort, and robustness used to assess controller performance. In Controller Tuning, the focus is on the analysis, design, implementation, interpretation, or evaluation of performance criteria within Process Control and Instrumentation, particularly where the Controller Tuning module establishes its technical context.",SSD_COURSE_044_M5_S5,Semantically_Audited,Active,4.0,Subtopic
SUB_COURSE_044_M6_S1,cascade,1,"cascade refers to a control structure in which an inner feedback loop is regulated by the output of an outer controller. In Advanced Process Control, the focus is on the analysis, design, implementation, interpretation, or evaluation of cascade within Process Control and Instrumentation, particularly where the Advanced Process Control module establishes its technical context.",SSD_COURSE_044_M6_S1,Semantically_Audited,Active,4.0,Subtopic
SUB_COURSE_044_M6_S2,feedforward,2,"feedforward: Control action based on measured disturbances or process inputs before their effects reach the controlled variable. In Advanced Process Control, the focus is on the analysis, design, implementation, interpretation, or evaluation of feedforward within Process Control and Instrumentation, particularly where the Advanced Process Control module establishes its technical context.",SSD_COURSE_044_M6_S2,Semantically_Audited,Active,4.0,Subtopic
SUB_COURSE_044_M6_S3,ratio control,3,"ratio control: Methods used to regulate ratio control by measuring relevant conditions and applying defined control actions or constraints. In Advanced Process Control, the focus is on the analysis, design, implementation, interpretation, or evaluation of ratio control within Process Control and Instrumentation, particularly where the Advanced Process Control module establishes its technical context.",SSD_COURSE_044_M6_S3,Semantically_Audited,Active,4.0,Subtopic
SUB_COURSE_044_M6_S4,override control,4,"override control: Methods used to regulate override control by measuring relevant conditions and applying defined control actions or constraints. In Advanced Process Control, the focus is on the analysis, design, implementation, interpretation, or evaluation of override control within Process Control and Instrumentation, particularly where the Advanced Process Control module establishes its technical context.",SSD_COURSE_044_M6_S4,Semantically_Audited,Active,4.0,Subtopic
SUB_COURSE_044_M6_S5,model predictive control,5,"model predictive control: Methods used to regulate model predictive control by measuring relevant conditions and applying defined control actions or constraints. In Advanced Process Control, the focus is on the analysis, design, implementation, interpretation, or evaluation of model predictive control within Process Control and Instrumentation, particularly where the Advanced Process Control module establishes its technical context.",SSD_COURSE_044_M6_S5,Semantically_Audited,Active,4.0,Subtopic
SUB_COURSE_044_M7_S1,Programmable Logic Controller (PLC),1,"PLC: Programmable Logic Controller used for deterministic industrial monitoring, sequencing, logic, and control. In Industrial Control Systems, the focus is on the analysis, design, implementation, interpretation, or evaluation of PLC within Process Control and Instrumentation, particularly where the Industrial Control Systems module establishes its technical context.",SSD_COURSE_044_M7_S1,Semantically_Audited,Active,4.0,Subtopic
SUB_COURSE_044_M7_S2,Distributed Control System (DCS),2,"DCS: Distributed Control System used to supervise and control continuous or batch industrial processes through distributed controllers. In Industrial Control Systems, the focus is on the analysis, design, implementation, interpretation, or evaluation of DCS within Process Control and Instrumentation, particularly where the Industrial Control Systems module establishes its technical context.",SSD_COURSE_044_M7_S2,Semantically_Audited,Active,4.0,Subtopic
SUB_COURSE_044_M7_S3,Supervisory Control and Data Acquisition (SCADA),3,"SCADA: Supervisory Control and Data Acquisition system used to monitor processes and control selected remote equipment. In Industrial Control Systems, the focus is on the analysis, design, implementation, interpretation, or evaluation of SCADA within Process Control and Instrumentation, particularly where the Industrial Control Systems module establishes its technical context.",SSD_COURSE_044_M7_S3,Semantically_Audited,Active,4.0,Subtopic
SUB_COURSE_044_M7_S4,alarm management,4,"alarm management: Systematic design, prioritisation, rationalisation, monitoring, and maintenance of process alarms. In Industrial Control Systems, the focus is on the analysis, design, implementation, interpretation, or evaluation of alarm management within Process Control and Instrumentation, particularly where the Industrial Control Systems module establishes its technical context.",SSD_COURSE_044_M7_S4,Semantically_Audited,Active,4.0,Subtopic
SUB_COURSE_044_M7_S5,cybersecurity basics,5,"cybersecurity basics: Fundamental controls for protecting industrial control systems, networks, devices, and data from cyber threats. In Industrial Control Systems, the focus is on the analysis, design, implementation, interpretation, or evaluation of cybersecurity basics within Process Control and Instrumentation, particularly where the Industrial Control Systems module establishes its technical context.",SSD_COURSE_044_M7_S5,Semantically_Audited,Active,4.0,Subtopic
SUB_COURSE_044_M7_S6,safety instrumented systems,6,"safety instrumented systems: Independent instrumented systems that detect hazardous process conditions and initiate defined actions to bring a process to or maintain it in a safe state. In Industrial Control Systems, the focus is on the analysis, design, implementation, interpretation, or evaluation of safety instrumented systems within Process Control and Instrumentation, particularly where the Industrial Control Systems module establishes its technical context.",SSD_COURSE_044_M7_S6,Semantically_Audited,Active,4.0,Subtopic
SUB_COURSE_045_M1_S1,magnetic circuits,1,"magnetic circuits: Magnetic paths analysed using quantities such as magnetomotive force, reluctance, flux, and flux density. In Magnetic Circuits and Electromechanical Conversion, the focus is on the analysis, design, implementation, interpretation, or evaluation of magnetic circuits within Electrical Machines, particularly where the Magnetic Circuits and Electromechanical Conversion module establishes its technical context.",SSD_COURSE_045_M1_S1,Semantically_Audited,Active,4.0,Subtopic
SUB_COURSE_045_M1_S2,induced EMF,2,"induced EMF: Voltage generated in a conductor or winding by a changing magnetic flux linkage. In Magnetic Circuits and Electromechanical Conversion, the focus is on the analysis, design, implementation, interpretation, or evaluation of induced EMF within Electrical Machines, particularly where the Magnetic Circuits and Electromechanical Conversion module establishes its technical context.",SSD_COURSE_045_M1_S2,Semantically_Audited,Active,4.0,Subtopic
SUB_COURSE_045_M1_S3,torque production,3,"torque production: Electromagnetic generation of mechanical torque through interaction between magnetic fields and current-carrying conductors. In Magnetic Circuits and Electromechanical Conversion, the focus is on the analysis, design, implementation, interpretation, or evaluation of torque production within Electrical Machines, particularly where the Magnetic Circuits and Electromechanical Conversion module establishes its technical context.",SSD_COURSE_045_M1_S3,Semantically_Audited,Active,4.0,Subtopic
SUB_COURSE_045_M1_S4,energy conversion,4,"energy conversion: Conversion between electrical and mechanical energy through electromagnetic fields in electrical machines. In Magnetic Circuits and Electromechanical Conversion, the focus is on the analysis, design, implementation, interpretation, or evaluation of energy conversion within Electrical Machines, particularly where the Magnetic Circuits and Electromechanical Conversion module establishes its technical context.",SSD_COURSE_045_M1_S4,Semantically_Audited,Active,4.0,Subtopic
SUB_COURSE_045_M2_S1,ideal transformer,1,"ideal transformer refers to an ideal transformer model with perfect coupling and no winding resistance, leakage flux, or core losses. In Transformers, the focus is on the analysis, design, implementation, interpretation, or evaluation of ideal transformer within Electrical Machines, particularly where the Transformers module establishes its technical context.",SSD_COURSE_045_M2_S1,Semantically_Audited,Active,4.0,Subtopic
SUB_COURSE_045_M2_S2,equivalent circuit,2,"equivalent circuit: Simplified circuit representation that reproduces the relevant electrical behaviour of a device or system over a specified operating range. In Transformers, the focus is on concept-level scope: the defining mechanism, properties, constraints, and application criteria; curricular context is recorded in Concept_Category and Typical_Modules.",SSD_COURSE_045_M2_S2,Semantically_Audited,Active,4.0,Subtopic
SUB_COURSE_045_M2_S3,losses,3,"losses: Power converted into heat or other losses in machine windings, cores, mechanical components, or stray fields. In Transformers, the focus is on the analysis, design, implementation, interpretation, or evaluation of losses within Electrical Machines, particularly where the Transformers module establishes its technical context.",SSD_COURSE_045_M2_S3,Semantically_Audited,Active,4.0,Subtopic
SUB_COURSE_045_M2_S4,regulation,4,"regulation: Rules and compliance mechanisms used to govern regulation within the applicable disciplinary or legal framework. In Transformers, the focus is on the analysis, design, implementation, interpretation, or evaluation of regulation within Electrical Machines, particularly where the Transformers module establishes its technical context.",SSD_COURSE_045_M2_S4,Semantically_Audited,Active,4.0,Subtopic
SUB_COURSE_045_M2_S5,tests,5,"tests: Standard electrical-machine tests used to determine parameters, losses, efficiency, and operating characteristics. In Transformers, the focus is on the analysis, design, implementation, interpretation, or evaluation of tests within Electrical Machines, particularly where the Transformers module establishes its technical context.",SSD_COURSE_045_M2_S5,Semantically_Audited,Active,4.0,Subtopic
SUB_COURSE_045_M3_S1,construction,1,"construction: Physical arrangement of machine components such as windings, magnetic cores, shafts, bearings, and insulation. In DC Machines, the focus is on the analysis, design, implementation, interpretation, or evaluation of construction within Electrical Machines, particularly where the DC Machines module establishes its technical context.",SSD_COURSE_045_M3_S1,Semantically_Audited,Active,4.0,Subtopic
SUB_COURSE_045_M3_S2,EMF equation,2,"EMF equation refers to a relation between generated EMF and machine quantities such as flux, conductors, speed, and winding arrangement. In DC Machines, the focus is on the analysis, design, implementation, interpretation, or evaluation of EMF equation within Electrical Machines, particularly where the DC Machines module establishes its technical context.",SSD_COURSE_045_M3_S2,Semantically_Audited,Active,4.0,Subtopic
SUB_COURSE_045_M3_S3,torque,3,"torque: Rotational mechanical moment produced by electromagnetic or mechanical forces in an electrical machine. In DC Machines, the focus is on the analysis, design, implementation, interpretation, or evaluation of torque within Electrical Machines, particularly where the DC Machines module establishes its technical context.",SSD_COURSE_045_M3_S3,Semantically_Audited,Active,4.0,Subtopic
SUB_COURSE_045_M3_S4,characteristics,4,"characteristics: Relationships showing how machine variables such as torque, speed, current, voltage, and excitation change with operating conditions. In DC Machines, the focus is on the analysis, design, implementation, interpretation, or evaluation of characteristics within Electrical Machines, particularly where the DC Machines module establishes its technical context.",SSD_COURSE_045_M3_S4,Semantically_Audited,Active,4.0,Subtopic
SUB_COURSE_045_M3_S5,speed control,5,"speed control: Regulation of rotational speed by manipulating an appropriate input such as voltage, current, frequency, torque, or mechanical loading. In DC Machines, the focus is on concept-level scope: the defining mechanism, properties, constraints, and application criteria; curricular context is recorded in Concept_Category and Typical_Modules.",SSD_COURSE_045_M3_S5,Semantically_Audited,Active,4.0,Subtopic
SUB_COURSE_045_M4_S1,rotating magnetic field,1,"rotating magnetic field refers to a magnetic field of approximately constant magnitude whose axis rotates in space, forming the basis of AC-machine operation. In Induction Machines, the focus is on the analysis, design, implementation, interpretation, or evaluation of rotating magnetic field within Electrical Machines, particularly where the Induction Machines module establishes its technical context.",SSD_COURSE_045_M4_S1,Semantically_Audited,Active,4.0,Subtopic
SUB_COURSE_045_M4_S2,equivalent circuit,2,"equivalent circuit: Simplified circuit representation that reproduces the relevant electrical behaviour of a device or system over a specified operating range. In Induction Machines, the focus is on concept-level scope: the defining mechanism, properties, constraints, and application criteria; curricular context is recorded in Concept_Category and Typical_Modules.",SSD_COURSE_045_M4_S2,Semantically_Audited,Active,4.0,Subtopic
SUB_COURSE_045_M4_S3,torque-slip,3,"torque-slip refers to the relationship between electromagnetic torque and slip in an induction motor. In Induction Machines, the focus is on the analysis, design, implementation, interpretation, or evaluation of torque-slip within Electrical Machines, particularly where the Induction Machines module establishes its technical context.",SSD_COURSE_045_M4_S3,Semantically_Audited,Active,4.0,Subtopic
SUB_COURSE_045_M4_S4,starting,4,"starting refers to the process and methods used to bring an electrical machine from standstill to operating speed safely. In Induction Machines, the focus is on the analysis, design, implementation, interpretation, or evaluation of starting within Electrical Machines, particularly where the Induction Machines module establishes its technical context.",SSD_COURSE_045_M4_S4,Semantically_Audited,Active,4.0,Subtopic
SUB_COURSE_045_M4_S5,speed control,5,"speed control: Regulation of rotational speed by manipulating an appropriate input such as voltage, current, frequency, torque, or mechanical loading. In Induction Machines, the focus is on concept-level scope: the defining mechanism, properties, constraints, and application criteria; curricular context is recorded in Concept_Category and Typical_Modules.",SSD_COURSE_045_M4_S5,Semantically_Audited,Active,4.0,Subtopic
SUB_COURSE_045_M5_S1,Electromotive Force (EMF),1,"Electromotive Force (EMF) refers to the voltage generated in a machine winding by electromagnetic induction as magnetic flux changes relative to the winding. In Synchronous Machines, the focus is on the analysis, design, implementation, interpretation, or evaluation of EMF within Electrical Machines, particularly where the Synchronous Machines module establishes its technical context.",SSD_COURSE_045_M5_S1,Semantically_Audited,Active,4.0,Subtopic
SUB_COURSE_045_M5_S2,phasors,2,"phasors: Complex-number representations of sinusoidal voltages and currents used for steady-state AC analysis. In Synchronous Machines, the focus is on the analysis, design, implementation, interpretation, or evaluation of phasors within Electrical Machines, particularly where the Synchronous Machines module establishes its technical context.",SSD_COURSE_045_M5_S2,Semantically_Audited,Active,4.0,Subtopic
SUB_COURSE_045_M5_S3,synchronous impedance,3,"synchronous impedance: Equivalent impedance used to represent voltage drops associated with resistance and synchronous reactance in a synchronous machine. In Synchronous Machines, the focus is on the analysis, design, implementation, interpretation, or evaluation of synchronous impedance within Electrical Machines, particularly where the Synchronous Machines module establishes its technical context.",SSD_COURSE_045_M5_S3,Semantically_Audited,Active,4.0,Subtopic
SUB_COURSE_045_M5_S4,power-angle relation,4,"power-angle relation refers to the relationship between electrical power transfer and the torque or power angle of a synchronous machine, subject to its operating model and network conditions. In Synchronous Machines, the focus is on the analysis, design, implementation, interpretation, or evaluation of power-angle relation within Electrical Machines, particularly where the Synchronous Machines module establishes its technical context.",SSD_COURSE_045_M5_S4,Semantically_Audited,Active,4.0,Subtopic
SUB_COURSE_045_M5_S5,excitation,5,"excitation refers to the magnetic-field-producing current or system used to establish machine flux. In Synchronous Machines, the focus is on the analysis, design, implementation, interpretation, or evaluation of excitation within Electrical Machines, particularly where the Synchronous Machines module establishes its technical context.",SSD_COURSE_045_M5_S5,Semantically_Audited,Active,4.0,Subtopic
SUB_COURSE_045_M6_S1,loss segregation,1,"loss segregation: Separating total machine losses into components such as copper, core, mechanical, and stray losses. In Machine Performance and Testing, the focus is on the analysis, design, implementation, interpretation, or evaluation of loss segregation within Electrical Machines, particularly where the Machine Performance and Testing module establishes its technical context.",SSD_COURSE_045_M6_S1,Semantically_Audited,Active,4.0,Subtopic
SUB_COURSE_045_M6_S2,efficiency,2,"efficiency: Ratio or other defined measure of useful output to input for a process, device, or system under specified operating conditions. In Machine Performance and Testing, the focus is on concept-level scope: the defining mechanism, properties, constraints, and application criteria; curricular context is recorded in Concept_Category and Typical_Modules.",SSD_COURSE_045_M6_S2,Semantically_Audited,Active,4.0,Subtopic
SUB_COURSE_045_M6_S3,temperature rise,3,"temperature rise: Increase in machine temperature above ambient caused by internal losses under specified operating conditions. In Machine Performance and Testing, the focus is on the analysis, design, implementation, interpretation, or evaluation of temperature rise within Electrical Machines, particularly where the Machine Performance and Testing module establishes its technical context.",SSD_COURSE_045_M6_S3,Semantically_Audited,Active,4.0,Subtopic
SUB_COURSE_045_M6_S4,load tests,4,"load tests: Tests performed while a machine supplies or receives load to determine performance under operating conditions. In Machine Performance and Testing, the focus is on the analysis, design, implementation, interpretation, or evaluation of load tests within Electrical Machines, particularly where the Machine Performance and Testing module establishes its technical context.",SSD_COURSE_045_M6_S4,Semantically_Audited,Active,4.0,Subtopic
SUB_COURSE_045_M6_S5,condition assessment,5,"condition assessment refers to a systematic method for examining condition assessment using relevant evidence, variables, assumptions, and criteria to support analysis or decision-making. In Machine Performance and Testing, the focus is on the analysis, design, implementation, interpretation, or evaluation of condition assessment within Electrical Machines, particularly where the Machine Performance and Testing module establishes its technical context.",SSD_COURSE_045_M6_S5,Semantically_Audited,Active,4.0,Subtopic
SUB_COURSE_045_M7_S1,motor selection,1,"motor selection refers to the process of choosing among alternatives for motor selection using defined performance, service, design, and constraint criteria. In Machine Applications and Drives, the focus is on the analysis, design, implementation, interpretation, or evaluation of motor selection within Electrical Machines, particularly where the Machine Applications and Drives module establishes its technical context.",SSD_COURSE_045_M7_S1,Semantically_Audited,Active,4.0,Subtopic
SUB_COURSE_045_M7_S2,braking,2,"braking: Methods of producing opposing torque to slow or stop an electric motor. In Machine Applications and Drives, the focus is on the analysis, design, implementation, interpretation, or evaluation of braking within Electrical Machines, particularly where the Machine Applications and Drives module establishes its technical context.",SSD_COURSE_045_M7_S2,Semantically_Audited,Active,4.0,Subtopic
SUB_COURSE_045_M7_S3,variable-speed drives,3,"variable-speed drives: Power-electronic or electromechanical systems that control motor speed and torque. In Machine Applications and Drives, the focus is on the analysis, design, implementation, interpretation, or evaluation of variable-speed drives within Electrical Machines, particularly where the Machine Applications and Drives module establishes its technical context.",SSD_COURSE_045_M7_S3,Semantically_Audited,Active,4.0,Subtopic
SUB_COURSE_045_M7_S4,duty cycles,4,"duty cycles: Specified patterns of operating time, load, speed, and rest periods used to rate machine operation. In Machine Applications and Drives, the focus is on the analysis, design, implementation, interpretation, or evaluation of duty cycles within Electrical Machines, particularly where the Machine Applications and Drives module establishes its technical context.",SSD_COURSE_045_M7_S4,Semantically_Audited,Active,4.0,Subtopic
SUB_COURSE_045_M7_S5,protection,5,"protection: Protective functions and devices that detect abnormal electrical conditions and isolate affected equipment or circuits to limit damage and maintain system security. In Machine Applications and Drives, the focus is on the analysis, design, implementation, interpretation, or evaluation of protection within Electrical Machines, particularly where the Machine Applications and Drives module establishes its technical context.",SSD_COURSE_045_M7_S5,Semantically_Audited,Active,4.0,Subtopic
SUB_COURSE_046_M1_S1,generators,1,"generators: Machines that convert mechanical energy into electrical energy through electromagnetic induction and supply electrical loads or power-system networks. In Power-System Components and Models, the focus is on concept-level scope: the defining mechanism, properties, constraints, and application criteria; curricular context is recorded in Concept_Category and Typical_Modules.",SSD_COURSE_046_M1_S1,Semantically_Audited,Active,4.0,Subtopic
SUB_COURSE_046_M1_S2,transformers,2,"transformers: Static electrical devices that transfer AC power between circuits at different voltage or current levels through electromagnetic induction. In Power-System Components and Models, the focus is on the analysis, design, implementation, interpretation, or evaluation of transformers within Power Systems, particularly where the Power-System Components and Models module establishes its technical context.",SSD_COURSE_046_M1_S2,Semantically_Audited,Active,4.0,Subtopic
SUB_COURSE_046_M1_S3,lines,3,"lines: Transmission or distribution conductors and associated parameters used to carry electrical power between network buses. In Power-System Components and Models, the focus is on the analysis, design, implementation, interpretation, or evaluation of lines within Power Systems, particularly where the Power-System Components and Models module establishes its technical context.",SSD_COURSE_046_M1_S3,Semantically_Audited,Active,4.0,Subtopic
SUB_COURSE_046_M1_S4,cables,4,"cables: Insulated electrical conductors designed to carry power with defined thermal, dielectric, and mechanical limits. In Power-System Components and Models, the focus is on the analysis, design, implementation, interpretation, or evaluation of cables within Power Systems, particularly where the Power-System Components and Models module establishes its technical context.",SSD_COURSE_046_M1_S4,Semantically_Audited,Active,4.0,Subtopic
SUB_COURSE_046_M1_S5,loads,5,"loads: Electrical devices or aggregated demand that consume real and reactive power from a power system. In Power-System Components and Models, the focus is on the analysis, design, implementation, interpretation, or evaluation of loads within Power Systems, particularly where the Power-System Components and Models module establishes its technical context.",SSD_COURSE_046_M1_S5,Semantically_Audited,Active,4.0,Subtopic
SUB_COURSE_046_M1_S6,per-unit system,6,"per-unit system refers to a normalised representation of electrical quantities using selected base values to simplify power-system calculations. In Power-System Components and Models, the focus is on the analysis, design, implementation, interpretation, or evaluation of per-unit system within Power Systems, particularly where the Power-System Components and Models module establishes its technical context.",SSD_COURSE_046_M1_S6,Semantically_Audited,Active,4.0,Subtopic
SUB_COURSE_046_M2_S1,line parameters,1,"line parameters: Electrical parameters such as resistance, inductance, capacitance, and conductance used to model transmission lines. In Transmission and Distribution, the focus is on the analysis, design, implementation, interpretation, or evaluation of line parameters within Power Systems, particularly where the Transmission and Distribution module establishes its technical context.",SSD_COURSE_046_M2_S1,Semantically_Audited,Active,4.0,Subtopic
SUB_COURSE_046_M2_S2,voltage regulation,2,"voltage regulation: Rules and compliance mechanisms used to govern voltage regulation within the applicable disciplinary or legal framework. In Transmission and Distribution, the focus is on the analysis, design, implementation, interpretation, or evaluation of voltage regulation within Power Systems, particularly where the Transmission and Distribution module establishes its technical context.",SSD_COURSE_046_M2_S2,Semantically_Audited,Active,4.0,Subtopic
SUB_COURSE_046_M2_S3,distribution feeders,3,"distribution feeders: Circuits that deliver electrical power from substations to downstream consumers. In Transmission and Distribution, the focus is on the analysis, design, implementation, interpretation, or evaluation of distribution feeders within Power Systems, particularly where the Transmission and Distribution module establishes its technical context.",SSD_COURSE_046_M2_S3,Semantically_Audited,Active,4.0,Subtopic
SUB_COURSE_046_M2_S4,network topology,4,"network topology refers to the connectivity and arrangement of buses, lines, transformers, switches, and other power-system elements. In Transmission and Distribution, the focus is on the analysis, design, implementation, interpretation, or evaluation of network topology within Power Systems, particularly where the Transmission and Distribution module establishes its technical context.",SSD_COURSE_046_M2_S4,Semantically_Audited,Active,4.0,Subtopic
SUB_COURSE_046_M3_S1,bus types,1,"bus types: Power-flow bus classifications such as slack, PV, and PQ buses defined by specified and unknown electrical quantities. In Power-Flow Analysis, the focus is on the analysis, design, implementation, interpretation, or evaluation of bus types within Power Systems, particularly where the Power-Flow Analysis module establishes its technical context.",SSD_COURSE_046_M3_S1,Semantically_Audited,Active,4.0,Subtopic
SUB_COURSE_046_M3_S2,admittance matrix,2,"admittance matrix: Matrix representation of network current-voltage relationships used in power-flow and other system analyses. In Power-Flow Analysis, the focus is on the analysis, design, implementation, interpretation, or evaluation of admittance matrix within Power Systems, particularly where the Power-Flow Analysis module establishes its technical context.",SSD_COURSE_046_M3_S2,Semantically_Audited,Active,4.0,Subtopic
SUB_COURSE_046_M3_S3,Gauss-Seidel,3,"Gauss-Seidel refers to an iterative numerical method used to solve power-flow equations. In Power-Flow Analysis, the focus is on the analysis, design, implementation, interpretation, or evaluation of Gauss-Seidel within Power Systems, particularly where the Power-Flow Analysis module establishes its technical context.",SSD_COURSE_046_M3_S3,Semantically_Audited,Active,4.0,Subtopic
SUB_COURSE_046_M3_S4,Newton-Raphson,4,"Newton-Raphson refers to a nonlinear iterative method widely used to solve power-flow equations with rapid local convergence. In Power-Flow Analysis, the focus is on the analysis, design, implementation, interpretation, or evaluation of Newton-Raphson within Power Systems, particularly where the Power-Flow Analysis module establishes its technical context.",SSD_COURSE_046_M3_S4,Semantically_Audited,Active,4.0,Subtopic
SUB_COURSE_046_M3_S5,fast decoupled methods,5,"fast decoupled methods: Power-flow solution methods that exploit approximate decoupling between active-power/angle and reactive-power/voltage relationships. In Power-Flow Analysis, the focus is on the analysis, design, implementation, interpretation, or evaluation of fast decoupled methods within Power Systems, particularly where the Power-Flow Analysis module establishes its technical context.",SSD_COURSE_046_M3_S5,Semantically_Audited,Active,4.0,Subtopic
SUB_COURSE_046_M4_S1,symmetrical components,1,"symmetrical components: Transformation of unbalanced three-phase quantities into positive-, negative-, and zero-sequence components. In Fault Analysis, the focus is on the analysis, design, implementation, interpretation, or evaluation of symmetrical components within Power Systems, particularly where the Fault Analysis module establishes its technical context.",SSD_COURSE_046_M4_S1,Semantically_Audited,Active,4.0,Subtopic
SUB_COURSE_046_M4_S2,balanced faults,2,"balanced faults: Three-phase power-system faults in which the phase quantities remain symmetrical and can be analysed using a balanced positive-sequence model. In Fault Analysis, the focus is on the analysis, design, implementation, interpretation, or evaluation of balanced faults within Power Systems, particularly where the Fault Analysis module establishes its technical context.",SSD_COURSE_046_M4_S2,Semantically_Audited,Active,4.0,Subtopic
SUB_COURSE_046_M4_S3,unbalanced faults,3,"unbalanced faults: Faults that disturb phase symmetry, such as single-line-to-ground, line-to-line, or double-line-to-ground faults. In Fault Analysis, the focus is on the analysis, design, implementation, interpretation, or evaluation of unbalanced faults within Power Systems, particularly where the Fault Analysis module establishes its technical context.",SSD_COURSE_046_M4_S3,Semantically_Audited,Active,4.0,Subtopic
SUB_COURSE_046_M4_S4,short-circuit levels,4,"short-circuit levels: Calculated fault currents or fault power used to assess equipment duty and protection requirements. In Fault Analysis, the focus is on the analysis, design, implementation, interpretation, or evaluation of short-circuit levels within Power Systems, particularly where the Fault Analysis module establishes its technical context.",SSD_COURSE_046_M4_S4,Semantically_Audited,Active,4.0,Subtopic
SUB_COURSE_046_M5_S1,relays,1,"relays: Protective devices that detect abnormal electrical conditions and initiate circuit-breaker operation. In Protection Systems, the focus is on the analysis, design, implementation, interpretation, or evaluation of relays within Power Systems, particularly where the Protection Systems module establishes its technical context.",SSD_COURSE_046_M5_S1,Semantically_Audited,Active,4.0,Subtopic
SUB_COURSE_046_M5_S2,overcurrent protection,2,"overcurrent protection: Protection that detects current above a specified pickup or characteristic and trips equipment according to defined time-current behaviour. In Protection Systems, the focus is on the analysis, design, implementation, interpretation, or evaluation of overcurrent protection within Power Systems, particularly where the Protection Systems module establishes its technical context.",SSD_COURSE_046_M5_S2,Semantically_Audited,Active,4.0,Subtopic
SUB_COURSE_046_M5_S3,distance protection,3,"distance protection: Relay protection that estimates the apparent impedance to a fault and operates when the measured impedance falls within defined protection zones. In Protection Systems, the focus is on the analysis, design, implementation, interpretation, or evaluation of distance protection within Power Systems, particularly where the Protection Systems module establishes its technical context.",SSD_COURSE_046_M5_S3,Semantically_Audited,Active,4.0,Subtopic
SUB_COURSE_046_M5_S4,differential protection,4,"differential protection: Protection that compares currents entering and leaving a protected zone and operates when their difference exceeds the defined restraint or operating condition. In Protection Systems, the focus is on the analysis, design, implementation, interpretation, or evaluation of differential protection within Power Systems, particularly where the Protection Systems module establishes its technical context.",SSD_COURSE_046_M5_S4,Semantically_Audited,Active,4.0,Subtopic
SUB_COURSE_046_M5_S5,coordination,5,"coordination: Selection and setting of protective devices so faults are cleared selectively while maintaining required system continuity. In Protection Systems, the focus is on the analysis, design, implementation, interpretation, or evaluation of coordination within Power Systems, particularly where the Protection Systems module establishes its technical context.",SSD_COURSE_046_M5_S5,Semantically_Audited,Active,4.0,Subtopic
SUB_COURSE_046_M6_S1,transient stability,1,"transient stability: Ability of a power system to maintain synchronism after a large disturbance. In Power-System Stability, the focus is on the analysis, design, implementation, interpretation, or evaluation of transient stability within Power Systems, particularly where the Power-System Stability module establishes its technical context.",SSD_COURSE_046_M6_S1,Semantically_Audited,Active,4.0,Subtopic
SUB_COURSE_046_M6_S2,small-signal stability,2,"small-signal stability refers to the ability of a power system to maintain synchronism following small disturbances, assessed from the behaviour of its linearized dynamic model. In Power-System Stability, the focus is on the analysis, design, implementation, interpretation, or evaluation of small-signal stability within Power Systems, particularly where the Power-System Stability module establishes its technical context.",SSD_COURSE_046_M6_S2,Semantically_Audited,Active,4.0,Subtopic
SUB_COURSE_046_M6_S3,rotor angle,3,"rotor angle refers to the electrical angle describing the position of a synchronous-machine rotor relative to the rotating system field. In Power-System Stability, the focus is on the analysis, design, implementation, interpretation, or evaluation of rotor angle within Power Systems, particularly where the Power-System Stability module establishes its technical context.",SSD_COURSE_046_M6_S3,Semantically_Audited,Active,4.0,Subtopic
SUB_COURSE_046_M6_S4,voltage stability,4,"voltage stability: Ability of a power system to maintain acceptable bus voltages after changes or disturbances in operating conditions. In Power-System Stability, the focus is on the analysis, design, implementation, interpretation, or evaluation of voltage stability within Power Systems, particularly where the Power-System Stability module establishes its technical context.",SSD_COURSE_046_M6_S4,Semantically_Audited,Active,4.0,Subtopic
SUB_COURSE_046_M7_S1,economic dispatch,1,"economic dispatch: Allocation of generation output among available units to meet demand at minimum operating cost subject to constraints. In System Operation and Emerging Grids, the focus is on the analysis, design, implementation, interpretation, or evaluation of economic dispatch within Power Systems, particularly where the System Operation and Emerging Grids module establishes its technical context.",SSD_COURSE_046_M7_S1,Semantically_Audited,Active,4.0,Subtopic
SUB_COURSE_046_M7_S2,state estimation,2,"state estimation: Estimation of system voltage states from measurements and network models. In System Operation and Emerging Grids, the focus is on the analysis, design, implementation, interpretation, or evaluation of state estimation within Power Systems, particularly where the System Operation and Emerging Grids module establishes its technical context.",SSD_COURSE_046_M7_S2,Semantically_Audited,Active,4.0,Subtopic
SUB_COURSE_046_M7_S3,Supervisory Control and Data Acquisition / Energy Management System (SCADA/EMS),3,"SCADA/EMS: Supervisory Control and Data Acquisition and Energy Management System functions used to monitor and operate power networks. In System Operation and Emerging Grids, the focus is on the analysis, design, implementation, interpretation, or evaluation of SCADA/EMS within Power Systems, particularly where the System Operation and Emerging Grids module establishes its technical context.",SSD_COURSE_046_M7_S3,Semantically_Audited,Active,4.0,Subtopic
SUB_COURSE_046_M7_S4,distributed generation,4,"distributed generation: Electric generation connected near loads or within distribution networks rather than only at central generating stations. In System Operation and Emerging Grids, the focus is on the analysis, design, implementation, interpretation, or evaluation of distributed generation within Power Systems, particularly where the System Operation and Emerging Grids module establishes its technical context.",SSD_COURSE_046_M7_S4,Semantically_Audited,Active,4.0,Subtopic
SUB_COURSE_046_M7_S5,microgrids,5,"microgrids: Locally bounded electrical systems containing loads and distributed resources that can operate connected to or separated from a main grid. In System Operation and Emerging Grids, the focus is on the analysis, design, implementation, interpretation, or evaluation of microgrids within Power Systems, particularly where the System Operation and Emerging Grids module establishes its technical context.",SSD_COURSE_046_M7_S5,Semantically_Audited,Active,4.0,Subtopic
SUB_COURSE_047_M1_S1,diodes,1,"diodes: Semiconductor devices that primarily conduct current in one direction and block it in the opposite direction. In Power Semiconductor Devices, the focus is on the analysis, design, implementation, interpretation, or evaluation of diodes within Power Electronics, particularly where the Power Semiconductor Devices module establishes its technical context.",SSD_COURSE_047_M1_S1,Semantically_Audited,Active,4.0,Subtopic
SUB_COURSE_047_M1_S2,thyristors,2,"thyristors: Controlled semiconductor switches that latch into conduction after triggering and turn off when current conditions permit. In Power Semiconductor Devices, the focus is on the analysis, design, implementation, interpretation, or evaluation of thyristors within Power Electronics, particularly where the Power Semiconductor Devices module establishes its technical context.",SSD_COURSE_047_M1_S2,Semantically_Audited,Active,4.0,Subtopic
SUB_COURSE_047_M1_S3,MOSFETs,3,"MOSFETs: Voltage-controlled semiconductor switches with low gate-drive power and fast switching capability. In Power Semiconductor Devices, the focus is on the analysis, design, implementation, interpretation, or evaluation of MOSFETs within Power Electronics, particularly where the Power Semiconductor Devices module establishes its technical context.",SSD_COURSE_047_M1_S3,Semantically_Audited,Active,4.0,Subtopic
SUB_COURSE_047_M1_S4,IGBTs,4,"IGBTs: Insulated-gate bipolar transistors combining MOS-gate control with bipolar conduction for medium- and high-power switching. In Power Semiconductor Devices, the focus is on the analysis, design, implementation, interpretation, or evaluation of IGBTs within Power Electronics, particularly where the Power Semiconductor Devices module establishes its technical context.",SSD_COURSE_047_M1_S4,Semantically_Audited,Active,4.0,Subtopic
SUB_COURSE_047_M1_S5,SiC and GaN devices,5,"SiC and GaN devices: Wide-bandgap semiconductor devices offering high switching speed, temperature capability, and power density. In Power Semiconductor Devices, the focus is on the analysis, design, implementation, interpretation, or evaluation of SiC and GaN devices within Power Electronics, particularly where the Power Semiconductor Devices module establishes its technical context.",SSD_COURSE_047_M1_S5,Semantically_Audited,Active,4.0,Subtopic
SUB_COURSE_047_M2_S1,uncontrolled rectifiers,1,"uncontrolled rectifiers: Methods used to regulate uncontrolled rectifiers by measuring relevant conditions and applying defined control actions or constraints. In Controlled Rectifiers, the focus is on the analysis, design, implementation, interpretation, or evaluation of uncontrolled rectifiers within Power Electronics, particularly where the Controlled Rectifiers module establishes its technical context.",SSD_COURSE_047_M2_S1,Semantically_Audited,Active,4.0,Subtopic
SUB_COURSE_047_M2_S2,phase-controlled converters,2,"phase-controlled converters: Methods used to regulate phase-controlled converters by measuring relevant conditions and applying defined control actions or constraints. In Controlled Rectifiers, the focus is on the analysis, design, implementation, interpretation, or evaluation of phase-controlled converters within Power Electronics, particularly where the Controlled Rectifiers module establishes its technical context.",SSD_COURSE_047_M2_S2,Semantically_Audited,Active,4.0,Subtopic
SUB_COURSE_047_M2_S3,commutation,3,"commutation: Transfer of current between semiconductor devices or phases in a power-electronic converter. In Controlled Rectifiers, the focus is on the analysis, design, implementation, interpretation, or evaluation of commutation within Power Electronics, particularly where the Controlled Rectifiers module establishes its technical context.",SSD_COURSE_047_M2_S3,Semantically_Audited,Active,4.0,Subtopic
SUB_COURSE_047_M2_S4,harmonics,4,"harmonics: Sinusoidal components whose frequencies are integer multiples of a fundamental frequency, arising from nonlinear or switching behaviour and affecting waveform quality and equipment performance. In Controlled Rectifiers, the focus is on concept-level scope: the defining mechanism, properties, constraints, and application criteria; curricular context is recorded in Concept_Category and Typical_Modules.",SSD_COURSE_047_M2_S4,Semantically_Audited,Active,4.0,Subtopic
SUB_COURSE_047_M3_S1,buck,1,"buck refers to a DC-DC converter topology that produces a lower average output voltage than its input under ideal continuous operation. In DC-DC Converters, the focus is on the analysis, design, implementation, interpretation, or evaluation of buck within Power Electronics, particularly where the DC-DC Converters module establishes its technical context.",SSD_COURSE_047_M3_S1,Semantically_Audited,Active,4.0,Subtopic
SUB_COURSE_047_M3_S2,boost,2,"boost refers to a DC-DC converter topology that produces a higher average output voltage than its input under ideal operation. In DC-DC Converters, the focus is on the analysis, design, implementation, interpretation, or evaluation of boost within Power Electronics, particularly where the DC-DC Converters module establishes its technical context.",SSD_COURSE_047_M3_S2,Semantically_Audited,Active,4.0,Subtopic
SUB_COURSE_047_M3_S3,buck-boost,3,"buck-boost refers to a family of DC-DC converter topologies capable of producing an output voltage magnitude below or above the input. In DC-DC Converters, the focus is on the analysis, design, implementation, interpretation, or evaluation of buck-boost within Power Electronics, particularly where the DC-DC Converters module establishes its technical context.",SSD_COURSE_047_M3_S3,Semantically_Audited,Active,4.0,Subtopic
SUB_COURSE_047_M3_S4,isolated converters,4,"isolated converters: Power converters using magnetic isolation, typically through a transformer, between input and output. In DC-DC Converters, the focus is on the analysis, design, implementation, interpretation, or evaluation of isolated converters within Power Electronics, particularly where the DC-DC Converters module establishes its technical context.",SSD_COURSE_047_M3_S4,Semantically_Audited,Active,4.0,Subtopic
SUB_COURSE_047_M3_S5,continuous/discontinuous conduction,5,"continuous/discontinuous conduction: Operating modes distinguished by whether converter inductor current remains above zero throughout a switching period. In DC-DC Converters, the focus is on the analysis, design, implementation, interpretation, or evaluation of continuous/discontinuous conduction within Power Electronics, particularly where the DC-DC Converters module establishes its technical context.",SSD_COURSE_047_M3_S5,Semantically_Audited,Active,4.0,Subtopic
SUB_COURSE_047_M4_S1,voltage-source inverters,1,"voltage-source inverters: Inverters supplied from a stiff DC voltage source and controlled to produce AC output. In Inverters, the focus is on the analysis, design, implementation, interpretation, or evaluation of voltage-source inverters within Power Electronics, particularly where the Inverters module establishes its technical context.",SSD_COURSE_047_M4_S1,Semantically_Audited,Active,4.0,Subtopic
SUB_COURSE_047_M4_S2,current-source inverters,2,"current-source inverters: Inverters supplied from a controlled DC current source and used to produce AC output. In Inverters, the focus is on the analysis, design, implementation, interpretation, or evaluation of current-source inverters within Power Electronics, particularly where the Inverters module establishes its technical context.",SSD_COURSE_047_M4_S2,Semantically_Audited,Active,4.0,Subtopic
SUB_COURSE_047_M4_S3,single-phase,3,"single-phase: Power converters designed for single-phase AC systems. In Inverters, the focus is on the analysis, design, implementation, interpretation, or evaluation of single-phase within Power Electronics, particularly where the Inverters module establishes its technical context.",SSD_COURSE_047_M4_S3,Semantically_Audited,Active,4.0,Subtopic
SUB_COURSE_047_M4_S4,three-phase,4,"three-phase: Power converters designed for three-phase AC systems and their associated switching patterns. In Inverters, the focus is on the analysis, design, implementation, interpretation, or evaluation of three-phase within Power Electronics, particularly where the Inverters module establishes its technical context.",SSD_COURSE_047_M4_S4,Semantically_Audited,Active,4.0,Subtopic
SUB_COURSE_047_M5_S1,carrier-based PWM,1,"carrier-based PWM: Pulse-width modulation produced by comparing a reference waveform with a high-frequency carrier. In PWM and Switching Control, the focus is on the analysis, design, implementation, interpretation, or evaluation of carrier-based PWM within Power Electronics, particularly where the PWM and Switching Control module establishes its technical context.",SSD_COURSE_047_M5_S1,Semantically_Audited,Active,4.0,Subtopic
SUB_COURSE_047_M5_S2,space-vector PWM,2,"space-vector PWM refers to a three-phase PWM method that represents inverter switching states as vectors in a two-dimensional plane. In PWM and Switching Control, the focus is on the analysis, design, implementation, interpretation, or evaluation of space-vector PWM within Power Electronics, particularly where the PWM and Switching Control module establishes its technical context.",SSD_COURSE_047_M5_S2,Semantically_Audited,Active,4.0,Subtopic
SUB_COURSE_047_M5_S3,switching losses,3,"switching losses: Power dissipated during semiconductor turn-on and turn-off transitions. In PWM and Switching Control, the focus is on the analysis, design, implementation, interpretation, or evaluation of switching losses within Power Electronics, particularly where the PWM and Switching Control module establishes its technical context.",SSD_COURSE_047_M5_S3,Semantically_Audited,Active,4.0,Subtopic
SUB_COURSE_047_M5_S4,gate drives,4,"gate drives: Circuits that provide the required control signals and electrical conditions for switching power devices. In PWM and Switching Control, the focus is on the analysis, design, implementation, interpretation, or evaluation of gate drives within Power Electronics, particularly where the PWM and Switching Control module establishes its technical context.",SSD_COURSE_047_M5_S4,Semantically_Audited,Active,4.0,Subtopic
SUB_COURSE_047_M6_S1,harmonics,1,"harmonics: Sinusoidal components whose frequencies are integer multiples of a fundamental frequency, arising from nonlinear or switching behaviour and affecting waveform quality and equipment performance. In Power Quality and Thermal Management, the focus is on concept-level scope: the defining mechanism, properties, constraints, and application criteria; curricular context is recorded in Concept_Category and Typical_Modules.",SSD_COURSE_047_M6_S1,Semantically_Audited,Active,4.0,Subtopic
SUB_COURSE_047_M6_S2,power factor,2,"power factor refers to the ratio of real power to apparent power in an AC electrical system, indicating how effectively current contributes to useful power transfer. In Power Quality and Thermal Management, the focus is on the analysis, design, implementation, interpretation, or evaluation of power factor within Power Electronics, particularly where the Power Quality and Thermal Management module establishes its technical context.",SSD_COURSE_047_M6_S2,Semantically_Audited,Active,4.0,Subtopic
SUB_COURSE_047_M6_S3,Electromagnetic Interference (EMI),3,"EMI: Electromagnetic interference produced by switching and power-electronic circuits that can disturb other equipment. In Power Quality and Thermal Management, the focus is on the analysis, design, implementation, interpretation, or evaluation of EMI within Power Electronics, particularly where the Power Quality and Thermal Management module establishes its technical context.",SSD_COURSE_047_M6_S3,Semantically_Audited,Active,4.0,Subtopic
SUB_COURSE_047_M6_S4,thermal design,4,"thermal design refers to the structured process of defining requirements, constraints, alternatives, and implementation decisions for thermal design. In Power Quality and Thermal Management, the focus is on the analysis, design, implementation, interpretation, or evaluation of thermal design within Power Electronics, particularly where the Power Quality and Thermal Management module establishes its technical context.",SSD_COURSE_047_M6_S4,Semantically_Audited,Active,4.0,Subtopic
SUB_COURSE_047_M6_S5,heat sinks,5,"heat sinks: Thermal components that conduct and dissipate heat from power semiconductor devices or other heat-generating components to a surrounding medium. In Power Quality and Thermal Management, the focus is on the analysis, design, implementation, interpretation, or evaluation of heat sinks within Power Electronics, particularly where the Power Quality and Thermal Management module establishes its technical context.",SSD_COURSE_047_M6_S5,Semantically_Audited,Active,4.0,Subtopic
SUB_COURSE_047_M7_S1,motor drives,1,"motor drives: Power-electronic systems that control electric-motor voltage, current, speed, or torque. In Applications of Power Electronics, the focus is on the analysis, design, implementation, interpretation, or evaluation of motor drives within Power Electronics, particularly where the Applications of Power Electronics module establishes its technical context.",SSD_COURSE_047_M7_S1,Semantically_Audited,Active,4.0,Subtopic
SUB_COURSE_047_M7_S2,renewable interfaces,2,"renewable interfaces: Power-electronic interfaces connecting renewable generators such as PV or wind systems to loads or electrical grids. In Applications of Power Electronics, the focus is on the analysis, design, implementation, interpretation, or evaluation of renewable interfaces within Power Electronics, particularly where the Applications of Power Electronics module establishes its technical context.",SSD_COURSE_047_M7_S2,Semantically_Audited,Active,4.0,Subtopic
SUB_COURSE_047_M7_S3,Uninterruptible Power Supply (UPS),3,"UPS: Uninterruptible power supply systems that provide conditioned electrical power and temporary ride-through or backup power to loads when the normal supply is disturbed or unavailable. In Applications of Power Electronics, the focus is on concept-level scope: the defining mechanism, properties, constraints, and application criteria; curricular context is recorded in Concept_Category and Typical_Modules.",SSD_COURSE_047_M7_S3,Semantically_Audited,Active,4.0,Subtopic
SUB_COURSE_047_M7_S4,High-Voltage Direct Current (HVDC),4,"HVDC: High-Voltage Direct Current transmission using power-electronic converters to transfer electrical power over long distances or between asynchronous systems. In Applications of Power Electronics, the focus is on the analysis, design, implementation, interpretation, or evaluation of HVDC within Power Electronics, particularly where the Applications of Power Electronics module establishes its technical context.",SSD_COURSE_047_M7_S4,Semantically_Audited,Active,4.0,Subtopic
SUB_COURSE_047_M7_S5,EV charging,5,"EV charging: Power-conversion systems that safely transfer electrical energy from a supply to an electric vehicle battery. In Applications of Power Electronics, the focus is on the analysis, design, implementation, interpretation, or evaluation of EV charging within Power Electronics, particularly where the Applications of Power Electronics module establishes its technical context.",SSD_COURSE_047_M7_S5,Semantically_Audited,Active,4.0,Subtopic
SUB_COURSE_048_M1_S1,accuracy,1,"accuracy: Closeness of a measurement result to a reference or accepted value. In Measurement Fundamentals and Errors, the focus is on the analysis, design, implementation, interpretation, or evaluation of accuracy within Electrical Measurements and Instrumentation, particularly where the Measurement Fundamentals and Errors module establishes its technical context.",SSD_COURSE_048_M1_S1,Semantically_Audited,Active,4.0,Subtopic
SUB_COURSE_048_M1_S2,precision,2,"precision: Closeness of agreement among repeated measurement results under specified conditions. In Measurement Fundamentals and Errors, the focus is on the analysis, design, implementation, interpretation, or evaluation of precision within Electrical Measurements and Instrumentation, particularly where the Measurement Fundamentals and Errors module establishes its technical context.",SSD_COURSE_048_M1_S2,Semantically_Audited,Active,4.0,Subtopic
SUB_COURSE_048_M1_S3,Measurement sensitivity,3,"Measurement sensitivity: Change in measurement-system output per unit change in the measurand or input quantity, considered together with resolution, noise, range, and uncertainty when evaluating an instrument. In Measurement Fundamentals and Errors, the focus is on curricular scope: Electrical Measurements and Instrumentation; The concept is represented at the level of the stated mechanism, properties, constraints, and application criteria.",SSD_COURSE_048_M1_S3,Semantically_Audited,Active,4.0,Subtopic
SUB_COURSE_048_M1_S4,resolution,4,"resolution: Smallest change in the measured quantity that an instrument can distinguish under stated conditions. In Measurement Fundamentals and Errors, the focus is on the analysis, design, implementation, interpretation, or evaluation of resolution within Electrical Measurements and Instrumentation, particularly where the Measurement Fundamentals and Errors module establishes its technical context.",SSD_COURSE_048_M1_S4,Semantically_Audited,Active,4.0,Subtopic
SUB_COURSE_048_M1_S5,systematic and random error,5,"systematic and random error: Measurement effects that cause consistent bias or unpredictable variation, respectively. In Measurement Fundamentals and Errors, the focus is on the analysis, design, implementation, interpretation, or evaluation of systematic and random error within Electrical Measurements and Instrumentation, particularly where the Measurement Fundamentals and Errors module establishes its technical context.",SSD_COURSE_048_M1_S5,Semantically_Audited,Active,4.0,Subtopic
SUB_COURSE_048_M2_S1,Permanent-Magnet Moving-Coil (PMMC),1,"PMMC: Permanent-Magnet Moving-Coil instruments that measure DC quantities using torque on a current-carrying coil in a permanent magnetic field. In Electrical Measuring Instruments, the focus is on the analysis, design, implementation, interpretation, or evaluation of PMMC within Electrical Measurements and Instrumentation, particularly where the Electrical Measuring Instruments module establishes its technical context.",SSD_COURSE_048_M2_S1,Semantically_Audited,Active,4.0,Subtopic
SUB_COURSE_048_M2_S2,moving-iron,2,"moving-iron: Instruments that use magnetic forces on iron elements to indicate electrical current or voltage. In Electrical Measuring Instruments, the focus is on the analysis, design, implementation, interpretation, or evaluation of moving-iron within Electrical Measurements and Instrumentation, particularly where the Electrical Measuring Instruments module establishes its technical context.",SSD_COURSE_048_M2_S2,Semantically_Audited,Active,4.0,Subtopic
SUB_COURSE_048_M2_S3,dynamometer,3,"dynamometer: Electrodynamic instruments using interaction between fixed and moving coils to measure electrical quantities. In Electrical Measuring Instruments, the focus is on the analysis, design, implementation, interpretation, or evaluation of dynamometer within Electrical Measurements and Instrumentation, particularly where the Electrical Measuring Instruments module establishes its technical context.",SSD_COURSE_048_M2_S3,Semantically_Audited,Active,4.0,Subtopic
SUB_COURSE_048_M2_S4,digital instruments,4,"digital instruments: Measurement instruments that convert sensed quantities into digital signals and present or process the resulting numerical measurements. In Electrical Measuring Instruments, the focus is on the analysis, design, implementation, interpretation, or evaluation of digital instruments within Electrical Measurements and Instrumentation, particularly where the Electrical Measuring Instruments module establishes its technical context.",SSD_COURSE_048_M2_S4,Semantically_Audited,Active,4.0,Subtopic
SUB_COURSE_048_M2_S5,instrument transformers,5,"instrument transformers: Transformers used to scale high currents or voltages to standardized levels suitable for measurement, protection, and instrumentation. In Electrical Measuring Instruments, the focus is on the analysis, design, implementation, interpretation, or evaluation of instrument transformers within Electrical Measurements and Instrumentation, particularly where the Electrical Measuring Instruments module establishes its technical context.",SSD_COURSE_048_M2_S5,Semantically_Audited,Active,4.0,Subtopic
SUB_COURSE_048_M3_S1,resistive,1,"resistive: Transducers whose output changes with a measurand through a change in electrical resistance. In Sensors and Transducers, the focus is on the analysis, design, implementation, interpretation, or evaluation of resistive within Electrical Measurements and Instrumentation, particularly where the Sensors and Transducers module establishes its technical context.",SSD_COURSE_048_M3_S1,Semantically_Audited,Active,4.0,Subtopic
SUB_COURSE_048_M3_S2,inductive,2,"inductive: Transducers that sense a measurand through a change in inductance or magnetic coupling. In Sensors and Transducers, the focus is on the analysis, design, implementation, interpretation, or evaluation of inductive within Electrical Measurements and Instrumentation, particularly where the Sensors and Transducers module establishes its technical context.",SSD_COURSE_048_M3_S2,Semantically_Audited,Active,4.0,Subtopic
SUB_COURSE_048_M3_S3,capacitive,3,"capacitive: Transducers that sense a measurand through a change in capacitance. In Sensors and Transducers, the focus is on the analysis, design, implementation, interpretation, or evaluation of capacitive within Electrical Measurements and Instrumentation, particularly where the Sensors and Transducers module establishes its technical context.",SSD_COURSE_048_M3_S3,Semantically_Audited,Active,4.0,Subtopic
SUB_COURSE_048_M3_S4,thermoelectric,4,"thermoelectric: Transducers that generate an electrical output related to temperature through thermoelectric effects. In Sensors and Transducers, the focus is on the analysis, design, implementation, interpretation, or evaluation of thermoelectric within Electrical Measurements and Instrumentation, particularly where the Sensors and Transducers module establishes its technical context.",SSD_COURSE_048_M3_S4,Semantically_Audited,Active,4.0,Subtopic
SUB_COURSE_048_M3_S5,magnetic,5,"magnetic: Transducers that measure quantities using changes in magnetic field, flux, or magnetic properties. In Sensors and Transducers, the focus is on the analysis, design, implementation, interpretation, or evaluation of magnetic within Electrical Measurements and Instrumentation, particularly where the Sensors and Transducers module establishes its technical context.",SSD_COURSE_048_M3_S5,Semantically_Audited,Active,4.0,Subtopic
SUB_COURSE_048_M3_S6,optical transducers,6,"optical transducers: Devices that convert a physical quantity into a measurable optical change or convert optical signals into electrical signals. In Sensors and Transducers, the focus is on the analysis, design, implementation, interpretation, or evaluation of optical transducers within Electrical Measurements and Instrumentation, particularly where the Sensors and Transducers module establishes its technical context.",SSD_COURSE_048_M3_S6,Semantically_Audited,Active,4.0,Subtopic
SUB_COURSE_048_M4_S1,amplification,1,"amplification: Increase in the magnitude of a signal or physical quantity using an active or passive mechanism, subject to gain, bandwidth, distortion, noise, and stability constraints. In Signal Conditioning and Data Acquisition, the focus is on concept-level scope: the defining mechanism, properties, constraints, and application criteria; curricular context is recorded in Concept_Category and Typical_Modules.",SSD_COURSE_048_M4_S1,Semantically_Audited,Active,4.0,Subtopic
SUB_COURSE_048_M4_S2,filtering,2,"filtering: Selective attenuation or passage of signal components according to frequency, time, spatial characteristics, or other defined criteria. In Signal Conditioning and Data Acquisition, the focus is on concept-level scope: the defining mechanism, properties, constraints, and application criteria; curricular context is recorded in Concept_Category and Typical_Modules.",SSD_COURSE_048_M4_S2,Semantically_Audited,Active,4.0,Subtopic
SUB_COURSE_048_M4_S3,Measurement isolation,3,"Measurement isolation: Electrical or functional isolation used to prevent unwanted conductive interaction between signal paths, measurement circuits, or system elements while preserving the required transfer of information or energy. In Signal Conditioning and Data Acquisition, the focus is on curricular scope: Mechatronics; Electrical Measurements and Instrumentation; The concept is represented at the level of the stated mechanism, properties, constraints, and application criteria.",SSD_COURSE_048_M4_S3,Semantically_Audited,Active,4.0,Subtopic
SUB_COURSE_048_M4_S4,Analog-to-Digital / Digital-to-Analog Conversion (ADC/DAC),4,"ADC/DAC: Analog-to-digital and digital-to-analog conversion processes used to interface continuous-valued signals with digital systems. In Signal Conditioning and Data Acquisition, the focus is on concept-level scope: the defining mechanism, properties, constraints, and application criteria; curricular context is recorded in Concept_Category and Typical_Modules.",SSD_COURSE_048_M4_S4,Semantically_Audited,Active,4.0,Subtopic
SUB_COURSE_048_M4_S5,Signal sampling,5,"Signal sampling: Conversion of a continuous-time signal into discrete samples at specified sampling instants; sampling rate and reconstruction requirements determine aliasing and information loss. In Signal Conditioning and Data Acquisition, the focus is on curricular scope: Mechatronics; Electrical Measurements and Instrumentation; The concept is represented at the level of the stated mechanism, properties, constraints, and application criteria.",SSD_COURSE_048_M4_S5,Semantically_Audited,Active,4.0,Subtopic
SUB_COURSE_048_M4_S6,multiplexing,6,"multiplexing: Sharing one measurement or communication path among multiple signals using controlled switching or addressing. In Signal Conditioning and Data Acquisition, the focus is on the analysis, design, implementation, interpretation, or evaluation of multiplexing within Electrical Measurements and Instrumentation, particularly where the Signal Conditioning and Data Acquisition module establishes its technical context.",SSD_COURSE_048_M4_S6,Semantically_Audited,Active,4.0,Subtopic
SUB_COURSE_048_M5_S1,traceability,1,"traceability: Property of a measurement result that can be related to a reference through a documented unbroken chain of calibrations, each contributing to uncertainty. In Measurement Systems and Calibration, the focus is on the analysis, design, implementation, interpretation, or evaluation of traceability within Electrical Measurements and Instrumentation, particularly where the Measurement Systems and Calibration module establishes its technical context.",SSD_COURSE_048_M5_S1,Semantically_Audited,Active,4.0,Subtopic
SUB_COURSE_048_M5_S2,calibration procedures,2,"calibration procedures: Documented procedures for establishing the relationship between measurement indications and reference values under specified conditions, including the associated measurement uncertainty. In Measurement Systems and Calibration, the focus is on the analysis, design, implementation, interpretation, or evaluation of calibration procedures within Electrical Measurements and Instrumentation, particularly where the Measurement Systems and Calibration module establishes its technical context.",SSD_COURSE_048_M5_S2,Semantically_Audited,Active,4.0,Subtopic
SUB_COURSE_048_M5_S3,reference standards,3,"reference standards: Measurement standards used as references for calibration, verification, comparison, or dissemination of measurement values. In Measurement Systems and Calibration, the focus is on the analysis, design, implementation, interpretation, or evaluation of reference standards within Electrical Measurements and Instrumentation, particularly where the Measurement Systems and Calibration module establishes its technical context.",SSD_COURSE_048_M5_S3,Semantically_Audited,Active,4.0,Subtopic
SUB_COURSE_048_M5_S4,adjustment versus calibration,4,"adjustment versus calibration refers to the distinction between calibration, which establishes the measurement relationship, and adjustment, which changes an instrument so its indication meets specified requirements. In Measurement Systems and Calibration, the focus is on the analysis, design, implementation, interpretation, or evaluation of adjustment versus calibration within Electrical Measurements and Instrumentation, particularly where the Measurement Systems and Calibration module establishes its technical context.",SSD_COURSE_048_M5_S4,Semantically_Audited,Active,4.0,Subtopic
SUB_COURSE_048_M6_S1,uncertainty components,1,"uncertainty components: Individual contributions to measurement uncertainty, such as repeatability, resolution, calibration, environmental effects, and other relevant sources. In Uncertainty and Statistical Evaluation, the focus is on the analysis, design, implementation, interpretation, or evaluation of uncertainty components within Electrical Measurements and Instrumentation, particularly where the Uncertainty and Statistical Evaluation module establishes its technical context.",SSD_COURSE_048_M6_S1,Semantically_Audited,Active,4.0,Subtopic
SUB_COURSE_048_M6_S2,propagation,2,"propagation: Calculation of how input uncertainties contribute to uncertainty in a derived measurement result. In Uncertainty and Statistical Evaluation, the focus is on the analysis, design, implementation, interpretation, or evaluation of propagation within Electrical Measurements and Instrumentation, particularly where the Uncertainty and Statistical Evaluation module establishes its technical context.",SSD_COURSE_048_M6_S2,Semantically_Audited,Active,4.0,Subtopic
SUB_COURSE_048_M6_S3,repeatability,3,"repeatability: Closeness of agreement among results obtained under the same measurement procedure, operator, system, location, and short time interval. In Uncertainty and Statistical Evaluation, the focus is on the analysis, design, implementation, interpretation, or evaluation of repeatability within Electrical Measurements and Instrumentation, particularly where the Uncertainty and Statistical Evaluation module establishes its technical context.",SSD_COURSE_048_M6_S3,Semantically_Audited,Active,4.0,Subtopic
SUB_COURSE_048_M6_S4,Measurement reproducibility,4,"Measurement reproducibility: Closeness of agreement among measurement results obtained under specified reproducibility conditions, including changes in measurement operators, systems, locations, or time as defined by the measurement procedure. In Uncertainty and Statistical Evaluation, the focus is on curricular scope: Electrical Measurements and Instrumentation; The concept is represented at the level of the stated mechanism, properties, constraints, and application criteria.",SSD_COURSE_048_M6_S4,Semantically_Audited,Active,4.0,Subtopic
SUB_COURSE_048_M6_S5,confidence intervals,5,"confidence intervals: Statistical intervals constructed from sample data to estimate a population parameter with a stated confidence level under defined assumptions. In Uncertainty and Statistical Evaluation, the focus is on the analysis, design, implementation, interpretation, or evaluation of confidence intervals within Electrical Measurements and Instrumentation, particularly where the Uncertainty and Statistical Evaluation module establishes its technical context.",SSD_COURSE_048_M6_S5,Semantically_Audited,Active,4.0,Subtopic
SUB_COURSE_048_M7_S1,power measurements,1,"power measurements refers to the methods and principles used to obtain and interpret measurements of power measurements under specified conditions. In Instrumentation Applications, the focus is on the analysis, design, implementation, interpretation, or evaluation of power measurements within Electrical Measurements and Instrumentation, particularly where the Instrumentation Applications module establishes its technical context.",SSD_COURSE_048_M7_S1,Semantically_Audited,Active,4.0,Subtopic
SUB_COURSE_048_M7_S2,energy measurement,2,"energy measurement refers to the methods and principles used to obtain and interpret measurements of energy measurement under specified conditions. In Instrumentation Applications, the focus is on the analysis, design, implementation, interpretation, or evaluation of energy measurement within Electrical Measurements and Instrumentation, particularly where the Instrumentation Applications module establishes its technical context.",SSD_COURSE_048_M7_S2,Semantically_Audited,Active,4.0,Subtopic
SUB_COURSE_048_M7_S3,process instrumentation,3,"process instrumentation: Sensors, transmitters, analysers, signal-conditioning devices, and related measurement systems used to observe process variables such as temperature, pressure, flow, and level. In Instrumentation Applications, the focus is on the analysis, design, implementation, interpretation, or evaluation of process instrumentation within Electrical Measurements and Instrumentation, particularly where the Instrumentation Applications module establishes its technical context.",SSD_COURSE_048_M7_S3,Semantically_Audited,Active,4.0,Subtopic
SUB_COURSE_048_M7_S4,data logging,4,"data logging: Automatic recording and storage of measurement data with associated time, channels, and acquisition settings. In Instrumentation Applications, the focus is on the analysis, design, implementation, interpretation, or evaluation of data logging within Electrical Measurements and Instrumentation, particularly where the Instrumentation Applications module establishes its technical context.",SSD_COURSE_048_M7_S4,Semantically_Audited,Active,4.0,Subtopic
SUB_COURSE_048_M7_S5,remote measurement,5,"remote measurement refers to the methods and principles used to obtain and interpret measurements of remote measurement under specified conditions. In Instrumentation Applications, the focus is on the analysis, design, implementation, interpretation, or evaluation of remote measurement within Electrical Measurements and Instrumentation, particularly where the Instrumentation Applications module establishes its technical context.",SSD_COURSE_048_M7_S5,Semantically_Audited,Active,4.0,Subtopic
SUB_COURSE_049_M1_S1,continuous/discrete signals,1,"continuous/discrete signals: Representations of physical or mathematical quantities that vary with time, space, or another independent variable and carry information about continuous/discrete signals. In Signal Representation, the focus is on the analysis, design, implementation, interpretation, or evaluation of continuous/discrete signals within Signals and Systems, particularly where the Signal Representation module establishes its technical context.",SSD_COURSE_049_M1_S1,Semantically_Audited,Active,4.0,Subtopic
SUB_COURSE_049_M1_S2,energy and power,2,"energy and power refers to a signal measure based on the integral or average of squared magnitude, used to distinguish energy-type and power-type signals. In Signal Representation, the focus is on the analysis, design, implementation, interpretation, or evaluation of energy and power within Signals and Systems, particularly where the Signal Representation module establishes its technical context.",SSD_COURSE_049_M1_S2,Semantically_Audited,Active,4.0,Subtopic
SUB_COURSE_049_M1_S3,transformations,3,"transformations: Operations that change a signal's amplitude, time scale, shift, reversal, or other representation. In Signal Representation, the focus is on the analysis, design, implementation, interpretation, or evaluation of transformations within Signals and Systems, particularly where the Signal Representation module establishes its technical context.",SSD_COURSE_049_M1_S3,Semantically_Audited,Active,4.0,Subtopic
SUB_COURSE_049_M1_S4,complex exponentials,4,"complex exponentials: Exponentials with complex arguments that form fundamental building blocks for continuous- and discrete-time signal analysis. In Signal Representation, the focus is on the analysis, design, implementation, interpretation, or evaluation of complex exponentials within Signals and Systems, particularly where the Signal Representation module establishes its technical context.",SSD_COURSE_049_M1_S4,Semantically_Audited,Active,4.0,Subtopic
SUB_COURSE_049_M2_S1,linearity,1,"linearity refers to a system property in which scaling and addition of inputs produce correspondingly scaled and added outputs. In Linear Time-Invariant Systems, the focus is on the analysis, design, implementation, interpretation, or evaluation of linearity within Signals and Systems, particularly where the Linear Time-Invariant Systems module establishes its technical context.",SSD_COURSE_049_M2_S1,Semantically_Audited,Active,4.0,Subtopic
SUB_COURSE_049_M2_S2,time invariance,2,"time invariance refers to a system property in which shifting the input in time produces the same shift in the output. In Linear Time-Invariant Systems, the focus is on the analysis, design, implementation, interpretation, or evaluation of time invariance within Signals and Systems, particularly where the Linear Time-Invariant Systems module establishes its technical context.",SSD_COURSE_049_M2_S2,Semantically_Audited,Active,4.0,Subtopic
SUB_COURSE_049_M2_S3,convolution,3,"convolution refers to an operation that combines an input signal with a system impulse response to obtain the output of an LTI system. In Linear Time-Invariant Systems, the focus is on the analysis, design, implementation, interpretation, or evaluation of convolution within Signals and Systems, particularly where the Linear Time-Invariant Systems module establishes its technical context.",SSD_COURSE_049_M2_S3,Semantically_Audited,Active,4.0,Subtopic
SUB_COURSE_049_M2_S4,impulse response,4,"impulse response refers to the output of a system produced by an ideal impulse input and a complete characterisation of an LTI system. In Linear Time-Invariant Systems, the focus is on the analysis, design, implementation, interpretation, or evaluation of impulse response within Signals and Systems, particularly where the Linear Time-Invariant Systems module establishes its technical context.",SSD_COURSE_049_M2_S4,Semantically_Audited,Active,4.0,Subtopic
SUB_COURSE_049_M2_S5,system properties,5,"system properties: Characteristics such as linearity, time invariance, causality, stability, and memory used to classify systems. In Linear Time-Invariant Systems, the focus is on the analysis, design, implementation, interpretation, or evaluation of system properties within Signals and Systems, particularly where the Linear Time-Invariant Systems module establishes its technical context.",SSD_COURSE_049_M2_S5,Semantically_Audited,Active,4.0,Subtopic
SUB_COURSE_049_M3_S1,Fourier series,1,"Fourier series: Representation of a periodic signal as a sum of harmonically related sinusoidal or complex-exponential components. In Fourier Analysis, the focus is on the analysis, design, implementation, interpretation, or evaluation of Fourier series within Signals and Systems, particularly where the Fourier Analysis module establishes its technical context.",SSD_COURSE_049_M3_S1,Semantically_Audited,Active,4.0,Subtopic
SUB_COURSE_049_M3_S2,Fourier transform,2,"Fourier transform refers to a transform that represents an aperiodic signal in terms of its frequency components. In Fourier Analysis, the focus is on the analysis, design, implementation, interpretation, or evaluation of Fourier transform within Signals and Systems, particularly where the Fourier Analysis module establishes its technical context.",SSD_COURSE_049_M3_S2,Semantically_Audited,Active,4.0,Subtopic
SUB_COURSE_049_M3_S3,spectra,3,"spectra: Frequency-domain representations showing how signal amplitude, phase, or power is distributed with frequency. In Fourier Analysis, the focus is on the analysis, design, implementation, interpretation, or evaluation of spectra within Signals and Systems, particularly where the Fourier Analysis module establishes its technical context.",SSD_COURSE_049_M3_S3,Semantically_Audited,Active,4.0,Subtopic
SUB_COURSE_049_M3_S4,bandwidth,4,"bandwidth refers to the range of frequencies over which a signal or system has significant or specified response. In Fourier Analysis, the focus is on the analysis, design, implementation, interpretation, or evaluation of bandwidth within Signals and Systems, particularly where the Fourier Analysis module establishes its technical context.",SSD_COURSE_049_M3_S4,Semantically_Audited,Active,4.0,Subtopic
SUB_COURSE_049_M3_S5,filtering,5,"filtering: Selective attenuation or passage of signal components according to frequency, time, spatial characteristics, or other defined criteria. In Fourier Analysis, the focus is on concept-level scope: the defining mechanism, properties, constraints, and application criteria; curricular context is recorded in Concept_Category and Typical_Modules.",SSD_COURSE_049_M3_S5,Semantically_Audited,Active,4.0,Subtopic
SUB_COURSE_049_M4_S1,Laplace transform,1,"Laplace transform refers to a transform for discrete-time signals and systems that generalises frequency-domain analysis using a complex variable. In Laplace Transform and System Analysis, the focus is on the analysis, design, implementation, interpretation, or evaluation of Z transform within Signals and Systems, particularly where the Z Transform and Discrete-Time Systems module establishes its technical context.",SSD_COURSE_049_M4_S1,Semantically_Audited,Active,4.0,Subtopic
SUB_COURSE_049_M4_S2,transfer functions,2,"transfer functions: Mathematical representations relating the output to the input of a linear time-invariant system in a transform domain under stated initial-condition assumptions. In Laplace Transform and System Analysis, the focus is on concept-level scope: the defining mechanism, properties, constraints, and application criteria; curricular context is recorded in Concept_Category and Typical_Modules.",SSD_COURSE_049_M4_S2,Semantically_Audited,Active,4.0,Subtopic
SUB_COURSE_049_M4_S3,poles and zeros,3,"poles and zeros: Values of the complex-frequency variable that make a system function infinite or zero, respectively. In Laplace Transform and System Analysis, the focus is on the analysis, design, implementation, interpretation, or evaluation of poles and zeros within Signals and Systems, particularly where the Laplace Transform and System Analysis module establishes its technical context.",SSD_COURSE_049_M4_S3,Semantically_Audited,Active,4.0,Subtopic
SUB_COURSE_049_M4_S4,stability,4,"stability: Property describing whether a system returns toward an acceptable state or bounded response after a perturbation, according to the stability criterion appropriate to the system model. In Laplace Transform and System Analysis, the focus is on concept-level scope: the defining mechanism, properties, constraints, and application criteria; curricular context is recorded in Concept_Category and Typical_Modules.",SSD_COURSE_049_M4_S4,Semantically_Audited,Active,4.0,Subtopic
SUB_COURSE_049_M5_S1,Z transform,1,"Z transform refers to a transform for discrete-time signals and systems that generalises frequency-domain analysis using a complex variable. In Z Transform and Discrete-Time Systems, the focus is on the analysis, design, implementation, interpretation, or evaluation of Z transform within Signals and Systems, particularly where the Z Transform and Discrete-Time Systems module establishes its technical context.",SSD_COURSE_049_M5_S1,Semantically_Audited,Active,4.0,Subtopic
SUB_COURSE_049_M5_S2,Region of Convergence (ROC),2,"ROC: Region of Convergence, the set of complex values for which a Z-transform or related transform converges. In Z Transform and Discrete-Time Systems, the focus is on the analysis, design, implementation, interpretation, or evaluation of ROC within Signals and Systems, particularly where the Z Transform and Discrete-Time Systems module establishes its technical context.",SSD_COURSE_049_M5_S2,Semantically_Audited,Active,4.0,Subtopic
SUB_COURSE_049_M5_S3,difference equations,3,"difference equations: Discrete-time equations relating current and past input or output samples. In Z Transform and Discrete-Time Systems, the focus is on the analysis, design, implementation, interpretation, or evaluation of difference equations within Signals and Systems, particularly where the Z Transform and Discrete-Time Systems module establishes its technical context.",SSD_COURSE_049_M5_S3,Semantically_Audited,Active,4.0,Subtopic
SUB_COURSE_049_M5_S4,digital-system response,4,"digital-system response: Output behaviour of a discrete-time system for specified inputs and initial conditions. In Z Transform and Discrete-Time Systems, the focus is on the analysis, design, implementation, interpretation, or evaluation of digital-system response within Signals and Systems, particularly where the Z Transform and Discrete-Time Systems module establishes its technical context.",SSD_COURSE_049_M5_S4,Semantically_Audited,Active,4.0,Subtopic
SUB_COURSE_049_M6_S1,Nyquist rate,1,"Nyquist rate: Minimum theoretical sampling rate equal to twice the highest frequency present in a band-limited signal. In Sampling and Reconstruction, the focus is on the analysis, design, implementation, interpretation, or evaluation of Nyquist rate within Signals and Systems, particularly where the Sampling and Reconstruction module establishes its technical context.",SSD_COURSE_049_M6_S1,Semantically_Audited,Active,4.0,Subtopic
SUB_COURSE_049_M6_S2,aliasing,2,"aliasing: Distortion caused when sampling makes different continuous-time frequency components indistinguishable. In Sampling and Reconstruction, the focus is on the analysis, design, implementation, interpretation, or evaluation of aliasing within Signals and Systems, particularly where the Sampling and Reconstruction module establishes its technical context.",SSD_COURSE_049_M6_S2,Semantically_Audited,Active,4.0,Subtopic
SUB_COURSE_049_M6_S3,reconstruction,3,"reconstruction: Recovery of a continuous-time signal from discrete samples under appropriate sampling and filtering conditions. In Sampling and Reconstruction, the focus is on the analysis, design, implementation, interpretation, or evaluation of reconstruction within Signals and Systems, particularly where the Sampling and Reconstruction module establishes its technical context.",SSD_COURSE_049_M6_S3,Semantically_Audited,Active,4.0,Subtopic
SUB_COURSE_049_M6_S4,quantization,4,"quantization: Mapping continuous-amplitude or high-resolution sample values to a finite set of discrete levels. In Sampling and Reconstruction, the focus is on the analysis, design, implementation, interpretation, or evaluation of quantization within Signals and Systems, particularly where the Sampling and Reconstruction module establishes its technical context.",SSD_COURSE_049_M6_S4,Semantically_Audited,Active,4.0,Subtopic
SUB_COURSE_049_M7_S1,frequency response,1,"frequency response: System gain and phase as functions of frequency for sinusoidal steady-state inputs. In Applications and System Characterization, the focus is on the analysis, design, implementation, interpretation, or evaluation of frequency response within Signals and Systems, particularly where the Applications and System Characterization module establishes its technical context.",SSD_COURSE_049_M7_S1,Semantically_Audited,Active,4.0,Subtopic
SUB_COURSE_049_M7_S2,filters,2,"filters: Systems designed to pass selected frequency components while attenuating others. In Applications and System Characterization, the focus is on the analysis, design, implementation, interpretation, or evaluation of filters within Signals and Systems, particularly where the Applications and System Characterization module establishes its technical context.",SSD_COURSE_049_M7_S2,Semantically_Audited,Active,4.0,Subtopic
SUB_COURSE_049_M7_S3,modulation concepts,3,"modulation concepts: Changing a carrier signal according to an information signal to enable transmission or processing. In Applications and System Characterization, the focus is on the analysis, design, implementation, interpretation, or evaluation of modulation concepts within Signals and Systems, particularly where the Applications and System Characterization module establishes its technical context.",SSD_COURSE_049_M7_S3,Semantically_Audited,Active,4.0,Subtopic
SUB_COURSE_049_M7_S4,signal measurement,4,"signal measurement refers to the methods and principles used to obtain and interpret measurements of signal measurement under specified conditions. In Applications and System Characterization, the focus is on the analysis, design, implementation, interpretation, or evaluation of signal measurement within Signals and Systems, particularly where the Applications and System Characterization module establishes its technical context.",SSD_COURSE_049_M7_S4,Semantically_Audited,Active,4.0,Subtopic
SUB_COURSE_050_M1_S1,environmental rights,1,"environmental rights: Legal rights or protections relating to environmental quality, health, access to information, or participation. In Foundations of Environmental Law, the focus is on the analysis, design, implementation, interpretation, or evaluation of environmental rights within Environmental Law and Environmental Governance, particularly where the Foundations of Environmental Law module establishes its technical context.",SSD_COURSE_050_M1_S1,Semantically_Audited,Active,4.0,Subtopic
SUB_COURSE_050_M1_S2,public trust,2,"public trust refers to a legal doctrine under which certain natural resources are held or managed for public benefit. In Foundations of Environmental Law, the focus is on the analysis, design, implementation, interpretation, or evaluation of public trust within Environmental Law and Environmental Governance, particularly where the Foundations of Environmental Law module establishes its technical context.",SSD_COURSE_050_M1_S2,Semantically_Audited,Active,4.0,Subtopic
SUB_COURSE_050_M1_S3,precaution,3,"precaution refers to a decision-making principle supporting preventive action where serious environmental harm is plausible despite scientific uncertainty. In Foundations of Environmental Law, the focus is on the analysis, design, implementation, interpretation, or evaluation of precaution within Environmental Law and Environmental Governance, particularly where the Foundations of Environmental Law module establishes its technical context.",SSD_COURSE_050_M1_S3,Semantically_Audited,Active,4.0,Subtopic
SUB_COURSE_050_M1_S4,polluter pays,4,"polluter pays refers to a principle that places the costs of preventing, controlling, or remedying pollution on the responsible polluter. In Foundations of Environmental Law, the focus is on the analysis, design, implementation, interpretation, or evaluation of polluter pays within Environmental Law and Environmental Governance, particularly where the Foundations of Environmental Law module establishes its technical context.",SSD_COURSE_050_M1_S4,Semantically_Audited,Active,4.0,Subtopic
SUB_COURSE_050_M1_S5,sustainable development,5,"sustainable development refers to a governance principle seeking to meet present needs while maintaining environmental and social conditions for future generations. In Foundations of Environmental Law, the focus is on the analysis, design, implementation, interpretation, or evaluation of sustainable development within Environmental Law and Environmental Governance, particularly where the Foundations of Environmental Law module establishes its technical context.",SSD_COURSE_050_M1_S5,Semantically_Audited,Active,4.0,Subtopic
SUB_COURSE_050_M2_S1,regulatory authorities,1,"regulatory authorities: Public bodies empowered to administer, enforce, or oversee environmental laws and regulations. In Environmental Institutions and Regulatory Structure, the focus is on the analysis, design, implementation, interpretation, or evaluation of regulatory authorities within Environmental Law and Environmental Governance, particularly where the Environmental Institutions and Regulatory Structure module establishes its technical context.",SSD_COURSE_050_M2_S1,Semantically_Audited,Active,4.0,Subtopic
SUB_COURSE_050_M2_S2,delegated legislation,2,"delegated legislation: Legally authorised rules made by an administrative authority under powers granted by legislation. In Environmental Institutions and Regulatory Structure, the focus is on the analysis, design, implementation, interpretation, or evaluation of delegated legislation within Environmental Law and Environmental Governance, particularly where the Environmental Institutions and Regulatory Structure module establishes its technical context.",SSD_COURSE_050_M2_S2,Semantically_Audited,Active,4.0,Subtopic
SUB_COURSE_050_M2_S3,jurisdiction,3,"jurisdiction refers to the legal authority of a court, tribunal, or administrative body to hear and decide a matter. In Environmental Institutions and Regulatory Structure, the focus is on the analysis, design, implementation, interpretation, or evaluation of jurisdiction within Environmental Law and Environmental Governance, particularly where the Environmental Institutions and Regulatory Structure module establishes its technical context.",SSD_COURSE_050_M2_S3,Semantically_Audited,Active,4.0,Subtopic
SUB_COURSE_050_M2_S4,environmental governance,4,"environmental governance: environmental governance in Environmental Law and Environmental Governance concerns legal rules, institutional mechanisms, duties, procedures, and compliance considerations governing environmental governance. In Environmental Institutions and Regulatory Structure, the focus is on the analysis, design, implementation, interpretation, or evaluation of environmental governance within Environmental Law and Environmental Governance, particularly where the Environmental Institutions and Regulatory Structure module establishes its technical context.",SSD_COURSE_050_M2_S4,Semantically_Audited,Active,4.0,Subtopic
SUB_COURSE_050_M3_S1,air pollution regulation,1,"air pollution regulation: Legal requirements governing the control, monitoring, permitting, and enforcement of emissions to protect air quality. In Pollution Control Law, the focus is on the analysis, design, implementation, interpretation, or evaluation of air pollution regulation within Environmental Law and Environmental Governance, particularly where the Pollution Control Law module establishes its technical context.",SSD_COURSE_050_M3_S1,Semantically_Audited,Active,4.0,Subtopic
SUB_COURSE_050_M3_S2,water pollution regulation,2,"water pollution regulation: Legal requirements governing discharges and other activities that may contaminate water, including standards, permits, monitoring, and enforcement. In Pollution Control Law, the focus is on the analysis, design, implementation, interpretation, or evaluation of water pollution regulation within Environmental Law and Environmental Governance, particularly where the Pollution Control Law module establishes its technical context.",SSD_COURSE_050_M3_S2,Semantically_Audited,Active,4.0,Subtopic
SUB_COURSE_050_M3_S3,waste regulation,3,"waste regulation: Legal requirements governing the generation, handling, transport, treatment, recovery, and disposal of waste. In Pollution Control Law, the focus is on the analysis, design, implementation, interpretation, or evaluation of waste regulation within Environmental Law and Environmental Governance, particularly where the Pollution Control Law module establishes its technical context.",SSD_COURSE_050_M3_S3,Semantically_Audited,Active,4.0,Subtopic
SUB_COURSE_050_M3_S4,consent mechanisms,4,"consent mechanisms: Legal procedures through which authorities approve, condition, or refuse activities that may affect the environment. In Pollution Control Law, the focus is on the analysis, design, implementation, interpretation, or evaluation of consent mechanisms within Environmental Law and Environmental Governance, particularly where the Pollution Control Law module establishes its technical context.",SSD_COURSE_050_M3_S4,Semantically_Audited,Active,4.0,Subtopic
SUB_COURSE_050_M4_S1,strict liability,1,"strict liability: strict liability in Environmental Law and Environmental Governance concerns legal rules, institutional mechanisms, duties, procedures, and compliance considerations governing strict liability. In Environmental Liability and Enforcement, the focus is on the analysis, design, implementation, interpretation, or evaluation of strict liability within Environmental Law and Environmental Governance, particularly where the Environmental Liability and Enforcement module establishes its technical context.",SSD_COURSE_050_M4_S1,Semantically_Audited,Active,4.0,Subtopic
SUB_COURSE_050_M4_S2,environmental compensation,2,"environmental compensation: Financial or other legally required measures intended to address environmental damage or associated losses. In Environmental Liability and Enforcement, the focus is on the analysis, design, implementation, interpretation, or evaluation of environmental compensation within Environmental Law and Environmental Governance, particularly where the Environmental Liability and Enforcement module establishes its technical context.",SSD_COURSE_050_M4_S2,Semantically_Audited,Active,4.0,Subtopic
SUB_COURSE_050_M4_S3,penalties,3,"penalties: Legal sanctions imposed for violations of environmental requirements. In Environmental Liability and Enforcement, the focus is on the analysis, design, implementation, interpretation, or evaluation of penalties within Environmental Law and Environmental Governance, particularly where the Environmental Liability and Enforcement module establishes its technical context.",SSD_COURSE_050_M4_S3,Semantically_Audited,Active,4.0,Subtopic
SUB_COURSE_050_M4_S4,remediation,4,"remediation: Actions taken to contain, remove, restore, or otherwise address environmental contamination or damage. In Environmental Liability and Enforcement, the focus is on the analysis, design, implementation, interpretation, or evaluation of remediation within Environmental Law and Environmental Governance, particularly where the Environmental Liability and Enforcement module establishes its technical context.",SSD_COURSE_050_M4_S4,Semantically_Audited,Active,4.0,Subtopic
SUB_COURSE_050_M4_S5,compliance,5,"compliance: compliance in Environmental Law and Environmental Governance concerns legal rules, institutional mechanisms, duties, procedures, and compliance considerations governing compliance. In Environmental Liability and Enforcement, the focus is on the analysis, design, implementation, interpretation, or evaluation of compliance within Environmental Law and Environmental Governance, particularly where the Environmental Liability and Enforcement module establishes its technical context.",SSD_COURSE_050_M4_S5,Semantically_Audited,Active,4.0,Subtopic
SUB_COURSE_050_M5_S1,forests,1,"forests: Legal and governance frameworks governing protection, use, management, and conservation of forest resources. In Natural Resources and Environmental Governance, the focus is on the analysis, design, implementation, interpretation, or evaluation of forests within Environmental Law and Environmental Governance, particularly where the Natural Resources and Environmental Governance module establishes its technical context.",SSD_COURSE_050_M5_S1,Semantically_Audited,Active,4.0,Subtopic
SUB_COURSE_050_M5_S2,biodiversity,2,"biodiversity: Legal and institutional measures concerning conservation and sustainable use of biological diversity. In Natural Resources and Environmental Governance, the focus is on the analysis, design, implementation, interpretation, or evaluation of biodiversity within Environmental Law and Environmental Governance, particularly where the Natural Resources and Environmental Governance module establishes its technical context.",SSD_COURSE_050_M5_S2,Semantically_Audited,Active,4.0,Subtopic
SUB_COURSE_050_M5_S3,water resources,3,"water resources: Legal rules governing allocation, protection, use, pollution control, and management of water resources. In Natural Resources and Environmental Governance, the focus is on the analysis, design, implementation, interpretation, or evaluation of water resources within Environmental Law and Environmental Governance, particularly where the Natural Resources and Environmental Governance module establishes its technical context.",SSD_COURSE_050_M5_S3,Semantically_Audited,Active,4.0,Subtopic
SUB_COURSE_050_M5_S4,land use,4,"land use: Regulation of how land may be developed, occupied, conserved, or used in relation to environmental objectives. In Natural Resources and Environmental Governance, the focus is on the analysis, design, implementation, interpretation, or evaluation of land use within Environmental Law and Environmental Governance, particularly where the Natural Resources and Environmental Governance module establishes its technical context.",SSD_COURSE_050_M5_S4,Semantically_Audited,Active,4.0,Subtopic
SUB_COURSE_050_M5_S5,common resources,5,"common resources: Resources whose use and governance involve shared or collective interests rather than exclusive private ownership. In Natural Resources and Environmental Governance, the focus is on the analysis, design, implementation, interpretation, or evaluation of common resources within Environmental Law and Environmental Governance, particularly where the Natural Resources and Environmental Governance module establishes its technical context.",SSD_COURSE_050_M5_S5,Semantically_Audited,Active,4.0,Subtopic
SUB_COURSE_050_M6_S1,tribunals,1,"tribunals: Specialized adjudicatory bodies established under law to determine specified classes of disputes, claims, or regulatory matters within their statutory jurisdiction. In Environmental Adjudication and Remedies, the focus is on concept-level scope: the defining mechanism, properties, constraints, and application criteria; curricular context is recorded in Concept_Category and Typical_Modules.",SSD_COURSE_050_M6_S1,Semantically_Audited,Active,4.0,Subtopic
SUB_COURSE_050_M6_S2,judicial review,2,"judicial review: Judicial examination of the legality, jurisdiction, procedural propriety, and relevant legal constraints of decisions or actions by public authorities. In Environmental Adjudication and Remedies, the focus is on concept-level scope: the defining mechanism, properties, constraints, and application criteria; curricular context is recorded in Concept_Category and Typical_Modules.",SSD_COURSE_050_M6_S2,Semantically_Audited,Active,4.0,Subtopic
SUB_COURSE_050_M6_S3,writs,3,"writs: Judicial orders used to review or compel lawful exercise of public authority. In Environmental Adjudication and Remedies, the focus is on the analysis, design, implementation, interpretation, or evaluation of writs within Environmental Law and Environmental Governance, particularly where the Environmental Adjudication and Remedies module establishes its technical context.",SSD_COURSE_050_M6_S3,Semantically_Audited,Active,4.0,Subtopic
SUB_COURSE_050_M6_S4,injunctions,4,"injunctions: Court orders requiring a party to do or refrain from doing specified acts, generally used as a legal remedy where the requirements for injunctive relief are satisfied. In Environmental Adjudication and Remedies, the focus is on concept-level scope: the defining mechanism, properties, constraints, and application criteria; curricular context is recorded in Concept_Category and Typical_Modules.",SSD_COURSE_050_M6_S4,Semantically_Audited,Active,4.0,Subtopic
SUB_COURSE_050_M6_S5,public interest litigation,5,"public interest litigation: Court proceedings brought to address matters affecting broader public or environmental interests. In Environmental Adjudication and Remedies, the focus is on the analysis, design, implementation, interpretation, or evaluation of public interest litigation within Environmental Law and Environmental Governance, particularly where the Environmental Adjudication and Remedies module establishes its technical context.",SSD_COURSE_050_M6_S5,Semantically_Audited,Active,4.0,Subtopic
SUB_COURSE_050_M7_S1,permits,1,"permits: Formal regulatory authorisations allowing specified activities subject to stated conditions. In Environmental Governance Practice, the focus is on the analysis, design, implementation, interpretation, or evaluation of permits within Environmental Law and Environmental Governance, particularly where the Environmental Governance Practice module establishes its technical context.",SSD_COURSE_050_M7_S1,Semantically_Audited,Active,4.0,Subtopic
SUB_COURSE_050_M7_S2,compliance systems,2,"compliance systems: compliance systems in Environmental Law and Environmental Governance concerns legal rules, institutional mechanisms, duties, procedures, and compliance considerations governing compliance systems. In Environmental Governance Practice, the focus is on the analysis, design, implementation, interpretation, or evaluation of compliance systems within Environmental Law and Environmental Governance, particularly where the Environmental Governance Practice module establishes its technical context.",SSD_COURSE_050_M7_S2,Semantically_Audited,Active,4.0,Subtopic
SUB_COURSE_050_M7_S3,monitoring,3,"monitoring: Systematic collection and review of observations or measurements over time to determine status, compliance, performance, or change against defined criteria. In Environmental Governance Practice, the focus is on concept-level scope: the defining mechanism, properties, constraints, and application criteria; curricular context is recorded in Concept_Category and Typical_Modules.",SSD_COURSE_050_M7_S3,Semantically_Audited,Active,4.0,Subtopic
SUB_COURSE_050_M7_S4,reporting,4,"reporting: Structured communication of specified information, measurements, findings, or compliance information to an identified recipient under defined requirements. In Environmental Governance Practice, the focus is on concept-level scope: the defining mechanism, properties, constraints, and application criteria; curricular context is recorded in Concept_Category and Typical_Modules.",SSD_COURSE_050_M7_S4,Semantically_Audited,Active,4.0,Subtopic
SUB_COURSE_050_M7_S5,administrative decision-making,5,"administrative decision-making: Processes by which public authorities interpret rules, assess evidence, and make legally reviewable regulatory decisions. In Environmental Governance Practice, the focus is on the analysis, design, implementation, interpretation, or evaluation of administrative decision-making within Environmental Law and Environmental Governance, particularly where the Environmental Governance Practice module establishes its technical context.",SSD_COURSE_050_M7_S5,Semantically_Audited,Active,4.0,Subtopic
SUB_COURSE_051_M1_S1,statutory basis,1,"statutory basis refers to the legislation and delegated rules that establish the legal authority, scope, and procedures for environmental impact assessment. In EIA Legal Framework, the focus is on the analysis, design, implementation, interpretation, or evaluation of statutory basis within Environmental Impact Assessment Law, particularly where the EIA Legal Framework module establishes its technical context.",SSD_COURSE_051_M1_S1,Semantically_Audited,Active,4.0,Subtopic
SUB_COURSE_051_M1_S2,regulatory instruments,2,"regulatory instruments: Legal or administrative tools used to control activities, including standards, permits, approvals, conditions, reporting requirements, and enforcement mechanisms. In EIA Legal Framework, the focus is on the analysis, design, implementation, interpretation, or evaluation of regulatory instruments within Environmental Impact Assessment Law, particularly where the EIA Legal Framework module establishes its technical context.",SSD_COURSE_051_M1_S2,Semantically_Audited,Active,4.0,Subtopic
SUB_COURSE_051_M1_S3,project categories,3,"project categories: Legal or regulatory classes used to determine which projects require particular levels of environmental assessment or approval. In EIA Legal Framework, the focus is on the analysis, design, implementation, interpretation, or evaluation of project categories within Environmental Impact Assessment Law, particularly where the EIA Legal Framework module establishes its technical context.",SSD_COURSE_051_M1_S3,Semantically_Audited,Active,4.0,Subtopic
SUB_COURSE_051_M1_S4,competent authorities,4,"competent authorities: Public bodies legally responsible for screening, appraisal, approval, monitoring, or enforcement within an EIA system. In EIA Legal Framework, the focus is on the analysis, design, implementation, interpretation, or evaluation of competent authorities within Environmental Impact Assessment Law, particularly where the EIA Legal Framework module establishes its technical context.",SSD_COURSE_051_M1_S4,Semantically_Audited,Active,4.0,Subtopic
SUB_COURSE_051_M2_S1,screening,1,"screening refers to the legal or administrative process of deciding whether and at what level a proposed project requires environmental assessment. In Screening and Scoping, the focus is on the analysis, design, implementation, interpretation, or evaluation of screening within Environmental Impact Assessment Law, particularly where the Screening and Scoping module establishes its technical context.",SSD_COURSE_051_M2_S1,Semantically_Audited,Active,4.0,Subtopic
SUB_COURSE_051_M2_S2,terms of reference,2,"terms of reference: Requirements defining the issues, studies, alternatives, and information that an environmental assessment must address. In Screening and Scoping, the focus is on the analysis, design, implementation, interpretation, or evaluation of terms of reference within Environmental Impact Assessment Law, particularly where the Screening and Scoping module establishes its technical context.",SSD_COURSE_051_M2_S2,Semantically_Audited,Active,4.0,Subtopic
SUB_COURSE_051_M2_S3,baseline requirements,3,"baseline requirements: Legal expectations concerning the collection and documentation of existing environmental and social conditions. In Screening and Scoping, the focus is on the analysis, design, implementation, interpretation, or evaluation of baseline requirements within Environmental Impact Assessment Law, particularly where the Screening and Scoping module establishes its technical context.",SSD_COURSE_051_M2_S3,Semantically_Audited,Active,4.0,Subtopic
SUB_COURSE_051_M2_S4,alternatives,4,"alternatives: Different project locations, designs, technologies, scales, or operating approaches considered to avoid or reduce impacts. In Screening and Scoping, the focus is on the analysis, design, implementation, interpretation, or evaluation of alternatives within Environmental Impact Assessment Law, particularly where the Screening and Scoping module establishes its technical context.",SSD_COURSE_051_M2_S4,Semantically_Audited,Active,4.0,Subtopic
SUB_COURSE_051_M3_S1,impact prediction,1,"impact prediction: Assessment of likely environmental effects of a proposed project or alternative. In Impact Assessment and Environmental Appraisal, the focus is on the analysis, design, implementation, interpretation, or evaluation of impact prediction within Environmental Impact Assessment Law, particularly where the Impact Assessment and Environmental Appraisal module establishes its technical context.",SSD_COURSE_051_M3_S1,Semantically_Audited,Active,4.0,Subtopic
SUB_COURSE_051_M3_S2,cumulative impacts,2,"cumulative impacts: Combined environmental effects arising from a project together with other past, present, or reasonably foreseeable activities. In Impact Assessment and Environmental Appraisal, the focus is on the analysis, design, implementation, interpretation, or evaluation of cumulative impacts within Environmental Impact Assessment Law, particularly where the Impact Assessment and Environmental Appraisal module establishes its technical context.",SSD_COURSE_051_M3_S2,Semantically_Audited,Active,4.0,Subtopic
SUB_COURSE_051_M3_S3,risk,3,"risk refers to the likelihood and consequence of adverse environmental effects considered within regulatory assessment and decision-making. In Impact Assessment and Environmental Appraisal, the focus is on the analysis, design, implementation, interpretation, or evaluation of risk within Environmental Impact Assessment Law, particularly where the Impact Assessment and Environmental Appraisal module establishes its technical context.",SSD_COURSE_051_M3_S3,Semantically_Audited,Active,4.0,Subtopic
SUB_COURSE_051_M3_S4,mitigation hierarchy,4,"mitigation hierarchy refers to a sequence of avoiding, minimising, restoring, and, where applicable, compensating for environmental impacts. In Impact Assessment and Environmental Appraisal, the focus is on the analysis, design, implementation, interpretation, or evaluation of mitigation hierarchy within Environmental Impact Assessment Law, particularly where the Impact Assessment and Environmental Appraisal module establishes its technical context.",SSD_COURSE_051_M3_S4,Semantically_Audited,Active,4.0,Subtopic
SUB_COURSE_051_M4_S1,notice,1,"notice: Formal public or regulatory communication that initiates or informs a legally required EIA process. In Public Participation and Consultation, the focus is on the analysis, design, implementation, interpretation, or evaluation of notice within Environmental Impact Assessment Law, particularly where the Public Participation and Consultation module establishes its technical context.",SSD_COURSE_051_M4_S1,Semantically_Audited,Active,4.0,Subtopic
SUB_COURSE_051_M4_S2,disclosure,2,"disclosure: Provision or publication of specified information to persons or entities entitled or required to receive it under applicable rules or agreements. In Public Participation and Consultation, the focus is on concept-level scope: the defining mechanism, properties, constraints, and application criteria; curricular context is recorded in Concept_Category and Typical_Modules.",SSD_COURSE_051_M4_S2,Semantically_Audited,Active,4.0,Subtopic
SUB_COURSE_051_M4_S3,hearings,3,"hearings: Formal opportunities for affected people or stakeholders to present views or evidence during environmental decision-making. In Public Participation and Consultation, the focus is on the analysis, design, implementation, interpretation, or evaluation of hearings within Environmental Impact Assessment Law, particularly where the Public Participation and Consultation module establishes its technical context.",SSD_COURSE_051_M4_S3,Semantically_Audited,Active,4.0,Subtopic
SUB_COURSE_051_M4_S4,submissions,4,"submissions: Written or other formal representations provided to an authority during an EIA or approval process. In Public Participation and Consultation, the focus is on the analysis, design, implementation, interpretation, or evaluation of submissions within Environmental Impact Assessment Law, particularly where the Public Participation and Consultation module establishes its technical context.",SSD_COURSE_051_M4_S4,Semantically_Audited,Active,4.0,Subtopic
SUB_COURSE_051_M4_S5,procedural fairness,5,"procedural fairness: Requirements that decision-making procedures provide appropriate notice, participation, impartiality, and consideration of relevant submissions. In Public Participation and Consultation, the focus is on the analysis, design, implementation, interpretation, or evaluation of procedural fairness within Environmental Impact Assessment Law, particularly where the Public Participation and Consultation module establishes its technical context.",SSD_COURSE_051_M4_S5,Semantically_Audited,Active,4.0,Subtopic
SUB_COURSE_051_M5_S1,appraisal committees,1,"appraisal committees: Expert or statutory bodies that review environmental assessment information and advise or decide on project approvals as authorised. In Environmental Decision-Making, the focus is on the analysis, design, implementation, interpretation, or evaluation of appraisal committees within Environmental Impact Assessment Law, particularly where the Environmental Decision-Making module establishes its technical context.",SSD_COURSE_051_M5_S1,Semantically_Audited,Active,4.0,Subtopic
SUB_COURSE_051_M5_S2,conditions,2,"conditions: Specified requirements, limitations, obligations, or performance terms attached to a decision, approval, authorization, or agreement. In Environmental Decision-Making, the focus is on concept-level scope: the defining mechanism, properties, constraints, and application criteria; curricular context is recorded in Concept_Category and Typical_Modules.",SSD_COURSE_051_M5_S2,Semantically_Audited,Active,4.0,Subtopic
SUB_COURSE_051_M5_S3,reasoned decisions,3,"reasoned decisions: Decisions that explain the relevant evidence, legal considerations, and reasons supporting the outcome. In Environmental Decision-Making, the focus is on the analysis, design, implementation, interpretation, or evaluation of reasoned decisions within Environmental Impact Assessment Law, particularly where the Environmental Decision-Making module establishes its technical context.",SSD_COURSE_051_M5_S3,Semantically_Audited,Active,4.0,Subtopic
SUB_COURSE_051_M5_S4,judicial review,4,"judicial review: Judicial examination of the legality, jurisdiction, procedural propriety, and relevant legal constraints of decisions or actions by public authorities. In Environmental Decision-Making, the focus is on concept-level scope: the defining mechanism, properties, constraints, and application criteria; curricular context is recorded in Concept_Category and Typical_Modules.",SSD_COURSE_051_M5_S4,Semantically_Audited,Active,4.0,Subtopic
SUB_COURSE_051_M6_S1,conditions,1,"conditions: Specified requirements, limitations, obligations, or performance terms attached to a decision, approval, authorization, or agreement. In Compliance and Post-Approval Monitoring, the focus is on concept-level scope: the defining mechanism, properties, constraints, and application criteria; curricular context is recorded in Concept_Category and Typical_Modules.",SSD_COURSE_051_M6_S1,Semantically_Audited,Active,4.0,Subtopic
SUB_COURSE_051_M6_S2,monitoring,2,"monitoring: Systematic collection and review of observations or measurements over time to determine status, compliance, performance, or change against defined criteria. In Compliance and Post-Approval Monitoring, the focus is on concept-level scope: the defining mechanism, properties, constraints, and application criteria; curricular context is recorded in Concept_Category and Typical_Modules.",SSD_COURSE_051_M6_S2,Semantically_Audited,Active,4.0,Subtopic
SUB_COURSE_051_M6_S3,reporting,3,"reporting: Structured communication of specified information, measurements, findings, or compliance information to an identified recipient under defined requirements. In Compliance and Post-Approval Monitoring, the focus is on concept-level scope: the defining mechanism, properties, constraints, and application criteria; curricular context is recorded in Concept_Category and Typical_Modules.",SSD_COURSE_051_M6_S3,Semantically_Audited,Active,4.0,Subtopic
SUB_COURSE_051_M6_S4,non-compliance,4,"non-compliance: non-compliance in Environmental Impact Assessment Law concerns legal rules, institutional mechanisms, duties, procedures, and compliance considerations governing non-compliance. In Compliance and Post-Approval Monitoring, the focus is on the analysis, design, implementation, interpretation, or evaluation of non-compliance within Environmental Impact Assessment Law, particularly where the Compliance and Post-Approval Monitoring module establishes its technical context.",SSD_COURSE_051_M6_S4,Semantically_Audited,Active,4.0,Subtopic
SUB_COURSE_051_M6_S5,adaptive management,5,"adaptive management: Adjusting environmental management measures in response to monitoring results, new evidence, or changing conditions. In Compliance and Post-Approval Monitoring, the focus is on the analysis, design, implementation, interpretation, or evaluation of adaptive management within Environmental Impact Assessment Law, particularly where the Compliance and Post-Approval Monitoring module establishes its technical context.",SSD_COURSE_051_M6_S5,Semantically_Audited,Active,4.0,Subtopic
SUB_COURSE_051_M7_S1,standing,1,"standing refers to the legal entitlement of a person or organisation to bring a matter before a court or tribunal. In EIA Litigation and Comparative Approaches, the focus is on the analysis, design, implementation, interpretation, or evaluation of standing within Environmental Impact Assessment Law, particularly where the EIA Litigation and Comparative Approaches module establishes its technical context.",SSD_COURSE_051_M7_S1,Semantically_Audited,Active,4.0,Subtopic
SUB_COURSE_051_M7_S2,remedies,2,"remedies: remedies in Environmental Impact Assessment Law concerns legal rules, institutional mechanisms, duties, procedures, and compliance considerations governing remedies. In EIA Litigation and Comparative Approaches, the focus is on the analysis, design, implementation, interpretation, or evaluation of remedies within Environmental Impact Assessment Law, particularly where the EIA Litigation and Comparative Approaches module establishes its technical context.",SSD_COURSE_051_M7_S2,Semantically_Audited,Active,4.0,Subtopic
SUB_COURSE_051_M7_S3,evidentiary issues,3,"evidentiary issues: Questions about the relevance, reliability, admissibility, and treatment of evidence in environmental proceedings. In EIA Litigation and Comparative Approaches, the focus is on the analysis, design, implementation, interpretation, or evaluation of evidentiary issues within Environmental Impact Assessment Law, particularly where the EIA Litigation and Comparative Approaches module establishes its technical context.",SSD_COURSE_051_M7_S3,Semantically_Audited,Active,4.0,Subtopic
SUB_COURSE_051_M7_S4,comparative EIA regimes,4,"comparative EIA regimes: Comparison of how different legal systems structure environmental assessment, participation, approval, and review. In EIA Litigation and Comparative Approaches, the focus is on the analysis, design, implementation, interpretation, or evaluation of comparative EIA regimes within Environmental Impact Assessment Law, particularly where the EIA Litigation and Comparative Approaches module establishes its technical context.",SSD_COURSE_051_M7_S4,Semantically_Audited,Active,4.0,Subtopic
SUB_COURSE_052_M1_S1,climate institutions,1,"climate institutions: Public and international bodies responsible for developing, coordinating, implementing, or reviewing climate policy and law. In Climate Governance and Legal Frameworks, the focus is on the analysis, design, implementation, interpretation, or evaluation of climate institutions within Climate Change Law and Policy, particularly where the Climate Governance and Legal Frameworks module establishes its technical context.",SSD_COURSE_052_M1_S1,Semantically_Audited,Active,4.0,Subtopic
SUB_COURSE_052_M1_S2,legislative instruments,2,"legislative instruments: Laws or delegated legislative instruments that establish legally binding powers, duties, standards, procedures, or institutional arrangements. In Climate Governance and Legal Frameworks, the focus is on the analysis, design, implementation, interpretation, or evaluation of legislative instruments within Climate Change Law and Policy, particularly where the Climate Governance and Legal Frameworks module establishes its technical context.",SSD_COURSE_052_M1_S2,Semantically_Audited,Active,4.0,Subtopic
SUB_COURSE_052_M1_S3,executive policy,3,"executive policy: executive policy in Climate Change Law and Policy concerns legal rules, institutional mechanisms, duties, procedures, and compliance considerations governing executive policy. In Climate Governance and Legal Frameworks, the focus is on the analysis, design, implementation, interpretation, or evaluation of executive policy within Climate Change Law and Policy, particularly where the Climate Governance and Legal Frameworks module establishes its technical context.",SSD_COURSE_052_M1_S3,Semantically_Audited,Active,4.0,Subtopic
SUB_COURSE_052_M1_S4,federalism,4,"federalism: Allocation of climate-related powers and responsibilities among national, state, provincial, or local governments. In Climate Governance and Legal Frameworks, the focus is on the analysis, design, implementation, interpretation, or evaluation of federalism within Climate Change Law and Policy, particularly where the Climate Governance and Legal Frameworks module establishes its technical context.",SSD_COURSE_052_M1_S4,Semantically_Audited,Active,4.0,Subtopic
SUB_COURSE_052_M2_S1,emissions regulation,1,"emissions regulation: Legal and policy measures that set requirements or limits for the release of pollutants or greenhouse gases and establish monitoring or compliance duties. In Mitigation Law and Policy, the focus is on the analysis, design, implementation, interpretation, or evaluation of emissions regulation within Climate Change Law and Policy, particularly where the Mitigation Law and Policy module establishes its technical context.",SSD_COURSE_052_M2_S1,Semantically_Audited,Active,4.0,Subtopic
SUB_COURSE_052_M2_S2,carbon pricing concepts,2,"carbon pricing concepts: Policy approaches that attach an economic cost to greenhouse-gas emissions, including taxes and emissions trading. In Mitigation Law and Policy, the focus is on the analysis, design, implementation, interpretation, or evaluation of carbon pricing concepts within Climate Change Law and Policy, particularly where the Mitigation Law and Policy module establishes its technical context.",SSD_COURSE_052_M2_S2,Semantically_Audited,Active,4.0,Subtopic
SUB_COURSE_052_M2_S3,energy regulation,3,"energy regulation: Legal and policy measures governing energy production, supply, use, markets, efficiency, emissions, or related infrastructure. In Mitigation Law and Policy, the focus is on the analysis, design, implementation, interpretation, or evaluation of energy regulation within Climate Change Law and Policy, particularly where the Mitigation Law and Policy module establishes its technical context.",SSD_COURSE_052_M2_S3,Semantically_Audited,Active,4.0,Subtopic
SUB_COURSE_052_M2_S4,sectoral measures,4,"sectoral measures: Climate policies targeted at sectors such as energy, transport, buildings, industry, agriculture, or land use. In Mitigation Law and Policy, the focus is on the analysis, design, implementation, interpretation, or evaluation of sectoral measures within Climate Change Law and Policy, particularly where the Mitigation Law and Policy module establishes its technical context.",SSD_COURSE_052_M2_S4,Semantically_Audited,Active,4.0,Subtopic
SUB_COURSE_052_M3_S1,adaptation duties,1,"adaptation duties: Legal or policy responsibilities to assess climate risks and take measures that reduce vulnerability or exposure. In Adaptation and Resilience, the focus is on the analysis, design, implementation, interpretation, or evaluation of adaptation duties within Climate Change Law and Policy, particularly where the Adaptation and Resilience module establishes its technical context.",SSD_COURSE_052_M3_S1,Semantically_Audited,Active,4.0,Subtopic
SUB_COURSE_052_M3_S2,disaster risk,2,"disaster risk refers to the potential for climate-related hazards to cause losses, shaped by hazard, exposure, vulnerability, and capacity. In Adaptation and Resilience, the focus is on the analysis, design, implementation, interpretation, or evaluation of disaster risk within Climate Change Law and Policy, particularly where the Adaptation and Resilience module establishes its technical context.",SSD_COURSE_052_M3_S2,Semantically_Audited,Active,4.0,Subtopic
SUB_COURSE_052_M3_S3,resilience planning,3,"resilience planning: Planning that identifies climate or other hazards, assesses vulnerability, and selects measures that improve the capacity of systems or communities to withstand and recover from disruption. In Adaptation and Resilience, the focus is on the analysis, design, implementation, interpretation, or evaluation of resilience planning within Climate Change Law and Policy, particularly where the Adaptation and Resilience module establishes its technical context.",SSD_COURSE_052_M3_S3,Semantically_Audited,Active,4.0,Subtopic
SUB_COURSE_052_M3_S4,vulnerable communities,4,"vulnerable communities: Groups or communities facing disproportionate climate risks because of exposure, sensitivity, or limited adaptive capacity. In Adaptation and Resilience, the focus is on the analysis, design, implementation, interpretation, or evaluation of vulnerable communities within Climate Change Law and Policy, particularly where the Adaptation and Resilience module establishes its technical context.",SSD_COURSE_052_M3_S4,Semantically_Audited,Active,4.0,Subtopic
SUB_COURSE_052_M4_S1,climate risk disclosure,1,"climate risk disclosure: climate risk disclosure in Climate Change Law and Policy concerns legal rules, institutional mechanisms, duties, procedures, and compliance considerations governing climate risk disclosure. In Climate Finance and Disclosure, the focus is on the analysis, design, implementation, interpretation, or evaluation of climate risk disclosure within Climate Change Law and Policy, particularly where the Climate Finance and Disclosure module establishes its technical context.",SSD_COURSE_052_M4_S1,Semantically_Audited,Active,4.0,Subtopic
SUB_COURSE_052_M4_S2,sustainable finance,2,"sustainable finance: Financial practices and instruments that direct capital while accounting for environmental, climate, social, and governance risks. In Climate Finance and Disclosure, the focus is on the analysis, design, implementation, interpretation, or evaluation of sustainable finance within Climate Change Law and Policy, particularly where the Climate Finance and Disclosure module establishes its technical context.",SSD_COURSE_052_M4_S2,Semantically_Audited,Active,4.0,Subtopic
SUB_COURSE_052_M4_S3,fiduciary considerations,3,"fiduciary considerations: Duties and decision factors relevant to how trustees, directors, or fiduciaries consider climate-related risks and opportunities. In Climate Finance and Disclosure, the focus is on the analysis, design, implementation, interpretation, or evaluation of fiduciary considerations within Climate Change Law and Policy, particularly where the Climate Finance and Disclosure module establishes its technical context.",SSD_COURSE_052_M4_S3,Semantically_Audited,Active,4.0,Subtopic
SUB_COURSE_052_M4_S4,reporting,4,"reporting: Structured communication of specified information, measurements, findings, or compliance information to an identified recipient under defined requirements. In Climate Finance and Disclosure, the focus is on concept-level scope: the defining mechanism, properties, constraints, and application criteria; curricular context is recorded in Concept_Category and Typical_Modules.",SSD_COURSE_052_M4_S4,Semantically_Audited,Active,4.0,Subtopic
SUB_COURSE_052_M5_S1,United Nations Framework Convention on Climate Change (UNFCCC),1,"UNFCCC: United Nations Framework Convention on Climate Change, the foundational international treaty framework for global climate cooperation. In International Climate Law, the focus is on the analysis, design, implementation, interpretation, or evaluation of UNFCCC within Climate Change Law and Policy, particularly where the International Climate Law module establishes its technical context.",SSD_COURSE_052_M5_S1,Semantically_Audited,Active,4.0,Subtopic
SUB_COURSE_052_M5_S2,Paris Agreement,2,"Paris Agreement refers to the 2015 international climate agreement establishing a framework for national mitigation, adaptation, finance, transparency, and cooperation. In International Climate Law, the focus is on the analysis, design, implementation, interpretation, or evaluation of Paris Agreement within Climate Change Law and Policy, particularly where the International Climate Law module establishes its technical context.",SSD_COURSE_052_M5_S2,Semantically_Audited,Active,4.0,Subtopic
SUB_COURSE_052_M5_S3,nationally determined contributions,3,"nationally determined contributions: National climate plans communicated under the Paris Agreement describing intended mitigation and other climate actions. In International Climate Law, the focus is on the analysis, design, implementation, interpretation, or evaluation of nationally determined contributions within Climate Change Law and Policy, particularly where the International Climate Law module establishes its technical context.",SSD_COURSE_052_M5_S3,Semantically_Audited,Active,4.0,Subtopic
SUB_COURSE_052_M5_S4,transparency framework,4,"transparency framework refers to the Paris Agreement system for reporting and reviewing information on emissions, progress, support, and climate actions. In International Climate Law, the focus is on the analysis, design, implementation, interpretation, or evaluation of transparency framework within Climate Change Law and Policy, particularly where the International Climate Law module establishes its technical context.",SSD_COURSE_052_M5_S4,Semantically_Audited,Active,4.0,Subtopic
SUB_COURSE_052_M6_S1,rights-based claims,1,"rights-based claims: Climate-related legal claims grounded in rights, duties, or protections recognised by applicable law. In Climate Litigation and Accountability, the focus is on the analysis, design, implementation, interpretation, or evaluation of rights-based claims within Climate Change Law and Policy, particularly where the Climate Litigation and Accountability module establishes its technical context.",SSD_COURSE_052_M6_S1,Semantically_Audited,Active,4.0,Subtopic
SUB_COURSE_052_M6_S2,government duties,2,"government duties: Legal obligations of public authorities to act, regulate, disclose, protect, or consider climate-related risks. In Climate Litigation and Accountability, the focus is on the analysis, design, implementation, interpretation, or evaluation of government duties within Climate Change Law and Policy, particularly where the Climate Litigation and Accountability module establishes its technical context.",SSD_COURSE_052_M6_S2,Semantically_Audited,Active,4.0,Subtopic
SUB_COURSE_052_M6_S3,corporate claims,3,"corporate claims: Legal or regulatory claims concerning corporate climate representations, conduct, disclosure, or responsibilities. In Climate Litigation and Accountability, the focus is on the analysis, design, implementation, interpretation, or evaluation of corporate claims within Climate Change Law and Policy, particularly where the Climate Litigation and Accountability module establishes its technical context.",SSD_COURSE_052_M6_S3,Semantically_Audited,Active,4.0,Subtopic
SUB_COURSE_052_M6_S4,causation,4,"causation refers to the legal and factual link between an alleged climate-related act or omission and a claimed harm. In Climate Litigation and Accountability, the focus is on the analysis, design, implementation, interpretation, or evaluation of causation within Climate Change Law and Policy, particularly where the Climate Litigation and Accountability module establishes its technical context.",SSD_COURSE_052_M6_S4,Semantically_Audited,Active,4.0,Subtopic
SUB_COURSE_052_M7_S1,policy instruments,1,"policy instruments: Tools through which public authorities seek to influence behaviour, allocate resources, regulate activity, or achieve defined policy objectives. In Climate Policy Implementation, the focus is on concept-level scope: the defining mechanism, properties, constraints, and application criteria; curricular context is recorded in Concept_Category and Typical_Modules.",SSD_COURSE_052_M7_S1,Semantically_Audited,Active,4.0,Subtopic
SUB_COURSE_052_M7_S2,regulatory coordination,2,"regulatory coordination: Alignment among authorities, laws, standards, and policy instruments to reduce gaps or conflicting climate requirements. In Climate Policy Implementation, the focus is on the analysis, design, implementation, interpretation, or evaluation of regulatory coordination within Climate Change Law and Policy, particularly where the Climate Policy Implementation module establishes its technical context.",SSD_COURSE_052_M7_S2,Semantically_Audited,Active,4.0,Subtopic
SUB_COURSE_052_M7_S3,monitoring,3,"monitoring: Systematic collection and review of observations or measurements over time to determine status, compliance, performance, or change against defined criteria. In Climate Policy Implementation, the focus is on concept-level scope: the defining mechanism, properties, constraints, and application criteria; curricular context is recorded in Concept_Category and Typical_Modules.",SSD_COURSE_052_M7_S3,Semantically_Audited,Active,4.0,Subtopic
SUB_COURSE_052_M7_S4,Policy evaluation,4,"Policy evaluation: Systematic assessment of climate policies or policy instruments against defined criteria such as effectiveness, efficiency, equity, feasibility, and implementation outcomes. In Climate Policy Implementation, the focus is on curricular scope: Climate Change Law and Policy; The concept is represented at the level of the stated mechanism, properties, constraints, and application criteria.",SSD_COURSE_052_M7_S4,Semantically_Audited,Active,4.0,Subtopic
SUB_COURSE_053_M1_S1,offer,1,"offer refers to a definite proposal made with the intention that acceptance can create a binding agreement, subject to applicable law. In Contract Formation, the focus is on the analysis, design, implementation, interpretation, or evaluation of offer within Contract Law and Commercial Agreements, particularly where the Contract Formation module establishes its technical context.",SSD_COURSE_053_M1_S1,Semantically_Audited,Active,4.0,Subtopic
SUB_COURSE_053_M1_S2,acceptance,2,"acceptance refers to an unqualified assent to an offer communicated in the legally required or agreed manner. In Contract Formation, the focus is on the analysis, design, implementation, interpretation, or evaluation of acceptance within Contract Law and Commercial Agreements, particularly where the Contract Formation module establishes its technical context.",SSD_COURSE_053_M1_S2,Semantically_Audited,Active,4.0,Subtopic
SUB_COURSE_053_M1_S3,consideration,3,"consideration refers to the legally recognised value exchanged in support of a contract where the applicable legal system requires it. In Contract Formation, the focus is on the analysis, design, implementation, interpretation, or evaluation of consideration within Contract Law and Commercial Agreements, particularly where the Contract Formation module establishes its technical context.",SSD_COURSE_053_M1_S3,Semantically_Audited,Active,4.0,Subtopic
SUB_COURSE_053_M1_S4,intention,4,"intention refers to the parties' legally relevant intention to create binding obligations. In Contract Formation, the focus is on the analysis, design, implementation, interpretation, or evaluation of intention within Contract Law and Commercial Agreements, particularly where the Contract Formation module establishes its technical context.",SSD_COURSE_053_M1_S4,Semantically_Audited,Active,4.0,Subtopic
SUB_COURSE_053_M1_S5,capacity,5,"capacity refers to the legal ability of a person or entity to enter into an enforceable contract. In Contract Formation, the focus is on the analysis, design, implementation, interpretation, or evaluation of capacity within Contract Law and Commercial Agreements, particularly where the Contract Formation module establishes its technical context.",SSD_COURSE_053_M1_S5,Semantically_Audited,Active,4.0,Subtopic
SUB_COURSE_053_M1_S6,consent,6,"consent: Agreement given voluntarily and with sufficient understanding, without legally recognised defects such as coercion or undue influence. In Contract Formation, the focus is on the analysis, design, implementation, interpretation, or evaluation of consent within Contract Law and Commercial Agreements, particularly where the Contract Formation module establishes its technical context.",SSD_COURSE_053_M1_S6,Semantically_Audited,Active,4.0,Subtopic
SUB_COURSE_053_M2_S1,express terms,1,"express terms: Contract terms stated explicitly by the parties, orally or in writing. In Contract Terms and Interpretation, the focus is on the analysis, design, implementation, interpretation, or evaluation of express terms within Contract Law and Commercial Agreements, particularly where the Contract Terms and Interpretation module establishes its technical context.",SSD_COURSE_053_M2_S1,Semantically_Audited,Active,4.0,Subtopic
SUB_COURSE_053_M2_S2,implied terms,2,"implied terms: Terms treated as part of a contract by law, custom, necessity, or the parties' circumstances. In Contract Terms and Interpretation, the focus is on the analysis, design, implementation, interpretation, or evaluation of implied terms within Contract Law and Commercial Agreements, particularly where the Contract Terms and Interpretation module establishes its technical context.",SSD_COURSE_053_M2_S2,Semantically_Audited,Active,4.0,Subtopic
SUB_COURSE_053_M2_S3,conditions and warranties,3,"conditions and warranties: Contractual terms distinguished by the legal consequences attached to their breach. In Contract Terms and Interpretation, the focus is on the analysis, design, implementation, interpretation, or evaluation of conditions and warranties within Contract Law and Commercial Agreements, particularly where the Contract Terms and Interpretation module establishes its technical context.",SSD_COURSE_053_M2_S3,Semantically_Audited,Active,4.0,Subtopic
SUB_COURSE_053_M2_S4,interpretation,4,"interpretation: Determining the meaning and legal effect of contractual language in its context. In Contract Terms and Interpretation, the focus is on the analysis, design, implementation, interpretation, or evaluation of interpretation within Contract Law and Commercial Agreements, particularly where the Contract Terms and Interpretation module establishes its technical context.",SSD_COURSE_053_M2_S4,Semantically_Audited,Active,4.0,Subtopic
SUB_COURSE_053_M2_S5,exclusion clauses,5,"exclusion clauses: Contract terms that seek to limit or exclude specified liabilities or obligations, subject to applicable legal controls. In Contract Terms and Interpretation, the focus is on the analysis, design, implementation, interpretation, or evaluation of exclusion clauses within Contract Law and Commercial Agreements, particularly where the Contract Terms and Interpretation module establishes its technical context.",SSD_COURSE_053_M2_S5,Semantically_Audited,Active,4.0,Subtopic
SUB_COURSE_053_M3_S1,performance,1,"performance: Carrying out contractual obligations in accordance with the agreement and applicable law. In Performance and Discharge, the focus is on the analysis, design, implementation, interpretation, or evaluation of performance within Contract Law and Commercial Agreements, particularly where the Performance and Discharge module establishes its technical context.",SSD_COURSE_053_M3_S1,Semantically_Audited,Active,4.0,Subtopic
SUB_COURSE_053_M3_S2,frustration,2,"frustration refers to a doctrine that may discharge a contract when an unforeseen event fundamentally changes the nature of performance. In Performance and Discharge, the focus is on the analysis, design, implementation, interpretation, or evaluation of frustration within Contract Law and Commercial Agreements, particularly where the Performance and Discharge module establishes its technical context.",SSD_COURSE_053_M3_S2,Semantically_Audited,Active,4.0,Subtopic
SUB_COURSE_053_M3_S3,novation,3,"novation: Replacement of an existing contractual obligation or party with a new arrangement by agreement. In Performance and Discharge, the focus is on the analysis, design, implementation, interpretation, or evaluation of novation within Contract Law and Commercial Agreements, particularly where the Performance and Discharge module establishes its technical context.",SSD_COURSE_053_M3_S3,Semantically_Audited,Active,4.0,Subtopic
SUB_COURSE_053_M3_S4,alteration,4,"alteration refers to an agreed change to the terms of an existing contract. In Performance and Discharge, the focus is on the analysis, design, implementation, interpretation, or evaluation of alteration within Contract Law and Commercial Agreements, particularly where the Performance and Discharge module establishes its technical context.",SSD_COURSE_053_M3_S4,Semantically_Audited,Active,4.0,Subtopic
SUB_COURSE_053_M3_S5,discharge by agreement,5,"discharge by agreement: Ending or varying contractual obligations through mutual agreement of the parties. In Performance and Discharge, the focus is on the analysis, design, implementation, interpretation, or evaluation of discharge by agreement within Contract Law and Commercial Agreements, particularly where the Performance and Discharge module establishes its technical context.",SSD_COURSE_053_M3_S5,Semantically_Audited,Active,4.0,Subtopic
SUB_COURSE_053_M4_S1,anticipatory breach,1,"anticipatory breach refers to a clear indication before performance is due that a party will not perform a contractual obligation. In Breach and Remedies, the focus is on the analysis, design, implementation, interpretation, or evaluation of anticipatory breach within Contract Law and Commercial Agreements, particularly where the Breach and Remedies module establishes its technical context.",SSD_COURSE_053_M4_S1,Semantically_Audited,Active,4.0,Subtopic
SUB_COURSE_053_M4_S2,damages,2,"damages: Monetary compensation awarded for legally recognised loss resulting from breach or other actionable conduct. In Breach and Remedies, the focus is on the analysis, design, implementation, interpretation, or evaluation of damages within Contract Law and Commercial Agreements, particularly where the Breach and Remedies module establishes its technical context.",SSD_COURSE_053_M4_S2,Semantically_Audited,Active,4.0,Subtopic
SUB_COURSE_053_M4_S3,specific performance,3,"specific performance refers to a court-ordered remedy requiring a party to perform a contractual obligation rather than merely pay damages. In Breach and Remedies, the focus is on the analysis, design, implementation, interpretation, or evaluation of specific performance within Contract Law and Commercial Agreements, particularly where the Breach and Remedies module establishes its technical context.",SSD_COURSE_053_M4_S3,Semantically_Audited,Active,4.0,Subtopic
SUB_COURSE_053_M4_S4,injunctions,4,"injunctions: Court orders requiring a party to do or refrain from doing specified acts, generally used as a legal remedy where the requirements for injunctive relief are satisfied. In Breach and Remedies, the focus is on concept-level scope: the defining mechanism, properties, constraints, and application criteria; curricular context is recorded in Concept_Category and Typical_Modules.",SSD_COURSE_053_M4_S4,Semantically_Audited,Active,4.0,Subtopic
SUB_COURSE_053_M4_S5,restitution,5,"restitution: Restoration of a benefit or value to prevent unjust enrichment or reverse a legally recognised transaction. In Breach and Remedies, the focus is on the analysis, design, implementation, interpretation, or evaluation of restitution within Contract Law and Commercial Agreements, particularly where the Breach and Remedies module establishes its technical context.",SSD_COURSE_053_M4_S5,Semantically_Audited,Active,4.0,Subtopic
SUB_COURSE_053_M5_S1,indemnities,1,"indemnities: Contractual promises to compensate another party for specified losses or liabilities. In Commercial Risk Allocation, the focus is on the analysis, design, implementation, interpretation, or evaluation of indemnities within Contract Law and Commercial Agreements, particularly where the Commercial Risk Allocation module establishes its technical context.",SSD_COURSE_053_M5_S1,Semantically_Audited,Active,4.0,Subtopic
SUB_COURSE_053_M5_S2,limitation clauses,2,"limitation clauses: Terms that cap the amount or extent of contractual liability. In Commercial Risk Allocation, the focus is on the analysis, design, implementation, interpretation, or evaluation of limitation clauses within Contract Law and Commercial Agreements, particularly where the Commercial Risk Allocation module establishes its technical context.",SSD_COURSE_053_M5_S2,Semantically_Audited,Active,4.0,Subtopic
SUB_COURSE_053_M5_S3,guarantees,3,"guarantees: Promises by one party to answer for specified obligations or default of another party, subject to applicable law. In Commercial Risk Allocation, the focus is on the analysis, design, implementation, interpretation, or evaluation of guarantees within Contract Law and Commercial Agreements, particularly where the Commercial Risk Allocation module establishes its technical context.",SSD_COURSE_053_M5_S3,Semantically_Audited,Active,4.0,Subtopic
SUB_COURSE_053_M5_S4,force majeure,4,"force majeure refers to a contractual mechanism addressing specified extraordinary events that prevent or materially hinder performance. In Commercial Risk Allocation, the focus is on the analysis, design, implementation, interpretation, or evaluation of force majeure within Contract Law and Commercial Agreements, particularly where the Commercial Risk Allocation module establishes its technical context.",SSD_COURSE_053_M5_S4,Semantically_Audited,Active,4.0,Subtopic
SUB_COURSE_053_M5_S5,insurance clauses,5,"insurance clauses: Contract terms allocating requirements for insurance coverage, limits, evidence, and responsibility for risks. In Commercial Risk Allocation, the focus is on the analysis, design, implementation, interpretation, or evaluation of insurance clauses within Contract Law and Commercial Agreements, particularly where the Commercial Risk Allocation module establishes its technical context.",SSD_COURSE_053_M5_S5,Semantically_Audited,Active,4.0,Subtopic
SUB_COURSE_053_M6_S1,definitions,1,"definitions: Contract provisions that assign specific meanings to words or phrases used in the agreement. In Contract Drafting and Negotiation, the focus is on the analysis, design, implementation, interpretation, or evaluation of definitions within Contract Law and Commercial Agreements, particularly where the Contract Drafting and Negotiation module establishes its technical context.",SSD_COURSE_053_M6_S1,Semantically_Audited,Active,4.0,Subtopic
SUB_COURSE_053_M6_S2,representations,2,"representations: Statements of fact or other assertions made in connection with entering a contract that may have legal consequences if false. In Contract Drafting and Negotiation, the focus is on the analysis, design, implementation, interpretation, or evaluation of representations within Contract Law and Commercial Agreements, particularly where the Contract Drafting and Negotiation module establishes its technical context.",SSD_COURSE_053_M6_S2,Semantically_Audited,Active,4.0,Subtopic
SUB_COURSE_053_M6_S3,covenants,3,"covenants: Contractual promises requiring a party to do or refrain from doing specified acts. In Contract Drafting and Negotiation, the focus is on the analysis, design, implementation, interpretation, or evaluation of covenants within Contract Law and Commercial Agreements, particularly where the Contract Drafting and Negotiation module establishes its technical context.",SSD_COURSE_053_M6_S3,Semantically_Audited,Active,4.0,Subtopic
SUB_COURSE_053_M6_S4,schedules,4,"schedules: Attached contractual documents containing detailed specifications, procedures, prices, deliverables, or other agreed information. In Contract Drafting and Negotiation, the focus is on the analysis, design, implementation, interpretation, or evaluation of schedules within Contract Law and Commercial Agreements, particularly where the Contract Drafting and Negotiation module establishes its technical context.",SSD_COURSE_053_M6_S4,Semantically_Audited,Active,4.0,Subtopic
SUB_COURSE_053_M6_S5,negotiation strategy,5,"negotiation strategy: Planned approaches for balancing legal rights, commercial interests, risks, concessions, and bargaining objectives. In Contract Drafting and Negotiation, the focus is on the analysis, design, implementation, interpretation, or evaluation of negotiation strategy within Contract Law and Commercial Agreements, particularly where the Contract Drafting and Negotiation module establishes its technical context.",SSD_COURSE_053_M6_S5,Semantically_Audited,Active,4.0,Subtopic
SUB_COURSE_053_M7_S1,sale of goods,1,"sale of goods: Contractual transactions involving the transfer of goods from seller to buyer for agreed consideration. In Commercial Agreements in Practice, the focus is on the analysis, design, implementation, interpretation, or evaluation of sale of goods within Contract Law and Commercial Agreements, particularly where the Commercial Agreements in Practice module establishes its technical context.",SSD_COURSE_053_M7_S1,Semantically_Audited,Active,4.0,Subtopic
SUB_COURSE_053_M7_S2,services,2,"services: Contractual arrangements under which one party performs specified activities or delivers defined services for another. In Commercial Agreements in Practice, the focus is on the analysis, design, implementation, interpretation, or evaluation of services within Contract Law and Commercial Agreements, particularly where the Commercial Agreements in Practice module establishes its technical context.",SSD_COURSE_053_M7_S2,Semantically_Audited,Active,4.0,Subtopic
SUB_COURSE_053_M7_S3,technology agreements,3,"technology agreements: Commercial contracts governing software, technology products, intellectual property, data, licensing, development, or related services. In Commercial Agreements in Practice, the focus is on the analysis, design, implementation, interpretation, or evaluation of technology agreements within Contract Law and Commercial Agreements, particularly where the Commercial Agreements in Practice module establishes its technical context.",SSD_COURSE_053_M7_S3,Semantically_Audited,Active,4.0,Subtopic
SUB_COURSE_053_M7_S4,confidentiality,4,"confidentiality: Obligation or practice of preventing unauthorized access, use, or disclosure of information that is subject to a defined confidentiality requirement. In Commercial Agreements in Practice, the focus is on concept-level scope: the defining mechanism, properties, constraints, and application criteria; curricular context is recorded in Concept_Category and Typical_Modules.",SSD_COURSE_053_M7_S4,Semantically_Audited,Active,4.0,Subtopic
SUB_COURSE_053_M7_S5,dispute clauses,5,"dispute clauses: Contract provisions specifying procedures, forums, governing law, escalation, arbitration, or litigation for resolving disputes. In Commercial Agreements in Practice, the focus is on the analysis, design, implementation, interpretation, or evaluation of dispute clauses within Contract Law and Commercial Agreements, particularly where the Commercial Agreements in Practice module establishes its technical context.",SSD_COURSE_053_M7_S5,Semantically_Audited,Active,4.0,Subtopic
SUB_COURSE_054_M1_S1,employment status,1,"employment status refers to the legal classification of a worker or working relationship, which affects applicable rights, duties, and protections. In Employment Relationship and Conditions, the focus is on the analysis, design, implementation, interpretation, or evaluation of employment status within Labour and Employment Law, particularly where the Employment Relationship and Conditions module establishes its technical context.",SSD_COURSE_054_M1_S1,Semantically_Audited,Active,4.0,Subtopic
SUB_COURSE_054_M1_S2,appointment terms,2,"appointment terms: Terms governing appointment to employment, including role, remuneration, duration, duties, and other agreed conditions. In Employment Relationship and Conditions, the focus is on the analysis, design, implementation, interpretation, or evaluation of appointment terms within Labour and Employment Law, particularly where the Employment Relationship and Conditions module establishes its technical context.",SSD_COURSE_054_M1_S2,Semantically_Audited,Active,4.0,Subtopic
SUB_COURSE_054_M1_S3,working conditions,3,"working conditions: Rules and contractual conditions governing the environment, organisation, and terms under which employees work. In Employment Relationship and Conditions, the focus is on the analysis, design, implementation, interpretation, or evaluation of working conditions within Labour and Employment Law, particularly where the Employment Relationship and Conditions module establishes its technical context.",SSD_COURSE_054_M1_S3,Semantically_Audited,Active,4.0,Subtopic
SUB_COURSE_054_M1_S4,standing orders,4,"standing orders: Formal workplace rules governing employment conditions, conduct, discipline, and related matters where legally required. In Employment Relationship and Conditions, the focus is on the analysis, design, implementation, interpretation, or evaluation of standing orders within Labour and Employment Law, particularly where the Employment Relationship and Conditions module establishes its technical context.",SSD_COURSE_054_M1_S4,Semantically_Audited,Active,4.0,Subtopic
SUB_COURSE_054_M2_S1,wage regulation,1,"wage regulation: Rules governing minimum or protected wage levels, wage payment, deductions, and related employer obligations. In Wages and Benefits, the focus is on the analysis, design, implementation, interpretation, or evaluation of wage regulation within Labour and Employment Law, particularly where the Wages and Benefits module establishes its technical context.",SSD_COURSE_054_M2_S1,Semantically_Audited,Active,4.0,Subtopic
SUB_COURSE_054_M2_S2,deductions,2,"deductions: Amounts lawfully withheld from wages or other employee payments under specified rules or authorisation. In Wages and Benefits, the focus is on the analysis, design, implementation, interpretation, or evaluation of deductions within Labour and Employment Law, particularly where the Wages and Benefits module establishes its technical context.",SSD_COURSE_054_M2_S2,Semantically_Audited,Active,4.0,Subtopic
SUB_COURSE_054_M2_S3,bonus,3,"bonus: Additional remuneration paid or required under applicable employment terms or law, often linked to performance or statutory schemes. In Wages and Benefits, the focus is on the analysis, design, implementation, interpretation, or evaluation of bonus within Labour and Employment Law, particularly where the Wages and Benefits module establishes its technical context.",SSD_COURSE_054_M2_S3,Semantically_Audited,Active,4.0,Subtopic
SUB_COURSE_054_M2_S4,social security,4,"social security: Systems that provide income or related protection against risks such as sickness, disability, unemployment, old age, or family contingencies. In Wages and Benefits, the focus is on the analysis, design, implementation, interpretation, or evaluation of social security within Labour and Employment Law, particularly where the Wages and Benefits module establishes its technical context.",SSD_COURSE_054_M2_S4,Semantically_Audited,Active,4.0,Subtopic
SUB_COURSE_054_M2_S5,leave,5,"leave: Authorised absence from work governed by eligibility, duration, pay, accrual, and procedural rules. In Wages and Benefits, the focus is on the analysis, design, implementation, interpretation, or evaluation of leave within Labour and Employment Law, particularly where the Wages and Benefits module establishes its technical context.",SSD_COURSE_054_M2_S5,Semantically_Audited,Active,4.0,Subtopic
SUB_COURSE_054_M3_S1,trade unions,1,"trade unions: Organisations formed to represent workers' collective interests in employment and industrial relations. In Industrial Relations, the focus is on the analysis, design, implementation, interpretation, or evaluation of trade unions within Labour and Employment Law, particularly where the Industrial Relations module establishes its technical context.",SSD_COURSE_054_M3_S1,Semantically_Audited,Active,4.0,Subtopic
SUB_COURSE_054_M3_S2,collective bargaining,2,"collective bargaining: Negotiation between employers and worker representatives over wages, conditions, and other employment matters. In Industrial Relations, the focus is on the analysis, design, implementation, interpretation, or evaluation of collective bargaining within Labour and Employment Law, particularly where the Industrial Relations module establishes its technical context.",SSD_COURSE_054_M3_S2,Semantically_Audited,Active,4.0,Subtopic
SUB_COURSE_054_M3_S3,industrial disputes,3,"industrial disputes: Disagreements between employers and workers or their representatives concerning employment, work conditions, or industrial relations. In Industrial Relations, the focus is on the analysis, design, implementation, interpretation, or evaluation of industrial disputes within Labour and Employment Law, particularly where the Industrial Relations module establishes its technical context.",SSD_COURSE_054_M3_S3,Semantically_Audited,Active,4.0,Subtopic
SUB_COURSE_054_M3_S4,strikes and lockouts,4,"strikes and lockouts: Collective actions in which workers withhold labour or employers temporarily exclude workers within the limits of applicable law. In Industrial Relations, the focus is on the analysis, design, implementation, interpretation, or evaluation of strikes and lockouts within Labour and Employment Law, particularly where the Industrial Relations module establishes its technical context.",SSD_COURSE_054_M3_S4,Semantically_Audited,Active,4.0,Subtopic
SUB_COURSE_054_M4_S1,workplace safety,1,"workplace safety: Legal and organisational measures intended to prevent work-related injury, illness, and unsafe conditions. In Occupational and Workplace Regulation, the focus is on the analysis, design, implementation, interpretation, or evaluation of workplace safety within Labour and Employment Law, particularly where the Occupational and Workplace Regulation module establishes its technical context.",SSD_COURSE_054_M4_S1,Semantically_Audited,Active,4.0,Subtopic
SUB_COURSE_054_M4_S2,working hours,2,"working hours: Rules governing normal hours, overtime, rest periods, shifts, and related limits on working time. In Occupational and Workplace Regulation, the focus is on the analysis, design, implementation, interpretation, or evaluation of working hours within Labour and Employment Law, particularly where the Occupational and Workplace Regulation module establishes its technical context.",SSD_COURSE_054_M4_S2,Semantically_Audited,Active,4.0,Subtopic
SUB_COURSE_054_M4_S3,welfare,3,"welfare: Workplace measures and statutory benefits intended to support employee health, safety, wellbeing, or social protection. In Occupational and Workplace Regulation, the focus is on the analysis, design, implementation, interpretation, or evaluation of welfare within Labour and Employment Law, particularly where the Occupational and Workplace Regulation module establishes its technical context.",SSD_COURSE_054_M4_S3,Semantically_Audited,Active,4.0,Subtopic
SUB_COURSE_054_M4_S4,employer duties,4,"employer duties: Legal obligations imposed on employers concerning wages, safety, equality, records, benefits, and other employment matters. In Occupational and Workplace Regulation, the focus is on the analysis, design, implementation, interpretation, or evaluation of employer duties within Labour and Employment Law, particularly where the Occupational and Workplace Regulation module establishes its technical context.",SSD_COURSE_054_M4_S4,Semantically_Audited,Active,4.0,Subtopic
SUB_COURSE_054_M5_S1,non-discrimination,1,"non-discrimination: Legal requirements prohibiting unjustified adverse treatment based on protected characteristics in employment. In Equality and Workplace Rights, the focus is on the analysis, design, implementation, interpretation, or evaluation of non-discrimination within Labour and Employment Law, particularly where the Equality and Workplace Rights module establishes its technical context.",SSD_COURSE_054_M5_S1,Semantically_Audited,Active,4.0,Subtopic
SUB_COURSE_054_M5_S2,harassment,2,"harassment: Unwelcome conduct that violates applicable workplace protections or creates a prohibited hostile or degrading work environment. In Equality and Workplace Rights, the focus is on the analysis, design, implementation, interpretation, or evaluation of harassment within Labour and Employment Law, particularly where the Equality and Workplace Rights module establishes its technical context.",SSD_COURSE_054_M5_S2,Semantically_Audited,Active,4.0,Subtopic
SUB_COURSE_054_M5_S3,maternity protections,3,"maternity protections: Employment protections concerning pregnancy, childbirth, maternity leave, benefits, and protection against discrimination or adverse treatment. In Equality and Workplace Rights, the focus is on the analysis, design, implementation, interpretation, or evaluation of maternity protections within Labour and Employment Law, particularly where the Equality and Workplace Rights module establishes its technical context.",SSD_COURSE_054_M5_S3,Semantically_Audited,Active,4.0,Subtopic
SUB_COURSE_054_M5_S4,reasonable workplace protections,4,"reasonable workplace protections: Measures and legal duties intended to provide appropriate protection or accommodation for workers in specified workplace circumstances. In Equality and Workplace Rights, the focus is on the analysis, design, implementation, interpretation, or evaluation of reasonable workplace protections within Labour and Employment Law, particularly where the Equality and Workplace Rights module establishes its technical context.",SSD_COURSE_054_M5_S4,Semantically_Audited,Active,4.0,Subtopic
SUB_COURSE_054_M6_S1,conciliation,1,"conciliation refers to a dispute-resolution process in which a neutral third party helps parties seek a mutually acceptable settlement. In Dispute Resolution and Adjudication, the focus is on the analysis, design, implementation, interpretation, or evaluation of conciliation within Labour and Employment Law, particularly where the Dispute Resolution and Adjudication module establishes its technical context.",SSD_COURSE_054_M6_S1,Semantically_Audited,Active,4.0,Subtopic
SUB_COURSE_054_M6_S2,labour authorities,2,"labour authorities: Public institutions responsible for administering, inspecting, mediating, or enforcing labour and employment requirements. In Dispute Resolution and Adjudication, the focus is on the analysis, design, implementation, interpretation, or evaluation of labour authorities within Labour and Employment Law, particularly where the Dispute Resolution and Adjudication module establishes its technical context.",SSD_COURSE_054_M6_S2,Semantically_Audited,Active,4.0,Subtopic
SUB_COURSE_054_M6_S3,tribunals,3,"tribunals: Specialized adjudicatory bodies established under law to determine specified classes of disputes, claims, or regulatory matters within their statutory jurisdiction. In Dispute Resolution and Adjudication, the focus is on concept-level scope: the defining mechanism, properties, constraints, and application criteria; curricular context is recorded in Concept_Category and Typical_Modules.",SSD_COURSE_054_M6_S3,Semantically_Audited,Active,4.0,Subtopic
SUB_COURSE_054_M6_S4,judicial remedies,4,"judicial remedies: judicial remedies in Labour and Employment Law concerns legal rules, institutional mechanisms, duties, procedures, and compliance considerations governing judicial remedies. In Dispute Resolution and Adjudication, the focus is on the analysis, design, implementation, interpretation, or evaluation of judicial remedies within Labour and Employment Law, particularly where the Dispute Resolution and Adjudication module establishes its technical context.",SSD_COURSE_054_M6_S4,Semantically_Audited,Active,4.0,Subtopic
SUB_COURSE_054_M7_S1,platform work,1,"platform work: Work arranged or mediated through digital platforms, raising questions about worker status, rights, and regulatory coverage. In Contemporary Employment Issues, the focus is on the analysis, design, implementation, interpretation, or evaluation of platform work within Labour and Employment Law, particularly where the Contemporary Employment Issues module establishes its technical context.",SSD_COURSE_054_M7_S1,Semantically_Audited,Active,4.0,Subtopic
SUB_COURSE_054_M7_S2,fixed-term work,2,"fixed-term work: Employment for a specified period or until a defined event, subject to applicable rules on duration and renewal. In Contemporary Employment Issues, the focus is on the analysis, design, implementation, interpretation, or evaluation of fixed-term work within Labour and Employment Law, particularly where the Contemporary Employment Issues module establishes its technical context.",SSD_COURSE_054_M7_S2,Semantically_Audited,Active,4.0,Subtopic
SUB_COURSE_054_M7_S3,contract labour,3,"contract labour: Work performed through a contractual intermediary or labour contractor rather than direct employment by the principal entity. In Contemporary Employment Issues, the focus is on the analysis, design, implementation, interpretation, or evaluation of contract labour within Labour and Employment Law, particularly where the Contemporary Employment Issues module establishes its technical context.",SSD_COURSE_054_M7_S3,Semantically_Audited,Active,4.0,Subtopic
SUB_COURSE_054_M7_S4,remote work,4,"remote work: Work performed away from the employer's usual workplace using communication and digital technologies. In Contemporary Employment Issues, the focus is on the analysis, design, implementation, interpretation, or evaluation of remote work within Labour and Employment Law, particularly where the Contemporary Employment Issues module establishes its technical context.",SSD_COURSE_054_M7_S4,Semantically_Audited,Active,4.0,Subtopic
SUB_COURSE_054_M7_S5,compliance systems,5,"compliance systems: compliance systems in Environmental Law and Environmental Governance concerns legal rules, institutional mechanisms, duties, procedures, and compliance considerations governing compliance systems. In Contemporary Employment Issues, the focus is on the analysis, design, implementation, interpretation, or evaluation of compliance systems within Environmental Law and Environmental Governance, particularly where the Environmental Governance Practice module establishes its technical context.",SSD_COURSE_054_M7_S5,Semantically_Audited,Active,4.0,Subtopic
SUB_COURSE_055_M1_S1,company organs,1,"company organs: Corporate bodies such as the board, shareholders, and management through which a company exercises legal powers and makes decisions. In Corporate Governance, the focus is on the analysis, design, implementation, interpretation, or evaluation of company organs within Corporate, Sustainability and ESG Law, particularly where the Corporate Governance module establishes its technical context.",SSD_COURSE_055_M1_S1,Semantically_Audited,Active,4.0,Subtopic
SUB_COURSE_055_M1_S2,governance structures,2,"governance structures: governance structures in Corporate, Sustainability and ESG Law concerns legal rules, institutional mechanisms, duties, procedures, and compliance considerations governing governance structures. In Corporate Governance, the focus is on the analysis, design, implementation, interpretation, or evaluation of governance structures within Corporate, Sustainability and ESG Law, particularly where the Corporate Governance module establishes its technical context.",SSD_COURSE_055_M1_S2,Semantically_Audited,Active,4.0,Subtopic
SUB_COURSE_055_M1_S3,shareholder rights,3,"shareholder rights: Legal rights of shareholders relating to voting, information, dividends, meetings, and other corporate matters. In Corporate Governance, the focus is on the analysis, design, implementation, interpretation, or evaluation of shareholder rights within Corporate, Sustainability and ESG Law, particularly where the Corporate Governance module establishes its technical context.",SSD_COURSE_055_M1_S3,Semantically_Audited,Active,4.0,Subtopic
SUB_COURSE_055_M1_S4,disclosure,4,"disclosure: Provision or publication of specified information to persons or entities entitled or required to receive it under applicable rules or agreements. In Corporate Governance, the focus is on concept-level scope: the defining mechanism, properties, constraints, and application criteria; curricular context is recorded in Concept_Category and Typical_Modules.",SSD_COURSE_055_M1_S4,Semantically_Audited,Active,4.0,Subtopic
SUB_COURSE_055_M2_S1,fiduciary duties,1,"fiduciary duties: Duties requiring certain corporate decision-makers to act loyally, in good faith, and for proper purposes. In Directors Duties and Accountability, the focus is on the analysis, design, implementation, interpretation, or evaluation of fiduciary duties within Corporate, Sustainability and ESG Law, particularly where the Directors Duties and Accountability module establishes its technical context.",SSD_COURSE_055_M2_S1,Semantically_Audited,Active,4.0,Subtopic
SUB_COURSE_055_M2_S2,care,2,"care refers to the duty to exercise appropriate care, skill, and diligence in making corporate decisions. In Directors Duties and Accountability, the focus is on the analysis, design, implementation, interpretation, or evaluation of care within Corporate, Sustainability and ESG Law, particularly where the Directors Duties and Accountability module establishes its technical context.",SSD_COURSE_055_M2_S2,Semantically_Audited,Active,4.0,Subtopic
SUB_COURSE_055_M2_S3,conflict management,3,"conflict management: Processes for identifying, disclosing, assessing, and managing conflicts between corporate duties or interests. In Directors Duties and Accountability, the focus is on the analysis, design, implementation, interpretation, or evaluation of conflict management within Corporate, Sustainability and ESG Law, particularly where the Directors Duties and Accountability module establishes its technical context.",SSD_COURSE_055_M2_S3,Semantically_Audited,Active,4.0,Subtopic
SUB_COURSE_055_M2_S4,related-party transactions,4,"related-party transactions: Transactions involving a company and a director, officer, shareholder, or other related person or entity. In Directors Duties and Accountability, the focus is on the analysis, design, implementation, interpretation, or evaluation of related-party transactions within Corporate, Sustainability and ESG Law, particularly where the Directors Duties and Accountability module establishes its technical context.",SSD_COURSE_055_M2_S4,Semantically_Audited,Active,4.0,Subtopic
SUB_COURSE_055_M3_S1,corporate environmental duties,1,"corporate environmental duties: Legal or regulatory responsibilities of companies concerning environmental protection, pollution, resource use, and disclosure. In Environmental and Social Responsibilities, the focus is on the analysis, design, implementation, interpretation, or evaluation of corporate environmental duties within Corporate, Sustainability and ESG Law, particularly where the Environmental and Social Responsibilities module establishes its technical context.",SSD_COURSE_055_M3_S1,Semantically_Audited,Active,4.0,Subtopic
SUB_COURSE_055_M3_S2,labour rights,2,"labour rights: Employment rights relevant to corporate conduct, including fair treatment, safety, representation, and working conditions. In Environmental and Social Responsibilities, the focus is on the analysis, design, implementation, interpretation, or evaluation of labour rights within Corporate, Sustainability and ESG Law, particularly where the Environmental and Social Responsibilities module establishes its technical context.",SSD_COURSE_055_M3_S2,Semantically_Audited,Active,4.0,Subtopic
SUB_COURSE_055_M3_S3,community impacts,3,"community impacts: Effects of corporate activities on local communities, including social, economic, environmental, and livelihood effects. In Environmental and Social Responsibilities, the focus is on the analysis, design, implementation, interpretation, or evaluation of community impacts within Corporate, Sustainability and ESG Law, particularly where the Environmental and Social Responsibilities module establishes its technical context.",SSD_COURSE_055_M3_S3,Semantically_Audited,Active,4.0,Subtopic
SUB_COURSE_055_M3_S4,supply-chain responsibility,4,"supply-chain responsibility: Corporate responsibility for identifying and managing environmental, social, human-rights, and governance risks in supply chains. In Environmental and Social Responsibilities, the focus is on the analysis, design, implementation, interpretation, or evaluation of supply-chain responsibility within Corporate, Sustainability and ESG Law, particularly where the Environmental and Social Responsibilities module establishes its technical context.",SSD_COURSE_055_M3_S4,Semantically_Audited,Active,4.0,Subtopic
SUB_COURSE_055_M4_S1,materiality,1,"materiality refers to the significance of an ESG matter to an organization's decisions, impacts, risks, opportunities, or information users, according to the applicable reporting framework. In ESG Disclosure and Reporting, the focus is on the analysis, design, implementation, interpretation, or evaluation of materiality within Corporate, Sustainability and ESG Law, particularly where the ESG Disclosure and Reporting module establishes its technical context.",SSD_COURSE_055_M4_S1,Semantically_Audited,Active,4.0,Subtopic
SUB_COURSE_055_M4_S2,non-financial disclosure,2,"non-financial disclosure: non-financial disclosure in Corporate, Sustainability and ESG Law concerns legal rules, institutional mechanisms, duties, procedures, and compliance considerations governing non-financial disclosure. In ESG Disclosure and Reporting, the focus is on the analysis, design, implementation, interpretation, or evaluation of non-financial disclosure within Corporate, Sustainability and ESG Law, particularly where the ESG Disclosure and Reporting module establishes its technical context.",SSD_COURSE_055_M4_S2,Semantically_Audited,Active,4.0,Subtopic
SUB_COURSE_055_M4_S3,sustainability reporting,3,"sustainability reporting: Disclosure of material environmental, social, governance, and sustainability information using applicable reporting requirements or standards. In ESG Disclosure and Reporting, the focus is on the analysis, design, implementation, interpretation, or evaluation of sustainability reporting within Corporate, Sustainability and ESG Law, particularly where the ESG Disclosure and Reporting module establishes its technical context.",SSD_COURSE_055_M4_S3,Semantically_Audited,Active,4.0,Subtopic
SUB_COURSE_055_M4_S4,assurance concepts,4,"assurance concepts: Principles and processes for obtaining independent confidence in the quality or reliability of reported sustainability information. In ESG Disclosure and Reporting, the focus is on the analysis, design, implementation, interpretation, or evaluation of assurance concepts within Corporate, Sustainability and ESG Law, particularly where the ESG Disclosure and Reporting module establishes its technical context.",SSD_COURSE_055_M4_S4,Semantically_Audited,Active,4.0,Subtopic
SUB_COURSE_055_M5_S1,green finance,1,"green finance: Financial products or decisions that direct capital while considering environmental or climate objectives and risks. In Sustainable Finance and Corporate Risk, the focus is on the analysis, design, implementation, interpretation, or evaluation of green finance within Corporate, Sustainability and ESG Law, particularly where the Sustainable Finance and Corporate Risk module establishes its technical context.",SSD_COURSE_055_M5_S1,Semantically_Audited,Active,4.0,Subtopic
SUB_COURSE_055_M5_S2,climate risk,2,"climate risk: Financial, operational, legal, or strategic risk arising from physical climate impacts or the transition to a lower-carbon economy. In Sustainable Finance and Corporate Risk, the focus is on the analysis, design, implementation, interpretation, or evaluation of climate risk within Corporate, Sustainability and ESG Law, particularly where the Sustainable Finance and Corporate Risk module establishes its technical context.",SSD_COURSE_055_M5_S2,Semantically_Audited,Active,4.0,Subtopic
SUB_COURSE_055_M5_S3,transition risk,3,"transition risk: Risk arising from policy, technology, market, legal, or behavioural changes associated with transition to a lower-carbon economy. In Sustainable Finance and Corporate Risk, the focus is on the analysis, design, implementation, interpretation, or evaluation of transition risk within Corporate, Sustainability and ESG Law, particularly where the Sustainable Finance and Corporate Risk module establishes its technical context.",SSD_COURSE_055_M5_S3,Semantically_Audited,Active,4.0,Subtopic
SUB_COURSE_055_M5_S4,due diligence,4,"due diligence refers to a structured process for identifying, assessing, preventing, mitigating, tracking, and addressing adverse impacts or risks. In Sustainable Finance and Corporate Risk, the focus is on the analysis, design, implementation, interpretation, or evaluation of due diligence within Corporate, Sustainability and ESG Law, particularly where the Sustainable Finance and Corporate Risk module establishes its technical context.",SSD_COURSE_055_M5_S4,Semantically_Audited,Active,4.0,Subtopic
SUB_COURSE_055_M6_S1,compliance programs,1,"compliance programs: compliance programs in Corporate, Sustainability and ESG Law concerns legal rules, institutional mechanisms, duties, procedures, and compliance considerations governing compliance programs. In Corporate Compliance and Enforcement, the focus is on the analysis, design, implementation, interpretation, or evaluation of compliance programs within Corporate, Sustainability and ESG Law, particularly where the Corporate Compliance and Enforcement module establishes its technical context.",SSD_COURSE_055_M6_S1,Semantically_Audited,Active,4.0,Subtopic
SUB_COURSE_055_M6_S2,investigations,2,"investigations: Formal processes for examining suspected misconduct, non-compliance, breaches, or disputed corporate conduct. In Corporate Compliance and Enforcement, the focus is on the analysis, design, implementation, interpretation, or evaluation of investigations within Corporate, Sustainability and ESG Law, particularly where the Corporate Compliance and Enforcement module establishes its technical context.",SSD_COURSE_055_M6_S2,Semantically_Audited,Active,4.0,Subtopic
SUB_COURSE_055_M6_S3,whistleblowing,3,"whistleblowing: Reporting suspected wrongdoing or misconduct through protected internal or external channels. In Corporate Compliance and Enforcement, the focus is on the analysis, design, implementation, interpretation, or evaluation of whistleblowing within Corporate, Sustainability and ESG Law, particularly where the Corporate Compliance and Enforcement module establishes its technical context.",SSD_COURSE_055_M6_S3,Semantically_Audited,Active,4.0,Subtopic
SUB_COURSE_055_M6_S4,sanctions,4,"sanctions: Legal or regulatory penalties imposed for specified corporate, environmental, reporting, or governance violations. In Corporate Compliance and Enforcement, the focus is on the analysis, design, implementation, interpretation, or evaluation of sanctions within Corporate, Sustainability and ESG Law, particularly where the Corporate Compliance and Enforcement module establishes its technical context.",SSD_COURSE_055_M6_S4,Semantically_Audited,Active,4.0,Subtopic
SUB_COURSE_055_M7_S1,greenwashing,1,"greenwashing: Misleading or unsupported claims about the environmental or sustainability performance of a product, activity, or organisation. In ESG Legal Practice and Disputes, the focus is on the analysis, design, implementation, interpretation, or evaluation of greenwashing within Corporate, Sustainability and ESG Law, particularly where the ESG Legal Practice and Disputes module establishes its technical context.",SSD_COURSE_055_M7_S1,Semantically_Audited,Active,4.0,Subtopic
SUB_COURSE_055_M7_S2,stakeholder claims,2,"stakeholder claims: Legal or formal claims brought by affected stakeholders concerning corporate conduct, impacts, rights, or disclosures. In ESG Legal Practice and Disputes, the focus is on the analysis, design, implementation, interpretation, or evaluation of stakeholder claims within Corporate, Sustainability and ESG Law, particularly where the ESG Legal Practice and Disputes module establishes its technical context.",SSD_COURSE_055_M7_S2,Semantically_Audited,Active,4.0,Subtopic
SUB_COURSE_055_M7_S3,disclosure liability,3,"disclosure liability: disclosure liability in Corporate, Sustainability and ESG Law concerns legal rules, institutional mechanisms, duties, procedures, and compliance considerations governing disclosure liability. In ESG Legal Practice and Disputes, the focus is on the analysis, design, implementation, interpretation, or evaluation of disclosure liability within Corporate, Sustainability and ESG Law, particularly where the ESG Legal Practice and Disputes module establishes its technical context.",SSD_COURSE_055_M7_S3,Semantically_Audited,Active,4.0,Subtopic
SUB_COURSE_055_M7_S4,contractual ESG clauses,4,"contractual ESG clauses: Contract provisions imposing environmental, social, human-rights, reporting, or governance requirements on counterparties. In ESG Legal Practice and Disputes, the focus is on the analysis, design, implementation, interpretation, or evaluation of contractual ESG clauses within Corporate, Sustainability and ESG Law, particularly where the ESG Legal Practice and Disputes module establishes its technical context.",SSD_COURSE_055_M7_S4,Semantically_Audited,Active,4.0,Subtopic
SUB_COURSE_056_M1_S1,classical theory,1,"classical theory: Foundational sociological perspectives developed to explain social order, conflict, institutions, and modern social change. In Sociological Theory, the focus is on the analysis, design, implementation, interpretation, or evaluation of classical theory within Sociology, particularly where the Sociological Theory module establishes its technical context.",SSD_COURSE_056_M1_S1,Semantically_Audited,Active,4.0,Subtopic
SUB_COURSE_056_M1_S2,functionalism,2,"functionalism refers to a sociological perspective that examines how social institutions and practices contribute to the functioning and stability of society. In Sociological Theory, the focus is on the analysis, design, implementation, interpretation, or evaluation of functionalism within Sociology, particularly where the Sociological Theory module establishes its technical context.",SSD_COURSE_056_M1_S2,Semantically_Audited,Active,4.0,Subtopic
SUB_COURSE_056_M1_S3,conflict theory,3,"conflict theory refers to a perspective that explains social structures and change through unequal power, resources, and competing interests. In Sociological Theory, the focus is on the analysis, design, implementation, interpretation, or evaluation of conflict theory within Sociology, particularly where the Sociological Theory module establishes its technical context.",SSD_COURSE_056_M1_S3,Semantically_Audited,Active,4.0,Subtopic
SUB_COURSE_056_M1_S4,symbolic interactionism,4,"symbolic interactionism refers to a perspective that explains social life through meanings created and modified through interaction. In Sociological Theory, the focus is on the analysis, design, implementation, interpretation, or evaluation of symbolic interactionism within Sociology, particularly where the Sociological Theory module establishes its technical context.",SSD_COURSE_056_M1_S4,Semantically_Audited,Active,4.0,Subtopic
SUB_COURSE_056_M2_S1,family,1,"family refers to a social institution organising relationships, care, reproduction, socialisation, and household life. In Social Institutions, the focus is on the analysis, design, implementation, interpretation, or evaluation of family within Sociology, particularly where the Social Institutions module establishes its technical context.",SSD_COURSE_056_M2_S1,Semantically_Audited,Active,4.0,Subtopic
SUB_COURSE_056_M2_S2,education,2,"education: Structured processes and institutions through which knowledge, skills, values, and capabilities are developed and transmitted across individuals and society. In Social Institutions, the focus is on concept-level scope: the defining mechanism, properties, constraints, and application criteria; curricular context is recorded in Concept_Category and Typical_Modules.",SSD_COURSE_056_M2_S2,Semantically_Audited,Active,4.0,Subtopic
SUB_COURSE_056_M2_S3,religion,3,"religion refers to a social institution involving beliefs, practices, organisations, and meanings related to the sacred or transcendent. In Social Institutions, the focus is on the analysis, design, implementation, interpretation, or evaluation of religion within Sociology, particularly where the Social Institutions module establishes its technical context.",SSD_COURSE_056_M2_S3,Semantically_Audited,Active,4.0,Subtopic
SUB_COURSE_056_M2_S4,economy,4,"economy refers to the social organisation of production, distribution, exchange, and consumption of goods and services. In Social Institutions, the focus is on the analysis, design, implementation, interpretation, or evaluation of economy within Sociology, particularly where the Social Institutions module establishes its technical context.",SSD_COURSE_056_M2_S4,Semantically_Audited,Active,4.0,Subtopic
SUB_COURSE_056_M2_S5,polity,5,"polity refers to the institutions and processes through which collective decisions, authority, and power are organised. In Social Institutions, the focus is on the analysis, design, implementation, interpretation, or evaluation of polity within Sociology, particularly where the Social Institutions module establishes its technical context.",SSD_COURSE_056_M2_S5,Semantically_Audited,Active,4.0,Subtopic
SUB_COURSE_056_M2_S6,institutional change,6,"institutional change: Transformation in the rules, structures, roles, or practices that organise major areas of social life. In Social Institutions, the focus is on the analysis, design, implementation, interpretation, or evaluation of institutional change within Sociology, particularly where the Social Institutions module establishes its technical context.",SSD_COURSE_056_M2_S6,Semantically_Audited,Active,4.0,Subtopic
SUB_COURSE_056_M3_S1,culture,1,"culture: Shared meanings, symbols, knowledge, practices, and material forms through which groups organise social life. In Culture and Socialization, the focus is on the analysis, design, implementation, interpretation, or evaluation of culture within Sociology, particularly where the Culture and Socialization module establishes its technical context.",SSD_COURSE_056_M3_S1,Semantically_Audited,Active,4.0,Subtopic
SUB_COURSE_056_M3_S2,norms,2,"norms: Socially shared expectations about appropriate behaviour in particular situations. In Culture and Socialization, the focus is on the analysis, design, implementation, interpretation, or evaluation of norms within Sociology, particularly where the Culture and Socialization module establishes its technical context.",SSD_COURSE_056_M3_S2,Semantically_Audited,Active,4.0,Subtopic
SUB_COURSE_056_M3_S3,values,3,"values: Shared beliefs about what is desirable, important, or morally appropriate in a society or group. In Culture and Socialization, the focus is on the analysis, design, implementation, interpretation, or evaluation of values within Sociology, particularly where the Culture and Socialization module establishes its technical context.",SSD_COURSE_056_M3_S3,Semantically_Audited,Active,4.0,Subtopic
SUB_COURSE_056_M3_S4,identity,4,"identity refers to the ways individuals and groups define, experience, and communicate who they are socially. In Culture and Socialization, the focus is on the analysis, design, implementation, interpretation, or evaluation of identity within Sociology, particularly where the Culture and Socialization module establishes its technical context.",SSD_COURSE_056_M3_S4,Semantically_Audited,Active,4.0,Subtopic
SUB_COURSE_056_M3_S5,socialization,5,"socialization refers to the lifelong process through which people learn social norms, values, roles, and patterns of behaviour. In Culture and Socialization, the focus is on the analysis, design, implementation, interpretation, or evaluation of socialization within Sociology, particularly where the Culture and Socialization module establishes its technical context.",SSD_COURSE_056_M3_S5,Semantically_Audited,Active,4.0,Subtopic
SUB_COURSE_056_M3_S6,deviance,6,"deviance: Behaviour, conditions, or identities defined as violating socially established norms within a particular context. In Culture and Socialization, the focus is on the analysis, design, implementation, interpretation, or evaluation of deviance within Sociology, particularly where the Culture and Socialization module establishes its technical context.",SSD_COURSE_056_M3_S6,Semantically_Audited,Active,4.0,Subtopic
SUB_COURSE_056_M4_S1,class,1,"class refers to a social grouping associated with economic position, resources, occupation, and relations to production. In Stratification and Inequality, the focus is on the analysis, design, implementation, interpretation, or evaluation of class within Sociology, particularly where the Stratification and Inequality module establishes its technical context.",SSD_COURSE_056_M4_S1,Semantically_Audited,Active,4.0,Subtopic
SUB_COURSE_056_M4_S2,status,2,"status refers to a socially recognised position carrying associated expectations, rights, duties, or prestige. In Stratification and Inequality, the focus is on the analysis, design, implementation, interpretation, or evaluation of status within Sociology, particularly where the Stratification and Inequality module establishes its technical context.",SSD_COURSE_056_M4_S2,Semantically_Audited,Active,4.0,Subtopic
SUB_COURSE_056_M4_S3,gender,3,"gender: Socially organised meanings, roles, expectations, and relations associated with gender categories. In Stratification and Inequality, the focus is on the analysis, design, implementation, interpretation, or evaluation of gender within Sociology, particularly where the Stratification and Inequality module establishes its technical context.",SSD_COURSE_056_M4_S3,Semantically_Audited,Active,4.0,Subtopic
SUB_COURSE_056_M4_S4,race/ethnicity as social structure,4,"race/ethnicity as social structure: Race and ethnicity treated as socially organised categories that shape identity, opportunity, institutions, and inequality. In Stratification and Inequality, the focus is on the analysis, design, implementation, interpretation, or evaluation of race/ethnicity as social structure within Sociology, particularly where the Stratification and Inequality module establishes its technical context.",SSD_COURSE_056_M4_S4,Semantically_Audited,Active,4.0,Subtopic
SUB_COURSE_056_M4_S5,mobility,5,"mobility: Movement of individuals or groups between social positions, especially across socioeconomic strata. In Stratification and Inequality, the focus is on the analysis, design, implementation, interpretation, or evaluation of mobility within Sociology, particularly where the Stratification and Inequality module establishes its technical context.",SSD_COURSE_056_M4_S5,Semantically_Audited,Active,4.0,Subtopic
SUB_COURSE_056_M4_S6,poverty,6,"poverty refers to a condition of insufficient resources or capabilities to achieve socially defined minimum standards of living. In Stratification and Inequality, the focus is on the analysis, design, implementation, interpretation, or evaluation of poverty within Sociology, particularly where the Stratification and Inequality module establishes its technical context.",SSD_COURSE_056_M4_S6,Semantically_Audited,Active,4.0,Subtopic
SUB_COURSE_056_M5_S1,primary/secondary groups,1,"primary/secondary groups: Groups distinguished by the degree of intimacy, duration, and formality in members' relationships. In Groups, Organizations and Networks, the focus is on the analysis, design, implementation, interpretation, or evaluation of primary/secondary groups within Sociology, particularly where the Groups, Organizations and Networks module establishes its technical context.",SSD_COURSE_056_M5_S1,Semantically_Audited,Active,4.0,Subtopic
SUB_COURSE_056_M5_S2,organizations,2,"organizations: Structured social entities with defined or emergent roles, relationships, goals, rules, and patterns of coordination among members. In Groups, Organizations and Networks, the focus is on concept-level scope: the defining mechanism, properties, constraints, and application criteria; curricular context is recorded in Concept_Category and Typical_Modules.",SSD_COURSE_056_M5_S2,Semantically_Audited,Active,4.0,Subtopic
SUB_COURSE_056_M5_S3,bureaucracy,3,"bureaucracy refers to a formal organisational structure based on defined roles, rules, hierarchy, and specialised responsibilities. In Groups, Organizations and Networks, the focus is on the analysis, design, implementation, interpretation, or evaluation of bureaucracy within Sociology, particularly where the Groups, Organizations and Networks module establishes its technical context.",SSD_COURSE_056_M5_S3,Semantically_Audited,Active,4.0,Subtopic
SUB_COURSE_056_M5_S4,social networks,4,"social networks: Patterns of relationships and ties connecting people, groups, or organisations. In Groups, Organizations and Networks, the focus is on the analysis, design, implementation, interpretation, or evaluation of social networks within Sociology, particularly where the Groups, Organizations and Networks module establishes its technical context.",SSD_COURSE_056_M5_S4,Semantically_Audited,Active,4.0,Subtopic
SUB_COURSE_056_M6_S1,demography,1,"demography refers to the study of population size, composition, distribution, and change through processes such as fertility, mortality, and migration. In Population, Urbanization and Social Change, the focus is on the analysis, design, implementation, interpretation, or evaluation of demography within Sociology, particularly where the Population, Urbanization and Social Change module establishes its technical context.",SSD_COURSE_056_M6_S1,Semantically_Audited,Active,4.0,Subtopic
SUB_COURSE_056_M6_S2,migration,2,"migration: Movement of people between geographic locations, considered in relation to its drivers, patterns, consequences, and institutional or socioeconomic context. In Population, Urbanization and Social Change, the focus is on concept-level scope: the defining mechanism, properties, constraints, and application criteria; curricular context is recorded in Concept_Category and Typical_Modules.",SSD_COURSE_056_M6_S2,Semantically_Audited,Active,4.0,Subtopic
SUB_COURSE_056_M6_S3,urbanization,3,"urbanization: Growth of urban populations and the social, spatial, and institutional changes associated with urban development. In Population, Urbanization and Social Change, the focus is on the analysis, design, implementation, interpretation, or evaluation of urbanization within Sociology, particularly where the Population, Urbanization and Social Change module establishes its technical context.",SSD_COURSE_056_M6_S3,Semantically_Audited,Active,4.0,Subtopic
SUB_COURSE_056_M6_S4,globalization,4,"globalization: Increasing cross-border flows and interdependence of people, goods, capital, information, culture, and institutions. In Population, Urbanization and Social Change, the focus is on the analysis, design, implementation, interpretation, or evaluation of globalization within Sociology, particularly where the Population, Urbanization and Social Change module establishes its technical context.",SSD_COURSE_056_M6_S4,Semantically_Audited,Active,4.0,Subtopic
SUB_COURSE_056_M6_S5,social movements,5,"social movements: Collective efforts seeking or resisting significant social, political, cultural, or institutional change. In Population, Urbanization and Social Change, the focus is on the analysis, design, implementation, interpretation, or evaluation of social movements within Sociology, particularly where the Population, Urbanization and Social Change module establishes its technical context.",SSD_COURSE_056_M6_S5,Semantically_Audited,Active,4.0,Subtopic
SUB_COURSE_056_M7_S1,digital society,1,"digital society: Social life shaped by digital technologies, platforms, networks, data, and digitally mediated interaction. In Contemporary Sociological Analysis, the focus is on the analysis, design, implementation, interpretation, or evaluation of digital society within Sociology, particularly where the Contemporary Sociological Analysis module establishes its technical context.",SSD_COURSE_056_M7_S1,Semantically_Audited,Active,4.0,Subtopic
SUB_COURSE_056_M7_S2,institutions and technology,2,"institutions and technology refers to the interaction between technological systems and the social institutions, rules, roles, and practices that shape their use. In Contemporary Sociological Analysis, the focus is on the analysis, design, implementation, interpretation, or evaluation of institutions and technology within Sociology, particularly where the Contemporary Sociological Analysis module establishes its technical context.",SSD_COURSE_056_M7_S2,Semantically_Audited,Active,4.0,Subtopic
SUB_COURSE_056_M7_S3,comparative analysis,3,"comparative analysis: Systematic comparison of social phenomena across groups, settings, periods, or cases to identify similarities, differences, and explanatory patterns. In Contemporary Sociological Analysis, the focus is on the analysis, design, implementation, interpretation, or evaluation of comparative analysis within Sociology, particularly where the Contemporary Sociological Analysis module establishes its technical context.",SSD_COURSE_056_M7_S3,Semantically_Audited,Active,4.0,Subtopic
SUB_COURSE_056_M7_S4,mixed-method sociology,4,"mixed-method sociology: Sociological research combining qualitative and quantitative methods to study a question using complementary forms of evidence. In Contemporary Sociological Analysis, the focus is on the analysis, design, implementation, interpretation, or evaluation of mixed-method sociology within Sociology, particularly where the Contemporary Sociological Analysis module establishes its technical context.",SSD_COURSE_056_M7_S4,Semantically_Audited,Active,4.0,Subtopic
SUB_COURSE_057_M1_S1,schemas,1,"schemas: Organised mental structures that help people interpret, remember, and predict information about social objects and situations. In Social Cognition, the focus is on the analysis, design, implementation, interpretation, or evaluation of schemas within Social Psychology, particularly where the Social Cognition module establishes its technical context.",SSD_COURSE_057_M1_S1,Semantically_Audited,Active,4.0,Subtopic
SUB_COURSE_057_M1_S2,attribution,2,"attribution refers to the process of explaining the causes of people's behaviour or events using internal or external factors. In Social Cognition, the focus is on the analysis, design, implementation, interpretation, or evaluation of attribution within Social Psychology, particularly where the Social Cognition module establishes its technical context.",SSD_COURSE_057_M1_S2,Semantically_Audited,Active,4.0,Subtopic
SUB_COURSE_057_M1_S3,heuristics,3,"heuristics: Mental shortcuts used to make social judgments quickly, often with possible systematic biases. In Social Cognition, the focus is on the analysis, design, implementation, interpretation, or evaluation of heuristics within Social Psychology, particularly where the Social Cognition module establishes its technical context.",SSD_COURSE_057_M1_S3,Semantically_Audited,Active,4.0,Subtopic
SUB_COURSE_057_M1_S4,social perception,4,"social perception: Processes through which people form impressions and interpret other people's characteristics, intentions, and behaviour. In Social Cognition, the focus is on the analysis, design, implementation, interpretation, or evaluation of social perception within Social Psychology, particularly where the Social Cognition module establishes its technical context.",SSD_COURSE_057_M1_S4,Semantically_Audited,Active,4.0,Subtopic
SUB_COURSE_057_M1_S5,judgment,5,"judgment: Evaluation or decision-making about people, groups, or social situations using available information and cognitive processes. In Social Cognition, the focus is on the analysis, design, implementation, interpretation, or evaluation of judgment within Social Psychology, particularly where the Social Cognition module establishes its technical context.",SSD_COURSE_057_M1_S5,Semantically_Audited,Active,4.0,Subtopic
SUB_COURSE_057_M2_S1,attitude formation,1,"attitude formation refers to the development of evaluations or preferences toward people, objects, issues, or behaviours. In Attitudes and Persuasion, the focus is on the analysis, design, implementation, interpretation, or evaluation of attitude formation within Social Psychology, particularly where the Attitudes and Persuasion module establishes its technical context.",SSD_COURSE_057_M2_S1,Semantically_Audited,Active,4.0,Subtopic
SUB_COURSE_057_M2_S2,cognitive dissonance,2,"cognitive dissonance: Psychological discomfort arising from inconsistency between cognitions, attitudes, or behaviour that can motivate change. In Attitudes and Persuasion, the focus is on the analysis, design, implementation, interpretation, or evaluation of cognitive dissonance within Social Psychology, particularly where the Attitudes and Persuasion module establishes its technical context.",SSD_COURSE_057_M2_S2,Semantically_Audited,Active,4.0,Subtopic
SUB_COURSE_057_M2_S3,persuasion models,3,"persuasion models: Models explaining how messages, sources, recipients, and contexts influence changes in attitudes or behaviour. In Attitudes and Persuasion, the focus is on the analysis, design, implementation, interpretation, or evaluation of persuasion models within Social Psychology, particularly where the Attitudes and Persuasion module establishes its technical context.",SSD_COURSE_057_M2_S3,Semantically_Audited,Active,4.0,Subtopic
SUB_COURSE_057_M2_S4,resistance,4,"resistance: Processes that reduce or oppose attempts to change a person's attitudes, beliefs, or behaviour. In Attitudes and Persuasion, the focus is on the analysis, design, implementation, interpretation, or evaluation of resistance within Social Psychology, particularly where the Attitudes and Persuasion module establishes its technical context.",SSD_COURSE_057_M2_S4,Semantically_Audited,Active,4.0,Subtopic
SUB_COURSE_057_M3_S1,attraction,1,"attraction refers to the processes and factors influencing positive interpersonal evaluation and desire for social contact. In Interpersonal Processes, the focus is on the analysis, design, implementation, interpretation, or evaluation of attraction within Social Psychology, particularly where the Interpersonal Processes module establishes its technical context.",SSD_COURSE_057_M3_S1,Semantically_Audited,Active,4.0,Subtopic
SUB_COURSE_057_M3_S2,relationships,2,"relationships: Patterns of interaction, attachment, exchange, support, and conflict between people. In Interpersonal Processes, the focus is on the analysis, design, implementation, interpretation, or evaluation of relationships within Social Psychology, particularly where the Interpersonal Processes module establishes its technical context.",SSD_COURSE_057_M3_S2,Semantically_Audited,Active,4.0,Subtopic
SUB_COURSE_057_M3_S3,prosocial behaviour,3,"prosocial behaviour: Behaviour intended to benefit, help, support, or protect another person or group. In Interpersonal Processes, the focus is on the analysis, design, implementation, interpretation, or evaluation of prosocial behaviour within Social Psychology, particularly where the Interpersonal Processes module establishes its technical context.",SSD_COURSE_057_M3_S3,Semantically_Audited,Active,4.0,Subtopic
SUB_COURSE_057_M3_S4,aggression,4,"aggression: Behaviour intended to harm another person or group, including its social and psychological determinants. In Interpersonal Processes, the focus is on the analysis, design, implementation, interpretation, or evaluation of aggression within Social Psychology, particularly where the Interpersonal Processes module establishes its technical context.",SSD_COURSE_057_M3_S4,Semantically_Audited,Active,4.0,Subtopic
SUB_COURSE_057_M3_S5,conflict,5,"conflict: Incompatible goals, interests, beliefs, or actions between individuals or groups and the processes through which conflict develops. In Interpersonal Processes, the focus is on the analysis, design, implementation, interpretation, or evaluation of conflict within Social Psychology, particularly where the Interpersonal Processes module establishes its technical context.",SSD_COURSE_057_M3_S5,Semantically_Audited,Active,4.0,Subtopic
SUB_COURSE_057_M4_S1,group norms,1,"group norms: Shared expectations within a group about appropriate attitudes, behaviour, and interaction. In Groups and Collective Behaviour, the focus is on the analysis, design, implementation, interpretation, or evaluation of group norms within Social Psychology, particularly where the Groups and Collective Behaviour module establishes its technical context.",SSD_COURSE_057_M4_S1,Semantically_Audited,Active,4.0,Subtopic
SUB_COURSE_057_M4_S2,conformity,2,"conformity: Adjustment of attitudes, judgments, or behaviour toward perceived group norms or expectations. In Groups and Collective Behaviour, the focus is on the analysis, design, implementation, interpretation, or evaluation of conformity within Social Psychology, particularly where the Groups and Collective Behaviour module establishes its technical context.",SSD_COURSE_057_M4_S2,Semantically_Audited,Active,4.0,Subtopic
SUB_COURSE_057_M4_S3,obedience,3,"obedience: Behavioural compliance with a directive from an authority figure or recognised authority. In Groups and Collective Behaviour, the focus is on the analysis, design, implementation, interpretation, or evaluation of obedience within Social Psychology, particularly where the Groups and Collective Behaviour module establishes its technical context.",SSD_COURSE_057_M4_S3,Semantically_Audited,Active,4.0,Subtopic
SUB_COURSE_057_M4_S4,group decision-making,4,"group decision-making: Processes through which group members combine information, preferences, and judgments to reach collective decisions. In Groups and Collective Behaviour, the focus is on the analysis, design, implementation, interpretation, or evaluation of group decision-making within Social Psychology, particularly where the Groups and Collective Behaviour module establishes its technical context.",SSD_COURSE_057_M4_S4,Semantically_Audited,Active,4.0,Subtopic
SUB_COURSE_057_M4_S5,collective action,5,"collective action: Coordinated behaviour by multiple people pursuing a shared social or political objective. In Groups and Collective Behaviour, the focus is on the analysis, design, implementation, interpretation, or evaluation of collective action within Social Psychology, particularly where the Groups and Collective Behaviour module establishes its technical context.",SSD_COURSE_057_M4_S5,Semantically_Audited,Active,4.0,Subtopic
SUB_COURSE_057_M5_S1,social identity,1,"social identity: Part of a person's self-concept derived from perceived membership in social groups. In Identity and Intergroup Relations, the focus is on the analysis, design, implementation, interpretation, or evaluation of social identity within Social Psychology, particularly where the Identity and Intergroup Relations module establishes its technical context.",SSD_COURSE_057_M5_S1,Semantically_Audited,Active,4.0,Subtopic
SUB_COURSE_057_M5_S2,categorization,2,"categorization: Grouping people or social information into categories that simplify perception and judgment. In Identity and Intergroup Relations, the focus is on the analysis, design, implementation, interpretation, or evaluation of categorization within Social Psychology, particularly where the Identity and Intergroup Relations module establishes its technical context.",SSD_COURSE_057_M5_S2,Semantically_Audited,Active,4.0,Subtopic
SUB_COURSE_057_M5_S3,prejudice,3,"prejudice refers to an evaluative attitude toward a person or group based partly on group membership rather than individual information. In Identity and Intergroup Relations, the focus is on the analysis, design, implementation, interpretation, or evaluation of prejudice within Social Psychology, particularly where the Identity and Intergroup Relations module establishes its technical context.",SSD_COURSE_057_M5_S3,Semantically_Audited,Active,4.0,Subtopic
SUB_COURSE_057_M5_S4,stereotyping,4,"stereotyping: Attributing generalised beliefs or characteristics to members of a social group. In Identity and Intergroup Relations, the focus is on the analysis, design, implementation, interpretation, or evaluation of stereotyping within Social Psychology, particularly where the Identity and Intergroup Relations module establishes its technical context.",SSD_COURSE_057_M5_S4,Semantically_Audited,Active,4.0,Subtopic
SUB_COURSE_057_M5_S5,intergroup conflict,5,"intergroup conflict: Conflict arising between social groups over goals, resources, status, identity, or perceived threats. In Identity and Intergroup Relations, the focus is on the analysis, design, implementation, interpretation, or evaluation of intergroup conflict within Social Psychology, particularly where the Identity and Intergroup Relations module establishes its technical context.",SSD_COURSE_057_M5_S5,Semantically_Audited,Active,4.0,Subtopic
SUB_COURSE_057_M6_S1,normative influence,1,"normative influence: Pressure to conform because of a desire for social acceptance or avoidance of rejection. In Social Influence and Communication, the focus is on the analysis, design, implementation, interpretation, or evaluation of normative influence within Social Psychology, particularly where the Social Influence and Communication module establishes its technical context.",SSD_COURSE_057_M6_S1,Semantically_Audited,Active,4.0,Subtopic
SUB_COURSE_057_M6_S2,informational influence,2,"informational influence: Influence arising when people use others' judgments as evidence about uncertain or ambiguous situations. In Social Influence and Communication, the focus is on the analysis, design, implementation, interpretation, or evaluation of informational influence within Social Psychology, particularly where the Social Influence and Communication module establishes its technical context.",SSD_COURSE_057_M6_S2,Semantically_Audited,Active,4.0,Subtopic
SUB_COURSE_057_M6_S3,communication,3,"communication: Exchange and interpretation of information between people through verbal, non-verbal, and mediated channels. In Social Influence and Communication, the focus is on the analysis, design, implementation, interpretation, or evaluation of communication within Social Psychology, particularly where the Social Influence and Communication module establishes its technical context.",SSD_COURSE_057_M6_S3,Semantically_Audited,Active,4.0,Subtopic
SUB_COURSE_057_M6_S4,misinformation,4,"misinformation: False or inaccurate information shared or believed without necessarily intending to deceive. In Social Influence and Communication, the focus is on the analysis, design, implementation, interpretation, or evaluation of misinformation within Social Psychology, particularly where the Social Influence and Communication module establishes its technical context.",SSD_COURSE_057_M6_S4,Semantically_Audited,Active,4.0,Subtopic
SUB_COURSE_057_M7_S1,health,1,"health refers to a multidimensional condition of physical, mental, or social well-being considered in relation to individual, social, economic, and environmental determinants. In Applications of Social Psychology, the focus is on concept-level scope: the defining mechanism, properties, constraints, and application criteria; curricular context is recorded in Concept_Category and Typical_Modules.",SSD_COURSE_057_M7_S1,Semantically_Audited,Active,4.0,Subtopic
SUB_COURSE_057_M7_S2,organizations,2,"organizations: Structured social entities with defined or emergent roles, relationships, goals, rules, and patterns of coordination among members. In Applications of Social Psychology, the focus is on concept-level scope: the defining mechanism, properties, constraints, and application criteria; curricular context is recorded in Concept_Category and Typical_Modules.",SSD_COURSE_057_M7_S2,Semantically_Audited,Active,4.0,Subtopic
SUB_COURSE_057_M7_S3,education,3,"education: Structured processes and institutions through which knowledge, skills, values, and capabilities are developed and transmitted across individuals and society. In Applications of Social Psychology, the focus is on concept-level scope: the defining mechanism, properties, constraints, and application criteria; curricular context is recorded in Concept_Category and Typical_Modules.",SSD_COURSE_057_M7_S3,Semantically_Audited,Active,4.0,Subtopic
SUB_COURSE_057_M7_S4,environmental behaviour,4,"environmental behaviour: Actions affecting the natural or built environment and the social and psychological factors influencing those actions. In Applications of Social Psychology, the focus is on the analysis, design, implementation, interpretation, or evaluation of environmental behaviour within Social Psychology, particularly where the Applications of Social Psychology module establishes its technical context.",SSD_COURSE_057_M7_S4,Semantically_Audited,Active,4.0,Subtopic
SUB_COURSE_057_M7_S5,interventions,5,"interventions: Planned activities designed to change specified psychological processes, social behaviour, or group outcomes. In Applications of Social Psychology, the focus is on the analysis, design, implementation, interpretation, or evaluation of interventions within Social Psychology, particularly where the Applications of Social Psychology module establishes its technical context.",SSD_COURSE_057_M7_S5,Semantically_Audited,Active,4.0,Subtopic
SUB_COURSE_058_M1_S1,growth models,1,"growth models: Economic models explaining long-run changes in output, productivity, capital, labour, and technological progress. In Growth and Structural Transformation, the focus is on the analysis, design, implementation, interpretation, or evaluation of growth models within Development Economics, particularly where the Growth and Structural Transformation module establishes its technical context.",SSD_COURSE_058_M1_S1,Semantically_Audited,Active,4.0,Subtopic
SUB_COURSE_058_M1_S2,productivity,2,"productivity: Output produced per unit of an input such as labour or capital. In Growth and Structural Transformation, the focus is on the analysis, design, implementation, interpretation, or evaluation of productivity within Development Economics, particularly where the Growth and Structural Transformation module establishes its technical context.",SSD_COURSE_058_M1_S2,Semantically_Audited,Active,4.0,Subtopic
SUB_COURSE_058_M1_S3,structural change,3,"structural change: Movement of economic activity, employment, and resources across sectors as an economy develops. In Growth and Structural Transformation, the focus is on the analysis, design, implementation, interpretation, or evaluation of structural change within Development Economics, particularly where the Growth and Structural Transformation module establishes its technical context.",SSD_COURSE_058_M1_S3,Semantically_Audited,Active,4.0,Subtopic
SUB_COURSE_058_M1_S4,industrialization,4,"industrialization: Expansion and transformation of manufacturing and related productive capabilities during economic development. In Growth and Structural Transformation, the focus is on the analysis, design, implementation, interpretation, or evaluation of industrialization within Development Economics, particularly where the Growth and Structural Transformation module establishes its technical context.",SSD_COURSE_058_M1_S4,Semantically_Audited,Active,4.0,Subtopic
SUB_COURSE_058_M2_S1,poverty measurement,1,"poverty measurement: Methods for defining, identifying, and quantifying poverty using measures such as poverty lines, incidence, depth, or severity. In Poverty and Inequality, the focus is on the analysis, design, implementation, interpretation, or evaluation of poverty measurement within Development Economics, particularly where the Poverty and Inequality module establishes its technical context.",SSD_COURSE_058_M2_S1,Semantically_Audited,Active,4.0,Subtopic
SUB_COURSE_058_M2_S2,inequality measures,2,"inequality measures: Statistical measures describing differences in income, wealth, consumption, or other valued outcomes across a population. In Poverty and Inequality, the focus is on the analysis, design, implementation, interpretation, or evaluation of inequality measures within Development Economics, particularly where the Poverty and Inequality module establishes its technical context.",SSD_COURSE_058_M2_S2,Semantically_Audited,Active,4.0,Subtopic
SUB_COURSE_058_M2_S3,redistribution,3,"redistribution: Policies that alter the distribution of income, wealth, or resources through taxes, transfers, or public provision. In Poverty and Inequality, the focus is on the analysis, design, implementation, interpretation, or evaluation of redistribution within Development Economics, particularly where the Poverty and Inequality module establishes its technical context.",SSD_COURSE_058_M2_S3,Semantically_Audited,Active,4.0,Subtopic
SUB_COURSE_058_M2_S4,multidimensional poverty,4,"multidimensional poverty: Poverty assessed across several dimensions such as health, education, housing, and living standards rather than income alone. In Poverty and Inequality, the focus is on the analysis, design, implementation, interpretation, or evaluation of multidimensional poverty within Development Economics, particularly where the Poverty and Inequality module establishes its technical context.",SSD_COURSE_058_M2_S4,Semantically_Audited,Active,4.0,Subtopic
SUB_COURSE_058_M3_S1,education,1,"education: Structured processes and institutions through which knowledge, skills, values, and capabilities are developed and transmitted across individuals and society. In Human Capital and Labour, the focus is on concept-level scope: the defining mechanism, properties, constraints, and application criteria; curricular context is recorded in Concept_Category and Typical_Modules.",SSD_COURSE_058_M3_S1,Semantically_Audited,Active,4.0,Subtopic
SUB_COURSE_058_M3_S2,health,2,"health refers to a multidimensional condition of physical, mental, or social well-being considered in relation to individual, social, economic, and environmental determinants. In Human Capital and Labour, the focus is on concept-level scope: the defining mechanism, properties, constraints, and application criteria; curricular context is recorded in Concept_Category and Typical_Modules.",SSD_COURSE_058_M3_S2,Semantically_Audited,Active,4.0,Subtopic
SUB_COURSE_058_M3_S3,labour markets,3,"labour markets: Markets in which workers supply labour and employers demand labour under institutional and economic conditions. In Human Capital and Labour, the focus is on the analysis, design, implementation, interpretation, or evaluation of labour markets within Development Economics, particularly where the Human Capital and Labour module establishes its technical context.",SSD_COURSE_058_M3_S3,Semantically_Audited,Active,4.0,Subtopic
SUB_COURSE_058_M3_S4,returns to human capital,4,"returns to human capital: Economic gains associated with investments in education, skills, health, or other productive capabilities. In Human Capital and Labour, the focus is on the analysis, design, implementation, interpretation, or evaluation of returns to human capital within Development Economics, particularly where the Human Capital and Labour module establishes its technical context.",SSD_COURSE_058_M3_S4,Semantically_Audited,Active,4.0,Subtopic
SUB_COURSE_058_M4_S1,property rights,1,"property rights: Rules defining rights to use, control, transfer, and benefit from assets and resources. In Institutions and Development, the focus is on the analysis, design, implementation, interpretation, or evaluation of property rights within Development Economics, particularly where the Institutions and Development module establishes its technical context.",SSD_COURSE_058_M4_S1,Semantically_Audited,Active,4.0,Subtopic
SUB_COURSE_058_M4_S2,governance,2,"governance: governance in Development Economics concerns legal rules, institutional mechanisms, duties, procedures, and compliance considerations governing governance. In Institutions and Development, the focus is on the analysis, design, implementation, interpretation, or evaluation of governance within Development Economics, particularly where the Institutions and Development module establishes its technical context.",SSD_COURSE_058_M4_S2,Semantically_Audited,Active,4.0,Subtopic
SUB_COURSE_058_M4_S3,political economy,3,"political economy: Study of how political institutions, power, and interests influence economic policies and outcomes. In Institutions and Development, the focus is on the analysis, design, implementation, interpretation, or evaluation of political economy within Development Economics, particularly where the Institutions and Development module establishes its technical context.",SSD_COURSE_058_M4_S3,Semantically_Audited,Active,4.0,Subtopic
SUB_COURSE_058_M4_S4,institutional quality,4,"institutional quality: How effectively institutions provide predictable rules, accountability, property protection, and support for economic activity. In Institutions and Development, the focus is on the analysis, design, implementation, interpretation, or evaluation of institutional quality within Development Economics, particularly where the Institutions and Development module establishes its technical context.",SSD_COURSE_058_M4_S4,Semantically_Audited,Active,4.0,Subtopic
SUB_COURSE_058_M5_S1,credit constraints,1,"credit constraints: Limits on borrowing that prevent households or firms from financing otherwise productive investments or consumption. In Markets, Finance and Development, the focus is on the analysis, design, implementation, interpretation, or evaluation of credit constraints within Development Economics, particularly where the Markets, Finance and Development module establishes its technical context.",SSD_COURSE_058_M5_S1,Semantically_Audited,Active,4.0,Subtopic
SUB_COURSE_058_M5_S2,financial inclusion,2,"financial inclusion: Access to and effective use of suitable financial services by households and firms. In Markets, Finance and Development, the focus is on the analysis, design, implementation, interpretation, or evaluation of financial inclusion within Development Economics, particularly where the Markets, Finance and Development module establishes its technical context.",SSD_COURSE_058_M5_S2,Semantically_Audited,Active,4.0,Subtopic
SUB_COURSE_058_M5_S3,market failures,3,"market failures: Conditions such as externalities, public goods, information asymmetry, or market power that prevent decentralized markets from achieving an efficient allocation of resources. In Markets, Finance and Development, the focus is on the analysis, design, implementation, interpretation, or evaluation of market failures within Development Economics, particularly where the Markets, Finance and Development module establishes its technical context.",SSD_COURSE_058_M5_S3,Semantically_Audited,Active,4.0,Subtopic
SUB_COURSE_058_M5_S4,informal institutions,4,"informal institutions: Unwritten norms, conventions, and social practices that shape economic behaviour alongside formal rules. In Markets, Finance and Development, the focus is on the analysis, design, implementation, interpretation, or evaluation of informal institutions within Development Economics, particularly where the Markets, Finance and Development module establishes its technical context.",SSD_COURSE_058_M5_S4,Semantically_Audited,Active,4.0,Subtopic
SUB_COURSE_058_M6_S1,program design,1,"program design: Structuring a development intervention by defining objectives, target groups, activities, delivery mechanisms, resources, and expected results. In Development Policy and Evaluation, the focus is on the analysis, design, implementation, interpretation, or evaluation of program design within Development Economics, particularly where the Development Policy and Evaluation module establishes its technical context.",SSD_COURSE_058_M6_S1,Semantically_Audited,Active,4.0,Subtopic
SUB_COURSE_058_M6_S2,cost-benefit analysis,2,"cost-benefit analysis: Comparison of the monetized benefits and costs of a policy or development intervention, adjusted where appropriate for timing and uncertainty. In Development Policy and Evaluation, the focus is on the analysis, design, implementation, interpretation, or evaluation of cost-benefit analysis within Development Economics, particularly where the Development Policy and Evaluation module establishes its technical context.",SSD_COURSE_058_M6_S2,Semantically_Audited,Active,4.0,Subtopic
SUB_COURSE_058_M6_S3,impact evaluation,3,"impact evaluation: Evaluation designed to estimate whether and to what extent an intervention caused observed changes in specified outcomes, using an appropriate counterfactual or identification strategy. In Development Policy and Evaluation, the focus is on concept-level scope: the defining mechanism, properties, constraints, and application criteria; curricular context is recorded in Concept_Category and Typical_Modules.",SSD_COURSE_058_M6_S3,Semantically_Audited,Active,4.0,Subtopic
SUB_COURSE_058_M6_S4,randomized trials,4,"randomized trials: Studies that randomly assign eligible units to treatment or control groups to estimate causal effects. In Development Policy and Evaluation, the focus is on the analysis, design, implementation, interpretation, or evaluation of randomized trials within Development Economics, particularly where the Development Policy and Evaluation module establishes its technical context.",SSD_COURSE_058_M6_S4,Semantically_Audited,Active,4.0,Subtopic
SUB_COURSE_058_M7_S1,trade,1,"trade: Exchange of goods and services across regions or countries and its effects on production, prices, income, and development. In International Development and Global Integration, the focus is on the analysis, design, implementation, interpretation, or evaluation of trade within Development Economics, particularly where the International Development and Global Integration module establishes its technical context.",SSD_COURSE_058_M7_S1,Semantically_Audited,Active,4.0,Subtopic
SUB_COURSE_058_M7_S2,aid,2,"aid: Transfer of financial, technical, or material resources intended to support development or humanitarian objectives. In International Development and Global Integration, the focus is on the analysis, design, implementation, interpretation, or evaluation of aid within Development Economics, particularly where the International Development and Global Integration module establishes its technical context.",SSD_COURSE_058_M7_S2,Semantically_Audited,Active,4.0,Subtopic
SUB_COURSE_058_M7_S3,migration,3,"migration: Movement of people between geographic locations, considered in relation to its drivers, patterns, consequences, and institutional or socioeconomic context. In International Development and Global Integration, the focus is on concept-level scope: the defining mechanism, properties, constraints, and application criteria; curricular context is recorded in Concept_Category and Typical_Modules.",SSD_COURSE_058_M7_S3,Semantically_Audited,Active,4.0,Subtopic
SUB_COURSE_058_M7_S4,technology transfer,4,"technology transfer: Movement and adoption of technologies, knowledge, skills, or production practices across firms, sectors, or countries. In International Development and Global Integration, the focus is on the analysis, design, implementation, interpretation, or evaluation of technology transfer within Development Economics, particularly where the International Development and Global Integration module establishes its technical context.",SSD_COURSE_058_M7_S4,Semantically_Audited,Active,4.0,Subtopic
SUB_COURSE_058_M7_S5,global value chains,5,"global value chains: Production processes distributed across multiple countries or locations with different stages contributing to a final product or service. In International Development and Global Integration, the focus is on the analysis, design, implementation, interpretation, or evaluation of global value chains within Development Economics, particularly where the International Development and Global Integration module establishes its technical context.",SSD_COURSE_058_M7_S5,Semantically_Audited,Active,4.0,Subtopic
SUB_COURSE_059_M1_S1,policy problems,1,"policy problems: policy problems in Public Policy and Governance concerns legal rules, institutional mechanisms, duties, procedures, and compliance considerations governing policy problems. In Policy Concepts and Institutions, the focus is on the analysis, design, implementation, interpretation, or evaluation of policy problems within Public Policy and Governance, particularly where the Policy Concepts and Institutions module establishes its technical context.",SSD_COURSE_059_M1_S1,Semantically_Audited,Active,4.0,Subtopic
SUB_COURSE_059_M1_S2,institutions,2,"institutions: Formal rules, organisations, and procedures that structure public authority, decision-making, and implementation. In Policy Concepts and Institutions, the focus is on the analysis, design, implementation, interpretation, or evaluation of institutions within Public Policy and Governance, particularly where the Policy Concepts and Institutions module establishes its technical context.",SSD_COURSE_059_M1_S2,Semantically_Audited,Active,4.0,Subtopic
SUB_COURSE_059_M1_S3,actors,3,"actors: Individuals, organisations, agencies, firms, civil-society groups, or other stakeholders that influence a policy process. In Policy Concepts and Institutions, the focus is on the analysis, design, implementation, interpretation, or evaluation of actors within Public Policy and Governance, particularly where the Policy Concepts and Institutions module establishes its technical context.",SSD_COURSE_059_M1_S3,Semantically_Audited,Active,4.0,Subtopic
SUB_COURSE_059_M1_S4,policy instruments,4,"policy instruments: Tools through which public authorities seek to influence behaviour, allocate resources, regulate activity, or achieve defined policy objectives. In Policy Concepts and Institutions, the focus is on concept-level scope: the defining mechanism, properties, constraints, and application criteria; curricular context is recorded in Concept_Category and Typical_Modules.",SSD_COURSE_059_M1_S4,Semantically_Audited,Active,4.0,Subtopic
SUB_COURSE_059_M2_S1,agenda setting,1,"agenda setting refers to the process through which some public problems receive attention and become priorities for government action. In Policy Formulation, the focus is on the analysis, design, implementation, interpretation, or evaluation of agenda setting within Public Policy and Governance, particularly where the Policy Formulation module establishes its technical context.",SSD_COURSE_059_M2_S1,Semantically_Audited,Active,4.0,Subtopic
SUB_COURSE_059_M2_S2,problem definition,2,"problem definition: Framing a public issue in ways that identify its causes, affected groups, scope, and possible policy responses. In Policy Formulation, the focus is on the analysis, design, implementation, interpretation, or evaluation of problem definition within Public Policy and Governance, particularly where the Policy Formulation module establishes its technical context.",SSD_COURSE_059_M2_S2,Semantically_Audited,Active,4.0,Subtopic
SUB_COURSE_059_M2_S3,evidence use,3,"evidence use refers to the systematic use of research, administrative data, evaluation findings, and other credible information in policy decisions. In Policy Formulation, the focus is on the analysis, design, implementation, interpretation, or evaluation of evidence use within Public Policy and Governance, particularly where the Policy Formulation module establishes its technical context.",SSD_COURSE_059_M2_S3,Semantically_Audited,Active,4.0,Subtopic
SUB_COURSE_059_M2_S4,policy design,4,"policy design: Formulating the objectives, instruments, target groups, implementation mechanisms, and expected effects of a public policy. In Policy Formulation, the focus is on the analysis, design, implementation, interpretation, or evaluation of policy design within Public Policy and Governance, particularly where the Policy Formulation module establishes its technical context.",SSD_COURSE_059_M2_S4,Semantically_Audited,Active,4.0,Subtopic
SUB_COURSE_059_M2_S5,stakeholder analysis,5,"stakeholder analysis: Identifying stakeholders, their interests, influence, affected interests, and relationships to inform policy formulation and implementation. In Policy Formulation, the focus is on the analysis, design, implementation, interpretation, or evaluation of stakeholder analysis within Public Policy and Governance, particularly where the Policy Formulation module establishes its technical context.",SSD_COURSE_059_M2_S5,Semantically_Audited,Active,4.0,Subtopic
SUB_COURSE_059_M3_S1,implementation structures,1,"implementation structures: Organisational arrangements, responsibilities, processes, and resources through which a policy is put into practice. In Policy Implementation, the focus is on the analysis, design, implementation, interpretation, or evaluation of implementation structures within Public Policy and Governance, particularly where the Policy Implementation module establishes its technical context.",SSD_COURSE_059_M3_S1,Semantically_Audited,Active,4.0,Subtopic
SUB_COURSE_059_M3_S2,administrative capacity,2,"administrative capacity refers to the ability of public organisations to implement policy effectively using appropriate people, systems, resources, and coordination. In Policy Implementation, the focus is on the analysis, design, implementation, interpretation, or evaluation of administrative capacity within Public Policy and Governance, particularly where the Policy Implementation module establishes its technical context.",SSD_COURSE_059_M3_S2,Semantically_Audited,Active,4.0,Subtopic
SUB_COURSE_059_M3_S3,street-level bureaucracy,3,"street-level bureaucracy: Front-line public-service work in which officials exercise discretion while implementing policy in direct interaction with citizens. In Policy Implementation, the focus is on the analysis, design, implementation, interpretation, or evaluation of street-level bureaucracy within Public Policy and Governance, particularly where the Policy Implementation module establishes its technical context.",SSD_COURSE_059_M3_S3,Semantically_Audited,Active,4.0,Subtopic
SUB_COURSE_059_M3_S4,Policy coordination,4,"Policy coordination: Alignment of actions, responsibilities, instruments, and decisions among public institutions or policy actors to reduce conflict, duplication, and implementation gaps. In Policy Implementation, the focus is on curricular scope: Public Policy and Governance; The concept is represented at the level of the stated mechanism, properties, constraints, and application criteria.",SSD_COURSE_059_M3_S4,Semantically_Audited,Active,4.0,Subtopic
SUB_COURSE_059_M4_S1,regulatory institutions,1,"regulatory institutions: Public bodies responsible for developing, administering, monitoring, or enforcing regulatory requirements. In Governance and Regulation, the focus is on the analysis, design, implementation, interpretation, or evaluation of regulatory institutions within Public Policy and Governance, particularly where the Governance and Regulation module establishes its technical context.",SSD_COURSE_059_M4_S1,Semantically_Audited,Active,4.0,Subtopic
SUB_COURSE_059_M4_S2,accountability,2,"accountability refers to the obligation of public actors to explain decisions and actions and face appropriate scrutiny or consequences. In Governance and Regulation, the focus is on the analysis, design, implementation, interpretation, or evaluation of accountability within Public Policy and Governance, particularly where the Governance and Regulation module establishes its technical context.",SSD_COURSE_059_M4_S2,Semantically_Audited,Active,4.0,Subtopic
SUB_COURSE_059_M4_S3,transparency,3,"transparency: Availability and clarity of information needed to understand public decisions, processes, spending, and performance. In Governance and Regulation, the focus is on the analysis, design, implementation, interpretation, or evaluation of transparency within Public Policy and Governance, particularly where the Governance and Regulation module establishes its technical context.",SSD_COURSE_059_M4_S3,Semantically_Audited,Active,4.0,Subtopic
SUB_COURSE_059_M4_S4,participation,4,"participation: Involvement of affected people or stakeholders in public decision-making and policy processes. In Governance and Regulation, the focus is on the analysis, design, implementation, interpretation, or evaluation of participation within Public Policy and Governance, particularly where the Governance and Regulation module establishes its technical context.",SSD_COURSE_059_M4_S4,Semantically_Audited,Active,4.0,Subtopic
SUB_COURSE_059_M4_S5,regulatory design,5,"regulatory design: Designing rules, standards, enforcement mechanisms, and institutional arrangements to achieve specified public objectives while considering compliance and implementation costs. In Governance and Regulation, the focus is on the analysis, design, implementation, interpretation, or evaluation of regulatory design within Public Policy and Governance, particularly where the Governance and Regulation module establishes its technical context.",SSD_COURSE_059_M4_S5,Semantically_Audited,Active,4.0,Subtopic
SUB_COURSE_059_M5_S1,budgets,1,"budgets: Authorised plans showing expected public revenues, expenditures, and resource allocations for a defined period. In Public Finance and Policy, the focus is on the analysis, design, implementation, interpretation, or evaluation of budgets within Public Policy and Governance, particularly where the Public Finance and Policy module establishes its technical context.",SSD_COURSE_059_M5_S1,Semantically_Audited,Active,4.0,Subtopic
SUB_COURSE_059_M5_S2,public expenditure,2,"public expenditure: Government spending on services, programmes, transfers, infrastructure, administration, and other public purposes. In Public Finance and Policy, the focus is on the analysis, design, implementation, interpretation, or evaluation of public expenditure within Public Policy and Governance, particularly where the Public Finance and Policy module establishes its technical context.",SSD_COURSE_059_M5_S2,Semantically_Audited,Active,4.0,Subtopic
SUB_COURSE_059_M5_S3,fiscal instruments,3,"fiscal instruments: Taxes, public spending, transfers, subsidies, and related budgetary measures used to influence economic activity and achieve policy objectives. In Public Finance and Policy, the focus is on the analysis, design, implementation, interpretation, or evaluation of fiscal instruments within Public Policy and Governance, particularly where the Public Finance and Policy module establishes its technical context.",SSD_COURSE_059_M5_S3,Semantically_Audited,Active,4.0,Subtopic
SUB_COURSE_059_M5_S4,procurement,4,"procurement refers to the process through which public bodies acquire goods, works, or services under defined rules and procedures. In Public Finance and Policy, the focus is on the analysis, design, implementation, interpretation, or evaluation of procurement within Public Policy and Governance, particularly where the Public Finance and Policy module establishes its technical context.",SSD_COURSE_059_M5_S4,Semantically_Audited,Active,4.0,Subtopic
SUB_COURSE_059_M5_S5,Public resource allocation,5,"Public resource allocation: Allocation of scarce public resources across programmes, services, or policy priorities subject to budget constraints, policy objectives, institutional rules, and distributional considerations. In Public Finance and Policy, the focus is on curricular scope: Public Policy and Governance; The concept is represented at the level of the stated mechanism, properties, constraints, and application criteria.",SSD_COURSE_059_M5_S5,Semantically_Audited,Active,4.0,Subtopic
SUB_COURSE_059_M6_S1,process evaluation,1,"process evaluation: Assessment of how a policy or programme was implemented, including whether activities reached intended participants and followed the planned delivery process. In Policy Evaluation, the focus is on the analysis, design, implementation, interpretation, or evaluation of process evaluation within Public Policy and Governance, particularly where the Policy Evaluation module establishes its technical context.",SSD_COURSE_059_M6_S1,Semantically_Audited,Active,4.0,Subtopic
SUB_COURSE_059_M6_S2,outcome evaluation,2,"outcome evaluation: Assessment of whether a policy or programme produced its intended outcomes and the extent to which observed changes can reasonably be attributed to the intervention. In Policy Evaluation, the focus is on the analysis, design, implementation, interpretation, or evaluation of outcome evaluation within Public Policy and Governance, particularly where the Policy Evaluation module establishes its technical context.",SSD_COURSE_059_M6_S2,Semantically_Audited,Active,4.0,Subtopic
SUB_COURSE_059_M6_S3,impact evaluation,3,"impact evaluation: Evaluation designed to estimate whether and to what extent an intervention caused observed changes in specified outcomes, using an appropriate counterfactual or identification strategy. In Policy Evaluation, the focus is on concept-level scope: the defining mechanism, properties, constraints, and application criteria; curricular context is recorded in Concept_Category and Typical_Modules.",SSD_COURSE_059_M6_S3,Semantically_Audited,Active,4.0,Subtopic
SUB_COURSE_059_M6_S4,cost-effectiveness,4,"cost-effectiveness: Comparison of alternative interventions according to the outcomes achieved for a given level of resources or cost. In Policy Evaluation, the focus is on the analysis, design, implementation, interpretation, or evaluation of cost-effectiveness within Public Policy and Governance, particularly where the Policy Evaluation module establishes its technical context.",SSD_COURSE_059_M6_S4,Semantically_Audited,Active,4.0,Subtopic
SUB_COURSE_059_M7_S1,digital public services,1,"digital public services: Government services delivered or supported through digital platforms, systems, and data. In Digital Governance and Contemporary Policy, the focus is on the analysis, design, implementation, interpretation, or evaluation of digital public services within Public Policy and Governance, particularly where the Digital Governance and Contemporary Policy module establishes its technical context.",SSD_COURSE_059_M7_S1,Semantically_Audited,Active,4.0,Subtopic
SUB_COURSE_059_M7_S2,data governance,2,"data governance: data governance in Public Policy and Governance concerns legal rules, institutional mechanisms, duties, procedures, and compliance considerations governing data governance. In Digital Governance and Contemporary Policy, the focus is on the analysis, design, implementation, interpretation, or evaluation of data governance within Public Policy and Governance, particularly where the Digital Governance and Contemporary Policy module establishes its technical context.",SSD_COURSE_059_M7_S2,Semantically_Audited,Active,4.0,Subtopic
SUB_COURSE_059_M7_S3,algorithmic decision-making,3,"algorithmic decision-making: Use of computational rules or models to support or make decisions affecting public services, rights, or resource allocation. In Digital Governance and Contemporary Policy, the focus is on the analysis, design, implementation, interpretation, or evaluation of algorithmic decision-making within Public Policy and Governance, particularly where the Digital Governance and Contemporary Policy module establishes its technical context.",SSD_COURSE_059_M7_S3,Semantically_Audited,Active,4.0,Subtopic
SUB_COURSE_059_M7_S4,platform regulation,4,"platform regulation: Rules and oversight mechanisms governing digital platforms, including issues such as competition, content, data, consumer protection, and platform accountability. In Digital Governance and Contemporary Policy, the focus is on the analysis, design, implementation, interpretation, or evaluation of platform regulation within Public Policy and Governance, particularly where the Digital Governance and Contemporary Policy module establishes its technical context.",SSD_COURSE_059_M7_S4,Semantically_Audited,Active,4.0,Subtopic
SUB_COURSE_060_M1_S1,research questions,1,"research questions: Clearly stated questions that define what a social-science study seeks to investigate or explain. In Research Design, the focus is on the analysis, design, implementation, interpretation, or evaluation of research questions within Research Methods in Social Sciences, particularly where the Research Design module establishes its technical context.",SSD_COURSE_060_M1_S1,Semantically_Audited,Active,4.0,Subtopic
SUB_COURSE_060_M1_S2,theory and hypotheses,2,"theory and hypotheses: Conceptual explanations and testable propositions linking variables, mechanisms, or expected relationships. In Research Design, the focus is on the analysis, design, implementation, interpretation, or evaluation of theory and hypotheses within Research Methods in Social Sciences, particularly where the Research Design module establishes its technical context.",SSD_COURSE_060_M1_S2,Semantically_Audited,Active,4.0,Subtopic
SUB_COURSE_060_M1_S3,exploratory/descriptive/explanatory designs,3,"exploratory/descriptive/explanatory designs: Research designs used respectively to explore a poorly understood issue, describe characteristics or patterns, or test explanations for observed relationships. In Research Design, the focus is on the analysis, design, implementation, interpretation, or evaluation of exploratory/descriptive/explanatory designs within Research Methods in Social Sciences, particularly where the Research Design module establishes its technical context.",SSD_COURSE_060_M1_S3,Semantically_Audited,Active,4.0,Subtopic
SUB_COURSE_060_M2_S1,probability sampling,1,"probability sampling: Sampling in which each eligible population unit has a known, non-zero probability of selection. In Sampling and Measurement, the focus is on the analysis, design, implementation, interpretation, or evaluation of probability sampling within Research Methods in Social Sciences, particularly where the Sampling and Measurement module establishes its technical context.",SSD_COURSE_060_M2_S1,Semantically_Audited,Active,4.0,Subtopic
SUB_COURSE_060_M2_S2,non-probability sampling,2,"non-probability sampling: Sampling methods in which selection probabilities are not known or are not based on random selection. In Sampling and Measurement, the focus is on the analysis, design, implementation, interpretation, or evaluation of non-probability sampling within Research Methods in Social Sciences, particularly where the Sampling and Measurement module establishes its technical context.",SSD_COURSE_060_M2_S2,Semantically_Audited,Active,4.0,Subtopic
SUB_COURSE_060_M2_S3,measurement scales,3,"measurement scales: Levels of measurement—nominal, ordinal, interval, and ratio—that determine what comparisons and statistical operations are appropriate for a variable. In Sampling and Measurement, the focus is on the analysis, design, implementation, interpretation, or evaluation of measurement scales within Research Methods in Social Sciences, particularly where the Sampling and Measurement module establishes its technical context.",SSD_COURSE_060_M2_S3,Semantically_Audited,Active,4.0,Subtopic
SUB_COURSE_060_M2_S4,instrument design,4,"instrument design: Designing questionnaires, interview schedules, tests, or other measurement instruments so that constructs are measured clearly, consistently, and appropriately. In Sampling and Measurement, the focus is on the analysis, design, implementation, interpretation, or evaluation of instrument design within Research Methods in Social Sciences, particularly where the Sampling and Measurement module establishes its technical context.",SSD_COURSE_060_M2_S4,Semantically_Audited,Active,4.0,Subtopic
SUB_COURSE_060_M3_S1,interviews,1,"interviews: Structured, semi-structured, or open conversations used to collect participants' accounts, experiences, or views. In Qualitative Methods, the focus is on the analysis, design, implementation, interpretation, or evaluation of interviews within Research Methods in Social Sciences, particularly where the Qualitative Methods module establishes its technical context.",SSD_COURSE_060_M3_S1,Semantically_Audited,Active,4.0,Subtopic
SUB_COURSE_060_M3_S2,focus groups,2,"focus groups: Moderated group discussions used to explore shared views, differences, meanings, and interaction around a research topic. In Qualitative Methods, the focus is on the analysis, design, implementation, interpretation, or evaluation of focus groups within Research Methods in Social Sciences, particularly where the Qualitative Methods module establishes its technical context.",SSD_COURSE_060_M3_S2,Semantically_Audited,Active,4.0,Subtopic
SUB_COURSE_060_M3_S3,observation,3,"observation: Systematic recording of behaviour, interactions, settings, or events as research data. In Qualitative Methods, the focus is on the analysis, design, implementation, interpretation, or evaluation of observation within Research Methods in Social Sciences, particularly where the Qualitative Methods module establishes its technical context.",SSD_COURSE_060_M3_S3,Semantically_Audited,Active,4.0,Subtopic
SUB_COURSE_060_M3_S4,ethnography,4,"ethnography: In-depth study of people and social practices through sustained engagement and observation in a social setting. In Qualitative Methods, the focus is on the analysis, design, implementation, interpretation, or evaluation of ethnography within Research Methods in Social Sciences, particularly where the Qualitative Methods module establishes its technical context.",SSD_COURSE_060_M3_S4,Semantically_Audited,Active,4.0,Subtopic
SUB_COURSE_060_M3_S5,thematic analysis,5,"thematic analysis refers to a qualitative method for systematically coding data and developing themes that capture recurring patterns of meaning. In Qualitative Methods, the focus is on the analysis, design, implementation, interpretation, or evaluation of thematic analysis within Research Methods in Social Sciences, particularly where the Qualitative Methods module establishes its technical context.",SSD_COURSE_060_M3_S5,Semantically_Audited,Active,4.0,Subtopic
SUB_COURSE_060_M4_S1,descriptive statistics,1,"descriptive statistics: Methods for summarising and presenting data using measures such as frequencies, means, medians, and dispersion. In Quantitative Methods and Data Analysis, the focus is on the analysis, design, implementation, interpretation, or evaluation of descriptive statistics within Research Methods in Social Sciences, particularly where the Quantitative Methods and Data Analysis module establishes its technical context.",SSD_COURSE_060_M4_S1,Semantically_Audited,Active,4.0,Subtopic
SUB_COURSE_060_M4_S2,regression,2,"regression: Statistical modelling of relationships between an outcome variable and one or more explanatory variables. In Quantitative Methods and Data Analysis, the focus is on the analysis, design, implementation, interpretation, or evaluation of regression within Research Methods in Social Sciences, particularly where the Quantitative Methods and Data Analysis module establishes its technical context.",SSD_COURSE_060_M4_S2,Semantically_Audited,Active,4.0,Subtopic
SUB_COURSE_060_M4_S3,hypothesis testing,3,"hypothesis testing: Statistical procedures for evaluating evidence against a null or reference hypothesis using a specified test statistic, significance level, and sampling model. In Quantitative Methods and Data Analysis, the focus is on the analysis, design, implementation, interpretation, or evaluation of hypothesis testing within Research Methods in Social Sciences, particularly where the Quantitative Methods and Data Analysis module establishes its technical context.",SSD_COURSE_060_M4_S3,Semantically_Audited,Active,4.0,Subtopic
SUB_COURSE_060_M4_S4,causal inference basics,4,"causal inference basics: Methods and assumptions used to distinguish causal effects from associations in observational or experimental data. In Quantitative Methods and Data Analysis, the focus is on the analysis, design, implementation, interpretation, or evaluation of causal inference basics within Research Methods in Social Sciences, particularly where the Quantitative Methods and Data Analysis module establishes its technical context.",SSD_COURSE_060_M4_S4,Semantically_Audited,Active,4.0,Subtopic
SUB_COURSE_060_M5_S1,sequential designs,1,"sequential designs: Mixed-methods designs in which one phase of qualitative or quantitative research is conducted before the next and informs its purpose or execution. In Mixed Methods and Integration, the focus is on the analysis, design, implementation, interpretation, or evaluation of sequential designs within Research Methods in Social Sciences, particularly where the Mixed Methods and Integration module establishes its technical context.",SSD_COURSE_060_M5_S1,Semantically_Audited,Active,4.0,Subtopic
SUB_COURSE_060_M5_S2,convergent designs,2,"convergent designs: Mixed-methods designs in which qualitative and quantitative data are collected in a broadly parallel phase and integrated to compare or complement findings. In Mixed Methods and Integration, the focus is on the analysis, design, implementation, interpretation, or evaluation of convergent designs within Research Methods in Social Sciences, particularly where the Mixed Methods and Integration module establishes its technical context.",SSD_COURSE_060_M5_S2,Semantically_Audited,Active,4.0,Subtopic
SUB_COURSE_060_M5_S3,triangulation,3,"triangulation: Using multiple data sources, methods, investigators, or perspectives to examine the consistency of research findings. In Mixed Methods and Integration, the focus is on the analysis, design, implementation, interpretation, or evaluation of triangulation within Research Methods in Social Sciences, particularly where the Mixed Methods and Integration module establishes its technical context.",SSD_COURSE_060_M5_S3,Semantically_Audited,Active,4.0,Subtopic
SUB_COURSE_060_M5_S4,integration,4,"integration: Systematic combination of qualitative and quantitative evidence so that the findings inform a common interpretation. In Mixed Methods and Integration, the focus is on the analysis, design, implementation, interpretation, or evaluation of integration within Research Methods in Social Sciences, particularly where the Mixed Methods and Integration module establishes its technical context.",SSD_COURSE_060_M5_S4,Semantically_Audited,Active,4.0,Subtopic
SUB_COURSE_060_M6_S1,construct validity,1,"construct validity refers to the extent to which an operational measure adequately represents the theoretical construct it is intended to measure. In Validity, Reliability and Research Quality, the focus is on the analysis, design, implementation, interpretation, or evaluation of construct validity within Research Methods in Social Sciences, particularly where the Validity, Reliability and Research Quality module establishes its technical context.",SSD_COURSE_060_M6_S1,Semantically_Audited,Active,4.0,Subtopic
SUB_COURSE_060_M6_S2,internal validity,2,"internal validity refers to the degree to which a study supports a credible causal interpretation for its observed results. In Validity, Reliability and Research Quality, the focus is on the analysis, design, implementation, interpretation, or evaluation of internal validity within Research Methods in Social Sciences, particularly where the Validity, Reliability and Research Quality module establishes its technical context.",SSD_COURSE_060_M6_S2,Semantically_Audited,Active,4.0,Subtopic
SUB_COURSE_060_M6_S3,external validity,3,"external validity refers to the extent to which study findings can reasonably apply beyond the sampled population, setting, or conditions. In Validity, Reliability and Research Quality, the focus is on the analysis, design, implementation, interpretation, or evaluation of external validity within Research Methods in Social Sciences, particularly where the Validity, Reliability and Research Quality module establishes its technical context.",SSD_COURSE_060_M6_S3,Semantically_Audited,Active,4.0,Subtopic
SUB_COURSE_060_M6_S4,reliability,4,"reliability: reliability in Research Methods in Social Sciences concerns legal rules, institutional mechanisms, duties, procedures, and compliance considerations governing reliability. In Validity, Reliability and Research Quality, the focus is on the analysis, design, implementation, interpretation, or evaluation of reliability within Research Methods in Social Sciences, particularly where the Validity, Reliability and Research Quality module establishes its technical context.",SSD_COURSE_060_M6_S4,Semantically_Audited,Active,4.0,Subtopic
SUB_COURSE_060_M6_S5,reflexivity,5,"reflexivity: Critical examination of how the researcher's position, assumptions, relationships, and decisions may affect the research. In Validity, Reliability and Research Quality, the focus is on the analysis, design, implementation, interpretation, or evaluation of reflexivity within Research Methods in Social Sciences, particularly where the Validity, Reliability and Research Quality module establishes its technical context.",SSD_COURSE_060_M6_S5,Semantically_Audited,Active,4.0,Subtopic
SUB_COURSE_060_M7_S1,informed consent,1,"informed consent: Voluntary agreement to participate based on adequate information about the study, risks, benefits, and rights. In Research Ethics and Integrity, the focus is on the analysis, design, implementation, interpretation, or evaluation of informed consent within Research Methods in Social Sciences, particularly where the Research Ethics and Integrity module establishes its technical context.",SSD_COURSE_060_M7_S1,Semantically_Audited,Active,4.0,Subtopic
SUB_COURSE_060_M7_S2,Research confidentiality,2,"Research confidentiality: Protection of identifiable or sensitive research information from unauthorized access or disclosure, consistent with informed consent, ethics requirements, data-management plans, and applicable law. In Research Ethics and Integrity, the focus is on curricular scope: Research Methods in Social Sciences; The concept is represented at the level of the stated mechanism, properties, constraints, and application criteria.",SSD_COURSE_060_M7_S2,Semantically_Audited,Active,4.0,Subtopic
SUB_COURSE_060_M7_S3,research ethics review,3,"research ethics review: Independent or institutional review of a study's ethical acceptability, participant protections, and consent procedures. In Research Ethics and Integrity, the focus is on the analysis, design, implementation, interpretation, or evaluation of research ethics review within Research Methods in Social Sciences, particularly where the Research Ethics and Integrity module establishes its technical context.",SSD_COURSE_060_M7_S3,Semantically_Audited,Active,4.0,Subtopic
SUB_COURSE_060_M7_S4,data management,4,"data management: Processes for organising, storing, securing, documenting, preserving, and appropriately sharing research data. In Research Ethics and Integrity, the focus is on the analysis, design, implementation, interpretation, or evaluation of data management within Research Methods in Social Sciences, particularly where the Research Ethics and Integrity module establishes its technical context.",SSD_COURSE_060_M7_S4,Semantically_Audited,Active,4.0,Subtopic
SUB_COURSE_060_M7_S5,reproducibility,5,"reproducibility refers to the ability to obtain consistent results when the same analysis, data, methods, and documented computational steps are repeated. In Research Ethics and Integrity, the focus is on the analysis, design, implementation, interpretation, or evaluation of reproducibility within Machine Learning, particularly where the Model Evaluation and Deployment module establishes its technical context.",SSD_COURSE_060_M7_S5,Semantically_Audited,Active,4.0,Subtopic
