cf_skill_id:ID,education_level,sub_heading,text,status,:LABEL
CFS_SDG01_SEC_001,Secondary education,Critical thinking and research,"Investigate poverty using primary and secondary sources, analysing data and statistics.",Active,CFSkill
CFS_SDG01_SEC_002,Secondary education,Critical thinking and research,Compare what US$2.15 per day can buy in different countries and explore purchasing power differences.,Active,CFSkill
CFS_SDG01_SEC_003,Secondary education,Critical thinking and research,Apply economic and social theories to real-world poverty challenges.,Active,CFSkill
CFS_SDG01_SEC_004,Secondary education,Critical thinking and research,"Engage in debates and structured discussions, challenging stereotypes and assumptions.",Active,CFSkill
CFS_SDG01_SEC_005,Secondary education,Problem solving and practical application,"Conduct financial simulations, such as budgeting on a low income.",Active,CFSkill
CFS_SDG01_SEC_006,Secondary education,Problem solving and practical application,Propose poverty alleviation strategies and assess their feasibility.,Active,CFSkill
CFS_SDG01_SEC_007,Secondary education,Problem solving and practical application,Participate in case study analysis of successful poverty reduction programmes.,Active,CFSkill
CFS_SDG01_SEC_008,Secondary education,Financial literacy and economic understanding,"Learn about financial management, including budgeting, saving and responsible spending.",Active,CFSkill
CFS_SDG01_SEC_009,Secondary education,Financial literacy and economic understanding,Understand basic investment concepts and financial systems.,Active,CFSkill
CFS_SDG01_SEC_010,Secondary education,Financial literacy and economic understanding,"Apply financial planning to real-life situations, such as household budgeting.",Active,CFSkill
CFS_SDG01_SEC_011,Secondary education,Social responsibility and engagement,Plan and implement a poverty awareness campaign in the school or community.,Active,CFSkill
CFS_SDG01_SEC_012,Secondary education,Social responsibility and engagement,Engage in community service projects addressing poverty-related issues.,Active,CFSkill
CFS_SDG01_SEC_013,Secondary education,Social responsibility and engagement,Work collaboratively to develop action plans for tackling poverty at local or global levels.,Active,CFSkill
CFS_SDG01_SEC_014,Secondary education,Entrepreneurial mindset,Design and implement business or social enterprise ideas in school clubs or communities.,Active,CFSkill
CFS_SDG01_SEC_015,Secondary education,Entrepreneurial mindset,"Apply budgeting, basic financial literacy and marketing.",Active,CFSkill
CFS_SDG01_SEC_016,Secondary education,Entrepreneurial mindset,Conduct needs assessments in local communities to identify opportunities.,Active,CFSkill
CFS_SDG01_SEC_017,Secondary education,Entrepreneurial mindset,"Apply poverty alleviation strategies such as microfinance, community-based projects, social entrepreneurship.",Active,CFSkill
CFS_SDG01_TVET_001,TVET,Vocational and technical skills,"Acquire practical skills for employment in growing industries such as renewable energy, information and communications technology (ICT), construction, healthcare and sustainable agriculture.",Active,CFSkill
CFS_SDG01_TVET_002,TVET,Vocational and technical skills,Learn technical problem solving and innovation to enhance employability.,Active,CFSkill
CFS_SDG01_TVET_003,TVET,Vocational and technical skills,"Develop entrepreneurial competencies, including business planning, marketing and financial management.",Active,CFSkill
CFS_SDG01_TVET_004,TVET,Vocational and technical skills,Start and manage small businesses or co-operatives using sector-specific skills.,Active,CFSkill
CFS_SDG01_TVET_005,TVET,Economic and business skills,"Plan, implement and evaluate livelihood strategies for poverty reduction.",Active,CFSkill
CFS_SDG01_TVET_006,TVET,Economic and business skills,"Apply financial literacy, including budgeting, credit management and savings strategies.",Active,CFSkill
CFS_SDG01_TVET_007,TVET,Economic and business skills,"Explore income diversification, value addition and sustainable small business practices.",Active,CFSkill
CFS_SDG01_TVET_008,TVET,Economic and business skills,"Apply business registration, taxation and compliance to transition informal enterprises into formal economic activities.",Active,CFSkill
CFS_SDG01_TVET_009,TVET,Economic and business skills,Analyse market trends and labour demands to align skills training with economic opportunities.,Active,CFSkill
CFS_SDG01_TVET_010,TVET,Workforce readiness and employability,Develop communication and negotiation skills to succeed in the workplace and business environments.,Active,CFSkill
CFS_SDG01_TVET_011,TVET,Workforce readiness and employability,"Gain expertise in teamwork, adaptability and resilience to navigate changing labour markets.",Active,CFSkill
CFS_SDG01_TVET_012,TVET,Workforce readiness and employability,"Engage in internships, apprenticeships and work-based learning to apply skills in real-world settings.",Active,CFSkill
CFS_SDG01_TVET_013,TVET,Workforce readiness and employability,Enhance digital skills and technological proficiency to improve employment prospects in modern economies.,Active,CFSkill
CFS_SDG01_TVET_014,TVET,Social and community impact,Participate in community-based projects that address poverty and social development.,Active,CFSkill
CFS_SDG01_TVET_015,TVET,Social and community impact,Learn how to apply pro-poor development strategies and engage in sustainable community enterprises.,Active,CFSkill
CFS_SDG01_TVET_016,TVET,Social and community impact,"Develop strategies for financial and social inclusion, particularly for marginalised groups.",Active,CFSkill
CFS_SDG01_TVET_017,TVET,Social and community impact,Link technical skills to income generation and community development.,Active,CFSkill
CFS_SDG01_TVET_018,TVET,Social and community impact,"Apply or use effective poverty reduction strategies, including microfinance, saving groups, social protection systems and sustainable livelihoods models, such as circular economy and green jobs.",Active,CFSkill
CFS_SDG01_TER_001,Tertiary education,"Research, analysis and evaluation","Conduct quantitative and qualitative research on poverty, inequality and development trends.",Active,CFSkill
CFS_SDG01_TER_002,Tertiary education,"Research, analysis and evaluation",Apply statistical tools and policy analysis methods to evaluate anti-poverty strategies.,Active,CFSkill
CFS_SDG01_TER_003,Tertiary education,"Research, analysis and evaluation","Use fieldwork, including case studies, interviews and surveys, to assess community-level poverty challenges.",Active,CFSkill
CFS_SDG01_TER_004,Tertiary education,"Research, analysis and evaluation","Critically assess policies on economic inclusion, social protection and human rights.",Active,CFSkill
CFS_SDG01_TER_005,Tertiary education,Financial and economic skills,"Develop budgeting, savings and investment strategies, especially for low-income and marginalised communities.",Active,CFSkill
CFS_SDG01_TER_006,Tertiary education,Financial and economic skills,"Analyse the impact and sustainability of micro-finance, income support programmes and local economic initiatives.",Active,CFSkill
CFS_SDG01_TER_007,Tertiary education,Financial and economic skills,"Explore economic resilience models, including diversification of income sources and adaptive social enterprises.",Active,CFSkill
CFS_SDG01_TER_008,Tertiary education,Policy design and strategic thinking,"Design evidence-based poverty alleviation strategies, including community-driven programmes and national policies.",Active,CFSkill
CFS_SDG01_TER_009,Tertiary education,Policy design and strategic thinking,Engage in systems thinking to understand the root causes and long-term impacts of poverty and inequality.,Active,CFSkill
CFS_SDG01_TER_010,Tertiary education,Policy design and strategic thinking,"Integrate interdisciplinary solutions that connect environmental, social and economic sustainability.",Active,CFSkill
CFS_SDG01_TER_011,Tertiary education,Policy design and strategic thinking,Develop sustainable business plans that align with SDG1 and SDG8.,Active,CFSkill
CFS_SDG01_TER_012,Tertiary education,Policy design and strategic thinking,"Engage in incubator projects, internships and applied research.",Active,CFSkill
CFS_SDG01_TER_013,Tertiary education,Poverty reduction and sustainable solutions,"Apply poverty reduction strategies integrating sustainable development, inclusive growth, and universal social protection.",Active,CFSkill
CFS_SDG01_TER_014,Tertiary education,Poverty reduction and sustainable solutions,"Use microfinance, social entrepreneurship, and community-driven initiatives to strengthen local economies and livelihoods.",Active,CFSkill
CFS_SDG01_TER_015,Tertiary education,Poverty reduction and sustainable solutions,"Analyse national efforts that expand equitable access to land, infrastructure, healthcare, education, and decent work.",Active,CFSkill
CFS_SDG01_TER_016,Tertiary education,Poverty reduction and sustainable solutions,"Develop adaptive strategies to mitigate poverty impacts during disasters, health crises, and economic shocks.",Active,CFSkill
CFS_SDG01_ADULT_001,Adult education,Financial literacy and planning,"Apply basic financial skills, including budgeting for household needs, planning for savings and managing loans; and understanding income, expenses, credit, debt and interest rates.",Active,CFSkill
CFS_SDG01_ADULT_002,Adult education,Financial literacy and planning,Practise budgeting and financial planning tools through real-life examples.,Active,CFSkill
CFS_SDG01_ADULT_003,Adult education,Financial literacy and planning,Recognise the importance of saving regularly and borrowing responsibly.,Active,CFSkill
CFS_SDG01_ADULT_004,Adult education,Access to financial services,"Open a savings account, access micro-loans and engage with local financial institutions. Participate in savings groups or co-operatives. Access mobile banking or community credit facilities.",Active,CFSkill
CFS_SDG01_ADULT_005,Adult education,Access to financial services,"Understand economic rights to land, property, work opportunities and entrepreneurship.",Active,CFSkill
CFS_SDG01_ADULT_006,Adult education,Income generation and business skills,Identify and plan small-scale income-generating activities based on community needs and personal strengths.,Active,CFSkill
CFS_SDG01_ADULT_007,Adult education,Income generation and business skills,"Apply basic entrepreneurship and marketing skills, such as customer service, simple pricing, record-keeping and packaging.",Active,CFSkill
CFS_SDG01_ADULT_008,Adult education,Income generation and business skills,"Access markets, work in co-operatives, or start community enterprises.",Active,CFSkill
CFS_SDG01_ADULT_009,Adult education,Income generation and business skills,Understand the use of small loans and how to make informed decisions about borrowing.,Active,CFSkill
CFS_SDG01_ADULT_010,Adult education,Income generation and business skills,"Examine economic resilience strategies, such as diversifying income sources, seasonal employment, skills-building and self-employment.",Active,CFSkill
CFS_SDG01_ADULT_011,Adult education,Communication and collaboration,Build confidence and communication skills to participate in financial decisions at home and in the community.,Active,CFSkill
CFS_SDG01_ADULT_012,Adult education,Communication and collaboration,Practise negotiation and collaboration for shared business ventures or community development.,Active,CFSkill
CFS_SDG01_ADULT_013,Adult education,Communication and collaboration,"Engage in community discussions, decision-making and local development planning.",Active,CFSkill
CFS_SDG01_ADULT_014,Adult education,Communication and collaboration,Discuss how to collaborate with development agencies and government support programmes.,Active,CFSkill
CFS_SDG02_SEC_001,Secondary education,Food planning and analysis,"Plan and evaluate balanced meals based on geographical, seasonal, economic and nutritional considerations.",Active,CFSkill
CFS_SDG02_SEC_002,Secondary education,Food planning and analysis,"Use graphs, tables and charts to analyse the energy and nutritional value of food types.",Active,CFSkill
CFS_SDG02_SEC_003,Secondary education,Food planning and analysis,Assess ingredient sourcing for sustainability and environmental impact.,Active,CFSkill
CFS_SDG02_SEC_004,Secondary education,Practical food and environmental skills,"Select, prepare and store food using methods that optimise nutrition and minimise waste.",Active,CFSkill
CFS_SDG02_SEC_005,Secondary education,Practical food and environmental skills,"Participate in gardening, food preparation and preservation projects that promote healthy and sustainable eating habits.",Active,CFSkill
CFS_SDG02_SEC_006,Secondary education,Practical food and environmental skills,"Investigate local and global food supply chains and identify challenges such as overproduction, access and inequality.",Active,CFSkill
CFS_SDG02_SEC_007,Secondary education,Action and advocacy,"Develop and implement social action plans focused on hunger, nutrition or food justice.",Active,CFSkill
CFS_SDG02_SEC_008,Secondary education,Action and advocacy,"Participate in school or community-based food literacy initiatives, such as cooking clubs, gardening programmes or nutrition campaigns.",Active,CFSkill
CFS_SDG02_SEC_009,Secondary education,Action and advocacy,Integrate indigenous knowledge into educational and sustainability projects.,Active,CFSkill
CFS_SDG02_SEC_010,Secondary education,Action and advocacy,"Research and propose local and global solutions to hunger-related issues, using data and policy evaluation tools.",Active,CFSkill
CFS_SDG02_TVET_001,TVET,Agricultural practice and management,"Implement sustainable farming methods such as agroecology, crop rotation and organic techniques to improve productivity and environmental outcomes.",Active,CFSkill
CFS_SDG02_TVET_002,TVET,Agricultural practice and management,"Apply farm management skills including resource planning, budgeting, risk management and productivity tracking to enhance operational success.",Active,CFSkill
CFS_SDG02_TVET_003,TVET,Food safety and processing,"Design and operate supply chain food safety management systems to meet standards across production, processing and retail.",Active,CFSkill
CFS_SDG02_TVET_004,TVET,Food safety and processing,"Develop skills in food preservation, processing and packaging to enhance product value and safety.",Active,CFSkill
CFS_SDG02_TVET_005,TVET,Business development and innovation,"Apply entrepreneurial thinking to develop agribusiness ventures, including food tourism and artisanal food products.",Active,CFSkill
CFS_SDG02_TVET_006,TVET,Business development and innovation,"Conduct market analysis and develop business plans that incorporate marketing, distribution and sustainability strategies.",Active,CFSkill
CFS_SDG02_TVET_007,TVET,Business development and innovation,"Engage in training and business simulations to strengthen decision-making, innovation and customer engagement skills.",Active,CFSkill
CFS_SDG02_TVET_008,TVET,Community engagement and food access,"Plan, manage and evaluate food gardens or community-based agricultural initiatives to combat hunger and improve food security.",Active,CFSkill
CFS_SDG02_TVET_009,TVET,Community engagement and food access,Collaborate with local organisations and stakeholders to implement food security programmes and nutrition education campaigns.,Active,CFSkill
CFS_SDG02_TER_001,Tertiary education,Sustainable agricultural practices,"Design and implement sustainable and climate-smart agricultural systems (for example, agroecology, crop rotation, integrated pest management) that enhance food production and resilience.",Active,CFSkill
CFS_SDG02_TER_002,Tertiary education,Sustainable agricultural practices,"Apply techniques for water conservation, soil health improvement and biodiversity protection within food production systems.",Active,CFSkill
CFS_SDG02_TER_003,Tertiary education,Food safety and farm management,Develop and monitor food safety management systems aligned with international standards to ensure quality control across the food supply chain.,Active,CFSkill
CFS_SDG02_TER_004,Tertiary education,Food safety and farm management,"Apply farm management principles, including budgeting, business planning, resource allocation and risk management, to improve agricultural viability and efficiency.",Active,CFSkill
CFS_SDG02_TER_005,Tertiary education,Business and entrepreneurship,"Develop food processing and value addition skills to create innovative, market-ready products.",Active,CFSkill
CFS_SDG02_TER_006,Tertiary education,Business and entrepreneurship,"Use business tools such as market analysis, value chain mapping and marketing strategy to launch and manage food enterprises, including those linked to food tourism and artisanal production.",Active,CFSkill
CFS_SDG02_TER_007,Tertiary education,Community development and policy leadership,"Plan and manage local food production projects, such as community gardens or urban agriculture, aimed at improving food access and nutrition.",Active,CFSkill
CFS_SDG02_TER_008,Tertiary education,Community development and policy leadership,Engage in policy-making simulations and case studies to propose evidence-based solutions to food security challenges.,Active,CFSkill
CFS_SDG02_TER_009,Tertiary education,Community development and policy leadership,"Conduct academic research on food system issues, climate impacts and sustainable agricultural practices using qualitative and quantitative tools.",Active,CFSkill
CFS_SDG02_TER_010,Tertiary education,Analytical and research competence,"Use research methodologies and data analysis to evaluate food security conditions, identify trends and recommend policy or programmatic responses.",Active,CFSkill
CFS_SDG02_TER_011,Tertiary education,Analytical and research competence,Contribute to innovation in agriculture by analysing the performance of sustainable practices and proposing refinements based on field data and community needs.,Active,CFSkill
CFS_SDG02_ADULT_001,Adult education,Sustainable and adaptive farming practices,"Apply basic sustainable farming techniques, such as agroecology, composting, intercropping and crop rotation, to improve soil health and increase yields.",Active,CFSkill
CFS_SDG02_ADULT_002,Adult education,Sustainable and adaptive farming practices,"Manage mixed farming systems effectively, combining crops, livestock and tree planting for balanced nutrition and diversified income.",Active,CFSkill
CFS_SDG02_ADULT_003,Adult education,Nutrition and food security at home and in the community,"Establish home and community vegetable gardens that integrate nutrition education, especially targeting women and caregivers.",Active,CFSkill
CFS_SDG02_ADULT_004,Adult education,Nutrition and food security at home and in the community,"Implement simple food hygiene and safety practices in food handling, storage and processing to reduce illness and waste.",Active,CFSkill
CFS_SDG02_ADULT_005,Adult education,Farm and financial management,"Improve farm planning and budgeting skills, including how to allocate resources, assess input costs and manage risks.",Active,CFSkill
CFS_SDG02_ADULT_006,Adult education,Farm and financial management,"Learn how to access credit, agricultural extension services and local markets to strengthen smallholder and community-based food production.",Active,CFSkill
CFS_SDG02_ADULT_007,Adult education,Community learning and knowledge sharing,"Participate in and contribute to community-led agricultural training, storytelling and informal learning circles to share experiences and strengthen collective problem solving.",Active,CFSkill
CFS_SDG02_ADULT_008,Adult education,Community learning and knowledge sharing,"Promote and engage in artisanal food production (for example, food preservation, fermentation, drying), adding value to crops and extending food availability year-round.",Active,CFSkill
CFS_SDG02_ADULT_009,Adult education,Climate resilience and innovation,"Implement practical climate adaptation strategies, such as drought-tolerant crops, mulching and water conservation, to strengthen local food systems.",Active,CFSkill
CFS_SDG02_ADULT_010,Adult education,Climate resilience and innovation,"Identify local environmental risks and co-develop solutions with peers, agricultural workers and facilitators.",Active,CFSkill
CFS_SDG03_SEC_001,Secondary education,Critical analysis and decision-making,"Evaluate health information and influences (for example, media, social norms, advertising).",Active,CFSkill
CFS_SDG03_SEC_002,Secondary education,Critical analysis and decision-making,"Make informed decisions about nutrition, physical activity, substance use, relationships and personal safety.",Active,CFSkill
CFS_SDG03_SEC_003,Secondary education,Health communication,"Develop the ability to clearly express health-related concerns and advocate for health-promoting behaviours within family, peer groups and community.",Active,CFSkill
CFS_SDG03_SEC_004,Secondary education,Health communication,"Participate in debates, campaigns or peer education initiatives on health topics.",Active,CFSkill
CFS_SDG03_SEC_005,Secondary education,Practical life skills,"Apply skills in basic first aid, emergency response and risk assessment.",Active,CFSkill
CFS_SDG03_SEC_006,Secondary education,Practical life skills,Use digital and community resources to access accurate health information and support services.,Active,CFSkill
CFS_SDG03_SEC_007,Secondary education,Application to real-world contexts,"Connect personal behaviours to broader societal health challenges (for example, antimicrobial resistance, vaccination hesitancy).",Active,CFSkill
CFS_SDG03_SEC_008,Secondary education,Application to real-world contexts,"Analyse how local and global health issues affect communities, using case studies or community mapping.",Active,CFSkill
CFS_SDG03_SEC_009,Secondary education,Coping and emotional regulation,"Practise stress management, emotional literacy and help-seeking behaviours.",Active,CFSkill
CFS_SDG03_SEC_010,Secondary education,Coping and emotional regulation,"Strengthen interpersonal skills for conflict resolution, empathy and maintaining healthy relationships.",Active,CFSkill
CFS_SDG03_SEC_011,Secondary education,Personal and social responsibility,Engage in service-learning or health-related projects to address community needs.,Active,CFSkill
CFS_SDG03_SEC_012,Secondary education,Personal and social responsibility,"Collaborate on group activities that promote shared responsibility for wellbeing (for example, peer mentoring, awareness campaigns).",Active,CFSkill
CFS_SDG03_TVET_001,TVET,For all health-related fields,Apply first aid and emergency response techniques.,Active,CFSkill
CFS_SDG03_TVET_002,TVET,For all health-related fields,Communicate health risks and promote healthy behaviours within communities.,Active,CFSkill
CFS_SDG03_TVET_003,TVET,For all health-related fields,Use data to evaluate health needs and support decision-making.,Active,CFSkill
CFS_SDG03_TVET_004,TVET,Health and social care/community health work,"Deliver basic health education, conduct wellness checks and support patient navigation.",Active,CFSkill
CFS_SDG03_TVET_005,TVET,Health and social care/community health work,Facilitate emotional support and referral systems.,Active,CFSkill
CFS_SDG03_TVET_006,TVET,Public and environmental health,Inspect facilities for health risks; develop sanitation and clean water strategies.,Active,CFSkill
CFS_SDG03_TVET_007,TVET,Public and environmental health,Monitor environmental indicators and enforce safety guidelines.,Active,CFSkill
CFS_SDG03_TVET_008,TVET,Hospitality and food services,Maintain hygienic food prep areas; apply HACCP (hazard analysis and critical control points).,Active,CFSkill
CFS_SDG03_TVET_009,TVET,Hospitality and food services,Prepare nutritious meals according to dietary needs.,Active,CFSkill
CFS_SDG03_TVET_010,TVET,Agriculture and food safety,Assess and manage risks in food production; enforce hygiene in storage and distribution.,Active,CFSkill
CFS_SDG03_TVET_011,TVET,Agriculture and food safety,Apply biosafety protocols in farming and livestock care.,Active,CFSkill
CFS_SDG03_TVET_012,TVET,Emergency and disaster response,Implement evacuation plans and triage systems.,Active,CFSkill
CFS_SDG03_TVET_013,TVET,Emergency and disaster response,Collaborate with medical teams in rapid response scenarios.,Active,CFSkill
CFS_SDG03_TVET_014,TVET,Occupational health and safety,"Conduct risk assessments, enforce PPE (personal protective equipment) use and train workers on safe practices.",Active,CFSkill
CFS_SDG03_TVET_015,TVET,Occupational health and safety,Investigate accidents and develop corrective action plans.,Active,CFSkill
CFS_SDG03_TER_001,Tertiary education,Public health and health sciences,"Conduct health research, analyse health data and apply evidence to health planning.",Active,CFSkill
CFS_SDG03_TER_002,Tertiary education,Public health and health sciences,"Design, implement and evaluate health promotion and disease prevention interventions.",Active,CFSkill
CFS_SDG03_TER_003,Tertiary education,Public health and health sciences,Promote interdisciplinary teamwork and communication across health and social sectors.,Active,CFSkill
CFS_SDG03_TER_004,Tertiary education,Public health and health sciences,Ensure the capacity to influence health policy and engage in health decisions.,Active,CFSkill
CFS_SDG03_TER_005,Tertiary education,Medical and clinical training,"Engage in clinical reasoning, diagnosis and treatment aligned with population health priorities.",Active,CFSkill
CFS_SDG03_TER_006,Tertiary education,Medical and clinical training,"Ensure emergency and trauma response, infection control and patient safety.",Active,CFSkill
CFS_SDG03_TER_007,Tertiary education,Medical and clinical training,Promote effective communication with diverse patients and interprofessional teams.,Active,CFSkill
CFS_SDG03_TER_008,Tertiary education,Medical and clinical training,"Provide leadership in service delivery, mentorship and continuous quality improvement.",Active,CFSkill
CFS_SDG03_TER_009,Tertiary education,"Education, psychology and social work",Ensure early identification and referral of mental health and safeguarding issues.,Active,CFSkill
CFS_SDG03_TER_010,Tertiary education,"Education, psychology and social work",Support students’ socio-emotional development and resilience.,Active,CFSkill
CFS_SDG03_TER_011,Tertiary education,"Education, psychology and social work","Work with families, health professionals and communities to promote child wellbeing.",Active,CFSkill
CFS_SDG03_TER_012,Tertiary education,Sports science and physical education,Plan and deliver physical education for diverse learners.,Active,CFSkill
CFS_SDG03_TER_013,Tertiary education,Sports science and physical education,"Use sport and recreation for social cohesion, health promotion and inclusion.",Active,CFSkill
CFS_SDG03_TER_014,Tertiary education,Sports science and physical education,Monitor and evaluate the impact of sport-based health programmes.,Active,CFSkill
CFS_SDG03_TER_015,Tertiary education,"Environmental, development and public policy studies","Design and implement interdisciplinary interventions that integrate of health, environmental sustainability and social equity, with a focus on addressing systemic inequalities.",Active,CFSkill
CFS_SDG03_TER_016,Tertiary education,"Environmental, development and public policy studies","Apply systems thinking to critically assess and solve complex, interconnected health and environmental challenges, ensuring long-term, sustainable solutions.",Active,CFSkill
CFS_SDG03_TER_017,Tertiary education,"Environmental, development and public policy studies","Lead community-based research and advocacy initiatives, emphasising the promotion of environmental health, community resilience and the empowerment of marginalised groups in policy decision-making processes.",Active,CFSkill
CFS_SDG03_TER_018,Tertiary education,"Environmental, development and public policy studies","Develop evidence-based policy recommendations that reflect a comprehensive understanding of the intersections between climate change, public health and socio-economic disparities.",Active,CFSkill
CFS_SDG03_TER_019,Tertiary education,"Environmental, development and public policy studies","Craft integrated policy strategies that encourage collaboration across sectors, emphasising ethics, inclusivity, and human rights principles in the formulation of health and environmental policies.",Active,CFSkill
CFS_SDG03_ADULT_001,Adult education,Community health and wellbeing,Promote stress management and coping strategies in daily life and crises.,Active,CFSkill
CFS_SDG03_ADULT_002,Adult education,Community health and wellbeing,Interpret health information to make informed personal and family decisions.,Active,CFSkill
CFS_SDG03_ADULT_003,Adult education,Community health and wellbeing,"Participate in health-related activities, such as first aid, immunisation drives or awareness campaigns.",Active,CFSkill
CFS_SDG03_ADULT_004,Adult education,Community health and wellbeing,Support positive parenting practices and nurturing caregiving roles.,Active,CFSkill
CFS_SDG03_ADULT_005,Adult education,Community health and wellbeing,Use advocacy and communication skills to function as a bridge between community members and health providers.,Active,CFSkill
CFS_SDG03_ADULT_006,Adult education,Parenting and family life education,Apply responsive and respectful parenting techniques.,Active,CFSkill
CFS_SDG03_ADULT_007,Adult education,Parenting and family life education,Build healthy relationships and open communication within families.,Active,CFSkill
CFS_SDG03_ADULT_008,Adult education,Parenting and family life education,Recognise when to seek help for family-related health or development issues.,Active,CFSkill
CFS_SDG03_ADULT_009,Adult education,Workplace and lifelong health learning,Identify personal stressors and managing emotional health at work.,Active,CFSkill
CFS_SDG03_ADULT_010,Adult education,Workplace and lifelong health learning,Use health information to improve quality of life and work– life balance.,Active,CFSkill
CFS_SDG03_ADULT_011,Adult education,Workplace and lifelong health learning,Apply health strategies and routines to maintain productivity and reduce risk.,Active,CFSkill
CFS_SDG04_SEC_001,Secondary education,Critical analysis of educational inequality,"Investigate and analyse the root causes of unequal access to education, including economic, cultural, gender, disability-related and geographic factors.",Active,CFSkill
CFS_SDG04_SEC_002,Secondary education,Critical analysis of educational inequality,"Use data to compare gender disparities in education access and participation in local, national and global contexts.",Active,CFSkill
CFS_SDG04_SEC_003,Secondary education,Synthesis and application,Synthesise information from multiple sources to draw informed conclusions about education-related issues.,Active,CFSkill
CFS_SDG04_SEC_004,Secondary education,Synthesis and application,"Apply learning to real-world challenges through projects, campaigns or social innovation focused on education.",Active,CFSkill
CFS_SDG04_SEC_005,Secondary education,Advocacy and inquiry,Engage in research or inquiry into education issues affecting one’s community or country.,Active,CFSkill
CFS_SDG04_SEC_006,Secondary education,Advocacy and inquiry,"Propose solutions, make informed recommendations and advocate for change, particularly around access and quality of education.",Active,CFSkill
CFS_SDG04_SEC_007,Secondary education,Gender equity in education,"Examine the transition from school to work, particularly for girls and marginalised groups.",Active,CFSkill
CFS_SDG04_SEC_008,Secondary education,Gender equity in education,Develop strategies and personal plans to overcome challenges related to education and employment pathways.,Active,CFSkill
CFS_SDG04_TVET_001,TVET,Work readiness and employability,"Demonstrate key employability traits: integrity, honesty, punctuality, adaptability, teamwork and responsibility.",Active,CFSkill
CFS_SDG04_TVET_002,TVET,Work readiness and employability,Apply workplace ethics and effective communication in varied job settings.,Active,CFSkill
CFS_SDG04_TVET_003,TVET,Sustainability and problem solving,"Apply sustainability principles to diagnose problems in real work contexts and design relevant, implementable solutions.",Active,CFSkill
CFS_SDG04_TVET_004,TVET,Sustainability and problem solving,Use systems thinking and logical–abstract reasoning to improve environmental and operational performance.,Active,CFSkill
CFS_SDG04_TVET_005,TVET,Enterprise and innovation,Develop and manage small-scale enterprises with a focus on sustainability and community needs.,Active,CFSkill
CFS_SDG04_TVET_006,TVET,Enterprise and innovation,"Integrate environmental, social and economic considerations into product design, service delivery and business models.",Active,CFSkill
CFS_SDG04_TVET_007,TVET,Programme evaluation and adaptation,Identify existing TVET programmes that need updating to meet current labour market needs and sustainability standards.,Active,CFSkill
CFS_SDG04_TVET_008,TVET,Programme evaluation and adaptation,Engage in participatory curriculum design or local training programme improvements using community feedback.,Active,CFSkill
CFS_SDG04_TVET_009,TVET,Programme evaluation and adaptation,"Plan and implement awareness campaigns or practical learning projects in communities, such as school repair days, skills-sharing workshops or eco-efficiency audits.",Active,CFSkill
CFS_SDG04_TVET_010,TVET,Programme evaluation and adaptation,Apply governance and accountability frameworks to improve quality assurance in education and training institutions.,Active,CFSkill
CFS_SDG04_TVET_011,TVET,Programme evaluation and adaptation,"Develop and implement education policies, plans, and resource management strategies at national and institutional levels.",Active,CFSkill
CFS_SDG04_TVET_012,TVET,Programme evaluation and adaptation,"Use strategies to challenge gender stereotypes and create inclusive, safe, and supportive learning environments.",Active,CFSkill
CFS_SDG04_TVET_013,TVET,Programme evaluation and adaptation,"Analyse trends in STEM and relate them to future education needs, employability, and labour market shifts.",Active,CFSkill
CFS_SDG04_TVET_014,TVET,Programme evaluation and adaptation,Integrate Indigenous knowledge and non-formal learning traditions into curriculum and training design.,Active,CFSkill
CFS_SDG04_TVET_015,TVET,Programme evaluation and adaptation,"Assess child growth and development within different social, cultural, and environmental contexts for ECCE programming.",Active,CFSkill
CFS_SDG04_TVET_016,TVET,Programme evaluation and adaptation,"Plan and support ECCE initiatives that strengthen early learning foundations, equity, and lifelong learning pathways.",Active,CFSkill
CFS_SDG04_TER_001,Tertiary education,Critical engagement and reimagining education,"Reconceive education to reflect inclusivity, creativity and diversity of thought and identity.",Active,CFSkill
CFS_SDG04_TER_002,Tertiary education,Critical engagement and reimagining education,Analyse local and national learning contexts and propose education strategies tailored to real-world needs.,Active,CFSkill
CFS_SDG04_TER_003,Tertiary education,Policy and advocacy,Interpret global education goals (including SDG4) and national policies to identify gaps and advocate for reforms.,Active,CFSkill
CFS_SDG04_TER_004,Tertiary education,Policy and advocacy,Contribute to evidence-based policy proposals and engage in advocacy for educational justice.,Active,CFSkill
CFS_SDG04_TER_005,Tertiary education,Curriculum design and assessment,Design and implement competency-based curricula aligned with sustainable development and human rights.,Active,CFSkill
CFS_SDG04_TER_006,Tertiary education,Curriculum design and assessment,Evaluate learning outcomes using both quantitative and qualitative tools.,Active,CFSkill
CFS_SDG04_TER_007,Tertiary education,Inclusive pedagogy and gender sensitivity,"Apply inclusive teaching strategies that reflect an understanding of gender, culture and learner diversity.",Active,CFSkill
CFS_SDG04_TER_008,Tertiary education,Inclusive pedagogy and gender sensitivity,"Engage in research to address gendered barriers and propose interventions that promote equity in access, participation and outcomes.",Active,CFSkill
CFS_SDG04_TER_009,Tertiary education,Research and inquiry,"Conduct educational research on access, equity, quality and learning environments.",Active,CFSkill
CFS_SDG04_TER_010,Tertiary education,Research and inquiry,"Investigate the social determinants of success in primary and secondary education, with special attention to marginalised learners.",Active,CFSkill
CFS_SDG04_TER_011,Tertiary education,Child-focused application,"Create age-appropriate, inclusive learning environments for early childhood and primary learners.",Active,CFSkill
CFS_SDG04_TER_012,Tertiary education,Child-focused application,"Apply knowledge of child development, rights and care in designing ECCE and teacher training interventions.",Active,CFSkill
CFS_SDG04_ADULT_001,Adult education,Personal learning and skills development,Identify individual learning needs and interests for personal and professional development.,Active,CFSkill
CFS_SDG04_ADULT_002,Adult education,Personal learning and skills development,"Access and navigate available learning opportunities (formal and informal), such as skills training, digital literacy, community workshops or vocational courses.",Active,CFSkill
CFS_SDG04_ADULT_003,Adult education,Critical reflection and social analysis,"Analyse how poverty, gender norms and structural inequalities impact educational access in the community.",Active,CFSkill
CFS_SDG04_ADULT_004,Adult education,Critical reflection and social analysis,Reflect on one’s own life experiences to identify educational gaps and potential pathways forward.,Active,CFSkill
CFS_SDG04_ADULT_005,Adult education,Supportive parenting and family literacy,"Design or participate in activities that promote children’s physical, intellectual, emotional and social development at home and in the community.",Active,CFSkill
CFS_SDG04_ADULT_006,Adult education,Supportive parenting and family literacy,"Apply parenting and caregiving knowledge to support early learning, school readiness and educational engagement at home.",Active,CFSkill
CFS_SDG04_ADULT_007,Adult education,Community participation and lifelong learning,"Engage in community initiatives that promote education, health and livelihoods.",Active,CFSkill
CFS_SDG04_ADULT_008,Adult education,Community participation and lifelong learning,Collaborate with others in local planning or advocacy for improved educational services and support systems.,Active,CFSkill
CFS_SDG05_SEC_001,Secondary education,Mitigating gender-based violence (GBV),"Develop and implement strategies to mitigate gender-based violence (GBV) through initiatives such as peer mediation, educational campaigns and community outreach programmes.",Active,CFSkill
CFS_SDG05_SEC_002,Secondary education,Mitigating gender-based violence (GBV),Critically assess national and international laws and policies aimed at protecting individuals from GBV and gender-based discrimination. Propose improvements based on gaps identified in these frameworks.,Active,CFSkill
CFS_SDG05_SEC_003,Secondary education,Promoting gender equality,"Design and lead awareness campaigns, school events or peer programmes that promote gender equality, challenge harmful gender stereotypes and encourage inclusivity.",Active,CFSkill
CFS_SDG05_SEC_004,Secondary education,Promoting gender equality,"Produce and distribute content (for example, videos, posters, blogs, social media) that challenges harmful gender stereotypes and promotes inclusive values, encouraging others to rethink societal norms.",Active,CFSkill
CFS_SDG05_SEC_005,Secondary education,Promoting gender equality,"Assess gender dynamics in schools and local communities, proposing inclusive solutions such as creating mixed-gender clubs, ensuring equal access to leadership roles and promoting gender-neutral policies.",Active,CFSkill
CFS_SDG05_SEC_006,Secondary education,Implement intersectional strategies,"Apply intersectional approaches in project design and leadership to ensure inclusivity, equitable representation and support for diverse gender identities, including race, class and ability.",Active,CFSkill
CFS_SDG05_SEC_007,Secondary education,Collaboration and advocacy,"Collaborate with peers, educators and community members to design and implement initiatives that promote equal opportunities in education and career pathways for all genders.",Active,CFSkill
CFS_SDG05_SEC_008,Secondary education,Collaboration and advocacy,"Study gender inequalities across global and cultural contexts, identifying discriminatory practices and proposing strategies to improve gender equity in various societies.",Active,CFSkill
CFS_SDG05_SEC_009,Secondary education,Collaboration and advocacy,"Develop counter-narratives versus a contemporary landscape marked by a resurgence of anti-feminist and misogynistic narratives, amplified through online platforms and social media influencers.",Active,CFSkill
CFS_SDG05_SEC_010,Secondary education,Monitoring and adapting gender equality actions,"Monitor and evaluate the impact of gender equality initiatives, adapting strategies based on ongoing reflection, feedback and lessons learned from each project or programme.",Active,CFSkill
CFS_SDG05_SEC_011,Secondary education,Monitoring and adapting gender equality actions,Lead or participate in school or community projects addressing gender inequality and advocate for positive change.,Active,CFSkill
CFS_SDG05_SEC_012,Secondary education,"Leadership, empowerment and responsibility","Lead and participate in gender equality initiatives, such as mixed-gender clubs or student councils that promote equal representation and participation.",Active,CFSkill
CFS_SDG05_SEC_013,Secondary education,"Leadership, empowerment and responsibility","Promote and model gender-sensitive leadership, decision-making and conflict resolution.",Active,CFSkill
CFS_SDG05_SEC_014,Secondary education,"Leadership, empowerment and responsibility","Propose and implement school-wide or community-based solutions, such as equal access to leadership roles, fair classroom responsibilities, or equitable participation in sports and STEM.",Active,CFSkill
CFS_SDG05_SEC_015,Secondary education,"Leadership, empowerment and responsibility","Monitor the effectiveness of gender equality projects and use feedback to improve future actions, promoting a cycle of reflection, learning and action.",Active,CFSkill
CFS_SDG05_TVET_001,TVET,Promoting gender equality in TVET,"Identify and address gender disparities in TVET programmes and design targeted strategies to increase the participation of under-represented groups, particularly women and gender minorities, in technical education and training.",Active,CFSkill
CFS_SDG05_TVET_002,TVET,Promoting gender equality in TVET,"Use inclusive curriculum development and teaching methods that cater to the needs of all genders, ensuring that the learning environment is accessible, non-discriminatory and promotes equal opportunities for all students.",Active,CFSkill
CFS_SDG05_TVET_003,TVET,Promoting gender equality in TVET,"Integrate gender considerations into TVET programme planning, budgeting and resource allocation, ensuring that gender equality is embedded into the design and implementation of training programmes.",Active,CFSkill
CFS_SDG05_TVET_004,TVET,Data analysis and evaluation,"Use data analysis to identify gender gaps in participation, progression and employment outcomes in TVET programmes. Evaluate the effectiveness of gender equality interventions and make data-driven recommendations for improvement.",Active,CFSkill
CFS_SDG05_TVET_005,TVET,Data analysis and evaluation,"Monitor and evaluate the impact of gender-inclusive policies and initiatives in TVET institutions and workplaces, using metrics to assess progress and inform decision-making processes.",Active,CFSkill
CFS_SDG05_TVET_006,TVET,Awareness and advocacy,"Design and implement awareness campaigns, mentorship networks and school-based initiatives that promote gender equality in technical education, encouraging all students to pursue diverse career paths.",Active,CFSkill
CFS_SDG05_TVET_007,TVET,Awareness and advocacy,"Provide gender-sensitive career guidance to challenge existing stereotypes and broaden vocational aspirations, ensuring that both male and female students feel empowered to pursue careers in diverse technical fields.",Active,CFSkill
CFS_SDG05_TVET_008,TVET,Targeted interventions and support,"Identify and address systemic barriers that hinder women’s participation in STEM and leadership roles within technical fields. Develop and implement targeted interventions, such as mentorship programmes, skills training and leadership development opportunities.",Active,CFSkill
CFS_SDG05_TVET_009,TVET,Targeted interventions and support,"Train and support women in entrepreneurship, ICT and business management, equipping them with the skills and knowledge to increase their economic participation and lead in tech-driven industries.",Active,CFSkill
CFS_SDG05_TVET_010,TVET,Leveraging digital tools,"Leverage digital tools and online learning platforms to enhance access to education and bridge gender gaps in technology-driven industries, ensuring that women and gender minorities have equal opportunities to gain skills in emerging fields like ICT and digital services.",Active,CFSkill
CFS_SDG05_TVET_011,TVET,Creating inclusive environments,"Propose solutions to create inclusive and respectful environments in TVET institutions and workplaces that respect diverse gender identities, promote safety, flexibility and equality, and accommodate the diverse needs of learners and workers.",Active,CFSkill
CFS_SDG05_TER_001,Tertiary education,Gender-responsive education and advocacy,"Facilitate inclusive sexual and reproductive health (SRH) education programmes tailored to adults, particularly in underserved and rural areas.",Active,CFSkill
CFS_SDG05_TER_002,Tertiary education,Gender-responsive education and advocacy,Design and advocate for gender-neutral curricula and teaching practices that promote equality in learning environments.,Active,CFSkill
CFS_SDG05_TER_003,Tertiary education,Gender-responsive education and advocacy,Provide equal attention and opportunities to both boys and girls in educational settings for an inclusive and balanced approach.,Active,CFSkill
CFS_SDG05_TER_004,Tertiary education,Gender-responsive education and advocacy,"Apply participatory tools, such as the 24-hour time chart, to spark dialogue on redistributing unpaid care and domestic work and its impact on gender equality.",Active,CFSkill
CFS_SDG05_TER_005,Tertiary education,Gender-responsive education and advocacy,"Design interventions aimed at increasing women’s equitable access to land, water and economic resources, considering gender dynamics.",Active,CFSkill
CFS_SDG05_TER_006,Tertiary education,Gender-responsive education and advocacy,Develop and implement strategies to prevent and respond to gender-based violence within educational and community settings.,Active,CFSkill
CFS_SDG05_TER_007,Tertiary education,Gender-responsive education and advocacy,Educate communities on harmful practices affecting women’s health and rights and mobilise efforts for legal and cultural change.,Active,CFSkill
CFS_SDG05_TER_008,Tertiary education,Gender-responsive education and advocacy,"Create mentorship programmes that support girls in overcoming barriers to education and career opportunities, especially in male-dominated fields.",Active,CFSkill
CFS_SDG05_TER_009,Tertiary education,Community engagement and empowerment,"Work with governments, NGOs and community groups to drive systemic change in education and tackle the root causes of gender inequality.",Active,CFSkill
CFS_SDG05_TER_010,Tertiary education,Community engagement and empowerment,"Review international, national and local policies to ensure equal access to sexual and reproductive health services and informed decision-making rights.",Active,CFSkill
CFS_SDG05_TER_011,Tertiary education,Community engagement and empowerment,Promote inclusive leadership and engage men and boys in challenging patriarchal norms and supporting gender equality.,Active,CFSkill
CFS_SDG05_TER_012,Tertiary education,Community engagement and empowerment,"Empower women in sustainable agriculture, climate adaptation, and natural resource management through gender-responsive environmental strategies.",Active,CFSkill
CFS_SDG05_TER_013,Tertiary education,Leadership and gender equality in institutions,Promote gender-sensitive leadership within educational institutions to support gender equality across all levels of administration and teaching.,Active,CFSkill
CFS_SDG05_TER_014,Tertiary education,Leadership and gender equality in institutions,Provide leadership training for women to increase their participation in decision-making spaces.,Active,CFSkill
CFS_SDG05_TER_015,Tertiary education,Leadership and gender equality in institutions,Encourage peer education models that involve men and boys in promoting gender equity and transforming masculinities.,Active,CFSkill
CFS_SDG05_TER_016,Tertiary education,Leadership and gender equality in institutions,"Advocate for systemic change through grassroots campaigns, digital media advocacy and policy lobbying, mobilising community action around gender equality.",Active,CFSkill
CFS_SDG05_TER_017,Tertiary education,Leadership and gender equality in institutions,Support the design and implementation of inclusive policies that address gender disparities in educational systems and ensure equal access to resources and opportunities.,Active,CFSkill
CFS_SDG05_TER_018,Tertiary education,Leadership and gender equality in institutions,"Recognise the importance of creating and implementing strategies that encourage gender equality through education, lifelong learning and leadership.",Active,CFSkill
CFS_SDG05_TER_019,Tertiary education,Leadership and gender equality in institutions,"Emphasise the role of individuals in contributing to a more equitable and inclusive society through advocacy, education and direct action.",Active,CFSkill
CFS_SDG05_TER_020,Tertiary education,"Data, policy and programme evaluation",Use gender-responsive data collection methods and analysis to ensure gender-disaggregated data inform decisions and strategies.,Active,CFSkill
CFS_SDG05_TER_021,Tertiary education,"Data, policy and programme evaluation","Monitor and evaluate gender equality programmes to identify successes, barriers and opportunities for further learning and development.",Active,CFSkill
CFS_SDG05_TER_022,Tertiary education,"Data, policy and programme evaluation","Critically analyse societal norms, gender stereotypes and discriminatory laws, and assess how these impact women’s education and career prospects.",Active,CFSkill
CFS_SDG05_TER_023,Tertiary education,"Data, policy and programme evaluation","Scrutinise financial allocations to gender equality programmes, ensuring that resources are spent equitably and align with gender-responsive goals.",Active,CFSkill
CFS_SDG05_TER_024,Tertiary education,"Data, policy and programme evaluation","Track public spending and assess its impact on gender equality, ensuring resource allocation aligns with gender-responsive goals.",Active,CFSkill
CFS_SDG05_ADULT_001,Adult education,Analytical and policy skills,"Use gender analysis tools (for example, the 24-hour time chart) to evaluate the impact of laws, policies and programmes on men and women.",Active,CFSkill
CFS_SDG05_ADULT_002,Adult education,Analytical and policy skills,Apply gender mainstreaming strategies to policy development and adult education programmes to promote gender-equitable service delivery.,Active,CFSkill
CFS_SDG05_ADULT_003,Adult education,Analytical and policy skills,Conduct gender audits and integrate intersectional perspectives into programme design and evaluation.,Active,CFSkill
CFS_SDG05_ADULT_004,Adult education,Analytical and policy skills,Track the progress of gender-focused initiatives and use evidence to inform advocacy and share best practices.,Active,CFSkill
CFS_SDG05_ADULT_005,Adult education,"Education, curriculum and advocacy",Critically analyse educational content and pedagogical approaches to identify and address gender bias and stereotypes.,Active,CFSkill
CFS_SDG05_ADULT_006,Adult education,"Education, curriculum and advocacy","Design and advocate for gender-inclusive curricula, learning environments and institutional practices.",Active,CFSkill
CFS_SDG05_ADULT_007,Adult education,"Education, curriculum and advocacy","Educate adults and communities on women’s rights, including addressing harmful practices such as child marriage, FGM and trafficking.",Active,CFSkill
CFS_SDG05_ADULT_008,Adult education,"Education, curriculum and advocacy","Develop inclusive SRH education programmes that address reproductive rights, maternal health, contraception, informed consent and prevention of GBV.",Active,CFSkill
CFS_SDG05_ADULT_009,Adult education,"Education, curriculum and advocacy",Create and assess school-and community-based interventions to prevent and respond to gender-based violence.,Active,CFSkill
CFS_SDG05_ADULT_010,Adult education,Community-based solutions and empowerment,"Develop strategies that promote women’s equal access to land, water, ICT and other critical resources.",Active,CFSkill
CFS_SDG05_ADULT_011,Adult education,Community-based solutions and empowerment,Design community-based solutions to address gender inequalities in the informal economy and natural resource management.,Active,CFSkill
CFS_SDG05_ADULT_012,Adult education,Community-based solutions and empowerment,Establish support systems and leadership pathways for women in marginalised and rural communities.,Active,CFSkill
CFS_SDG05_ADULT_013,Adult education,Community-based solutions and empowerment,Promote equitable digital inclusion and expand online learning access for women and girls.,Active,CFSkill
CFS_SDG05_ADULT_014,Adult education,"Financial, vocational and digital inclusion",Integrate gender-sensitive financial literacy and micro-finance strategies to promote women’s independence and community health.,Active,CFSkill
CFS_SDG05_ADULT_015,Adult education,"Financial, vocational and digital inclusion",Support gender-responsive vocational education in non-traditional sectors such as STEM and technology.,Active,CFSkill
CFS_SDG05_ADULT_016,Adult education,"Financial, vocational and digital inclusion",Advocate for policies that ensure equitable digital infrastructure and access.,Active,CFSkill
CFS_SDG05_ADULT_017,Adult education,"Financial, vocational and digital inclusion","Develop sustainable strategies to implement gender equality initiatives with measurable, inclusive outcomes.",Active,CFSkill
CFS_SDG05_ADULT_018,Adult education,Leadership and campaign development,Promote inclusive leadership practices and gender-equitable governance structures.,Active,CFSkill
CFS_SDG05_ADULT_019,Adult education,Leadership and campaign development,"Create peer education, awareness campaigns and digital media content to advance gender equality.",Active,CFSkill
CFS_SDG05_ADULT_020,Adult education,Leadership and campaign development,Collaborate across disciplines and sectors to address root causes of inequality.,Active,CFSkill
CFS_SDG05_ADULT_021,Adult education,Leadership and campaign development,Use digital platforms to amplify marginalised voices and drive advocacy for systemic change.,Active,CFSkill
CFS_SDG06_SEC_001,Secondary education,Personal and community water footprints:,"Calculate and interpret the water footprint of personal and community activities (for example, food consumption, water use at home).",Active,CFSkill
CFS_SDG06_SEC_002,Secondary education,Personal and community water footprints:,"Compare local water footprints with global averages, gaining a deeper understanding of the global disparities in water use.",Active,CFSkill
CFS_SDG06_SEC_003,Secondary education,Personal and community water footprints:,"Create informative posters illustrating the water footprint of common products (for example, cotton, meat, electronics), focusing on green, blue and grey water footprints.",Active,CFSkill
CFS_SDG06_SEC_004,Secondary education,Personal and community water footprints:,Use the posters to raise awareness about how consumer choices affect global water resources.,Active,CFSkill
CFS_SDG06_SEC_005,Secondary education,Evaluate water use,"Analyse consumption patterns of water in domestic, industrial and agricultural settings.",Active,CFSkill
CFS_SDG06_SEC_006,Secondary education,Evaluate water use,Analyse trends and how consumption patterns correlate with local water availability and global sustainability goals.,Active,CFSkill
CFS_SDG06_SEC_007,Secondary education,Policy analysis,"Use integrated thinking to analyse and evaluate water policies and infrastructure challenges, and how social, environmental and economic factors influence water management.",Active,CFSkill
CFS_SDG06_SEC_008,Secondary education,Policy analysis,Suggest changes or improvements to existing water policies based on integrated analysis.,Active,CFSkill
CFS_SDG06_SEC_009,Secondary education,Climate change adaptation,Adjust water use practices when facing challenges like water shortages or changes in the hydrologic cycle due to climate change.,Active,CFSkill
CFS_SDG06_SEC_010,Secondary education,Climate change adaptation,Apply strategies to build resilience against water supply disruptions.,Active,CFSkill
CFS_SDG06_SEC_011,Secondary education,Evaluate water issues locally and globally,"Cultivate the ability to analyse water challenges from both local and global perspectives, understanding the interconnectedness of water systems.",Active,CFSkill
CFS_SDG06_SEC_012,Secondary education,Evaluate water issues locally and globally,"Use digital tools, such as mobile apps and online platforms, to collect, analyse and interpret water-related data for understanding and promoting evidence-based solutions to local water challenges.",Active,CFSkill
CFS_SDG06_SEC_013,Secondary education,Evaluate water issues locally and globally,"Use locally appropriate tools – such as paper-based surveys, basic mobile phones or community mapping – to gather and interpret information about water use, access and challenges, and explore how simple data can support local water solutions.",Active,CFSkill
CFS_SDG06_SEC_014,Secondary education,Evaluate water issues locally and globally,"Global water management: explore the challenges and solutions to water access in different countries, focusing on issues like water scarcity, pollution and water governance.",Active,CFSkill
CFS_SDG06_SEC_015,Secondary education,Develop critical thinking and problem-solving skills,"Visit water resource locations: engage in field visits to locations illustrating water resource challenges, equitable distribution and water management strategies, especially under extreme weather events.",Active,CFSkill
CFS_SDG06_SEC_016,Secondary education,Develop critical thinking and problem-solving skills,"Develop essential problem-solving skills by engaging in critical thinking activities such as role-playing water-related scenarios, simulating water conflicts and proposing solutions.",Active,CFSkill
CFS_SDG06_SEC_017,Secondary education,Install rainwater harvesting systems,"Learn how to install rainwater harvesting systems, understanding the importance of sustainable water sourcing.",Active,CFSkill
CFS_SDG06_SEC_018,Secondary education,Install rainwater harvesting systems,Propose and implement rainwater harvesting systems in schools or communities as part of water conservation efforts.,Active,CFSkill
CFS_SDG06_TVET_001,TVET,Technical and maintenance skills,"Operate, monitor and maintain water production plants and treatment facilities.",Active,CFSkill
CFS_SDG06_TVET_002,TVET,Technical and maintenance skills,"Route, lay and repair water and wastewater pipes.",Active,CFSkill
CFS_SDG06_TVET_003,TVET,Technical and maintenance skills,"Clean and support industrial and public water infrastructure such as tanks, canals and pipelines.",Active,CFSkill
CFS_SDG06_TVET_004,TVET,Technical and maintenance skills,"Apply digital and field-based tools – such as mobile data collection apps, geographic information system (GIS) software and water quality testing kits – in plumbing, environmental technology and water systems management to assess local water infrastructure, monitor usage and pollution levels, and contribute to the design, maintenance and improvement of sustainable, evidence-based water solutions.",Active,CFSkill
CFS_SDG06_TVET_005,TVET,Diagnostic and monitoring abilities,Use diagnostic tools to assess the condition of water systems and identify faults.,Active,CFSkill
CFS_SDG06_TVET_006,TVET,Diagnostic and monitoring abilities,Conduct regular inspections and quality control checks on water and wastewater facilities.,Active,CFSkill
CFS_SDG06_TVET_007,TVET,Diagnostic and monitoring abilities,Troubleshoot operational problems in water supply and treatment systems.,Active,CFSkill
CFS_SDG06_TVET_008,TVET,Design and project implementation,Develop efficient workflows for water and waste management.,Active,CFSkill
CFS_SDG06_TVET_009,TVET,Design and project implementation,Participate in designing systems for water reuse and energy-efficient sanitation solutions.,Active,CFSkill
CFS_SDG06_TVET_010,TVET,Design and project implementation,Plan and implement sustainable recycling operations.,Active,CFSkill
CFS_SDG06_TVET_011,TVET,Renewable energy and efficiency,"Apply basic principles of solar, wind or hydro energy in water system applications.",Active,CFSkill
CFS_SDG06_TVET_012,TVET,Renewable energy and efficiency,Assess water and energy use in treatment systems for sustainability improvements.,Active,CFSkill
CFS_SDG06_TVET_013,TVET,Community and institutional engagement,Conduct awareness-raising activities in TVET institutions about water conservation and hygiene.,Active,CFSkill
CFS_SDG06_TVET_014,TVET,Community and institutional engagement,"Contribute to institutional greening efforts (for example, waste segregation, water-saving fixtures).",Active,CFSkill
CFS_SDG06_TVET_015,TVET,Community and institutional engagement,"Participate in field visits to water plants, recycling centres and infrastructure sites to observe best practices.",Active,CFSkill
CFS_SDG06_TER_001,Tertiary education,Technical and engineering competencies,"Operate, monitor and maintain machines and systems used in water production and wastewater treatment plants.",Active,CFSkill
CFS_SDG06_TER_002,Tertiary education,Technical and engineering competencies,"Conduct water audits for households, communities and institutions to measure usage patterns and promote conservation.",Active,CFSkill
CFS_SDG06_TER_003,Tertiary education,Technical and engineering competencies,"Implement and manage low-cost, scalable technologies for water harvesting, groundwater recharge and greywater reuse.",Active,CFSkill
CFS_SDG06_TER_004,Tertiary education,Technical and engineering competencies,"Develop and apply household or community-level FEW (food-energy-water) nexus models to assess the impact of environmental, social and technological drivers.",Active,CFSkill
CFS_SDG06_TER_005,Tertiary education,Technical and engineering competencies,"Design and maintain water distribution systems, including hydraulic modelling and leak detection strategies.",Active,CFSkill
CFS_SDG06_TER_006,Tertiary education,Innovation and applied research,"Engage in applied, interdisciplinary research to address water scarcity, especially in under-resourced and climate-vulnerable contexts such as small island developing states (SIDS).",Active,CFSkill
CFS_SDG06_TER_007,Tertiary education,Innovation and applied research,"Prototype and test financially sustainable water models, integrating tariffs, subsidies and demand-side management.",Active,CFSkill
CFS_SDG06_TER_008,Tertiary education,Innovation and applied research,"Use earth observation (EO) tools, GIS and remote sensing to monitor surface water, groundwater and watershed changes.",Active,CFSkill
CFS_SDG06_TER_009,Tertiary education,Innovation and applied research,"Innovate in climate adaptation strategies linked to water (for example, resilient infrastructure, early warning systems for floods and droughts).",Active,CFSkill
CFS_SDG06_TER_010,Tertiary education,Innovation and applied research,"Apply WPS (water, peace and security) tools to conduct conflict-sensitive assessments and design proactive water security interventions.",Active,CFSkill
CFS_SDG06_TER_011,Tertiary education,Governance and policy analysis,"Apply governance frameworks to analyse water rights, access equity and explore the implications of commodification versus public provision.",Active,CFSkill
CFS_SDG06_TER_012,Tertiary education,Governance and policy analysis,Use ICT tools and open-access platforms to enhance transparency and accountability in water service delivery.,Active,CFSkill
CFS_SDG06_TER_013,Tertiary education,Governance and policy analysis,"Conduct policy simulations and stakeholder analyses to evaluate trade-offs in water allocation across domestic, agricultural, industrial and ecological uses.",Active,CFSkill
CFS_SDG06_TER_014,Tertiary education,Governance and policy analysis,Design legal and institutional strategies for effective transboundary water management and compliance with international water laws.,Active,CFSkill
CFS_SDG06_TER_015,Tertiary education,Data and decision-making,"Collect, clean and interpret large water-related datasets, including disaggregated spatial and demographic data, to inform evidence-based decisions.",Active,CFSkill
CFS_SDG06_TER_016,Tertiary education,Data and decision-making,"Use data science techniques to model water demand, identify high-risk zones and simulate infrastructure stress under different climate scenarios.",Active,CFSkill
CFS_SDG06_TER_017,Tertiary education,Data and decision-making,"Develop indicators and dashboards for water monitoring systems, integrating biophysical, social and economic parameters.",Active,CFSkill
CFS_SDG06_TER_018,Tertiary education,Data and decision-making,Apply spatial analysis to guide integrated urban and land-use planning for sustainable infrastructure development.,Active,CFSkill
CFS_SDG06_TER_019,Tertiary education,Strategic and entrepreneurial skills,Conceptualise and implement entrepreneurial projects that introduce innovative water technologies or sanitation solutions to underserved communities.,Active,CFSkill
CFS_SDG06_TER_020,Tertiary education,Strategic and entrepreneurial skills,"Organise and manage recycling and waste management workflows, ensuring adherence to environmental and safety standards.",Active,CFSkill
CFS_SDG06_TER_021,Tertiary education,Strategic and entrepreneurial skills,"Develop climate-smart infrastructure projects, integrating renewable energy and circular economy principles into water systems.",Active,CFSkill
CFS_SDG06_TER_022,Tertiary education,Strategic and entrepreneurial skills,Prepare business plans and grant proposals for water innovation projects with measurable social and environmental impact.,Active,CFSkill
CFS_SDG06_TER_023,Tertiary education,Transdisciplinary and collaborative practice,"Facilitate collaborative transdisciplinary research teams combining technical, ecological and social sciences.",Active,CFSkill
CFS_SDG06_TER_024,Tertiary education,Transdisciplinary and collaborative practice,"Use participatory methods for stakeholder engagement in water governance, especially in conflict-prone or marginalised areas.",Active,CFSkill
CFS_SDG06_TER_025,Tertiary education,Transdisciplinary and collaborative practice,Engage in scenario-building and risk assessment exercises to explore water-related vulnerabilities and solutions at various scales.,Active,CFSkill
CFS_SDG06_TER_026,Tertiary education,Transdisciplinary and collaborative practice,Integrate water security knowledge into disaster response planning and development programming across sectors.,Active,CFSkill
CFS_SDG06_ADULT_001,Adult education,Personal and community hygiene and behavioural change,"Practise and promote behavioural changes that optimise the benefits of clean water, such as handwashing, safe water storage and regular cleaning of sanitation facilities.",Active,CFSkill
CFS_SDG06_ADULT_002,Adult education,Personal and community hygiene and behavioural change,"Educate community members about the health benefits of using clean water and maintaining hygiene, reducing the spread of waterborne diseases.",Active,CFSkill
CFS_SDG06_ADULT_003,Adult education,Personal and community hygiene and behavioural change,"Teach sustainable water use habits, especially to younger generations, embedding water conservation as a lifelong value.",Active,CFSkill
CFS_SDG06_ADULT_004,Adult education,Community organisation and leadership,"Form and participate in village WASH (water, sanitation and hygiene) committees that promote inclusive decision-making with balanced gender representation.",Active,CFSkill
CFS_SDG06_ADULT_005,Adult education,Community organisation and leadership,"Organise and lead community awareness campaigns, such as small watershed conservation initiatives, tree planting for water catchment protection or water-saving demonstrations.",Active,CFSkill
CFS_SDG06_ADULT_006,Adult education,Community organisation and leadership,Facilitate joint monitoring and training sessions to promote information sharing and build trust across community members and local institutions.,Active,CFSkill
CFS_SDG06_ADULT_007,Adult education,Water efficiency and conservation,"Apply practical skills in WASH, such as constructing and maintaining latrines, managing waste safely, and treating household water through simple filtration or boiling.",Active,CFSkill
CFS_SDG06_ADULT_008,Adult education,Water efficiency and conservation,"Use and teach low-cost technologies for improving water efficiency in homes and farms, such as drip irrigation, mulching and rainwater harvesting systems.",Active,CFSkill
CFS_SDG06_ADULT_009,Adult education,Water efficiency and conservation,Implement agricultural water-saving techniques and practices that avoid contamination of waterways from chemical runoff or livestock waste.,Active,CFSkill
CFS_SDG06_ADULT_010,Adult education,Watershed and resource management,"Apply watershed management techniques to conserve local water sources, including erosion control, catchment protection and reforestation.",Active,CFSkill
CFS_SDG06_ADULT_011,Adult education,Watershed and resource management,"Soil and water resource management, including water harvesting, storage and reuse for household or farming use.",Active,CFSkill
CFS_SDG06_ADULT_012,Adult education,Watershed and resource management,Apply freshwater conservation practices and contribute to local projects that restore and protect community water bodies.,Active,CFSkill
CFS_SDG06_ADULT_013,Adult education,Climate resilience,Apply human ecology and environmental resilience to create sustainable water use strategies that adapt to climate-related water scarcity or floods.,Active,CFSkill
CFS_SDG06_ADULT_014,Adult education,Climate resilience,Develop and support community water management systems for local resilience to climate change impacts.,Active,CFSkill
CFS_SDG06_ADULT_015,Adult education,Climate resilience,"Participate in or support transboundary and regional water co-operation efforts, using shared tools and frameworks for joint water monitoring, risk management and dialogue.",Active,CFSkill
CFS_SDG06_ADULT_016,Adult education,"Livelihoods, health and innovation",Integrate clean water and sanitation practices with community health and livelihood improvement strategies to enhance overall wellbeing and productivity.,Active,CFSkill
CFS_SDG06_ADULT_017,Adult education,"Livelihoods, health and innovation","Support or initiate micro-credit projects that fund water-related enterprises, such as water kiosks, community taps or hygiene product distribution.",Active,CFSkill
CFS_SDG07_SEC_001,Secondary education,Critical thinking and data analysis,Calculate ecological footprints to evaluate the impact of personal and collective energy choices.,Active,CFSkill
CFS_SDG07_SEC_002,Secondary education,Critical thinking and data analysis,"Compare efficiency, affordability and sustainability of energy systems using real-world data and case studies.",Active,CFSkill
CFS_SDG07_SEC_003,Secondary education,Inquiry and research,"Create diagrams or models illustrating how specific energy systems (wind turbines, geothermal plants) work.",Active,CFSkill
CFS_SDG07_SEC_004,Secondary education,Inquiry and research,Research renewable energy solutions suited to local or regional needs and propose adaptations.,Active,CFSkill
CFS_SDG07_SEC_005,Secondary education,Problem solving and innovation,"Design and prototype alternative energy solutions (solar cookers, energy-saving school designs).",Active,CFSkill
CFS_SDG07_SEC_006,Secondary education,Problem solving and innovation,Conduct school or home energy audits to identify inefficiencies and recommend improvements.,Active,CFSkill
CFS_SDG07_SEC_007,Secondary education,Communication and collaboration,Plan and deliver presentations or campaigns to raise awareness about sustainable energy practices.,Active,CFSkill
CFS_SDG07_SEC_008,Secondary education,Communication and collaboration,"Debate the trade-offs involved in different energy choices (for example, environmental impact versus economic viability).",Active,CFSkill
CFS_SDG07_SEC_009,Secondary education,Civic engagement and action,Develop a community-based energy conservation plan supported by audit data and local context.,Active,CFSkill
CFS_SDG07_SEC_010,Secondary education,Civic engagement and action,Collaborate on designing peer-led projects that promote clean energy use and responsible consumption.,Active,CFSkill
CFS_SDG07_SEC_011,Secondary education,Global learning,"Compare per capita energy use across countries and analyse how political, economic and technological factors influence energy access.",Active,CFSkill
CFS_SDG07_SEC_012,Secondary education,Global learning,Study national case studies of renewable energy transitions to identify transferable strategies.,Active,CFSkill
CFS_SDG07_TVET_001,TVET,Technical skills development,"Install, operate and maintain renewable energy systems, including solar panels, wind turbines, micro-hydro units and energy storage technologies.",Active,CFSkill
CFS_SDG07_TVET_002,TVET,Technical skills development,Troubleshoot and repair energy systems to maintain efficiency and ensure safety.,Active,CFSkill
CFS_SDG07_TVET_003,TVET,Design and innovation,"Design and implement small-scale, community-based renewable energy projects tailored to local environmental, economic and social needs.",Active,CFSkill
CFS_SDG07_TVET_004,TVET,Design and innovation,Integrate clean energy technologies into existing industrial or agricultural processes to enhance productivity and reduce emissions.,Active,CFSkill
CFS_SDG07_TVET_005,TVET,Energy auditing and efficiency analysis,"Conduct energy audits in homes, public buildings or enterprises to identify inefficiencies and recommend upgrades.",Active,CFSkill
CFS_SDG07_TVET_006,TVET,Energy auditing and efficiency analysis,"Use basic tools and software to calculate energy loads, cost-effectiveness and system performance.",Active,CFSkill
CFS_SDG07_TVET_007,TVET,Business and project planning,"Develop business plans for clean energy ventures, considering local market dynamics, consumer demand and government policies.",Active,CFSkill
CFS_SDG07_TVET_008,TVET,Business and project planning,Assess the environmental and economic viability of energy projects and prepare professional feasibility reports.,Active,CFSkill
CFS_SDG07_TVET_009,TVET,Community engagement and social innovation,"Lead or support clean energy projects for underserved or displaced populations, improving access and reducing reliance on polluting fuels.",Active,CFSkill
CFS_SDG07_TVET_010,TVET,Community engagement and social innovation,Organise training sessions or awareness campaigns on energy conservation and renewable energy benefits.,Active,CFSkill
CFS_SDG07_TER_001,Tertiary education,Advanced research and innovation,"Conduct original research on sustainable energy technologies, infrastructure and socio-economic impacts using interdisciplinary approaches.",Active,CFSkill
CFS_SDG07_TER_002,Tertiary education,Advanced research and innovation,"Develop and test prototypes or system designs such as wind mapping models, heat storage systems or micro-grid configurations.",Active,CFSkill
CFS_SDG07_TER_003,Tertiary education,Policy analysis and development,"Design policy instruments and frameworks that balance environmental sustainability, energy equity and economic growth.",Active,CFSkill
CFS_SDG07_TER_004,Tertiary education,Policy analysis and development,Evaluate real-world case studies and apply theoretical frameworks to assess policy effectiveness and trade-offs.,Active,CFSkill
CFS_SDG07_TER_005,Tertiary education,Data analysis and modelling,"Use analytical tools and software for climate-energy modelling, lifecycle analysis, environmental impact assessments and pro-poor energy planning.",Active,CFSkill
CFS_SDG07_TER_006,Tertiary education,Data analysis and modelling,"Interpret datasets to inform decision-making on energy efficiency, access and technological deployment.",Active,CFSkill
CFS_SDG07_TER_007,Tertiary education,Technology transfer and international collaboration,"Facilitate the exchange of knowledge and technology between countries and regions, including best practices for clean energy implementation.",Active,CFSkill
CFS_SDG07_TER_008,Tertiary education,Technology transfer and international collaboration,Design collaborative projects or joint ventures to support innovation and capacity building in sustainable energy.,Active,CFSkill
CFS_SDG07_TER_009,Tertiary education,Stakeholder engagement and communication,"Communicate technical and policy research effectively to diverse stakeholders, including government bodies, industry professionals, local communities and the media.",Active,CFSkill
CFS_SDG07_TER_010,Tertiary education,Stakeholder engagement and communication,"Organise stakeholder dialogues, roundtables or academic-policy forums for inclusive discussions on energy transitions.",Active,CFSkill
CFS_SDG07_TER_011,Tertiary education,Green trade and economic strategy,"Analyse opportunities for green trade, sustainable energy exports and the development of local renewable energy markets.",Active,CFSkill
CFS_SDG07_TER_012,Tertiary education,Green trade and economic strategy,Develop investment strategies and economic models that support clean energy innovation and entrepreneurship.,Active,CFSkill
CFS_SDG07_ADULT_001,Adult education,Practical energy decision-making,"Assess the appropriateness of different energy sources for cooking, lighting and heating in local contexts.",Active,CFSkill
CFS_SDG07_ADULT_002,Adult education,Practical energy decision-making,Make informed choices about efficient appliances and sustainable energy solutions.,Active,CFSkill
CFS_SDG07_ADULT_003,Adult education,Energy auditing and conservation,"Conduct basic energy checks in homes, shops or community centres to spot inefficiencies.",Active,CFSkill
CFS_SDG07_ADULT_004,Adult education,Energy auditing and conservation,"Suggest low-cost, energy-saving improvements (for example insulation, LED lighting, efficient cookstoves).",Active,CFSkill
CFS_SDG07_ADULT_005,Adult education,Installation and maintenance of small-scale systems,"Install, operate, maintain small solar systems, solar cookers or solar water heaters.",Active,CFSkill
CFS_SDG07_ADULT_006,Adult education,Installation and maintenance of small-scale systems,Troubleshoot common issues in household and community energy systems.,Active,CFSkill
CFS_SDG07_ADULT_007,Adult education,Community mobilisation and project implementation,"Organise and lead small-scale community projects (for example, shared solar lighting, energy-efficient public buildings).",Active,CFSkill
CFS_SDG07_ADULT_008,Adult education,Community mobilisation and project implementation,Form groups to assess local energy needs and co-develop practical solutions.,Active,CFSkill
CFS_SDG07_ADULT_009,Adult education,Education and advocacy,Facilitate workshops or demonstrations to raise awareness of clean energy and conservation.,Active,CFSkill
CFS_SDG07_ADULT_010,Adult education,Education and advocacy,Mobilise neighbours and local leaders to support clean energy programmes and fair energy policies.,Active,CFSkill
CFS_SDG07_ADULT_011,Adult education,Green entrepreneurship and economic benefits,"Identify ways to use renewable energy for income generation (for example, solar-powered tools, clean cooking businesses).",Active,CFSkill
CFS_SDG07_ADULT_012,Adult education,Green entrepreneurship and economic benefits,Develop and pitch small-scale project ideas that benefit both the community and environment.,Active,CFSkill
CFS_SDG08_SEC_001,Secondary education,Risk analysis and decision-making,Evaluate economic and social risks through case studies and simulations.,Active,CFSkill
CFS_SDG08_SEC_002,Secondary education,Risk analysis and decision-making,Debate global challenges requiring informed judgement and ethical reasoning.,Active,CFSkill
CFS_SDG08_SEC_003,Secondary education,Problem solving and innovation,Tackle real-world problems through project-based learning and innovation labs.,Active,CFSkill
CFS_SDG08_SEC_004,Secondary education,Problem solving and innovation,Prototype creative solutions and reflect on ethical dilemmas from multiple perspectives.,Active,CFSkill
CFS_SDG08_SEC_005,Secondary education,Understanding and addressing inequality,"Investigate historical and current inequalities related to gender, race and income.",Active,CFSkill
CFS_SDG08_SEC_006,Secondary education,Understanding and addressing inequality,Present research findings and engage in service-learning projects to promote inclusion.,Active,CFSkill
CFS_SDG08_SEC_007,Secondary education,Promoting equity through informed choices,Compare global economic models and their impact on income distribution.,Active,CFSkill
CFS_SDG08_SEC_008,Secondary education,Promoting equity through informed choices,Role-play ethical consumption and analyse successful policies that reduce inequality.,Active,CFSkill
CFS_SDG08_SEC_009,Secondary education,Entrepreneurship and co-operative enterprise,Create and manage student-led businesses (e.g. fair-trade tuck shop).,Active,CFSkill
CFS_SDG08_SEC_010,Secondary education,Entrepreneurship and co-operative enterprise,Develop business plans and pitch ideas to practise financial literacy and teamwork.,Active,CFSkill
CFS_SDG08_SEC_011,Secondary education,Career readiness,Build professional CVs and practise interview skills through workshops and mock interviews.,Active,CFSkill
CFS_SDG08_SEC_012,Secondary education,Career readiness,Participate in internships or mentorships to gain real-world experience.,Active,CFSkill
CFS_SDG08_SEC_013,Secondary education,Financial literacy,"Simulate budgeting, saving and investment scenarios.",Active,CFSkill
CFS_SDG08_SEC_014,Secondary education,Financial literacy,Compare personal finance strategies across different economic contexts.,Active,CFSkill
CFS_SDG08_SEC_015,Secondary education,Digital literacy and future work,"Explore online job markets, remote work and automation trends.",Active,CFSkill
CFS_SDG08_SEC_016,Secondary education,Digital literacy and future work,"Develop job-related digital skills (e.g. coding, content creation, e-commerce).",Active,CFSkill
CFS_SDG08_SEC_017,Secondary education,Digital literacy and future work,Learn safe digital practices through cybersecurity and data privacy lessons.,Active,CFSkill
CFS_SDG08_SEC_018,Secondary education,Sustainable tourism,Identify responsible tourist behaviours and design eco-friendly guides or posters.,Active,CFSkill
CFS_SDG08_SEC_019,Secondary education,Financial inclusion,Practise budgeting and compare value in everyday purchases to build financial awareness.,Active,CFSkill
CFS_SDG08_TVET_001,TVET,Addressing child labour and promoting educational access,Design outreach strategies to support children affected by child labour.,Active,CFSkill
CFS_SDG08_TVET_002,TVET,Addressing child labour and promoting educational access,Collaborate with child protection organisations to deliver awareness campaigns.,Active,CFSkill
CFS_SDG08_TVET_003,TVET,Addressing child labour and promoting educational access,Analyse case studies to identify practical solutions for reducing child labour in specific sectors.,Active,CFSkill
CFS_SDG08_TVET_004,TVET,Improving working conditions and social protection,"Conduct workplace evaluations using health, safety and labour rights checklists.",Active,CFSkill
CFS_SDG08_TVET_005,TVET,Improving working conditions and social protection,Identify hazards in simulated work environments and propose protective measures.,Active,CFSkill
CFS_SDG08_TVET_006,TVET,Improving working conditions and social protection,Develop policy proposals to strengthen social protection in target industries.,Active,CFSkill
CFS_SDG08_TVET_007,TVET,Community audits and needs assessments,"Conduct surveys, interviews or focus groups to assess local employment and education needs.",Active,CFSkill
CFS_SDG08_TVET_008,TVET,Community audits and needs assessments,Use digital tools to analyse labour market data and inform training strategies.,Active,CFSkill
CFS_SDG08_TVET_009,TVET,Community audits and needs assessments,"Create intervention plans based on audit findings, including proposals for sustainable tourism.",Active,CFSkill
CFS_SDG08_TVET_010,TVET,Ensuring decent work in supply chains,Assess supply chain practices for compliance with labour and ethical standards.,Active,CFSkill
CFS_SDG08_TVET_011,TVET,Ensuring decent work in supply chains,Produce audit reports using recognised frameworks.,Active,CFSkill
CFS_SDG08_TVET_012,TVET,Ensuring decent work in supply chains,Partner with fair trade or social enterprises to gain experience in ethical sourcing.,Active,CFSkill
CFS_SDG08_TVET_013,TVET,Establishing and managing co-operatives,"Launch and manage learner-led co-operatives, handling transactions and governance.",Active,CFSkill
CFS_SDG08_TVET_014,TVET,Establishing and managing co-operatives,"Apply budgeting, team management and decision-making skills.",Active,CFSkill
CFS_SDG08_TVET_015,TVET,Establishing and managing co-operatives,Participate in networking and mentorship programmes for co-operative development.,Active,CFSkill
CFS_SDG08_TVET_016,TVET,Entrepreneurship and micro-finance,Prepare micro-finance applications with business plans and financial projections.,Active,CFSkill
CFS_SDG08_TVET_017,TVET,Entrepreneurship and micro-finance,Manage small-scale projects with a focus on sustainability and financial responsibility.,Active,CFSkill
CFS_SDG08_TVET_018,TVET,Entrepreneurship and micro-finance,Engage with financial institutions to build investor relations and receive feedback.,Active,CFSkill
CFS_SDG08_TVET_019,TVET,Gender-responsive systems,Develop inclusive workplace policies informed by gender and diversity audits.,Active,CFSkill
CFS_SDG08_TVET_020,TVET,Gender-responsive systems,Identify barriers to gender equity and apply mitigation strategies.,Active,CFSkill
CFS_SDG08_TVET_021,TVET,Gender-responsive systems,Facilitate training to build leadership and technical skills among under-represented groups.,Active,CFSkill
CFS_SDG08_TVET_022,TVET,Employment access and job readiness,Complete internships or apprenticeships and document transferable skills.,Active,CFSkill
CFS_SDG08_TVET_023,TVET,Employment access and job readiness,"Participate in mock recruitment processes, including CV writing and interview simulations.",Active,CFSkill
CFS_SDG08_TVET_024,TVET,Industry training and workplace preparation,Attend technical workshops aligned with occupational standards.,Active,CFSkill
CFS_SDG08_TVET_025,TVET,Industry training and workplace preparation,Earn certifications through practical assessments and competency evaluations.,Active,CFSkill
CFS_SDG08_TVET_026,TVET,Industry training and workplace preparation,Practise teamwork and communication through peer-led workplace simulations.,Active,CFSkill
CFS_SDG08_TVET_027,TVET,Business development and innovation,Create and pitch business ideas through incubator programmes.,Active,CFSkill
CFS_SDG08_TVET_028,TVET,Business development and innovation,"Develop marketing plans, budgets and sales strategies using real data.",Active,CFSkill
CFS_SDG08_TVET_029,TVET,Business development and innovation,Launch pilot digital businesses using e-commerce platforms and CRM tools.,Active,CFSkill
CFS_SDG08_TVET_030,TVET,Technological literacy and digital skills,"Build proficiency in workplace technologies, including coding and smart machinery.",Active,CFSkill
CFS_SDG08_TVET_031,TVET,Technological literacy and digital skills,Apply cybersecurity protocols in practical exercises.,Active,CFSkill
CFS_SDG08_TVET_032,TVET,Technological literacy and digital skills,"Explore applications of AI, blockchain and cloud services through mini projects.",Active,CFSkill
CFS_SDG08_TVET_033,TVET,Leadership and community development,Lead simulated work teams to practise planning and supervision.,Active,CFSkill
CFS_SDG08_TVET_034,TVET,Leadership and community development,Design and implement small-scale community impact projects.,Active,CFSkill
CFS_SDG08_TVET_035,TVET,Leadership and community development,"Facilitate peer workshops on communication, mediation and inclusive leadership.",Active,CFSkill
CFS_SDG08_TVET_036,TVET,"Training for rural entrepreneurs, women and youth","Promote entrepreneurship and self-employment opportunities in rural areas, with emphasis on sustainability and green business practices.",Active,CFSkill
CFS_SDG08_TVET_037,TVET,"Training for rural entrepreneurs, women and youth",Provide targeted support for women and young entrepreneurs to overcome barriers such as limited access to resources and networks.,Active,CFSkill
CFS_SDG08_TVET_038,TVET,"Training for rural entrepreneurs, women and youth","Strengthen rural economies through digital tools, mentorship, financial resources and localised market access.",Active,CFSkill
CFS_SDG08_TVET_039,TVET,Training for labour inspectors,"Labour laws, workplace safety regulations and workers’ rights, with a focus on ensuring fair treatment and safe working conditions.",Active,CFSkill
CFS_SDG08_TVET_040,TVET,Training for labour inspectors,"Enforcement skills to monitor labour standards, ensuring compliance with wage protections, health standards and environmental regulations in industries like renewable energy.",Active,CFSkill
CFS_SDG08_TVET_041,TVET,Training for labour inspectors,"Compliance monitoring to address issues like child labour, forced labour and workplace discrimination, and ensure fair working conditions in emerging sectors.",Active,CFSkill
CFS_SDG08_TER_001,Tertiary education,Sustainable resource use and economic planning,Conduct applied research on resource efficiency and sustainable growth.,Active,CFSkill
CFS_SDG08_TER_002,Tertiary education,Sustainable resource use and economic planning,Analyse case studies to reduce waste and improve productivity in public and private sectors.,Active,CFSkill
CFS_SDG08_TER_003,Tertiary education,Sustainable resource use and economic planning,Develop policy proposals for sustainable resource management across industries.,Active,CFSkill
CFS_SDG08_TER_004,Tertiary education,Labour market analysis and employment strategy,"Design studies to identify employment trends and opportunities at local, national and global levels.",Active,CFSkill
CFS_SDG08_TER_005,Tertiary education,Labour market analysis and employment strategy,"Apply economic models to assess job quality, wage dynamics and employment rates.",Active,CFSkill
CFS_SDG08_TER_006,Tertiary education,Labour market analysis and employment strategy,Recommend strategic interventions to improve employment outcomes through skills development and planning.,Active,CFSkill
CFS_SDG08_TER_007,Tertiary education,Researching inequality and social exclusion,Investigate income inequality and its socio-economic impacts through data analysis and comparative studies.,Active,CFSkill
CFS_SDG08_TER_008,Tertiary education,Researching inequality and social exclusion,"Communicate findings via academic publications, policy briefs and conferences.",Active,CFSkill
CFS_SDG08_TER_009,Tertiary education,Inclusive labour market policy,"Assess systemic barriers to employment, including discrimination and wage disparities.",Active,CFSkill
CFS_SDG08_TER_010,Tertiary education,Inclusive labour market policy,Develop recommendations to promote equal opportunities and inclusive labour systems.,Active,CFSkill
CFS_SDG08_TER_011,Tertiary education,Evaluating economic models and ethical business,Compare traditional profit-driven models with socially responsible approaches.,Active,CFSkill
CFS_SDG08_TER_012,Tertiary education,Evaluating economic models and ethical business,"Assess corporate responsibility in relation to employment, wages and social impact.",Active,CFSkill
CFS_SDG08_TER_013,Tertiary education,Evaluating economic models and ethical business,Design business strategies that balance profitability with ethical and inclusive goals.,Active,CFSkill
CFS_SDG08_TER_014,Tertiary education,Labour migration and wage equity,Analyse the integration and economic contribution of migrant workers.,Active,CFSkill
CFS_SDG08_TER_015,Tertiary education,Labour migration and wage equity,Evaluate wage gaps and propose policy reforms to ensure fair treatment and protection.,Active,CFSkill
CFS_SDG08_TER_016,Tertiary education,Gender equality and time-use analysis,Use time-use data to assess the distribution of paid and unpaid labour by gender.,Active,CFSkill
CFS_SDG08_TER_017,Tertiary education,Gender equality and time-use analysis,Examine the impact of unpaid care work on women’s economic participation.,Active,CFSkill
CFS_SDG08_TER_018,Tertiary education,Gender equality and time-use analysis,Advocate for gender-sensitive policies that support work–life balance and inclusion.,Active,CFSkill
CFS_SDG08_TER_019,Tertiary education,Addressing structural labour inequality,"Map socio-economic barriers affecting youth, women and marginalised groups.",Active,CFSkill
CFS_SDG08_TER_020,Tertiary education,Addressing structural labour inequality,Collaborate with stakeholders to design interventions that expand access to decent work.,Active,CFSkill
CFS_SDG08_TER_021,Tertiary education,"Poverty, exclusion and employment risk",Assess how poverty and exclusion affect labour force participation.,Active,CFSkill
CFS_SDG08_TER_022,Tertiary education,"Poverty, exclusion and employment risk",Evaluate youth unemployment and propose inclusive economic models that support vulnerable populations.,Active,CFSkill
CFS_SDG08_TER_023,Tertiary education,Adapting to social and technological change,"Study the impact of digitalisation, climate change and other transformations on labour systems.",Active,CFSkill
CFS_SDG08_TER_024,Tertiary education,Adapting to social and technological change,Design adaptive strategies for skill-building in emerging industries.,Active,CFSkill
CFS_SDG08_TER_025,Tertiary education,Adapting to social and technological change,Participate in experiential learning with institutions addressing labour and social policy.,Active,CFSkill
CFS_SDG08_TER_026,Tertiary education,Labour policy analysis and advocacy,Investigate trends such as automation and gig work.,Active,CFSkill
CFS_SDG08_TER_027,Tertiary education,Labour policy analysis and advocacy,Evaluate labour laws for their impact on equity and worker rights.,Active,CFSkill
CFS_SDG08_TER_028,Tertiary education,Labour policy analysis and advocacy,Lead or support advocacy for policy reform and employment justice.,Active,CFSkill
CFS_SDG08_TER_029,Tertiary education,Entrepreneurship and social innovation,Apply entrepreneurial thinking to address employment and social challenges.,Active,CFSkill
CFS_SDG08_TER_030,Tertiary education,Entrepreneurship and social innovation,Develop business plans aligned with inclusive and sustainable development goals.,Active,CFSkill
CFS_SDG08_TER_031,Tertiary education,Entrepreneurship and social innovation,Analyse successful social enterprises to inform economic empowerment strategies.,Active,CFSkill
CFS_SDG08_ADULT_001,Adult education,Applying practical skills for career transitions,"Practise hands-on techniques in renewable energy, digital technology or basic healthcare through guided workshops.",Active,CFSkill
CFS_SDG08_ADULT_002,Adult education,Applying practical skills for career transitions,Map personal learning pathways using career planning tools and certification frameworks.,Active,CFSkill
CFS_SDG08_ADULT_003,Adult education,Applying practical skills for career transitions,"Complete applied tasks such as building a solar panel, designing a website or conducting first-aid simulations.",Active,CFSkill
CFS_SDG08_ADULT_004,Adult education,Managing personal and community finances,"Create household budgets, savings plans and debt management strategies using real-life financial tools.",Active,CFSkill
CFS_SDG08_ADULT_005,Adult education,Managing personal and community finances,"Draft local resilience plans addressing co-operative savings, emergency funds or small enterprise growth.",Active,CFSkill
CFS_SDG08_ADULT_006,Adult education,Managing personal and community finances,"Design and present small business models incorporating budgeting, sustainability and risk planning.",Active,CFSkill
CFS_SDG08_ADULT_007,Adult education,Leadership and advocacy for local development,Lead group discussions and action planning on community priorities.,Active,CFSkill
CFS_SDG08_ADULT_008,Adult education,Leadership and advocacy for local development,"Design and deliver advocacy campaigns using posters, petitions, forums or digital platforms.",Active,CFSkill
CFS_SDG08_ADULT_009,Adult education,Leadership and advocacy for local development,"Coordinate or participate in community-led projects focused on issues like clean water, housing or education.",Active,CFSkill
CFS_SDG08_ADULT_010,Adult education,Using digital tools for work and enterprise,Operate productivity software through project-based digital skills training.,Active,CFSkill
CFS_SDG08_ADULT_011,Adult education,Using digital tools for work and enterprise,"Develop digital business tools such as social media pages, online shops or promotional content.",Active,CFSkill
CFS_SDG08_ADULT_012,Adult education,Using digital tools for work and enterprise,"Launch trial e-commerce sites or portfolios and practise online transactions, customer engagement and bookkeeping.",Active,CFSkill
CFS_SDG08_ADULT_013,Adult education,Adapting to changing work environments,Identify transferable skills and align them to new roles through skills audits.,Active,CFSkill
CFS_SDG08_ADULT_014,Adult education,Adapting to changing work environments,"Participate in mock interviews, role plays and change management simulations.",Active,CFSkill
CFS_SDG08_ADULT_015,Adult education,Adapting to changing work environments,Develop personal resilience plans with learning goals and strategies for navigating uncertainty.,Active,CFSkill
CFS_SDG08_ADULT_016,Adult education,Analysing inequality through lived experience,Create timelines or maps to visualise inequality across life stages and community histories.,Active,CFSkill
CFS_SDG08_ADULT_017,Adult education,Analysing inequality through lived experience,"Conduct surveys, interviews or photo essays to document economic and social disparities.",Active,CFSkill
CFS_SDG08_ADULT_018,Adult education,Analysing inequality through lived experience,"Present findings using storytelling, digital media or visual displays.",Active,CFSkill
CFS_SDG08_ADULT_019,Adult education,Ethical decision-making with global awareness,Explore global inequality scenarios and practise ethical decision-making using real-life dilemmas.,Active,CFSkill
CFS_SDG08_ADULT_020,Adult education,Ethical decision-making with global awareness,"Design local actions that connect to global challenges (e.g. campaigns against child labour, initiatives promoting women’s rights).",Active,CFSkill
CFS_SDG08_ADULT_021,Adult education,Ethical decision-making with global awareness,Participate in policy-making simulations to propose inclusive economic solutions.,Active,CFSkill
CFS_SDG08_ADULT_022,Adult education,Workers’ rights and collective bargaining,Practise negotiation and representation through role-play exercises.,Active,CFSkill
CFS_SDG08_ADULT_023,Adult education,Workers’ rights and collective bargaining,Draft workplace charters or collective agreements based on real or imagined scenarios.,Active,CFSkill
CFS_SDG08_ADULT_024,Adult education,Workers’ rights and collective bargaining,Analyse labour movements to draw lessons for local action.,Active,CFSkill
CFS_SDG09_SEC_001,Secondary education,Sustainability and responsibility,"Develop a sustainability mindset that considers long-term ecological, economic and social impacts.",Active,CFSkill
CFS_SDG09_SEC_002,Secondary education,Sustainability and responsibility,Advocate for eco-friendly industrial practices and support clean energy solutions.,Active,CFSkill
CFS_SDG09_SEC_003,Secondary education,Sustainability and responsibility,Practise responsible digital and environmental habits in daily life.,Active,CFSkill
CFS_SDG09_SEC_004,Secondary education,Equity and inclusion,Appreciate the need for fair access to infrastructure and technology.,Active,CFSkill
CFS_SDG09_SEC_005,Secondary education,Equity and inclusion,"Understand ethical aspects of development: workers’ rights, gender inclusion and support for marginalised communities.",Active,CFSkill
CFS_SDG09_SEC_006,Secondary education,Equity and inclusion,Promote universal design and accessibility in infrastructure planning.,Active,CFSkill
CFS_SDG09_SEC_007,Secondary education,Empathy and global citizenship,Show empathy for people living without access to basic infrastructure.,Active,CFSkill
CFS_SDG09_SEC_008,Secondary education,Empathy and global citizenship,Understand the impact of global industrial policies on local communities and the environment.,Active,CFSkill
CFS_SDG09_SEC_009,Secondary education,Empathy and global citizenship,Advocate for inclusive and sustainable development that leaves no one behind.,Active,CFSkill
CFS_SDG09_SEC_010,Secondary education,Innovation mindset and curiosity,Appreciate creativity as a tool for community improvement and economic development.,Active,CFSkill
CFS_SDG09_SEC_011,Secondary education,Innovation mindset and curiosity,"Embrace innovative ideas and technological changes with an open, reflective mindset.",Active,CFSkill
CFS_SDG09_SEC_012,Secondary education,Innovation mindset and curiosity,Value entrepreneurial thinking to address local infrastructure or environmental challenges.,Active,CFSkill
CFS_SDG09_SEC_013,Secondary education,Innovation mindset and curiosity,Develop 21 st -century skills through makerspaces in learning environments.,Active,CFSkill
CFS_SDG09_SEC_014,Secondary education,Interconnected thinking and SDG engagement,"Understand how infrastructure contributes to achieving other SDGs like health, education and poverty reduction.",Active,CFSkill
CFS_SDG09_SEC_015,Secondary education,Interconnected thinking and SDG engagement,Actively take part in sustainability efforts at school and at the community level.,Active,CFSkill
CFS_SDG09_SEC_016,Secondary education,Interconnected thinking and SDG engagement,"Promote collaboration to develop ethical, locally relevant AI and technology applications.",Active,CFSkill
CFS_SDG09_SEC_017,Secondary education,Interconnected thinking and SDG engagement,Engage in extracurricular activities and clubs to focus on environmental and community problems with learners providing creative solutions for real-world problems.,Active,CFSkill
CFS_SDG09_TVET_001,TVET,Technical and practical competence,"Apply skills in sustainable construction (for example, building bridges, installing solar panels).",Active,CFSkill
CFS_SDG09_TVET_002,TVET,Technical and practical competence,Operate and support renewable energy systems and water infrastructure.,Active,CFSkill
CFS_SDG09_TVET_003,TVET,Technical and practical competence,"Use digital tools such as computer-aided design (CAD) software, IoT monitoring systems and AI-powered design platforms.",Active,CFSkill
CFS_SDG09_TVET_004,TVET,Innovation and problem solving,Develop prototypes and solutions addressing local infrastructure or industrial challenges.,Active,CFSkill
CFS_SDG09_TVET_005,TVET,Innovation and problem solving,"Use AI and data analysis for predictive maintenance, supply chain optimisation and smart manufacturing.",Active,CFSkill
CFS_SDG09_TVET_006,TVET,Entrepreneurship and business development,"Explore sustainable business opportunities (for example, clean energy services, waste-to-resource enterprises).",Active,CFSkill
CFS_SDG09_TVET_007,TVET,Entrepreneurship and business development,"Learn project planning, budgeting, marketing and small-scale enterprise development, including through practical training, apprenticeships and internships.",Active,CFSkill
CFS_SDG09_TVET_008,TVET,Entrepreneurship and business development,"Establish partnerships with industries to ensure industry-aligned curricula that focus on areas like smart infrastructure, renewable energy and manufacturing technology.",Active,CFSkill
CFS_SDG09_TVET_009,TVET,Entrepreneurship and business development,Use sector-wide certification pathways offering micro-credentials and stackable certifications that allow learners to build interdisciplinary qualifications over time.,Active,CFSkill
CFS_SDG09_TVET_010,TVET,Design and implementation,"Plan and design resilient, green infrastructure using a systems-thinking approach.",Active,CFSkill
CFS_SDG09_TVET_011,TVET,Design and implementation,"Integrate sustainable practices into infrastructure and industrial projects (for example, energy-efficient materials, circular processes).",Active,CFSkill
CFS_SDG09_TVET_012,TVET,Collaboration and communication,"Present technical ideas to diverse audiences including peers, educators and industry stakeholders.",Active,CFSkill
CFS_SDG09_TVET_013,TVET,Collaboration and communication,Work effectively in teams to develop solutions and deliver practical projects such as energy audits or prototype innovations.,Active,CFSkill
CFS_SDG09_TVET_014,TVET,Digital and AI readiness,Build digital literacy for operating AI-enabled machinery and tools.,Active,CFSkill
CFS_SDG09_TVET_015,TVET,Digital and AI readiness,Adapt to evolving technological demands by integrating automation and smart technologies into practice.,Active,CFSkill
CFS_SDG09_TER_001,Tertiary education,Research and technological innovation,"Conduct applied research to develop sustainable technologies and systems (for example, smart buildings, clean energy models).",Active,CFSkill
CFS_SDG09_TER_002,Tertiary education,Research and technological innovation,"Design and prototype innovations addressing issues like waste, energy access or transportation efficiency.",Active,CFSkill
CFS_SDG09_TER_003,Tertiary education,Research and technological innovation,Evaluate industrialisation strategies and develop data-driven proposals for sustainability.,Active,CFSkill
CFS_SDG09_TER_004,Tertiary education,Systems thinking and project management,"Plan, implement and evaluate large-scale infrastructure and industrial projects.",Active,CFSkill
CFS_SDG09_TER_005,Tertiary education,Systems thinking and project management,"Use interdisciplinary approaches to tackle real-world challenges (for example, water access, urban growth, green transport).",Active,CFSkill
CFS_SDG09_TER_006,Tertiary education,Systems thinking and project management,"Integrate financial modelling, risk assessment and policy frameworks into project planning.",Active,CFSkill
CFS_SDG09_TER_007,Tertiary education,Digital and Industry 4.0 competence,"Work with AI-driven systems for smart manufacturing, predictive maintenance, or energy optimisation.",Active,CFSkill
CFS_SDG09_TER_008,Tertiary education,Digital and Industry 4.0 competence,"Develop AI models for sustainability-focused applications (for example, urban planning, carbon tracking).",Active,CFSkill
CFS_SDG09_TER_009,Tertiary education,Digital and Industry 4.0 competence,Employ IoT and digital tools for infrastructure design and monitoring.,Active,CFSkill
CFS_SDG09_TER_010,Tertiary education,Entrepreneurship and innovation leadership,Explore business opportunities in sustainable industries such as renewable energy or eco-product development.,Active,CFSkill
CFS_SDG09_TER_011,Tertiary education,Entrepreneurship and innovation leadership,Develop entrepreneurial strategies that address local and global challenges through green technologies.,Active,CFSkill
CFS_SDG09_TER_012,Tertiary education,Entrepreneurship and innovation leadership,Lead innovation hubs or start-ups focused on social and environmental impact.,Active,CFSkill
CFS_SDG09_TER_013,Tertiary education,Collaboration and communication,"Collaborate in interdisciplinary and cross-sector teams (academia, industry, policy).",Active,CFSkill
CFS_SDG09_TER_014,Tertiary education,Collaboration and communication,"Communicate complex findings to diverse stakeholders, including policymakers and the public.",Active,CFSkill
CFS_SDG09_TER_015,Tertiary education,Collaboration and communication,"Participate in public debates, design challenges and policy dialogues on sustainable development.",Active,CFSkill
CFS_SDG09_ADULT_001,Adult education,Community mapping and assessment,"Conduct simple audits of local infrastructure (roads, water access, sanitation, transport).",Active,CFSkill
CFS_SDG09_ADULT_002,Adult education,Community mapping and assessment,Use basic tools or digital apps (where available) to document gaps and propose improvements.,Active,CFSkill
CFS_SDG09_ADULT_003,Adult education,Community mapping and assessment,Analyse local strengths and resources to support sustainable infrastructure projects.,Active,CFSkill
CFS_SDG09_ADULT_004,Adult education,Entrepreneurship and local innovation,"Start or maintain small-scale, sustainable businesses.",Active,CFSkill
CFS_SDG09_ADULT_005,Adult education,Entrepreneurship and local innovation,"Develop and use low-cost technologies (for example, compost pits, solar dryers, recycled materials).",Active,CFSkill
CFS_SDG09_ADULT_006,Adult education,Entrepreneurship and local innovation,Promote local industry that meets community needs while protecting the environment.,Active,CFSkill
CFS_SDG09_ADULT_007,Adult education,Entrepreneurship and local innovation,Practical projects and community action,Active,CFSkill
CFS_SDG09_ADULT_008,Adult education,Entrepreneurship and local innovation,"Organise community clean-up campaigns, recycling programmes or tree-planting initiatives.",Active,CFSkill
CFS_SDG09_ADULT_009,Adult education,Entrepreneurship and local innovation,"Build or improve basic infrastructure (for example, irrigation systems, compost toilets, solar lighting).",Active,CFSkill
CFS_SDG09_ADULT_010,Adult education,Entrepreneurship and local innovation,"Plan and take part in local innovation projects (for example, waste-to-resource, school energy efficiency).",Active,CFSkill
CFS_SDG09_ADULT_011,Adult education,Advocacy and civic engagement,"Develop communication and advocacy skills to engage with local authorities, NGOs or development partners.",Active,CFSkill
CFS_SDG09_ADULT_012,Adult education,Advocacy and civic engagement,"Learn how to take part in policy dialogue, attend community meetings and voice infrastructure needs.",Active,CFSkill
CFS_SDG09_ADULT_013,Adult education,Advocacy and civic engagement,Campaign for affordable internet access and improved services in marginalised areas.,Active,CFSkill
CFS_SDG09_ADULT_014,Adult education,Technical and teamwork competence,"Gain firsthand skills in infrastructure repair, renewable energy and basic construction.",Active,CFSkill
CFS_SDG09_ADULT_015,Adult education,Technical and teamwork competence,"Work in groups to identify challenges, share ideas and co-design community-based solutions.",Active,CFSkill
CFS_SDG09_ADULT_016,Adult education,Technical and teamwork competence,Collaborate with local experts or government to implement sustainable development initiatives.,Active,CFSkill
CFS_SDG10_SEC_001,Secondary education,Critical analysis and inquiry,"Analyse living standard disparities using census and demographic data, government reports and global indices.",Active,CFSkill
CFS_SDG10_SEC_002,Secondary education,Critical analysis and inquiry,"Investigate ethical and non-ethical practices of powerful actors towards minorities, indigenous groups and less powerful nations.",Active,CFSkill
CFS_SDG10_SEC_003,Secondary education,Critical analysis and inquiry,"Compare historical injustices (for example, apartheid, colonisation) with current social issues to identify patterns and lessons.",Active,CFSkill
CFS_SDG10_SEC_004,Secondary education,Research and civic engagement,"Explore how international efforts (for example, land claims, indigenous rights, biodiversity protection) promote equity and justice.",Active,CFSkill
CFS_SDG10_SEC_005,Secondary education,Research and civic engagement,Engage in school or community-based service-learning projects that support marginalised or vulnerable groups.,Active,CFSkill
CFS_SDG10_SEC_006,Secondary education,Research and civic engagement,"Apply classroom knowledge to suggest practical strategies for resolving issues of discrimination, marginalisation and environmental justice.",Active,CFSkill
CFS_SDG10_SEC_007,Secondary education,Communication and advocacy,"Articulate informed opinions on topics such as migration, multiculturalism, indigenous rights and economic exploitation.",Active,CFSkill
CFS_SDG10_SEC_008,Secondary education,Communication and advocacy,"Develop advocacy campaigns promoting inclusive policies, respect for diversity and sustainable development.",Active,CFSkill
CFS_SDG10_SEC_009,Secondary education,Communication and advocacy,"Present research or creative work (for example, debates, essays, digital media) to raise awareness about inequality and equity issues locally and globally.",Active,CFSkill
CFS_SDG10_TVET_001,TVET,Technical and entrepreneurial skills,"Use digital tools (for example, data analytics platforms, mobile payment apps) to develop inclusive business models.",Active,CFSkill
CFS_SDG10_TVET_002,TVET,Technical and entrepreneurial skills,"Apply knowledge to design low-cost solutions for infrastructure, remittance or service delivery in underserved regions.",Active,CFSkill
CFS_SDG10_TVET_003,TVET,Technical and entrepreneurial skills,"Learn how to implement technology-driven solutions for economic inclusion, especially in rural or peri-urban areas.",Active,CFSkill
CFS_SDG10_TVET_004,TVET,Workplace equity and advocacy,"Respond to inequality in the workplace, promoting inclusive hiring, equal pay and safe working conditions.",Active,CFSkill
CFS_SDG10_TVET_005,TVET,Workplace equity and advocacy,"Develop strategies to increase the access of marginalised groups to employment, vocational training and entrepreneurship opportunities.",Active,CFSkill
CFS_SDG10_TVET_006,TVET,Community engagement and financial services,"Create or support services that increase access to basic financial products (for example, savings accounts, credit, insurance) for vulnerable groups.",Active,CFSkill
CFS_SDG10_TVET_007,TVET,Community engagement and financial services,"Propose ways to extend financial services and infrastructure to communities with limited access, focusing on practical, scalable approaches.",Active,CFSkill
CFS_SDG10_TER_001,Tertiary education,Research and policy analysis,"Conduct evidence-based research on global and national inequality trends, including the social and economic impacts on different population groups.",Active,CFSkill
CFS_SDG10_TER_002,Tertiary education,Research and policy analysis,"Evaluate mechanisms for the provision and monitoring of social services, including social protection coverage and budget allocation for vulnerable groups.",Active,CFSkill
CFS_SDG10_TER_003,Tertiary education,Financial innovation and inclusion,"Design strategies to expand access to responsible, transparent and inclusive financial services – especially for under-represented populations.",Active,CFSkill
CFS_SDG10_TER_004,Tertiary education,Financial innovation and inclusion,Explore the innovative use of ODA and blended finance to strengthen financial leadership and capacity in low-income countries.,Active,CFSkill
CFS_SDG10_TER_005,Tertiary education,Strategic planning and advocacy,"Develop frameworks to dismantle structural barriers to equality (for example, discriminatory laws or under-representation in decision-making bodies).",Active,CFSkill
CFS_SDG10_TER_006,Tertiary education,Strategic planning and advocacy,Conduct audits of global and national institutions to assess representativeness and accountability in positions of power.,Active,CFSkill
CFS_SDG10_ADULT_001,Adult education,Civic participation and leadership,"Be able to empower children and youth by developing their confidence, goal setting and aspirations within families and communities.",Active,CFSkill
CFS_SDG10_ADULT_002,Adult education,Civic participation and leadership,Navigate financial services.,Active,CFSkill
CFS_SDG10_ADULT_003,Adult education,Civic participation and leadership,"Explore skills for financial independence, digital literacy and career development.",Active,CFSkill
CFS_SDG10_ADULT_004,Adult education,Civic participation and leadership,"Engage in practical training on workers’ rights, financial literacy and digital inclusion, empowering disadvantaged groups.",Active,CFSkill
CFS_SDG10_ADULT_005,Adult education,Civic participation and leadership,"Engage in community advocacy for equitable access to education, healthcare, housing and employment.",Active,CFSkill
CFS_SDG11_SEC_001,Secondary education,Sustainable urban living and infrastructure,"Assess and implement energy-efficient, eco-friendly building practices that balance financial and environmental sustainability.",Active,CFSkill
CFS_SDG11_SEC_002,Secondary education,Sustainable urban living and infrastructure,"Ensure inclusive urban design so public spaces, transport, and housing are accessible to people with disabilities and other vulnerable groups.",Active,CFSkill
CFS_SDG11_SEC_003,Secondary education,Waste management and resource conservation,"Apply responsible waste disposal, recycling strategies, and circular economy principles in schools and communities.",Active,CFSkill
CFS_SDG11_SEC_004,Secondary education,Waste management and resource conservation,Conduct environmental audits to identify opportunities for waste reduction and improved sustainability practices.,Active,CFSkill
CFS_SDG11_SEC_005,Secondary education,Community engagement and policy advocacy,"Participate in local sustainability initiatives, such as urban gardening, clean-up drives, and awareness campaigns.",Active,CFSkill
CFS_SDG11_SEC_006,Secondary education,Community engagement and policy advocacy,"Collaborate with local authorities to advocate for policies promoting sustainable, inclusive, and resilient cities.",Active,CFSkill
CFS_SDG11_SEC_007,Secondary education,Community engagement and policy advocacy,"Use research and data analysis to support evidence-based proposals on urban sustainability topics, including public transport, green spaces, and waste management.",Active,CFSkill
CFS_SDG11_SEC_008,Secondary education,Innovation and problem solving in urban sustainability,"Apply critical thinking to analyse urban challenges, including pollution, traffic congestion, and housing shortages.",Active,CFSkill
CFS_SDG11_SEC_009,Secondary education,Innovation and problem solving in urban sustainability,Use design thinking to develop prototypes of sustainable urban environments incorporating smart technologies and eco-friendly materials.,Active,CFSkill
CFS_SDG11_SEC_010,Secondary education,"Research, data analysis, and communication","Collect, organise, and interpret data on air quality, water use, and energy efficiency to guide decision-making.",Active,CFSkill
CFS_SDG11_SEC_011,Secondary education,"Research, data analysis, and communication","Communicate sustainability findings effectively through reports, presentations, debates, and digital tools.",Active,CFSkill
CFS_SDG11_SEC_012,Secondary education,"Research, data analysis, and communication",Use mapping and digital technologies to visualise urban challenges and propose data-driven solutions.,Active,CFSkill
CFS_SDG11_SEC_013,Secondary education,Civic engagement,"Participate in local sustainability initiatives, including tree planting, recycling programmes, and climate awareness campaigns.",Active,CFSkill
CFS_SDG11_SEC_014,Secondary education,Civic engagement,"Appreciate that everyday actions, such as reducing waste or conserving water, contribute to collective urban sustainability.",Active,CFSkill
CFS_SDG11_SEC_015,Secondary education,Experiential learning and practical applications,"Conduct site visits to urban planning offices, sustainable housing projects, and recycling centres.",Active,CFSkill
CFS_SDG11_SEC_016,Secondary education,Experiential learning and practical applications,"Engage in project-based learning, such as designing model sustainable cities or developing smart city innovations.",Active,CFSkill
CFS_SDG11_SEC_017,Secondary education,Experiential learning and practical applications,"Participate in simulations, such as city council meetings, to debate and propose sustainable urban policies.",Active,CFSkill
CFS_SDG11_TVET_001,TVET,Sustainable urban design,"Integrate green spaces, energy-efficient infrastructure, and eco-friendly materials.",Active,CFSkill
CFS_SDG11_TVET_002,TVET,Sustainable urban design,"Design climate-resilient, space-efficient, and environmentally harmonious urban developments.",Active,CFSkill
CFS_SDG11_TVET_003,TVET,Waste management & circular economy,"Implement smart waste systems, recycling, and composting.",Active,CFSkill
CFS_SDG11_TVET_004,TVET,Waste management & circular economy,"Refurbish, reuse, and recycle modular components to minimise resource use.",Active,CFSkill
CFS_SDG11_TVET_005,TVET,Affordable and sustainable housing,"Develop low-cost, safe, energy-efficient housing with solar, rainwater harvesting, and passive cooling.",Active,CFSkill
CFS_SDG11_TVET_006,TVET,Workplace sustainability,"Apply energy-efficient office design, waste reduction, and renewable energy solutions.",Active,CFSkill
CFS_SDG11_TVET_007,TVET,Workplace sustainability,Conduct audits and recommend efficiency upgrades.,Active,CFSkill
CFS_SDG11_TVET_008,TVET,Socio-economic & digital inclusion,Assess energy-efficient technologies’ social impact and support equitable access.,Active,CFSkill
CFS_SDG11_TVET_009,TVET,Socio-economic & digital inclusion,Provide digital skills training for participation in sustainable urban projects.,Active,CFSkill
CFS_SDG11_TVET_010,TVET,Sustainable construction & technological solutions,"Use green building techniques, passive solar design, and renewable energy.",Active,CFSkill
CFS_SDG11_TVET_011,TVET,Sustainable construction & technological solutions,"Apply GIS, BIM, and smart city systems for sustainable urban planning.",Active,CFSkill
CFS_SDG11_TVET_012,TVET,Project management,"Lead sustainability projects from planning to execution, including budgeting and team coordination.",Active,CFSkill
CFS_SDG11_TVET_013,TVET,Urban mobility & transportation,"Plan bike lanes, EV infrastructure, pedestrian-friendly streets, and promote low-carbon transport.",Active,CFSkill
CFS_SDG11_TVET_014,TVET,Water & environmental management,"Design and implement rainwater harvesting, irrigation systems, and ecosystem restoration.",Active,CFSkill
CFS_SDG11_TVET_015,TVET,Water & environmental management,"Support biodiversity, green corridors, and environmental stewardship.",Active,CFSkill
CFS_SDG11_TVET_016,TVET,Critical thinking & ethical decision-making,"Encourage solution-oriented thinking, ethical use of resources, and long-term sustainability in urban development.",Active,CFSkill
CFS_SDG11_TVET_017,TVET,Critical thinking & ethical decision-making,"Design and apply creative, practical solutions to sustainability challenges.",Active,CFSkill
CFS_SDG11_TVET_018,TVET,Critical thinking & ethical decision-making,"Use design thinking to improve energy efficiency, reduce waste, and enhance urban systems.",Active,CFSkill
CFS_SDG11_TVET_019,TVET,Collaboration & community engagement,Support teamwork across sectors and involve communities in sustainable urban initiatives.,Active,CFSkill
CFS_SDG11_TVET_020,TVET,Collaboration & community engagement,"Promote collective action in green projects, recycling, and urban biodiversity.",Active,CFSkill
CFS_SDG11_TER_001,Tertiary education,Urban planning and resilient housing design,"Design, plan and implement urban spaces that are sustainable, inclusive and resilient, integrating green infrastructure and sustainable mobility options. Focus on flood-resilient housing and carbon emissions mitigation.",Active,CFSkill
CFS_SDG11_TER_002,Tertiary education,Urban planning and resilient housing design,"Create urban master plans incorporating flood-resistant housing, low-carbon mobility infrastructure and green spaces to improve urban resilience against climate change.",Active,CFSkill
CFS_SDG11_TER_003,Tertiary education,Urban planning and resilient housing design,"Apply policies that mandate resilience in housing design, such as building codes for flood-prone areas, ensuring alignment with national and international climate adaptation frameworks.",Active,CFSkill
CFS_SDG11_TER_004,Tertiary education,Application of innovative urban governance,"Introduce and apply innovative governance models that support sustainable urban development, particularly in environmentally at-risk areas.",Active,CFSkill
CFS_SDG11_TER_005,Tertiary education,Application of innovative urban governance,"Implement adaptive urban governance strategies to manage climate-related risks, including building regulations and resilient community programmes.",Active,CFSkill
CFS_SDG11_TER_006,Tertiary education,Application of innovative urban governance,"Engage with policy frameworks that enable smart governance, urban planning reforms, and climate adaptation integration at local, regional and national levels.",Active,CFSkill
CFS_SDG11_TER_007,Tertiary education,Using urban spaces for food and employment security,"Repurpose urban spaces for local food production and employment opportunities, especially in underserved inner-city areas.",Active,CFSkill
CFS_SDG11_TER_008,Tertiary education,Using urban spaces for food and employment security,"Develop urban agriculture initiatives and community-based businesses that provide fresh food and create jobs, supporting food security and economic resilience.",Active,CFSkill
CFS_SDG11_TER_009,Tertiary education,Using urban spaces for food and employment security,"Promote policies supporting urban agriculture, local business incubation and green job creation through zoning regulations and incentives for sustainable enterprises.",Active,CFSkill
CFS_SDG11_TER_010,Tertiary education,Building urban climate change resilience,Apply climate change resilience techniques to urban planning and infrastructure design to mitigate environmental hazards.,Active,CFSkill
CFS_SDG11_TER_011,Tertiary education,Building urban climate change resilience,"Design urban green spaces and sustainable infrastructure that help cities adapt to heatwaves, flooding and other climate impacts while promoting environmental sustainability.",Active,CFSkill
CFS_SDG11_TER_012,Tertiary education,Building urban climate change resilience,"Advocate for climate-resilient urban development policies, including green infrastructure mandates and disaster risk reduction strategies, aligned with national and international climate frameworks.",Active,CFSkill
CFS_SDG11_TER_013,Tertiary education,Data analysis and statistical insights for urban sustainability,"Collect, analyse and apply urban data to assess sustainability and identify areas for improvement in urban planning.",Active,CFSkill
CFS_SDG11_TER_014,Tertiary education,Data analysis and statistical insights for urban sustainability,Use disaggregated data to examine gendered health impacts in urban slums and identify sustainable interventions for marginalised populations.,Active,CFSkill
CFS_SDG11_TER_015,Tertiary education,Data analysis and statistical insights for urban sustainability,"Support policy implementation that promotes data-driven decision-making in urban development, including the use of GIS, spatial data and environmental impact assessments.",Active,CFSkill
CFS_SDG11_TER_016,Tertiary education,Data analysis and statistical insights for urban sustainability,Advocate for policies requiring data collection and environmental regulations in construction and urban expansion to ensure sustainable growth.,Active,CFSkill
CFS_SDG11_TER_017,Tertiary education,Analysis and advocacy for sustainable development,"Analyse urban policies, identify gaps and develop advocacy strategies to promote sustainable urban development.",Active,CFSkill
CFS_SDG11_TER_018,Tertiary education,Analysis and advocacy for sustainable development,Evaluate urban transport policies and advocate for improved public transit and bicycle infrastructure to support low-carbon mobility.,Active,CFSkill
CFS_SDG11_TER_019,Tertiary education,Analysis and advocacy for sustainable development,Support development and enforcement of policies incentivising sustainable construction and energy-efficient building standards.,Active,CFSkill
CFS_SDG11_ADULT_001,Adult education,Use of vacant lots and open spaces for urban gardens,"Repurpose vacant lots, rooftops and open spaces into sustainable green areas, including rooftop and vertical gardens incorporating plants and animals.",Active,CFSkill
CFS_SDG11_ADULT_002,Adult education,Use of vacant lots and open spaces for urban gardens,"Transform unused rooftops into community gardens with vegetables, herbs and small wildlife to improve local biodiversity and provide fresh produce.",Active,CFSkill
CFS_SDG11_ADULT_003,Adult education,Enhancing personal and local spaces with environmentally friendly materials,"Design and create personal and community spaces using eco-friendly and sustainable materials, such as recycled items or second-hand purchases.",Active,CFSkill
CFS_SDG11_ADULT_004,Adult education,Enhancing personal and local spaces with environmentally friendly materials,"Craft household accessories like furniture, planters or decorations from reclaimed materials, or shop for second-hand goods to reduce waste and support sustainable consumption.",Active,CFSkill
CFS_SDG11_ADULT_005,Adult education,Adaptability to rapidly changing urban environments,"Respond and adapt effectively to evolving urban landscapes, including environmental changes, social dynamics and technological advancements.",Active,CFSkill
CFS_SDG11_ADULT_006,Adult education,Adaptability to rapidly changing urban environments,"Address new challenges such as extreme weather, shifting community needs or emerging technologies by adopting strategies for sustainable living.",Active,CFSkill
CFS_SDG11_ADULT_007,Adult education,Urban planning and design for sustainable communities,"Develop proficiency in designing, planning and implementing urban spaces that are sustainable, inclusive and resilient, integrating green infrastructure, low-impact development and circular economy principles.",Active,CFSkill
CFS_SDG11_ADULT_008,Adult education,Urban planning and design for sustainable communities,"Design urban master plans that include mixed-use zoning, promote sustainable mobility options (for example, bike lanes and pedestrian zones), and incorporate green spaces for community wellbeing.",Active,CFSkill
CFS_SDG11_ADULT_009,Adult education,Urban policy analysis and advocacy,"Analyse and critique urban policies, identify gaps and develop strategies to advocate for sustainable and equitable urban development.",Active,CFSkill
CFS_SDG11_ADULT_010,Adult education,Urban policy analysis and advocacy,Evaluate a city’s transportation policy and advocate for expanded public transit networks or improved bike lanes to reduce car dependency and lower carbon emissions.,Active,CFSkill
CFS_SDG11_ADULT_011,Adult education,Project management in urban sustainability,"Lead and implement urban sustainability initiatives from planning through to resource allocation, execution and evaluation.",Active,CFSkill
CFS_SDG11_ADULT_012,Adult education,Project management in urban sustainability,"Manage green building retrofit projects, overseeing energy-efficient system implementation, coordinating with contractors, and ensuring the project remains on schedule and within budget.",Active,CFSkill
CFS_SDG11_ADULT_013,Adult education,Community engagement and participatory planning,"Engage communities in decision-making and planning processes, ensuring local voices and needs are incorporated into sustainable development projects.",Active,CFSkill
CFS_SDG11_ADULT_014,Adult education,Community engagement and participatory planning,"Organise community workshops or town halls to discuss urban regeneration projects, gathering feedback to ensure plans address the needs of marginalised groups.",Active,CFSkill
CFS_SDG11_ADULT_015,Adult education,Resilient infrastructure design and management,"Design and manage infrastructure that can withstand the impacts of climate change, such as floods, heatwaves and extreme weather events.",Active,CFSkill
CFS_SDG11_ADULT_016,Adult education,Resilient infrastructure design and management,Develop resilient stormwater management systems to mitigate flooding risks in urban areas or retrofit existing infrastructure for future climate challenges.,Active,CFSkill
CFS_SDG11_ADULT_017,Adult education,Integration of circular economy principles in urban development,"Apply circular economy principles to urban systems, focusing on material reuse, waste reduction and designing products for longer lifespans.",Active,CFSkill
CFS_SDG11_ADULT_018,Adult education,Integration of circular economy principles in urban development,Develop citywide recycling programmes that reduce landfill waste or work with local industries to design buildings and products that can be disassembled and reused.,Active,CFSkill
CFS_SDG12_SEC_001,Secondary education,Data literacy and critical thinking,"Analyse statistics on waste, carbon footprints, and resource use.",Active,CFSkill
CFS_SDG12_SEC_002,Secondary education,Data literacy and critical thinking,Compare ecological and social impacts of different consumption models.,Active,CFSkill
CFS_SDG12_SEC_003,Secondary education,Systems and supply chain analysis,"Audit supply chains of common products (e.g., jeans, smartphones).",Active,CFSkill
CFS_SDG12_SEC_004,Secondary education,Systems and supply chain analysis,"Examine sourcing, production efficiency, and labour conditions.",Active,CFSkill
CFS_SDG12_SEC_005,Secondary education,Project-based learning,"Lead a Week for the Planet campaign: workshops, zero-waste challenges, sustainable fashion shows, recycling drives.",Active,CFSkill
CFS_SDG12_SEC_006,Secondary education,Project-based learning,Develop projects tracing a product’s journey from raw material to disposal.,Active,CFSkill
CFS_SDG12_SEC_007,Secondary education,International standards and certification,"Apply ISO principles to assess sustainability, safety, and efficiency.",Active,CFSkill
CFS_SDG12_SEC_008,Secondary education,International standards and certification,"Explore eco-labelling and certification schemes (Fair Trade, organic, Energy Star).",Active,CFSkill
CFS_SDG12_TVET_001,TVET,Environmental and product auditing,"Conduct audits of resource use (water, energy, raw materials) in training centres or industries.",Active,CFSkill
CFS_SDG12_TVET_002,TVET,Environmental and product auditing,"Track workplace waste streams, identify inefficiencies, and propose sustainable alternatives.",Active,CFSkill
CFS_SDG12_TVET_003,TVET,Process improvement and innovation,"Redesign or optimise production processes to reduce environmental impact (e.g., energy-efficient machinery, clean energy integration).",Active,CFSkill
CFS_SDG12_TVET_004,TVET,Process improvement and innovation,Apply green engineering solutions such as eco-packaging or water recycling systems.,Active,CFSkill
CFS_SDG12_TVET_005,TVET,Communication and consumer education,"Develop sustainability marketing tools: eco-labels, guides, and campaigns.",Active,CFSkill
CFS_SDG12_TVET_006,TVET,Communication and consumer education,Facilitate workshops to raise awareness of sustainable choices and product impacts.,Active,CFSkill
CFS_SDG12_TVET_007,TVET,Lifecycle and footprint tools,"Use digital tools for lifecycle assessments and footprint calculations (carbon, water, ecological).",Active,CFSkill
CFS_SDG12_TVET_008,TVET,Lifecycle and footprint tools,Apply results to improve industry practices and promote sustainability.,Active,CFSkill
CFS_SDG12_TER_001,Tertiary education,Research and innovation,Conduct interdisciplinary research on ecological impacts of consumption and production.,Active,CFSkill
CFS_SDG12_TER_002,Tertiary education,Research and innovation,Design innovation pathways and social learning mechanisms for circular economies.,Active,CFSkill
CFS_SDG12_TER_003,Tertiary education,Sustainable planning and systems analysis,"Plan and evaluate sustainable management of energy, water, materials, and waste flows.",Active,CFSkill
CFS_SDG12_TER_004,Tertiary education,Sustainable planning and systems analysis,"Apply systems thinking to model impacts on biodiversity, climate, and community wellbeing.",Active,CFSkill
CFS_SDG12_TER_005,Tertiary education,Strategic design and management,"Apply product design for disassembly, material recovery, and efficient resource use.",Active,CFSkill
CFS_SDG12_TER_006,Tertiary education,Strategic design and management,"Develop CSR strategies, sustainability reporting, and ESG policies.",Active,CFSkill
CFS_SDG12_TER_007,Tertiary education,Policy engagement and governance,Analyse national and global policies on responsible consumption and production.,Active,CFSkill
CFS_SDG12_TER_008,Tertiary education,Policy engagement and governance,"Contribute to policy design, stakeholder consultation, and advocacy for green transitions.",Active,CFSkill
CFS_SDG12_ADULT_001,Adult education,Practical sustainable living,"Apply energy and water conservation, composting, and waste separation at home.",Active,CFSkill
CFS_SDG12_ADULT_002,Adult education,Practical sustainable living,"Join workshops on upcycling, eco-friendly products, and community recycling.",Active,CFSkill
CFS_SDG12_ADULT_003,Adult education,Sustainable decision-making,"Evaluate products and services using labels, durability, and sourcing.",Active,CFSkill
CFS_SDG12_ADULT_004,Adult education,Sustainable decision-making,Identify and avoid greenwashing in consumer choices.,Active,CFSkill
CFS_SDG12_ADULT_005,Adult education,Community engagement,"Facilitate dialogues on sustainable lifestyles with families, peers, and leaders.",Active,CFSkill
CFS_SDG12_ADULT_006,Adult education,Community engagement,"Organise or join clean-ups, repair cafés, and circular economy initiatives.",Active,CFSkill
CFS_SDG12_ADULT_007,Adult education,Income-generating activities,"Develop eco-entrepreneurship in areas like recycling crafts, sustainable catering, and green farming.",Active,CFSkill
CFS_SDG12_ADULT_008,Adult education,Income-generating activities,"Partner with co-operatives, NGOs, or microfinance institutions for small-scale sustainable ventures.",Active,CFSkill
CFS_SDG13_SEC_001,Secondary education,Problem-based learning,Address real-world climate challenges using interdisciplinary approaches.,Active,CFSkill
CFS_SDG13_SEC_002,Secondary education,Problem-based learning,"Analyse environmental issues and propose practical, context-specific solutions.",Active,CFSkill
CFS_SDG13_SEC_003,Secondary education,Critical thinking and analysis,"Evaluate climate data from scientific, economic, and social perspectives.",Active,CFSkill
CFS_SDG13_SEC_004,Secondary education,Critical thinking and analysis,Assess credibility of information and challenge misinformation.,Active,CFSkill
CFS_SDG13_SEC_005,Secondary education,Critical thinking and analysis,"Apply systems thinking to understand feedback loops, cumulative impacts, and interconnected climate effects.",Active,CFSkill
CFS_SDG13_SEC_006,Secondary education,Adaptive learning and reflection,Reflect on new evidence and adjust perspectives on climate issues.,Active,CFSkill
CFS_SDG13_SEC_007,Secondary education,Adaptive learning and reflection,Develop resilience and flexibility in evaluating scenarios and solutions.,Active,CFSkill
CFS_SDG13_SEC_008,Secondary education,Theory-practice integration,"Apply theoretical knowledge to community projects, simulations, and hands-on environmental monitoring.",Active,CFSkill
CFS_SDG13_SEC_009,Secondary education,Theory-practice integration,Connect classroom learning with real-world climate actions.,Active,CFSkill
CFS_SDG13_SEC_010,Secondary education,Adaptation planning,"Design local adaptation strategies considering agriculture, water, infrastructure, and public health.",Active,CFSkill
CFS_SDG13_SEC_011,Secondary education,Adaptation planning,Assess vulnerabilities and propose community-based measures.,Active,CFSkill
CFS_SDG13_SEC_012,Secondary education,Carbon footprint and emissions management,Calculate individual and community carbon footprints.,Active,CFSkill
CFS_SDG13_SEC_013,Secondary education,Carbon footprint and emissions management,"Explore strategies to reduce emissions through lifestyle changes, advocacy, and sustainable practices.",Active,CFSkill
CFS_SDG13_SEC_014,Secondary education,Environmental monitoring and citizen science,Collect and analyse data through school and community monitoring initiatives.,Active,CFSkill
CFS_SDG13_SEC_015,Secondary education,Environmental monitoring and citizen science,"Translate findings into local, national, and global climate actions.",Active,CFSkill
CFS_SDG13_SEC_016,Secondary education,Environmental monitoring and citizen science,"Use online data, modelling tools, and digital platforms for climate problem-solving and citizen science initiatives.",Active,CFSkill
CFS_SDG13_SEC_017,Secondary education,Environmental monitoring and citizen science,"Use online data, modelling tools, and digital platforms for climate problem-solving and citizen science initiatives.",Active,CFSkill
CFS_SDG13_TVET_001,TVET,Practical application and problem solving,"Engage in project-based learning, internships, and community partnerships to implement local climate resilience initiatives.",Active,CFSkill
CFS_SDG13_TVET_002,TVET,Practical application and problem solving,"Develop context-specific, practical solutions to environmental challenges.",Active,CFSkill
CFS_SDG13_TVET_003,TVET,Workplace skills for climate action,"Apply sustainable practices across sectors such as renewable energy, green construction, energy-efficient technologies, waste management, and ocean resource management.",Active,CFSkill
CFS_SDG13_TVET_004,TVET,Workplace skills for climate action,Implement environmentally responsible practices within industries and workplaces.,Active,CFSkill
CFS_SDG13_TVET_005,TVET,Adaptation and mitigation strategies,Conduct vulnerability assessments and design community-or industry-based adaptation and mitigation measures.,Active,CFSkill
CFS_SDG13_TVET_006,TVET,Adaptation and mitigation strategies,Support climate-resilient infrastructure and collaborate with local stakeholders to ensure feasibility and effectiveness.,Active,CFSkill
CFS_SDG13_TVET_007,TVET,Systems innovation and holistic thinking,"Apply systems thinking to link environmental, social, and economic dimensions of climate action.",Active,CFSkill
CFS_SDG13_TVET_008,TVET,Systems innovation and holistic thinking,Integrate circular economy principles and climate resilience into planning and decision-making.,Active,CFSkill
CFS_SDG13_TVET_009,TVET,Green and blue economy competencies,"Contribute to sustainable fisheries, ecotourism, renewable energy, and marine conservation initiatives.",Active,CFSkill
CFS_SDG13_TVET_010,TVET,Green and blue economy competencies,Implement resource management practices that balance ecological and economic resilience.,Active,CFSkill
CFS_SDG13_TVET_011,TVET,Climate risk management,Analyse current and future climate risks using risk assessment tools and data.,Active,CFSkill
CFS_SDG13_TVET_012,TVET,Climate risk management,Integrate resilience measures into workplace practices and industry planning.,Active,CFSkill
CFS_SDG13_TVET_013,TVET,Global-local linkages,"Connect local actions to international climate goals and agreements, such as the Paris Agreement.",Active,CFSkill
CFS_SDG13_TVET_014,TVET,Global-local linkages,"Examine how sustainable practices are implemented across businesses, governments, and communities worldwide.",Active,CFSkill
CFS_SDG13_TER_001,Tertiary education,Advanced research and innovation,Conduct interdisciplinary research to develop innovative climate solutions at national and regional levels.,Active,CFSkill
CFS_SDG13_TER_002,Tertiary education,Advanced research and innovation,Use cutting-edge tools and technologies to enhance resilience and address knowledge gaps in publications.,Active,CFSkill
CFS_SDG13_TER_003,Tertiary education,Climate-resilient development,"Design strategies balancing economic, social, and environmental goals.",Active,CFSkill
CFS_SDG13_TER_004,Tertiary education,Climate-resilient development,Develop scenario-based models to evaluate long-term climate impacts and propose context-specific adaptation and mitigation plans.,Active,CFSkill
CFS_SDG13_TER_005,Tertiary education,Integrated systems thinking,Analyse cross-scale interactions and cascading climate effects using systems thinking.,Active,CFSkill
CFS_SDG13_TER_006,Tertiary education,Integrated systems thinking,Develop frameworks integrating sustainable development principles into policy and practice.,Active,CFSkill
CFS_SDG13_TER_007,Tertiary education,Complexity management,Assess inequitable impacts and design inclusive adaptation strategies.,Active,CFSkill
CFS_SDG13_TER_008,Tertiary education,Complexity management,Lead multidisciplinary teams to tackle large-scale climate challenges.,Active,CFSkill
CFS_SDG13_TER_009,Tertiary education,Climate modelling and scenario planning,Utilise advanced climate and geospatial models to simulate future scenarios.,Active,CFSkill
CFS_SDG13_TER_010,Tertiary education,Climate modelling and scenario planning,Create downscaled regional models and use scenario planning for policymaker guidance.,Active,CFSkill
CFS_SDG13_TER_011,Tertiary education,"Risk, impact, and vulnerability assessment",Conduct comprehensive assessments using quantitative and qualitative methods.,Active,CFSkill
CFS_SDG13_TER_012,Tertiary education,"Risk, impact, and vulnerability assessment","Evaluate social, cultural, economic, and environmental dimensions to inform resilience strategies.",Active,CFSkill
CFS_SDG13_TER_013,Tertiary education,Socio-political and economic analysis,"Analyse how governance, economic, social, and cultural factors shape climate adaptation and mitigation.",Active,CFSkill
CFS_SDG13_TER_014,Tertiary education,Socio-political and economic analysis,Strengthen institutional capacity for inclusive decision-making and policy implementation.,Active,CFSkill
CFS_SDG13_TER_015,Tertiary education,Climate information and services,"Develop and improve climate data collection, analysis, and dissemination systems.",Active,CFSkill
CFS_SDG13_TER_016,Tertiary education,Climate information and services,Integrate climate information into local and regional planning in collaboration with agencies and institutions.,Active,CFSkill
CFS_SDG13_ADULT_001,Adult education,Community-based climate preparedness,"Assess local climate risks, especially in vulnerable coastal and rural areas.",Active,CFSkill
CFS_SDG13_ADULT_002,Adult education,Community-based climate preparedness,"Participate in community-driven disaster preparedness initiatives, including early warning systems, evacuation planning, and resource management.",Active,CFSkill
CFS_SDG13_ADULT_003,Adult education,Community research and outreach,Conduct participatory research to gather and share local climate data.,Active,CFSkill
CFS_SDG13_ADULT_004,Adult education,Community research and outreach,"Facilitate community dialogues, awareness campaigns, and knowledge exchange with scientists, educators, and policymakers.",Active,CFSkill
CFS_SDG13_ADULT_005,Adult education,Ethical decision-making in climate action,"Apply climate ethics to evaluate fairness, equity, and social and environmental justice in policies and projects.",Active,CFSkill
CFS_SDG13_ADULT_006,Adult education,Ethical decision-making in climate action,Strengthen capacity to participate in discussions on ethical climate considerations.,Active,CFSkill
CFS_SDG13_ADULT_007,Adult education,Ethical decision-making in climate action,Application of Climate Information,Active,CFSkill
CFS_SDG13_ADULT_008,Adult education,Ethical decision-making in climate action,"Access, interpret, and apply climate data from local, national, and global sources.",Active,CFSkill
CFS_SDG13_ADULT_009,Adult education,Ethical decision-making in climate action,"Use information to inform planning, agriculture, water management, and other climate-sensitive livelihoods.",Active,CFSkill
CFS_SDG13_ADULT_010,Adult education,Integration of indigenous and traditional knowledge,Apply local and indigenous knowledge systems to address climate challenges.,Active,CFSkill
CFS_SDG13_ADULT_011,Adult education,Integration of indigenous and traditional knowledge,"Document and share traditional practices in areas like water conservation, sustainable agriculture, and resource management to strengthen resilience.",Active,CFSkill
CFS_SDG13_ADULT_012,Adult education,Sustainable livelihoods,"Transition to climate-resilient livelihoods in renewable energy, sustainable agriculture, ecotourism, and circular economy sectors.",Active,CFSkill
CFS_SDG13_ADULT_013,Adult education,Sustainable livelihoods,"Develop entrepreneurship, financial literacy, and resource management skills to support community-based solutions.",Active,CFSkill
CFS_SDG14_SEC_001,Secondary education,Research and analysis,"Investigate ocean-related issues such as oil spills, overfishing, coral reef destruction, and marine pollution using primary and secondary research.",Active,CFSkill
CFS_SDG14_SEC_002,Secondary education,Research and analysis,"Conduct coastal surveys, water quality tests, and biodiversity assessments to monitor marine health.",Active,CFSkill
CFS_SDG14_SEC_003,Secondary education,Problem-solving and innovation,Design technological solutions or propose policy measures to address specific ocean challenges.,Active,CFSkill
CFS_SDG14_SEC_004,Secondary education,Problem-solving and innovation,Analyse climate change impacts on coastal ecosystems and develop adaptation and mitigation strategies.,Active,CFSkill
CFS_SDG14_SEC_005,Secondary education,Community engagement and advocacy,"Plan and implement awareness campaigns on sustainable fishing, marine conservation, and pollution reduction.",Active,CFSkill
CFS_SDG14_SEC_006,Secondary education,Community engagement and advocacy,"Participate in youth forums, presenting findings to decision-makers and contributing to policy discussions.",Active,CFSkill
CFS_SDG14_SEC_007,Secondary education,Cultural and stakeholder collaboration,Document and integrate local and traditional marine knowledge into conservation initiatives.,Active,CFSkill
CFS_SDG14_SEC_008,Secondary education,Cultural and stakeholder collaboration,"Collaborate with local marine organisations, governments, or academic institutions for experiential learning.",Active,CFSkill
CFS_SDG14_SEC_009,Secondary education,Citizen science and practical action,"Involve learners in monitoring marine litter, coral reef health, and other community-based conservation activities.",Active,CFSkill
CFS_SDG14_TVET_001,TVET,Business and economic development,"Develop business plans for fisheries, aquaculture, and ecotourism ventures that integrate sustainable practices.",Active,CFSkill
CFS_SDG14_TVET_002,TVET,Business and economic development,Promote eco-friendly tourism initiatives to protect marine biodiversity while supporting local economies.,Active,CFSkill
CFS_SDG14_TVET_003,TVET,Business and economic development,Engage in policy discussions and provide insights on sustainable ocean management for cross-sector collaboration.,Active,CFSkill
CFS_SDG14_TVET_004,TVET,Green technology and renewable energy,"Design, operate, and maintain offshore renewable energy solutions, including wind, wave, and tidal power systems.",Active,CFSkill
CFS_SDG14_TVET_005,TVET,Green technology and renewable energy,Participate in research and development projects to advance sustainable marine technologies.,Active,CFSkill
CFS_SDG14_TVET_006,TVET,Marine resource management,"Implement sustainable fisheries, aquaculture, and marine conservation practices to ensure responsible resource use.",Active,CFSkill
CFS_SDG14_TVET_007,TVET,Marine resource management,Work with coastal communities to apply sustainable fishing and resource management plans.,Active,CFSkill
CFS_SDG14_TVET_008,TVET,Marine resource management,Conduct environmental impact assessments and support climate adaptation measures in coastal areas.,Active,CFSkill
CFS_SDG14_TVET_009,TVET,Maritime operations and technology,"Engage in shipbuilding, port management, and marine engineering, incorporating energy-efficient and sustainable technologies.",Active,CFSkill
CFS_SDG14_TVET_010,TVET,Maritime operations and technology,"Apply circular economy principles to reduce waste, recycle materials, and recover energy in maritime industries.",Active,CFSkill
CFS_SDG14_TVET_011,TVET,Data and digital applications,"Use GIS and other marine monitoring technologies to map coastal areas, track resources, and support evidence-based decision-making.",Active,CFSkill
CFS_SDG14_TVET_012,TVET,Regulatory compliance and policy,"Apply local and international regulations for marine resource management, environmental protection, and pollution control.",Active,CFSkill
CFS_SDG14_TER_001,Tertiary education,Sustainable resource management,"Design and implement strategies for sustainable fisheries, aquaculture, and marine resource use.",Active,CFSkill
CFS_SDG14_TER_002,Tertiary education,Sustainable resource management,Conduct ecological and socio-economic assessments to guide responsible management decisions.,Active,CFSkill
CFS_SDG14_TER_003,Tertiary education,Marine renewable energy and technology,"Develop, optimise, and operate wave, tidal, and ocean current energy systems.",Active,CFSkill
CFS_SDG14_TER_004,Tertiary education,Marine renewable energy and technology,"Innovate technologies for sustainable marine industries, pollution mitigation, and bioprospecting.",Active,CFSkill
CFS_SDG14_TER_005,Tertiary education,"Policy, governance, and advocacy",Analyse and contribute to national and international marine policies and maritime law.,Active,CFSkill
CFS_SDG14_TER_006,Tertiary education,"Policy, governance, and advocacy",Lead initiatives to promote ocean conservation and engage stakeholders in sustainable practices.,Active,CFSkill
CFS_SDG14_TER_007,Tertiary education,Environmental impact assessment and coastal resilience,"Evaluate environmental, social, and economic impacts of maritime activities.",Active,CFSkill
CFS_SDG14_TER_008,Tertiary education,Environmental impact assessment and coastal resilience,Design adaptation measures for coastal communities and contribute to disaster risk reduction.,Active,CFSkill
CFS_SDG14_TER_009,Tertiary education,Blue carbon and ecosystem restoration,Investigate and support carbon sequestration initiatives in coastal ecosystems.,Active,CFSkill
CFS_SDG14_TER_010,Tertiary education,Blue carbon and ecosystem restoration,"Plan and participate in restoration projects for mangroves, seagrasses, and salt marshes.",Active,CFSkill
CFS_SDG14_TER_011,Tertiary education,"Data, monitoring, and research collaboration","Apply GIS, remote sensing, and marine modelling for evidence-based decision-making.",Active,CFSkill
CFS_SDG14_TER_012,Tertiary education,"Data, monitoring, and research collaboration",Collaborate across disciplines to address complex ocean challenges and contribute to innovative solutions.,Active,CFSkill
CFS_SDG14_TER_013,Tertiary education,Entrepreneurship and blue economy development,"Establish enterprises in sustainable aquaculture, ecotourism, and marine renewable energy.",Active,CFSkill
CFS_SDG14_TER_014,Tertiary education,Entrepreneurship and blue economy development,Develop business models that integrate ecological conservation with economic opportunities.,Active,CFSkill
CFS_SDG14_ADULT_001,Adult education,Environmental decision-making and policy engagement,"Participate in local, regional, and national decision-making on ocean conservation and sustainable marine resource management.",Active,CFSkill
CFS_SDG14_ADULT_002,Adult education,Environmental decision-making and policy engagement,"Analyse policies, regulations, and management plans, recommending strategies that integrate ecological, economic, and social considerations.",Active,CFSkill
CFS_SDG14_ADULT_003,Adult education,Environmental decision-making and policy engagement,"Advocate for sustainable ocean governance through engagement with NGOs, governmental bodies, and international organisations.",Active,CFSkill
CFS_SDG14_ADULT_004,Adult education,Sustainable practices in coastal communities,"Implement environmentally responsible fishing, aquaculture, and ecotourism practices.",Active,CFSkill
CFS_SDG14_ADULT_005,Adult education,Sustainable practices in coastal communities,"Promote and apply climate adaptation strategies for coastal erosion, sea-level rise, and extreme weather events.",Active,CFSkill
CFS_SDG14_ADULT_006,Adult education,Sustainable practices in coastal communities,"Encourage circular economy approaches, waste reduction, and pollution prevention in marine industries and community activities.",Active,CFSkill
CFS_SDG14_ADULT_007,Adult education,Community engagement and participation,Facilitate participatory approaches for developing and monitoring marine management plans.,Active,CFSkill
CFS_SDG14_ADULT_008,Adult education,Community engagement and participation,"Support gender-sensitive and inclusive participation, ensuring marginalised groups have equitable opportunities in decision-making.",Active,CFSkill
CFS_SDG14_ADULT_009,Adult education,Community engagement and participation,"Foster intergenerational collaboration to share knowledge, traditions, and conservation practices.",Active,CFSkill
CFS_SDG14_ADULT_010,Adult education,"Research, monitoring, and innovation","Conduct community-based monitoring of marine ecosystems, including fisheries, coral reefs, and coastal habitats.",Active,CFSkill
CFS_SDG14_ADULT_011,Adult education,"Research, monitoring, and innovation",Integrate traditional and indigenous knowledge with modern approaches to support sustainable marine management.,Active,CFSkill
CFS_SDG14_ADULT_012,Adult education,"Research, monitoring, and innovation","Develop and apply innovative solutions for marine conservation, resource management, and sustainable livelihoods.",Active,CFSkill
CFS_SDG15_SEC_001,Secondary education,Environmental impact analysis,"Assessment of human activities on local and global ecosystems, including deforestation, pollution, and biodiversity loss.",Active,CFSkill
CFS_SDG15_SEC_002,Secondary education,Environmental impact analysis,"Evaluation of consequences of land-use changes, such as agricultural expansion, mining, and urban development.",Active,CFSkill
CFS_SDG15_SEC_003,Secondary education,Environmental impact analysis,"Use of GIS, maps, and environmental datasets to identify ecological changes and at-risk areas.",Active,CFSkill
CFS_SDG15_SEC_004,Secondary education,Problem solving and solution exploration,Formulation of evidence-based solutions to reduce ecosystem degradation and enhance biodiversity protection.,Active,CFSkill
CFS_SDG15_SEC_005,Secondary education,Problem solving and solution exploration,Analysis of existing policies and identification of innovative approaches for sustainable land management.,Active,CFSkill
CFS_SDG15_SEC_006,Secondary education,Problem solving and solution exploration,"Participation in restoration projects, including reforestation, wetland conservation, and community-led clean-up initiatives.",Active,CFSkill
CFS_SDG15_SEC_007,Secondary education,Systems thinking and multiscale analysis,Exploration of how environmental changes in one region affect ecosystems globally.,Active,CFSkill
CFS_SDG15_SEC_008,Secondary education,Systems thinking and multiscale analysis,"Analysis of environmental issues across temporal scales, considering both short-term impacts (e.g., deforestation) and long-term consequences (e.g., soil degradation, species extinction).",Active,CFSkill
CFS_SDG15_SEC_009,Secondary education,Systems thinking and multiscale analysis,"Assessment of interactions between environmental, economic, and social factors contributing to biodiversity loss.",Active,CFSkill
CFS_SDG15_SEC_010,Secondary education,Systems thinking and multiscale analysis,"Formulation of strategies for conservation, such as protected areas, wildlife corridors, and community-based programmes.",Active,CFSkill
CFS_SDG15_SEC_011,Secondary education,Research and scientific inquiry,Development of research questions and hypotheses related to ecosystem health and biodiversity.,Active,CFSkill
CFS_SDG15_SEC_012,Secondary education,Research and scientific inquiry,Collection and analysis of environmental data using scientific methods.,Active,CFSkill
CFS_SDG15_SEC_013,Secondary education,Research and scientific inquiry,Contribution to citizen science initiatives or school-based environmental research projects.,Active,CFSkill
CFS_SDG15_SEC_014,Secondary education,Policy and advocacy,"Evaluation of international agreements, such as the Convention on Biological Diversity, in supporting conservation.",Active,CFSkill
CFS_SDG15_SEC_015,Secondary education,Policy and advocacy,"Investigation of national and local policies addressing deforestation, invasive species, and pollution.",Active,CFSkill
CFS_SDG15_SEC_016,Secondary education,Policy and advocacy,Engagement in debates and simulations to explore multiple perspectives on environmental governance.,Active,CFSkill
CFS_SDG15_SEC_017,Secondary education,Communication and environmental leadership,"Communication of sustainable practices through presentations, public speaking, and media campaigns.",Active,CFSkill
CFS_SDG15_SEC_018,Secondary education,Communication and environmental leadership,"Preparation of reports, blogs, or opinion pieces on biodiversity conservation and ecosystem restoration.",Active,CFSkill
CFS_SDG15_SEC_019,Secondary education,Communication and environmental leadership,Organisation of awareness campaigns and collaborative school or community-based environmental initiatives.,Active,CFSkill
CFS_SDG15_SEC_020,Secondary education,Practical application and stewardship,"Participation in biodiversity conservation projects, including tree planting, habitat restoration, and invasive species removal.",Active,CFSkill
CFS_SDG15_SEC_021,Secondary education,Practical application and stewardship,Monitoring of local ecosystems and contribution to biodiversity databases.,Active,CFSkill
CFS_SDG15_SEC_022,Secondary education,Practical application and stewardship,"Adoption of eco-friendly practices in daily life, such as reducing plastic use, supporting sustainable products, and conserving water.",Active,CFSkill
CFS_SDG15_SEC_023,Secondary education,Practical application and stewardship,"Collaboration with organisations, researchers, and policymakers to gain practical experience in conservation.",Active,CFSkill
CFS_SDG15_TVET_001,TVET,Sustainable land management,"Design and execute sustainable land management strategies across agriculture, forestry, and urban landscapes.",Active,CFSkill
CFS_SDG15_TVET_002,TVET,Sustainable land management,"Conduct soil conservation, water management, and afforestation interventions.",Active,CFSkill
CFS_SDG15_TVET_003,TVET,Sustainable land management,"Apply resource management methods, including agroforestry, permaculture, and regenerative farming.",Active,CFSkill
CFS_SDG15_TVET_004,TVET,Sustainable land management,Assess sites for land degradation and plan appropriate restoration measures.,Active,CFSkill
CFS_SDG15_TVET_005,TVET,Environmental regulation and compliance,"Operate within local, national, and international environmental laws, including land-use planning, conservation, and sustainable land management frameworks.",Active,CFSkill
CFS_SDG15_TVET_006,TVET,Environmental regulation and compliance,Support implementation of environmental management systems (EMS) in organisations.,Active,CFSkill
CFS_SDG15_TVET_007,TVET,Environmental regulation and compliance,"Assist industries in meeting standards and certifications, such as FSC and RSPO.",Active,CFSkill
CFS_SDG15_TVET_008,TVET,Environmental regulation and compliance,Conduct environmental impact assessments (EIAs) and audits to monitor and mitigate ecological risks.,Active,CFSkill
CFS_SDG15_TVET_009,TVET,Integration of sustainability into business practices,Promote corporate adoption of biodiversity-friendly and sustainable land-use practices.,Active,CFSkill
CFS_SDG15_TVET_010,TVET,Integration of sustainability into business practices,Facilitate corporate social responsibility (CSR) initiatives focused on environmental protection.,Active,CFSkill
CFS_SDG15_TVET_011,TVET,Integration of sustainability into business practices,"Train staff in green practices, including waste reduction, energy efficiency, and resource conservation.",Active,CFSkill
CFS_SDG15_TVET_012,TVET,Integration of sustainability into business practices,Advise companies on circular economy principles to reduce waste and maximise resource use.,Active,CFSkill
CFS_SDG15_TVET_013,TVET,Environmentally-friendly technologies and techniques,"Operate renewable energy systems, including wind, solar, and biomass installations.",Active,CFSkill
CFS_SDG15_TVET_014,TVET,Environmentally-friendly technologies and techniques,"Apply precision, vertical, and drip-farming techniques to minimise water use and prevent soil degradation.",Active,CFSkill
CFS_SDG15_TVET_015,TVET,Environmentally-friendly technologies and techniques,"Use soil restoration technologies such as biochar, composting, and remediation methods.",Active,CFSkill
CFS_SDG15_TVET_016,TVET,Environmentally-friendly technologies and techniques,"Integrate nature-based solutions, including wetland restoration and green infrastructure, to mitigate ecosystem damage.",Active,CFSkill
CFS_SDG15_TVET_017,TVET,Innovation and adaptive management,Analyse environmental data using GIS and remote sensing to monitor land-use changes and biodiversity loss.,Active,CFSkill
CFS_SDG15_TVET_018,TVET,Innovation and adaptive management,Contribute to ecosystem restoration projects that involve inclusive community participation.,Active,CFSkill
CFS_SDG15_TVET_019,TVET,Innovation and adaptive management,"Respond to emerging environmental challenges, including droughts, floods, and invasive species, through adaptive management strategies.",Active,CFSkill
CFS_SDG15_TVET_020,TVET,Innovation and adaptive management,"Develop innovative approaches to combat deforestation, desertification, and land degradation.",Active,CFSkill
CFS_SDG15_TER_001,Tertiary education,Advanced research and innovation,"Conduct interdisciplinary research on land degradation, biodiversity loss, and ecosystem restoration.",Active,CFSkill
CFS_SDG15_TER_002,Tertiary education,Advanced research and innovation,"Apply scientific methodologies, including remote sensing, GIS, and ecological modelling, to monitor terrestrial ecosystems.",Active,CFSkill
CFS_SDG15_TER_003,Tertiary education,Advanced research and innovation,"Design and implement nature-based solutions, such as agroforestry, habitat restoration, and rewilding initiatives.",Active,CFSkill
CFS_SDG15_TER_004,Tertiary education,Advanced research and innovation,Translate research findings into actionable policies and community interventions.,Active,CFSkill
CFS_SDG15_TER_005,Tertiary education,Integration of indigenous knowledge,Engage with indigenous and local communities to document and apply traditional ecological knowledge (TEK).,Active,CFSkill
CFS_SDG15_TER_006,Tertiary education,Integration of indigenous knowledge,"Combine indigenous practices with modern scientific approaches to enhance climate resilience, sustainable agriculture, and food security.",Active,CFSkill
CFS_SDG15_TER_007,Tertiary education,Integration of indigenous knowledge,Advocate for the recognition and inclusion of indigenous knowledge in policies and land management practices.,Active,CFSkill
CFS_SDG15_TER_008,Tertiary education,Documentation and preservation,"Record and archive traditional knowledge related to biodiversity, conservation, and land stewardship.",Active,CFSkill
CFS_SDG15_TER_009,Tertiary education,Documentation and preservation,Ensure ethical recognition and benefit-sharing with knowledge holders.,Active,CFSkill
CFS_SDG15_TER_010,Tertiary education,Documentation and preservation,Support the revitalisation of indigenous languages and cultural practices connected to ecosystem management.,Active,CFSkill
CFS_SDG15_TER_011,Tertiary education,Human and environmental health,"Investigate links between soil and plant microbiomes, agricultural productivity, and human wellbeing.",Active,CFSkill
CFS_SDG15_TER_012,Tertiary education,Human and environmental health,"Develop integrated interventions that support nutrition, biodiversity, and ecological health.",Active,CFSkill
CFS_SDG15_TER_013,Tertiary education,Human and environmental health,"Collaborate with public health experts, agronomists, and nutritionists on sustainable and biodiversity-friendly food systems.",Active,CFSkill
CFS_SDG15_TER_014,Tertiary education,Biodiversity-based production systems,"Implement ecological farming practices that conserve soil fertility, protect pollinators, and prevent land degradation.",Active,CFSkill
CFS_SDG15_TER_015,Tertiary education,Biodiversity-based production systems,"Develop landscape-level management strategies integrating forests, wetlands, grasslands, and agricultural systems.",Active,CFSkill
CFS_SDG15_TER_016,Tertiary education,Biodiversity-based production systems,"Evaluate the social, economic, and environmental impacts of biodiversity-based production approaches.",Active,CFSkill
CFS_SDG15_TER_017,Tertiary education,Promotion of sustainable diets and nutrition,"Support cultivation and consumption of native, resilient crops that enhance food security and biodiversity.",Active,CFSkill
CFS_SDG15_TER_018,Tertiary education,Promotion of sustainable diets and nutrition,Develop guidelines for sustainable diets that reduce environmental footprints.,Active,CFSkill
CFS_SDG15_TER_019,Tertiary education,Promotion of sustainable diets and nutrition,"Collaborate with communities, policymakers, and NGOs to scale up biodiversity-friendly food systems.",Active,CFSkill
CFS_SDG15_TER_020,Tertiary education,"Policy, advocacy, and governance","Provide evidence-based recommendations for ecosystem restoration, biodiversity conservation, and sustainable land management.",Active,CFSkill
CFS_SDG15_TER_021,Tertiary education,"Policy, advocacy, and governance",Support implementation of multilateral environmental agreements such as CBD and UNCCD.,Active,CFSkill
CFS_SDG15_TER_022,Tertiary education,"Policy, advocacy, and governance",Advocate for community-led approaches and protection of indigenous land rights.,Active,CFSkill
CFS_SDG15_TER_023,Tertiary education,"Policy, advocacy, and governance",Contribute scientific and policy expertise to national and international climate and land management initiatives.,Active,CFSkill
CFS_SDG15_ADULT_001,Adult education,Sustainable livelihoods and practices,"Engage in sustainable livelihood activities, such as agroecology, organic farming, forest management, and ecotourism.",Active,CFSkill
CFS_SDG15_ADULT_002,Adult education,Sustainable livelihoods and practices,"Implement regenerative agricultural practices, including crop diversification, agroforestry, and conservation agriculture, to restore soil fertility and reduce land degradation.",Active,CFSkill
CFS_SDG15_ADULT_003,Adult education,Sustainable livelihoods and practices,"Generate income through sustainable use of natural resources, such as handicrafts from non-timber forest products or beekeeping.",Active,CFSkill
CFS_SDG15_ADULT_004,Adult education,Sustainable livelihoods and practices,Promote local entrepreneurship by producing and marketing eco-friendly products.,Active,CFSkill
CFS_SDG15_ADULT_005,Adult education,Climate mitigation and adaptation,"Adopt climate-smart agricultural practices, including mixed cropping, crop rotation, and integrated pest management, to enhance resilience.",Active,CFSkill
CFS_SDG15_ADULT_006,Adult education,Climate mitigation and adaptation,"Restore degraded lands through reforestation, afforestation, and soil conservation techniques.",Active,CFSkill
CFS_SDG15_ADULT_007,Adult education,Climate mitigation and adaptation,"Manage water resources efficiently with rainwater harvesting, irrigation management, and watershed restoration.",Active,CFSkill
CFS_SDG15_ADULT_008,Adult education,Climate mitigation and adaptation,Monitor local biodiversity and contribute to citizen science initiatives tracking species and ecosystem health.,Active,CFSkill
CFS_SDG15_ADULT_009,Adult education,Climate mitigation and adaptation,Integrate traditional and indigenous knowledge to adapt to climate variability and protect ecosystems.,Active,CFSkill
CFS_SDG15_ADULT_010,Adult education,Indigenous rights and environmental justice,Support indigenous and traditional knowledge in ecosystem management.,Active,CFSkill
CFS_SDG15_ADULT_011,Adult education,Indigenous rights and environmental justice,Advocate for the protection of indigenous land rights and customary land management practices.,Active,CFSkill
CFS_SDG15_ADULT_012,Adult education,Indigenous rights and environmental justice,Collaborate with governments and organisations to ensure policies reflect the rights and perspectives of indigenous and marginalised communities.,Active,CFSkill
CFS_SDG15_ADULT_013,Adult education,Indigenous rights and environmental justice,"Promote inclusion of indigenous voices in land-use, conservation, and natural resource decision-making.",Active,CFSkill
CFS_SDG15_ADULT_014,Adult education,Community education and awareness,Facilitate knowledge sharing within communities on terrestrial ecosystems and biodiversity.,Active,CFSkill
CFS_SDG15_ADULT_015,Adult education,Community education and awareness,"Organise workshops, dialogues, and campaigns to promote sustainable practices and SDG 15 goals.",Active,CFSkill
CFS_SDG15_ADULT_016,Adult education,Community education and awareness,"Encourage participation in community-led initiatives, such as reforestation, clean-up drives, and habitat restoration.",Active,CFSkill
CFS_SDG15_ADULT_017,Adult education,Community education and awareness,"Develop educational materials using storytelling, songs, and performances to spread environmental messages.",Active,CFSkill
CFS_SDG15_ADULT_018,Adult education,Community education and awareness,Support school and community gardens to demonstrate sustainable food production and ecosystem restoration.,Active,CFSkill
CFS_SDG15_ADULT_019,Adult education,Protection of endangered species and ecosystems,"Report illegal activities, such as poaching, illegal logging, and trafficking of endangered species.",Active,CFSkill
CFS_SDG15_ADULT_020,Adult education,Protection of endangered species and ecosystems,"Participate in community-based conservation initiatives, including wildlife protection and establishment of community forests or conservancies.",Active,CFSkill
CFS_SDG15_ADULT_021,Adult education,Protection of endangered species and ecosystems,Protect native plant and animal species through habitat restoration and invasive species management.,Active,CFSkill
CFS_SDG15_ADULT_022,Adult education,Protection of endangered species and ecosystems,Contribute to monitoring programmes tracking endangered species and conservation outcomes.,Active,CFSkill
CFS_SDG15_ADULT_023,Adult education,Protection of endangered species and ecosystems,Advocate for stronger policies and enforcement mechanisms to protect biodiversity.,Active,CFSkill
CFS_SDG15_ADULT_024,Adult education,Leadership and participation in decision-making,Develop participatory decision-making and conflict resolution skills in sustainable land management initiatives.,Active,CFSkill
CFS_SDG15_ADULT_025,Adult education,Leadership and participation in decision-making,"Form and participate in local co-operatives, community forestry groups, or land care groups promoting sustainable resource management.",Active,CFSkill
CFS_SDG15_ADULT_026,Adult education,Leadership and participation in decision-making,"Collaborate with policymakers, NGOs, and researchers to influence land-use and biodiversity conservation policies.",Active,CFSkill
CFS_SDG15_ADULT_027,Adult education,Leadership and participation in decision-making,"Represent community perspectives in local, regional, and national forums addressing sustainable land management.",Active,CFSkill
CFS_SDG16_SEC_001,Secondary education,Dialogue and critical thinking,Use respectful dialogue and people skills to resolve disagreements and promote understanding in diverse settings.,Active,CFSkill
CFS_SDG16_SEC_002,Secondary education,Dialogue and critical thinking,"Critically interpret sources such as religious texts, legal frameworks and media reports.",Active,CFSkill
CFS_SDG16_SEC_003,Secondary education,Dialogue and critical thinking,Apply critical thinking to assess the reliability of information and recognise competing interests in societal issues.,Active,CFSkill
CFS_SDG16_SEC_004,Secondary education,"Debate, problem-solving and participation","Engage in structured debates, deliberations and group problem-solving on justice-related issues at local and global levels.",Active,CFSkill
CFS_SDG16_SEC_005,Secondary education,"Debate, problem-solving and participation","Analyse the causes of conflict and identify peaceful, rights-based solutions.",Active,CFSkill
CFS_SDG16_SEC_006,Secondary education,"Debate, problem-solving and participation","Develop political literacy through simulations of democratic processes such as voting, consultations and participatory governance.",Active,CFSkill
CFS_SDG16_SEC_007,Secondary education,"Debate, problem-solving and participation","Design and implement small-scale community initiatives or awareness campaigns that promote justice, inclusion or anti-discrimination.",Active,CFSkill
CFS_SDG16_SEC_008,Secondary education,Research and analytical skills,"Research and evaluate evidence on social justice, equity and peacebuilding themes.",Active,CFSkill
CFS_SDG16_SEC_009,Secondary education,Research and analytical skills,Use analytical tools to understand complex issues involving multiple stakeholders and conflicting perspectives.,Active,CFSkill
CFS_SDG16_SEC_010,Secondary education,Research and analytical skills,"Assess the impact of laws, policies and public services on individuals and communities.",Active,CFSkill
CFS_SDG16_SEC_011,Secondary education,Leadership and civic responsibility,"Demonstrate active citizenship through community service, volunteering or civic action projects.",Active,CFSkill
CFS_SDG16_SEC_012,Secondary education,Leadership and civic responsibility,"Participate in youth parliaments, Model United Nations, or school governance activities.",Active,CFSkill
CFS_SDG16_SEC_013,Secondary education,Leadership and civic responsibility,"Explore pathways into careers and roles in law, peacebuilding, diplomacy and public service.",Active,CFSkill
CFS_SDG16_TVET_001,TVET,Technical and security skills,"Apply operational and investigative skills to detect and prevent corruption, illicit finance, smuggling, and illegal fishing.",Active,CFSkill
CFS_SDG16_TVET_002,TVET,Technical and security skills,"Operate security and surveillance systems such as radar, tracking platforms, and digital monitoring for coastal, border, and critical infrastructure protection.",Active,CFSkill
CFS_SDG16_TVET_003,TVET,Technical and security skills,Conduct cyber risk assessments and ensure cybersecurity of institutional and national digital systems.,Active,CFSkill
CFS_SDG16_TVET_004,TVET,Peacebuilding and conflict resolution,"Facilitate vocational pathways for conflict-affected populations, including displaced persons, ex-combatants, and at-risk youth.",Active,CFSkill
CFS_SDG16_TVET_005,TVET,Peacebuilding and conflict resolution,"Develop life and employability skills that support conflict-sensitive reintegration, trauma recovery, and social inclusion.",Active,CFSkill
CFS_SDG16_TVET_006,TVET,Peacebuilding and conflict resolution,Use assertiveness and non-violent communication to mediate workplace and community conflicts.,Active,CFSkill
CFS_SDG16_TVET_007,TVET,Governance and supply chain oversight,"Perform audits on resource supply chains with capacity to identify, trace, and report on conflict minerals and environmental violations.",Active,CFSkill
CFS_SDG16_TVET_008,TVET,Governance and supply chain oversight,"Implement transparency measures, compliance protocols, and third-party verification in procurement and logistics.",Active,CFSkill
CFS_SDG16_TVET_009,TVET,Governance and supply chain oversight,"Promote corporate social responsibility (CSR) in the extractive, manufacturing, and construction sectors.",Active,CFSkill
CFS_SDG16_TVET_010,TVET,Civic and professional engagement,"Take part in campaigns and workplace initiatives that advance transparency, fairness, and community participation.",Active,CFSkill
CFS_SDG16_TVET_011,TVET,Civic and professional engagement,"Train security, coast guard, and law enforcement professionals in ethical conduct, human rights protection, and anti-money laundering standards.",Active,CFSkill
CFS_SDG16_TVET_012,TVET,Civic and professional engagement,Use data and reporting tools to document violations and propose systemic improvements in governance and institutional accountability.,Active,CFSkill
CFS_SDG16_TER_001,Tertiary education,"Legal, governance, and advocacy skills","Conduct legal research, analyse case law, and draft policy or programme recommendations related to peace, justice, and human rights.",Active,CFSkill
CFS_SDG16_TER_002,Tertiary education,"Legal, governance, and advocacy skills","Apply legal reasoning to issues such as climate justice, land and water governance, and social protection.",Active,CFSkill
CFS_SDG16_TER_003,Tertiary education,"Legal, governance, and advocacy skills","Use governance and political analysis tools to evaluate policy effectiveness, citizen participation, and institutional accountability.",Active,CFSkill
CFS_SDG16_TER_004,Tertiary education,"Legal, governance, and advocacy skills","Engage with traditional and indigenous justice systems, integrating restorative and community-based dispute resolution approaches.",Active,CFSkill
CFS_SDG16_TER_005,Tertiary education,Conflict resolution and mediation,"Use negotiation, consensus-building, and non-violent communication in interpersonal, institutional, and cross-cultural contexts.",Active,CFSkill
CFS_SDG16_TER_006,Tertiary education,Conflict resolution and mediation,"Facilitate dialogues, restorative circles, and peacebuilding workshops in community, academic, or professional settings.",Active,CFSkill
CFS_SDG16_TER_007,Tertiary education,Conflict resolution and mediation,"Assess root causes of conflict and develop inclusive, rights-based solutions that incorporate local knowledge and cultural perspectives.",Active,CFSkill
CFS_SDG16_TER_008,Tertiary education,Gender justice and social protection,"Identify and respond to gender-based violence, discrimination, and structural inequalities.",Active,CFSkill
CFS_SDG16_TER_009,Tertiary education,Gender justice and social protection,"Design and evaluate programmes that improve gender equity, social protection, and access to justice.",Active,CFSkill
CFS_SDG16_TER_010,Tertiary education,Gender justice and social protection,"Support women, youth, and marginalised groups in leadership, advocacy, and participatory decision-making.",Active,CFSkill
CFS_SDG16_TER_011,Tertiary education,"Migration, inclusion, and cultural literacy",Develop and implement projects promoting social integration and protection of migrants and displaced populations.,Active,CFSkill
CFS_SDG16_TER_012,Tertiary education,"Migration, inclusion, and cultural literacy","Use arts, storytelling, and multimedia to document and communicate migrant experiences.",Active,CFSkill
CFS_SDG16_TER_013,Tertiary education,"Migration, inclusion, and cultural literacy","Support intercultural understanding, inclusive practices, and community cohesion.",Active,CFSkill
CFS_SDG16_ADULT_001,Adult education,Legal empowerment and civic literacy,"Apply knowledge of legal rights in practical contexts, including inheritance, land ownership, child protection, and access to public services.",Active,CFSkill
CFS_SDG16_ADULT_002,Adult education,Legal empowerment and civic literacy,"Participate in community-based legal education activities, such as mock dispute resolution forums or will-writing sessions.",Active,CFSkill
CFS_SDG16_ADULT_003,Adult education,Legal empowerment and civic literacy,"Engage in local governance by consulting community leaders, attending village or council meetings, and contributing to development planning.",Active,CFSkill
CFS_SDG16_ADULT_004,Adult education,Conflict prevention and resolution,"Develop communication, negotiation, and active listening skills to prevent and resolve disputes.",Active,CFSkill
CFS_SDG16_ADULT_005,Adult education,Conflict prevention and resolution,"Apply alternative dispute resolution (ADR) techniques, including consensus-building, mediation, and restorative justice circles.",Active,CFSkill
CFS_SDG16_ADULT_006,Adult education,Conflict prevention and resolution,Identify early signs of conflict or violence and take proactive measures within families and communities.,Active,CFSkill
CFS_SDG16_ADULT_007,Adult education,Advocacy and community mobilisation,"Raise awareness on land, water, and resource rights, especially for women, indigenous peoples, and marginalised groups.",Active,CFSkill
CFS_SDG16_ADULT_008,Adult education,Advocacy and community mobilisation,"Organise or participate in community dialogues, campaigns, and initiatives promoting transparency, non-violence, and accountability.",Active,CFSkill
CFS_SDG16_ADULT_009,Adult education,Advocacy and community mobilisation,"Strengthen community solidarity through participatory arts, storytelling, theatre, and intergenerational knowledge sharing.",Active,CFSkill
CFS_SDG16_ADULT_010,Adult education,Advocacy and community mobilisation,"Promote civic participation and leadership, educating communities about voting rights, service access, and participatory decision-making.",Active,CFSkill
CFS_SDG16_ADULT_011,Adult education,Advocacy and community mobilisation,"Build leadership skills among women, youth, and elders to advocate for community needs and rights.",Active,CFSkill
CFS_SDG16_ADULT_012,Adult education,Advocacy and community mobilisation,"Develop capacities to engage with public institutions, file complaints, and monitor service delivery effectively.",Active,CFSkill
CFS_SDG16_ADULT_013,Adult education,"Monitoring, evaluation, and evidence-based action",Collect and use community-level data to inform interventions and assess the effectiveness of peacebuilding and governance initiatives.,Active,CFSkill
CFS_SDG16_ADULT_014,Adult education,"Monitoring, evaluation, and evidence-based action","Apply evidence-based approaches to evaluate policies, projects, and local governance mechanisms.",Active,CFSkill
CFS_SDG17_SEC_001,Secondary education,"Collaboration, teamwork, and leadership",Work effectively in diverse teams to plan and implement SDG-related projects.,Active,CFSkill
CFS_SDG17_SEC_002,Secondary education,"Collaboration, teamwork, and leadership","Engage with schools, NGOs, youth councils, and local communities in partnership activities.",Active,CFSkill
CFS_SDG17_SEC_003,Secondary education,Networking and communication,"Build networks to share knowledge, resources, and opportunities across sectors and borders.",Active,CFSkill
CFS_SDG17_SEC_004,Secondary education,Networking and communication,"Develop skills for persuasive communication, public speaking, and digital advocacy.",Active,CFSkill
CFS_SDG17_SEC_005,Secondary education,"Critical thinking, research, and evaluation","Analyse case studies of successful and unsuccessful partnerships, including humanitarian and development aid programs.",Active,CFSkill
CFS_SDG17_SEC_006,Secondary education,"Critical thinking, research, and evaluation","Evaluate the effectiveness, sustainability, and ethical implications of projects and initiatives.",Active,CFSkill
CFS_SDG17_SEC_007,Secondary education,Project management and volunteering,"Plan, organise, and manage tasks, timelines, and resources for collaborative projects.",Active,CFSkill
CFS_SDG17_SEC_008,Secondary education,Project management and volunteering,"Participate in community development, humanitarian aid, and service initiatives, reflecting on personal and societal impact.",Active,CFSkill
CFS_SDG17_SEC_009,Secondary education,Innovation and interdisciplinary problem-solving,"Design creative solutions to local and global challenges integrating science, technology, and the arts.",Active,CFSkill
CFS_SDG17_SEC_010,Secondary education,Innovation and interdisciplinary problem-solving,Apply entrepreneurial thinking and project-based approaches to promote sustainable development.,Active,CFSkill
CFS_SDG17_SEC_011,Secondary education,Digital literacy and technology use,"Use online tools to research partnerships, raise awareness, and connect with peers worldwide.",Active,CFSkill
CFS_SDG17_SEC_012,Secondary education,Digital literacy and technology use,"Apply technology to monitor projects, manage resources, and enhance collaboration.",Active,CFSkill
CFS_SDG17_SEC_013,Secondary education,"Negotiation, advocacy, and resource mobilisation","Engage with policymakers, funding agencies, and stakeholders to secure resources.",Active,CFSkill
CFS_SDG17_SEC_014,Secondary education,"Negotiation, advocacy, and resource mobilisation","Develop skills in negotiation, grant writing, and mobilising technical, financial, and human resources.",Active,CFSkill
CFS_SDG17_SEC_015,Secondary education,Adaptability and crisis response,"Adjust strategies in response to emergencies, natural disasters, or sudden community needs.",Active,CFSkill
CFS_SDG17_SEC_016,Secondary education,Adaptability and crisis response,Demonstrate resilience and problem-solving under changing circumstances.,Active,CFSkill
CFS_SDG17_TVET_001,TVET,Technical skills for sustainable development,Apply industry-specific skills in ways that support sustainability.,Active,CFSkill
CFS_SDG17_TVET_002,TVET,Technical skills for sustainable development,Develop competencies in green technologies and environmentally sound practices.,Active,CFSkill
CFS_SDG17_TVET_003,TVET,Workplace communication and teamwork,"Collaborate effectively with peers, industry professionals, and community stakeholders.",Active,CFSkill
CFS_SDG17_TVET_004,TVET,Workplace communication and teamwork,"Apply professional communication skills: listening, presenting ideas, and negotiating.",Active,CFSkill
CFS_SDG17_TVET_005,TVET,Entrepreneurial thinking and innovation,Identify opportunities for businesses and partnerships to advance SDGs.,Active,CFSkill
CFS_SDG17_TVET_006,TVET,Entrepreneurial thinking and innovation,Develop creative and sustainable business models that address community and environmental needs.,Active,CFSkill
CFS_SDG17_TVET_007,TVET,Project management and implementation,"Plan, organise, and execute collaborative projects with defined goals and timelines.",Active,CFSkill
CFS_SDG17_TVET_008,TVET,Project management and implementation,"Lead diverse teams, allocate resources efficiently, and monitor progress.",Active,CFSkill
CFS_SDG17_TVET_009,TVET,Financial literacy and resource mobilisation,Manage finances responsibly and apply principles of business sustainability.,Active,CFSkill
CFS_SDG17_TVET_010,TVET,Financial literacy and resource mobilisation,"Mobilise resources through partnerships, including technology, expertise, and funding.",Active,CFSkill
CFS_SDG17_TVET_011,TVET,Digital and technological skills,"Use digital tools to enhance efficiency, knowledge sharing, and problem-solving.",Active,CFSkill
CFS_SDG17_TVET_012,TVET,Digital and technological skills,Support technology transfer and innovation within partnerships.,Active,CFSkill
CFS_SDG17_TVET_013,TVET,"Collaboration, conflict resolution, and networking","Navigate differing perspectives, mediate disputes, and build consensus in partnerships.",Active,CFSkill
CFS_SDG17_TVET_014,TVET,"Collaboration, conflict resolution, and networking","Develop networks to share resources, knowledge, and opportunities for co-operation.",Active,CFSkill
CFS_SDG17_TVET_015,TVET,Civic and community engagement,Participate in community initiatives and local development projects.,Active,CFSkill
CFS_SDG17_TVET_016,TVET,Civic and community engagement,Apply skills to support societal improvement and sustainable development goals.,Active,CFSkill
CFS_SDG17_TVET_017,TVET,"Health, safety, and environmental awareness",Apply occupational health and safety standards.,Active,CFSkill
CFS_SDG17_TVET_018,TVET,"Health, safety, and environmental awareness",Integrate environmental awareness into workplace and project practices.,Active,CFSkill
CFS_SDG17_TVET_019,TVET,"Monitoring, evaluation, and adaptation",Use evidence-based tools to assess impact and inform improvements.,Active,CFSkill
CFS_SDG17_TVET_020,TVET,"Monitoring, evaluation, and adaptation","Adapt strategies to changing circumstances, ensuring resilient and effective partnerships.",Active,CFSkill
CFS_SDG17_TER_001,Tertiary education,Development finance mechanisms,"Assessment of funding sources for sustainable development, including official development assistance (ODA), loan agreements and fiscal policies.",Active,CFSkill
CFS_SDG17_TER_002,Tertiary education,Development finance mechanisms,Analysis of the role of financial institutions and their impact on global development initiatives.,Active,CFSkill
CFS_SDG17_TER_003,Tertiary education,Resource mobilisation for SDG implementation,"Mobilisation of resources such as technology, expertise and finance to support the SDGs.",Active,CFSkill
CFS_SDG17_TER_004,Tertiary education,Resource mobilisation for SDG implementation,Leveraging of international co-operation to secure resources for development initiatives.,Active,CFSkill
CFS_SDG17_TER_005,Tertiary education,Impact assessment and policy evaluation,Application of integrated impact assessments (IIAs) to evaluate the effectiveness of development initiatives.,Active,CFSkill
CFS_SDG17_TER_006,Tertiary education,Impact assessment and policy evaluation,Evaluation of long-term impacts of partnerships using data for policy decisions.,Active,CFSkill
CFS_SDG17_TER_007,Tertiary education,Negotiation and financial diplomacy,"Engagement with funding agencies, international financial institutions and development partners to secure financing and fair agreements.",Active,CFSkill
CFS_SDG17_TER_008,Tertiary education,Negotiation and financial diplomacy,Use of negotiation strategies to facilitate international agreements and partnerships.,Active,CFSkill
CFS_SDG17_TER_009,Tertiary education,Data-driven decision-making and accountability,Use of evidence-based tools to ensure transparency in partnerships and track financial resources.,Active,CFSkill
CFS_SDG17_TER_010,Tertiary education,Data-driven decision-making and accountability,Establishment of systems for accountability and outcome measurement in partnerships.,Active,CFSkill
CFS_SDG17_TER_011,Tertiary education,Fiscal responsibility and economic awareness,"Application of knowledge of taxation systems, fiscal burdens and public–private financing in sustainable development contexts.",Active,CFSkill
CFS_SDG17_TER_012,Tertiary education,Fiscal responsibility and economic awareness,Awareness of the economic implications of development financing strategies.,Active,CFSkill
CFS_SDG17_TER_013,Tertiary education,Strategic partnership management,"Design and scaling of collaboration models that maximise impact across education, government and industry sectors.",Active,CFSkill
CFS_SDG17_TER_014,Tertiary education,Strategic partnership management,Leadership and management of cross-sector partnerships aligned with SDGs targets.,Active,CFSkill
CFS_SDG17_ADULT_001,Adult education,Community leadership and partnership development,"Building and sustaining partnerships with local organisations, businesses, government bodies, and international stakeholders.",Active,CFSkill
CFS_SDG17_ADULT_002,Adult education,Community leadership and partnership development,Managing community-driven initiatives and facilitating effective cross-sector collaboration.,Active,CFSkill
CFS_SDG17_ADULT_003,Adult education,Negotiation and advocacy,"Engaging with policymakers, funding agencies, and stakeholders to secure resources and support.",Active,CFSkill
CFS_SDG17_ADULT_004,Adult education,Negotiation and advocacy,Applying negotiation skills to advocate for community priorities and development needs.,Active,CFSkill
CFS_SDG17_ADULT_005,Adult education,Communication and networking,Developing clear and persuasive communication strategies to engage diverse stakeholders.,Active,CFSkill
CFS_SDG17_ADULT_006,Adult education,Communication and networking,"Building networks to share knowledge, resources, and collaboration opportunities for collaboration.",Active,CFSkill
CFS_SDG17_ADULT_007,Adult education,Collaboration and conflict resolution,Navigating differing perspectives to achieve mutually beneficial outcomes in partnerships.,Active,CFSkill
CFS_SDG17_ADULT_008,Adult education,Collaboration and conflict resolution,Using conflict resolution strategies to address tensions and strengthen sustainable partnerships.,Active,CFSkill
CFS_SDG17_ADULT_009,Adult education,Project management and implementation,"Planning, executing, and evaluation of community-based partnership projects.",Active,CFSkill
CFS_SDG17_ADULT_010,Adult education,Project management and implementation,"Ensuring effective implementation through monitoring, reporting, and adaptive management.",Active,CFSkill
CFS_SDG17_ADULT_011,Adult education,Financial literacy and resource mobilisation,"Applying funding mechanisms, including grant writing and sustainable financial planning.",Active,CFSkill
CFS_SDG17_ADULT_012,Adult education,Financial literacy and resource mobilisation,Developing resource mobilisation strategies to support community-driven initiatives.,Active,CFSkill
CFS_SDG17_ADULT_013,Adult education,Data-driven decision-making,Collecting and analysing data to guide evidence-based decisions.,Active,CFSkill
CFS_SDG17_ADULT_014,Adult education,Data-driven decision-making,Using data to optimise community development strategies and partnership outcomes.,Active,CFSkill
