:START_ID,:END_ID,:TYPE
KFR_000001,KCR_000013,ACTS_ON_KCR
KFR_000002,KCR_000011,ACTS_ON_KCR
KFR_000003,KCR_000012,ACTS_ON_KCR
KFR_000004,KCR_000052,ACTS_ON_KCR
KFR_000004,KCR_000641,ACTS_ON_KCR
KFR_000005,KCR_000086,ACTS_ON_KCR
KFR_000005,KCR_000535,ACTS_ON_KCR
KFR_000005,KCR_000536,ACTS_ON_KCR
KFR_000005,KCR_000538,ACTS_ON_KCR
KFR_000005,KCR_000552,ACTS_ON_KCR
KFR_000005,KCR_000553,ACTS_ON_KCR
KFR_000005,KCR_000564,ACTS_ON_KCR
KFR_000005,KCR_000565,ACTS_ON_KCR
KFR_000005,KCR_000566,ACTS_ON_KCR
KFR_000005,KCR_000584,ACTS_ON_KCR
KFR_000005,KCR_000585,ACTS_ON_KCR
KFR_000005,KCR_000586,ACTS_ON_KCR
KFR_000005,KCR_000731,ACTS_ON_KCR
KFR_000006,KCR_000087,ACTS_ON_KCR
KFR_000006,KCR_000088,ACTS_ON_KCR
KFR_000006,KCR_000537,ACTS_ON_KCR
KFR_000006,KCR_000560,ACTS_ON_KCR
KFR_000007,KCR_000090,ACTS_ON_KCR
KFR_000007,KCR_000508,ACTS_ON_KCR
KFR_000007,KCR_000674,ACTS_ON_KCR
KFR_000008,KCR_000508,ACTS_ON_KCR
KFR_000009,KCR_000045,ACTS_ON_KCR
KFR_000009,KCR_000358,ACTS_ON_KCR
KFR_000009,KCR_000604,ACTS_ON_KCR
KFR_000010,KCR_000120,ACTS_ON_KCR
KFR_000010,KCR_000908,ACTS_ON_KCR
KFR_000011,KCR_000052,ACTS_ON_KCR
KFR_000011,KCR_000085,ACTS_ON_KCR
KFR_000011,KCR_000641,ACTS_ON_KCR
KFR_000012,KCR_000414,ACTS_ON_KCR
KFR_000013,KCR_000061,ACTS_ON_KCR
KFR_000013,KCR_000382,ACTS_ON_KCR
KFR_000013,KCR_000401,ACTS_ON_KCR
KFR_000013,KCR_001256,ACTS_ON_KCR
KFR_000014,KCR_000063,ACTS_ON_KCR
KFR_000014,KCR_000356,ACTS_ON_KCR
KFR_000015,KCR_000678,ACTS_ON_KCR
KFR_000016,KCR_000602,ACTS_ON_KCR
KFR_000016,KCR_000691,ACTS_ON_KCR
KFR_000016,KCR_000692,ACTS_ON_KCR
KFR_000016,KCR_000693,ACTS_ON_KCR
KFR_000017,KCR_000720,ACTS_ON_KCR
KFR_000018,KCR_000695,ACTS_ON_KCR
KFR_000018,KCR_000699,ACTS_ON_KCR
KFR_000019,KCR_000695,ACTS_ON_KCR
KFR_000019,KCR_000718,ACTS_ON_KCR
KFR_000019,KCR_000721,ACTS_ON_KCR
KFR_000020,KCR_000783,ACTS_ON_KCR
KFR_000021,KCR_000856,ACTS_ON_KCR
KFR_000022,KCR_000779,ACTS_ON_KCR
KFR_000022,KCR_000782,ACTS_ON_KCR
KFR_000022,KCR_000809,ACTS_ON_KCR
KFR_000023,KCR_000779,ACTS_ON_KCR
KFR_000023,KCR_000809,ACTS_ON_KCR
KFR_000024,KCR_000783,ACTS_ON_KCR
KFR_000025,KCR_000918,ACTS_ON_KCR
KFR_000026,KCR_000122,ACTS_ON_KCR
KFR_000026,KCR_000760,ACTS_ON_KCR
KFR_000027,KCR_000122,ACTS_ON_KCR
KFR_000027,KCR_000760,ACTS_ON_KCR
KFR_000028,KCR_000186,ACTS_ON_KCR
KFR_000028,KCR_000190,ACTS_ON_KCR
KFR_000029,KCR_000221,ACTS_ON_KCR
KFR_000029,KCR_000239,ACTS_ON_KCR
KFR_000029,KCR_000240,ACTS_ON_KCR
KFR_000030,KCR_000238,ACTS_ON_KCR
KFR_000031,KCR_000273,ACTS_ON_KCR
KFR_000032,KCR_000051,ACTS_ON_KCR
KFR_000033,KCR_000053,ACTS_ON_KCR
KFR_000033,KCR_000416,ACTS_ON_KCR
KFR_000033,KCR_000675,ACTS_ON_KCR
KFR_000033,KCR_000676,ACTS_ON_KCR
KFR_000034,KCR_000091,ACTS_ON_KCR
KFR_000034,KCR_000674,ACTS_ON_KCR
KFR_000035,KCR_000856,ACTS_ON_KCR
KFR_000036,KCR_000356,ACTS_ON_KCR
KFR_000036,KCR_000357,ACTS_ON_KCR
KFR_000036,KCR_000364,ACTS_ON_KCR
KFR_000037,KCR_000527,ACTS_ON_KCR
KFR_000037,KCR_000758,ACTS_ON_KCR
KFR_000037,KCR_000759,ACTS_ON_KCR
KFR_000037,KCR_000761,ACTS_ON_KCR
KFR_000037,KCR_000762,ACTS_ON_KCR
KFR_000038,KCR_000837,ACTS_ON_KCR
KFR_000039,KCR_000104,ACTS_ON_KCR
KFR_000040,KCR_000744,ACTS_ON_KCR
KFR_000041,KCR_000637,ACTS_ON_KCR
KFR_000041,KCR_000675,ACTS_ON_KCR
KFR_000042,KCR_000053,ACTS_ON_KCR
KFR_000042,KCR_000675,ACTS_ON_KCR
KFR_000043,KCR_000783,ACTS_ON_KCR
KFR_000044,KCR_000783,ACTS_ON_KCR
KFR_000045,KCR_000783,ACTS_ON_KCR
KFR_000046,KCR_000928,ACTS_ON_KCR
KFR_000047,KCR_000929,ACTS_ON_KCR
KFR_000048,KCR_000930,ACTS_ON_KCR
KFR_000049,KCR_000927,ACTS_ON_KCR
KFR_000050,KCR_000930,ACTS_ON_KCR
KFR_000051,KCR_001206,ACTS_ON_KCR
KFR_000052,KCR_000933,ACTS_ON_KCR
KFR_000052,KCR_000950,ACTS_ON_KCR
KFR_000052,KCR_000959,ACTS_ON_KCR
KFR_000052,KCR_000960,ACTS_ON_KCR
KFR_000053,KCR_000971,ACTS_ON_KCR
KFR_000053,KCR_000972,ACTS_ON_KCR
KFR_000053,KCR_000973,ACTS_ON_KCR
KFR_000053,KCR_000975,ACTS_ON_KCR
KFR_000054,KCR_000999,ACTS_ON_KCR
KFR_000054,KCR_001076,ACTS_ON_KCR
KFR_000055,KCR_001244,ACTS_ON_KCR
KFR_000056,KCR_001244,ACTS_ON_KCR
KFR_000057,KCR_001197,ACTS_ON_KCR
KFR_000057,KCR_001247,ACTS_ON_KCR
KFR_000058,KCR_001205,ACTS_ON_KCR
KFR_000059,KCR_001204,ACTS_ON_KCR
KFR_000060,KCR_001206,ACTS_ON_KCR
KFR_000061,KCR_000257,ACTS_ON_KCR
KFR_000061,KCR_001252,ACTS_ON_KCR
KFR_000062,KCR_001175,ACTS_ON_KCR
KFR_000063,KCR_001188,ACTS_ON_KCR
KFR_000064,KCR_000207,ACTS_ON_KCR
KFR_000065,KCR_001239,ACTS_ON_KCR
KFR_000065,KCR_001240,ACTS_ON_KCR
KFR_000065,KCR_001241,ACTS_ON_KCR
KFR_000066,KCR_000109,ACTS_ON_KCR
KFR_000067,KCR_000126,ACTS_ON_KCR
KFR_000067,KCR_000128,ACTS_ON_KCR
KFR_000068,KCR_000131,ACTS_ON_KCR
KFR_000069,KCR_000142,ACTS_ON_KCR
KFR_000069,KCR_000190,ACTS_ON_KCR
KFR_000070,KCR_000145,ACTS_ON_KCR
KFR_000070,KCR_000150,ACTS_ON_KCR
KFR_000071,KCR_000149,ACTS_ON_KCR
KFR_000072,KCR_000181,ACTS_ON_KCR
KFR_000073,KCR_000201,ACTS_ON_KCR
KFR_000074,KCR_000222,ACTS_ON_KCR
KFR_000075,KCR_000325,ACTS_ON_KCR
KFR_000076,KCR_000325,ACTS_ON_KCR
KFR_000077,KCR_001256,ACTS_ON_KCR
KFR_000078,KCR_000392,ACTS_ON_KCR
KFR_000078,KCR_000393,ACTS_ON_KCR
KFR_000079,KCR_000444,ACTS_ON_KCR
KFR_000079,KCR_000446,ACTS_ON_KCR
KFR_000079,KCR_000447,ACTS_ON_KCR
KFR_000079,KCR_000448,ACTS_ON_KCR
KFR_000080,KCR_000444,ACTS_ON_KCR
KFR_000080,KCR_000450,ACTS_ON_KCR
KFR_000081,KCR_000485,ACTS_ON_KCR
KFR_000081,KCR_000486,ACTS_ON_KCR
KFR_000081,KCR_000492,ACTS_ON_KCR
KFR_000082,KCR_000604,ACTS_ON_KCR
KFR_000083,KCR_000666,ACTS_ON_KCR
KFR_000084,KCR_000758,ACTS_ON_KCR
KFR_000084,KCR_000760,ACTS_ON_KCR
KFR_000085,KCR_000761,ACTS_ON_KCR
KFR_000085,KCR_000762,ACTS_ON_KCR
KFR_000086,KCR_000778,ACTS_ON_KCR
KFR_000086,KCR_000780,ACTS_ON_KCR
KFR_000086,KCR_000781,ACTS_ON_KCR
KFR_000087,KCR_000823,ACTS_ON_KCR
KFR_000087,KCR_000824,ACTS_ON_KCR
KFR_000087,KCR_000825,ACTS_ON_KCR
KFR_000088,KCR_000798,ACTS_ON_KCR
KFR_000088,KCR_000832,ACTS_ON_KCR
KFR_000088,KCR_000834,ACTS_ON_KCR
KFR_000089,KCR_000850,ACTS_ON_KCR
KFR_000089,KCR_000851,ACTS_ON_KCR
KFR_000089,KCR_000852,ACTS_ON_KCR
KFR_000090,KCR_000850,ACTS_ON_KCR
KFR_000090,KCR_000851,ACTS_ON_KCR
KFR_000090,KCR_000852,ACTS_ON_KCR
KFR_000091,KCR_000887,ACTS_ON_KCR
KFR_000091,KCR_000889,ACTS_ON_KCR
KFR_000092,KCR_000891,ACTS_ON_KCR
KFR_000092,KCR_000892,ACTS_ON_KCR
KFR_000093,KCR_000904,ACTS_ON_KCR
KFR_000093,KCR_000905,ACTS_ON_KCR
KFR_000093,KCR_000906,ACTS_ON_KCR
KFR_000093,KCR_000907,ACTS_ON_KCR
KFR_000094,KCR_000909,ACTS_ON_KCR
KFR_000094,KCR_000910,ACTS_ON_KCR
KFR_000094,KCR_000911,ACTS_ON_KCR
KFR_000095,KCR_000913,ACTS_ON_KCR
KFR_000096,KCR_000970,ACTS_ON_KCR
KFR_000097,KCR_001010,ACTS_ON_KCR
KFR_000097,KCR_001011,ACTS_ON_KCR
KFR_000097,KCR_001015,ACTS_ON_KCR
KFR_000098,KCR_001055,ACTS_ON_KCR
KFR_000099,KCR_001062,ACTS_ON_KCR
KFR_000100,KCR_001058,ACTS_ON_KCR
KFR_000100,KCR_001061,ACTS_ON_KCR
KFR_000101,KCR_001084,ACTS_ON_KCR
KFR_000101,KCR_001085,ACTS_ON_KCR
KFR_000102,KCR_001243,ACTS_ON_KCR
KFR_000103,KCR_001141,ACTS_ON_KCR
KFR_000104,KCR_001154,ACTS_ON_KCR
KFR_000104,KCR_001155,ACTS_ON_KCR
KFR_000105,KCR_001175,ACTS_ON_KCR
KFR_000106,KCR_001193,ACTS_ON_KCR
KFR_000106,KCR_001200,ACTS_ON_KCR
KFR_000107,KCR_001220,ACTS_ON_KCR
KFR_000108,KCR_001237,ACTS_ON_KCR
KFR_000109,KCR_000143,ACTS_ON_KCR
KFR_000109,KCR_000144,ACTS_ON_KCR
KFR_000110,KCR_000145,ACTS_ON_KCR
KFR_000110,KCR_000148,ACTS_ON_KCR
KFR_000111,KCR_000220,ACTS_ON_KCR
KFR_000112,KCR_000654,ACTS_ON_KCR
KFR_000113,KCR_000699,ACTS_ON_KCR
KFR_000114,KCR_000695,ACTS_ON_KCR
KFR_000115,KCR_000603,ACTS_ON_KCR
KFR_000115,KCR_000653,ACTS_ON_KCR
KFR_000116,KCR_000778,ACTS_ON_KCR
KFR_000117,KCR_000910,ACTS_ON_KCR
KFR_000118,KCR_000056,ACTS_ON_KCR
KFR_000119,KCR_000095,ACTS_ON_KCR
KFR_000120,KCR_000043,ACTS_ON_KCR
KFR_000121,KCR_000038,ACTS_ON_KCR
KFR_000122,KCR_000413,ACTS_ON_KCR
KFR_000123,KCR_000057,ACTS_ON_KCR
KFR_000124,KCR_000049,ACTS_ON_KCR
KFR_000124,KCR_000057,ACTS_ON_KCR
KFR_000125,KCR_000057,ACTS_ON_KCR
KFR_000126,KCR_001000,ACTS_ON_KCR
KFR_000126,KCR_001001,ACTS_ON_KCR
KFR_000127,KCR_001021,ACTS_ON_KCR
KFR_000127,KCR_001025,ACTS_ON_KCR
KFR_000128,KCR_001019,ACTS_ON_KCR
KFR_000128,KCR_001020,ACTS_ON_KCR
KFR_000129,KCR_001073,ACTS_ON_KCR
KFR_000129,KCR_001075,ACTS_ON_KCR
KFR_000130,KCR_001244,ACTS_ON_KCR
KFR_000130,KCR_001245,ACTS_ON_KCR
KFR_000131,KCR_001244,ACTS_ON_KCR
KFR_000131,KCR_001245,ACTS_ON_KCR
KFR_000132,KCR_000620,ACTS_ON_KCR
KFR_000132,KCR_000621,ACTS_ON_KCR
KFR_000132,KCR_000622,ACTS_ON_KCR
KFR_000133,KCR_001144,ACTS_ON_KCR
KFR_000133,KCR_001145,ACTS_ON_KCR
KFR_000133,KCR_001146,ACTS_ON_KCR
KFR_000134,KCR_000207,ACTS_ON_KCR
KFR_000134,KCR_001251,ACTS_ON_KCR
KFR_000135,KCR_001231,ACTS_ON_KCR
KFR_000135,KCR_001233,ACTS_ON_KCR
KFR_000136,KCR_001222,ACTS_ON_KCR
KFR_000136,KCR_001231,ACTS_ON_KCR
KPR_000001,KCR_000013,APPLIES_TO_KCR
KPR_000002,KCR_000011,APPLIES_TO_KCR
KPR_000003,KCR_000012,APPLIES_TO_KCR
KPR_000004,KCR_000052,APPLIES_TO_KCR
KPR_000004,KCR_000641,APPLIES_TO_KCR
KPR_000005,KCR_000086,APPLIES_TO_KCR
KPR_000005,KCR_000535,APPLIES_TO_KCR
KPR_000005,KCR_000536,APPLIES_TO_KCR
KPR_000005,KCR_000538,APPLIES_TO_KCR
KPR_000005,KCR_000552,APPLIES_TO_KCR
KPR_000005,KCR_000553,APPLIES_TO_KCR
KPR_000005,KCR_000564,APPLIES_TO_KCR
KPR_000005,KCR_000565,APPLIES_TO_KCR
KPR_000005,KCR_000566,APPLIES_TO_KCR
KPR_000005,KCR_000584,APPLIES_TO_KCR
KPR_000005,KCR_000585,APPLIES_TO_KCR
KPR_000005,KCR_000586,APPLIES_TO_KCR
KPR_000005,KCR_000731,APPLIES_TO_KCR
KPR_000006,KCR_000087,APPLIES_TO_KCR
KPR_000006,KCR_000088,APPLIES_TO_KCR
KPR_000006,KCR_000537,APPLIES_TO_KCR
KPR_000006,KCR_000560,APPLIES_TO_KCR
KPR_000007,KCR_000090,APPLIES_TO_KCR
KPR_000007,KCR_000508,APPLIES_TO_KCR
KPR_000007,KCR_000674,APPLIES_TO_KCR
KPR_000008,KCR_000508,APPLIES_TO_KCR
KPR_000009,KCR_000045,APPLIES_TO_KCR
KPR_000009,KCR_000358,APPLIES_TO_KCR
KPR_000009,KCR_000604,APPLIES_TO_KCR
KPR_000010,KCR_000120,APPLIES_TO_KCR
KPR_000010,KCR_000908,APPLIES_TO_KCR
KPR_000011,KCR_000052,APPLIES_TO_KCR
KPR_000011,KCR_000085,APPLIES_TO_KCR
KPR_000011,KCR_000641,APPLIES_TO_KCR
KPR_000012,KCR_000414,APPLIES_TO_KCR
KPR_000013,KCR_000061,APPLIES_TO_KCR
KPR_000013,KCR_000382,APPLIES_TO_KCR
KPR_000013,KCR_000401,APPLIES_TO_KCR
KPR_000013,KCR_001256,APPLIES_TO_KCR
KPR_000014,KCR_000063,APPLIES_TO_KCR
KPR_000014,KCR_000356,APPLIES_TO_KCR
KPR_000015,KCR_000678,APPLIES_TO_KCR
KPR_000016,KCR_000602,APPLIES_TO_KCR
KPR_000016,KCR_000691,APPLIES_TO_KCR
KPR_000016,KCR_000692,APPLIES_TO_KCR
KPR_000016,KCR_000693,APPLIES_TO_KCR
KPR_000017,KCR_000720,APPLIES_TO_KCR
KPR_000018,KCR_000695,APPLIES_TO_KCR
KPR_000018,KCR_000699,APPLIES_TO_KCR
KPR_000019,KCR_000695,APPLIES_TO_KCR
KPR_000019,KCR_000718,APPLIES_TO_KCR
KPR_000019,KCR_000721,APPLIES_TO_KCR
KPR_000020,KCR_000783,APPLIES_TO_KCR
KPR_000021,KCR_000856,APPLIES_TO_KCR
KPR_000023,KCR_000779,APPLIES_TO_KCR
KPR_000023,KCR_000782,APPLIES_TO_KCR
KPR_000023,KCR_000809,APPLIES_TO_KCR
KPR_000024,KCR_000779,APPLIES_TO_KCR
KPR_000024,KCR_000809,APPLIES_TO_KCR
KPR_000025,KCR_000783,APPLIES_TO_KCR
KPR_000026,KCR_000918,APPLIES_TO_KCR
KPR_000027,KCR_000122,APPLIES_TO_KCR
KPR_000027,KCR_000760,APPLIES_TO_KCR
KPR_000028,KCR_000122,APPLIES_TO_KCR
KPR_000028,KCR_000760,APPLIES_TO_KCR
KPR_000029,KCR_000186,APPLIES_TO_KCR
KPR_000029,KCR_000190,APPLIES_TO_KCR
KPR_000030,KCR_000221,APPLIES_TO_KCR
KPR_000030,KCR_000239,APPLIES_TO_KCR
KPR_000030,KCR_000240,APPLIES_TO_KCR
KPR_000031,KCR_000238,APPLIES_TO_KCR
KPR_000032,KCR_000043,APPLIES_TO_KCR
KPR_000033,KCR_000273,APPLIES_TO_KCR
KPR_000034,KCR_000038,APPLIES_TO_KCR
KPR_000036,KCR_000051,APPLIES_TO_KCR
KPR_000037,KCR_000413,APPLIES_TO_KCR
KPR_000038,KCR_000053,APPLIES_TO_KCR
KPR_000038,KCR_000416,APPLIES_TO_KCR
KPR_000038,KCR_000675,APPLIES_TO_KCR
KPR_000038,KCR_000676,APPLIES_TO_KCR
KPR_000039,KCR_000091,APPLIES_TO_KCR
KPR_000039,KCR_000674,APPLIES_TO_KCR
KPR_000040,KCR_000856,APPLIES_TO_KCR
KPR_000041,KCR_000356,APPLIES_TO_KCR
KPR_000041,KCR_000357,APPLIES_TO_KCR
KPR_000041,KCR_000364,APPLIES_TO_KCR
KPR_000042,KCR_000057,APPLIES_TO_KCR
KPR_000043,KCR_000527,APPLIES_TO_KCR
KPR_000043,KCR_000758,APPLIES_TO_KCR
KPR_000043,KCR_000759,APPLIES_TO_KCR
KPR_000043,KCR_000761,APPLIES_TO_KCR
KPR_000043,KCR_000762,APPLIES_TO_KCR
KPR_000044,KCR_000837,APPLIES_TO_KCR
KPR_000045,KCR_000104,APPLIES_TO_KCR
KPR_000046,KCR_000744,APPLIES_TO_KCR
KPR_000047,KCR_000637,APPLIES_TO_KCR
KPR_000047,KCR_000675,APPLIES_TO_KCR
KPR_000048,KCR_000053,APPLIES_TO_KCR
KPR_000048,KCR_000675,APPLIES_TO_KCR
KPR_000049,KCR_000049,APPLIES_TO_KCR
KPR_000049,KCR_000057,APPLIES_TO_KCR
KPR_000050,KCR_000057,APPLIES_TO_KCR
KPR_000051,KCR_000783,APPLIES_TO_KCR
KPR_000052,KCR_000783,APPLIES_TO_KCR
KPR_000053,KCR_000783,APPLIES_TO_KCR
KPR_000055,KCR_000928,APPLIES_TO_KCR
KPR_000056,KCR_000929,APPLIES_TO_KCR
KPR_000057,KCR_000930,APPLIES_TO_KCR
KPR_000058,KCR_000927,APPLIES_TO_KCR
KPR_000059,KCR_000930,APPLIES_TO_KCR
KPR_000060,KCR_001000,APPLIES_TO_KCR
KPR_000060,KCR_001001,APPLIES_TO_KCR
KPR_000062,KCR_001206,APPLIES_TO_KCR
KPR_000063,KCR_000933,APPLIES_TO_KCR
KPR_000063,KCR_000950,APPLIES_TO_KCR
KPR_000063,KCR_000959,APPLIES_TO_KCR
KPR_000063,KCR_000960,APPLIES_TO_KCR
KPR_000064,KCR_000971,APPLIES_TO_KCR
KPR_000064,KCR_000972,APPLIES_TO_KCR
KPR_000064,KCR_000973,APPLIES_TO_KCR
KPR_000064,KCR_000975,APPLIES_TO_KCR
KPR_000066,KCR_001021,APPLIES_TO_KCR
KPR_000066,KCR_001025,APPLIES_TO_KCR
KPR_000067,KCR_001019,APPLIES_TO_KCR
KPR_000067,KCR_001020,APPLIES_TO_KCR
KPR_000068,KCR_001073,APPLIES_TO_KCR
KPR_000068,KCR_001075,APPLIES_TO_KCR
KPR_000069,KCR_000999,APPLIES_TO_KCR
KPR_000069,KCR_001076,APPLIES_TO_KCR
KPR_000070,KCR_001244,APPLIES_TO_KCR
KPR_000071,KCR_001244,APPLIES_TO_KCR
KPR_000072,KCR_001244,APPLIES_TO_KCR
KPR_000072,KCR_001245,APPLIES_TO_KCR
KPR_000073,KCR_001244,APPLIES_TO_KCR
KPR_000073,KCR_001245,APPLIES_TO_KCR
KPR_000074,KCR_001197,APPLIES_TO_KCR
KPR_000074,KCR_001247,APPLIES_TO_KCR
KPR_000075,KCR_001205,APPLIES_TO_KCR
KPR_000076,KCR_001204,APPLIES_TO_KCR
KPR_000077,KCR_001206,APPLIES_TO_KCR
KPR_000078,KCR_000257,APPLIES_TO_KCR
KPR_000078,KCR_001252,APPLIES_TO_KCR
KPR_000079,KCR_001175,APPLIES_TO_KCR
KPR_000080,KCR_001188,APPLIES_TO_KCR
KPR_000081,KCR_000207,APPLIES_TO_KCR
KPR_000082,KCR_001239,APPLIES_TO_KCR
KPR_000082,KCR_001240,APPLIES_TO_KCR
KPR_000082,KCR_001241,APPLIES_TO_KCR
KPR_000085,KCR_000109,APPLIES_TO_KCR
KPR_000086,KCR_000126,APPLIES_TO_KCR
KPR_000086,KCR_000128,APPLIES_TO_KCR
KPR_000087,KCR_000131,APPLIES_TO_KCR
KPR_000088,KCR_000142,APPLIES_TO_KCR
KPR_000088,KCR_000190,APPLIES_TO_KCR
KPR_000089,KCR_000145,APPLIES_TO_KCR
KPR_000089,KCR_000150,APPLIES_TO_KCR
KPR_000090,KCR_000149,APPLIES_TO_KCR
KPR_000091,KCR_000181,APPLIES_TO_KCR
KPR_000092,KCR_000201,APPLIES_TO_KCR
KPR_000094,KCR_000222,APPLIES_TO_KCR
KPR_000098,KCR_000325,APPLIES_TO_KCR
KPR_000099,KCR_000325,APPLIES_TO_KCR
KPR_000100,KCR_000620,APPLIES_TO_KCR
KPR_000100,KCR_000621,APPLIES_TO_KCR
KPR_000100,KCR_000622,APPLIES_TO_KCR
KPR_000102,KCR_001256,APPLIES_TO_KCR
KPR_000103,KCR_000392,APPLIES_TO_KCR
KPR_000103,KCR_000393,APPLIES_TO_KCR
KPR_000104,KCR_000444,APPLIES_TO_KCR
KPR_000104,KCR_000446,APPLIES_TO_KCR
KPR_000104,KCR_000447,APPLIES_TO_KCR
KPR_000104,KCR_000448,APPLIES_TO_KCR
KPR_000105,KCR_000444,APPLIES_TO_KCR
KPR_000105,KCR_000450,APPLIES_TO_KCR
KPR_000106,KCR_000485,APPLIES_TO_KCR
KPR_000106,KCR_000486,APPLIES_TO_KCR
KPR_000106,KCR_000492,APPLIES_TO_KCR
KPR_000109,KCR_000604,APPLIES_TO_KCR
KPR_000111,KCR_000666,APPLIES_TO_KCR
KPR_000115,KCR_000758,APPLIES_TO_KCR
KPR_000115,KCR_000760,APPLIES_TO_KCR
KPR_000116,KCR_000761,APPLIES_TO_KCR
KPR_000116,KCR_000762,APPLIES_TO_KCR
KPR_000117,KCR_000778,APPLIES_TO_KCR
KPR_000117,KCR_000780,APPLIES_TO_KCR
KPR_000117,KCR_000781,APPLIES_TO_KCR
KPR_000119,KCR_000823,APPLIES_TO_KCR
KPR_000119,KCR_000824,APPLIES_TO_KCR
KPR_000119,KCR_000825,APPLIES_TO_KCR
KPR_000120,KCR_000798,APPLIES_TO_KCR
KPR_000120,KCR_000832,APPLIES_TO_KCR
KPR_000120,KCR_000834,APPLIES_TO_KCR
KPR_000121,KCR_000850,APPLIES_TO_KCR
KPR_000121,KCR_000851,APPLIES_TO_KCR
KPR_000121,KCR_000852,APPLIES_TO_KCR
KPR_000122,KCR_000850,APPLIES_TO_KCR
KPR_000122,KCR_000851,APPLIES_TO_KCR
KPR_000122,KCR_000852,APPLIES_TO_KCR
KPR_000123,KCR_000887,APPLIES_TO_KCR
KPR_000123,KCR_000889,APPLIES_TO_KCR
KPR_000124,KCR_000891,APPLIES_TO_KCR
KPR_000124,KCR_000892,APPLIES_TO_KCR
KPR_000125,KCR_000904,APPLIES_TO_KCR
KPR_000125,KCR_000905,APPLIES_TO_KCR
KPR_000125,KCR_000906,APPLIES_TO_KCR
KPR_000125,KCR_000907,APPLIES_TO_KCR
KPR_000126,KCR_000909,APPLIES_TO_KCR
KPR_000126,KCR_000910,APPLIES_TO_KCR
KPR_000126,KCR_000911,APPLIES_TO_KCR
KPR_000127,KCR_000913,APPLIES_TO_KCR
KPR_000128,KCR_000970,APPLIES_TO_KCR
KPR_000129,KCR_001010,APPLIES_TO_KCR
KPR_000129,KCR_001011,APPLIES_TO_KCR
KPR_000129,KCR_001015,APPLIES_TO_KCR
KPR_000130,KCR_001055,APPLIES_TO_KCR
KPR_000131,KCR_001062,APPLIES_TO_KCR
KPR_000132,KCR_001058,APPLIES_TO_KCR
KPR_000132,KCR_001061,APPLIES_TO_KCR
KPR_000133,KCR_001084,APPLIES_TO_KCR
KPR_000133,KCR_001085,APPLIES_TO_KCR
KPR_000136,KCR_001243,APPLIES_TO_KCR
KPR_000137,KCR_001141,APPLIES_TO_KCR
KPR_000138,KCR_001154,APPLIES_TO_KCR
KPR_000138,KCR_001155,APPLIES_TO_KCR
KPR_000139,KCR_001144,APPLIES_TO_KCR
KPR_000139,KCR_001145,APPLIES_TO_KCR
KPR_000139,KCR_001146,APPLIES_TO_KCR
KPR_000140,KCR_001175,APPLIES_TO_KCR
KPR_000141,KCR_001193,APPLIES_TO_KCR
KPR_000141,KCR_001200,APPLIES_TO_KCR
KPR_000142,KCR_001220,APPLIES_TO_KCR
KPR_000143,KCR_001237,APPLIES_TO_KCR
KPR_000144,KCR_000207,APPLIES_TO_KCR
KPR_000144,KCR_001251,APPLIES_TO_KCR
KPR_000145,KCR_000143,APPLIES_TO_KCR
KPR_000145,KCR_000144,APPLIES_TO_KCR
KPR_000146,KCR_000145,APPLIES_TO_KCR
KPR_000146,KCR_000148,APPLIES_TO_KCR
KPR_000147,KCR_000220,APPLIES_TO_KCR
KPR_000148,KCR_000654,APPLIES_TO_KCR
KPR_000149,KCR_000699,APPLIES_TO_KCR
KPR_000150,KCR_000695,APPLIES_TO_KCR
KPR_000151,KCR_000603,APPLIES_TO_KCR
KPR_000151,KCR_000653,APPLIES_TO_KCR
KPR_000153,KCR_000778,APPLIES_TO_KCR
KPR_000155,KCR_000910,APPLIES_TO_KCR
KPR_000156,KCR_001231,APPLIES_TO_KCR
KPR_000156,KCR_001233,APPLIES_TO_KCR
KPR_000157,KCR_001222,APPLIES_TO_KCR
KPR_000157,KCR_001231,APPLIES_TO_KCR
KPR_000158,KCR_000056,APPLIES_TO_KCR
KPR_000159,KCR_000095,APPLIES_TO_KCR
SDG_TARGET_10_1,SDG_GOAL_10,BELONGS_TO_SDG
SDG_TARGET_10_2,SDG_GOAL_10,BELONGS_TO_SDG
SDG_TARGET_10_3,SDG_GOAL_10,BELONGS_TO_SDG
SDG_TARGET_10_4,SDG_GOAL_10,BELONGS_TO_SDG
SDG_TARGET_10_5,SDG_GOAL_10,BELONGS_TO_SDG
SDG_TARGET_10_6,SDG_GOAL_10,BELONGS_TO_SDG
SDG_TARGET_10_7,SDG_GOAL_10,BELONGS_TO_SDG
SDG_TARGET_10_a,SDG_GOAL_10,BELONGS_TO_SDG
SDG_TARGET_10_b,SDG_GOAL_10,BELONGS_TO_SDG
SDG_TARGET_10_c,SDG_GOAL_10,BELONGS_TO_SDG
SDG_TARGET_11_1,SDG_GOAL_11,BELONGS_TO_SDG
SDG_TARGET_11_2,SDG_GOAL_11,BELONGS_TO_SDG
SDG_TARGET_11_3,SDG_GOAL_11,BELONGS_TO_SDG
SDG_TARGET_11_4,SDG_GOAL_11,BELONGS_TO_SDG
SDG_TARGET_11_5,SDG_GOAL_11,BELONGS_TO_SDG
SDG_TARGET_11_6,SDG_GOAL_11,BELONGS_TO_SDG
SDG_TARGET_11_7,SDG_GOAL_11,BELONGS_TO_SDG
SDG_TARGET_11_a,SDG_GOAL_11,BELONGS_TO_SDG
SDG_TARGET_11_b,SDG_GOAL_11,BELONGS_TO_SDG
SDG_TARGET_11_c,SDG_GOAL_11,BELONGS_TO_SDG
SDG_TARGET_12_1,SDG_GOAL_12,BELONGS_TO_SDG
SDG_TARGET_12_2,SDG_GOAL_12,BELONGS_TO_SDG
SDG_TARGET_12_3,SDG_GOAL_12,BELONGS_TO_SDG
SDG_TARGET_12_4,SDG_GOAL_12,BELONGS_TO_SDG
SDG_TARGET_12_5,SDG_GOAL_12,BELONGS_TO_SDG
SDG_TARGET_12_6,SDG_GOAL_12,BELONGS_TO_SDG
SDG_TARGET_12_7,SDG_GOAL_12,BELONGS_TO_SDG
SDG_TARGET_12_8,SDG_GOAL_12,BELONGS_TO_SDG
SDG_TARGET_12_a,SDG_GOAL_12,BELONGS_TO_SDG
SDG_TARGET_12_b,SDG_GOAL_12,BELONGS_TO_SDG
SDG_TARGET_12_c,SDG_GOAL_12,BELONGS_TO_SDG
SDG_TARGET_13_1,SDG_GOAL_13,BELONGS_TO_SDG
SDG_TARGET_13_2,SDG_GOAL_13,BELONGS_TO_SDG
SDG_TARGET_13_3,SDG_GOAL_13,BELONGS_TO_SDG
SDG_TARGET_13_a,SDG_GOAL_13,BELONGS_TO_SDG
SDG_TARGET_13_b,SDG_GOAL_13,BELONGS_TO_SDG
SDG_TARGET_14_1,SDG_GOAL_14,BELONGS_TO_SDG
SDG_TARGET_14_2,SDG_GOAL_14,BELONGS_TO_SDG
SDG_TARGET_14_3,SDG_GOAL_14,BELONGS_TO_SDG
SDG_TARGET_14_4,SDG_GOAL_14,BELONGS_TO_SDG
SDG_TARGET_14_5,SDG_GOAL_14,BELONGS_TO_SDG
SDG_TARGET_14_6,SDG_GOAL_14,BELONGS_TO_SDG
SDG_TARGET_14_7,SDG_GOAL_14,BELONGS_TO_SDG
SDG_TARGET_14_a,SDG_GOAL_14,BELONGS_TO_SDG
SDG_TARGET_14_b,SDG_GOAL_14,BELONGS_TO_SDG
SDG_TARGET_14_c,SDG_GOAL_14,BELONGS_TO_SDG
SDG_TARGET_15_1,SDG_GOAL_15,BELONGS_TO_SDG
SDG_TARGET_15_2,SDG_GOAL_15,BELONGS_TO_SDG
SDG_TARGET_15_3,SDG_GOAL_15,BELONGS_TO_SDG
SDG_TARGET_15_4,SDG_GOAL_15,BELONGS_TO_SDG
SDG_TARGET_15_5,SDG_GOAL_15,BELONGS_TO_SDG
SDG_TARGET_15_6,SDG_GOAL_15,BELONGS_TO_SDG
SDG_TARGET_15_7,SDG_GOAL_15,BELONGS_TO_SDG
SDG_TARGET_15_8,SDG_GOAL_15,BELONGS_TO_SDG
SDG_TARGET_15_9,SDG_GOAL_15,BELONGS_TO_SDG
SDG_TARGET_15_a,SDG_GOAL_15,BELONGS_TO_SDG
SDG_TARGET_15_b,SDG_GOAL_15,BELONGS_TO_SDG
SDG_TARGET_15_c,SDG_GOAL_15,BELONGS_TO_SDG
SDG_TARGET_16_1,SDG_GOAL_16,BELONGS_TO_SDG
SDG_TARGET_16_10,SDG_GOAL_16,BELONGS_TO_SDG
SDG_TARGET_16_2,SDG_GOAL_16,BELONGS_TO_SDG
SDG_TARGET_16_3,SDG_GOAL_16,BELONGS_TO_SDG
SDG_TARGET_16_4,SDG_GOAL_16,BELONGS_TO_SDG
SDG_TARGET_16_5,SDG_GOAL_16,BELONGS_TO_SDG
SDG_TARGET_16_6,SDG_GOAL_16,BELONGS_TO_SDG
SDG_TARGET_16_7,SDG_GOAL_16,BELONGS_TO_SDG
SDG_TARGET_16_8,SDG_GOAL_16,BELONGS_TO_SDG
SDG_TARGET_16_9,SDG_GOAL_16,BELONGS_TO_SDG
SDG_TARGET_16_a,SDG_GOAL_16,BELONGS_TO_SDG
SDG_TARGET_16_b,SDG_GOAL_16,BELONGS_TO_SDG
SDG_TARGET_17_1,SDG_GOAL_17,BELONGS_TO_SDG
SDG_TARGET_17_10,SDG_GOAL_17,BELONGS_TO_SDG
SDG_TARGET_17_11,SDG_GOAL_17,BELONGS_TO_SDG
SDG_TARGET_17_12,SDG_GOAL_17,BELONGS_TO_SDG
SDG_TARGET_17_13,SDG_GOAL_17,BELONGS_TO_SDG
SDG_TARGET_17_14,SDG_GOAL_17,BELONGS_TO_SDG
SDG_TARGET_17_15,SDG_GOAL_17,BELONGS_TO_SDG
SDG_TARGET_17_16,SDG_GOAL_17,BELONGS_TO_SDG
SDG_TARGET_17_17,SDG_GOAL_17,BELONGS_TO_SDG
SDG_TARGET_17_18,SDG_GOAL_17,BELONGS_TO_SDG
SDG_TARGET_17_19,SDG_GOAL_17,BELONGS_TO_SDG
SDG_TARGET_17_2,SDG_GOAL_17,BELONGS_TO_SDG
SDG_TARGET_17_3,SDG_GOAL_17,BELONGS_TO_SDG
SDG_TARGET_17_4,SDG_GOAL_17,BELONGS_TO_SDG
SDG_TARGET_17_5,SDG_GOAL_17,BELONGS_TO_SDG
SDG_TARGET_17_6,SDG_GOAL_17,BELONGS_TO_SDG
SDG_TARGET_17_7,SDG_GOAL_17,BELONGS_TO_SDG
SDG_TARGET_17_8,SDG_GOAL_17,BELONGS_TO_SDG
SDG_TARGET_17_9,SDG_GOAL_17,BELONGS_TO_SDG
SDG_TARGET_1_1,SDG_GOAL_01,BELONGS_TO_SDG
SDG_TARGET_1_2,SDG_GOAL_01,BELONGS_TO_SDG
SDG_TARGET_1_3,SDG_GOAL_01,BELONGS_TO_SDG
SDG_TARGET_1_4,SDG_GOAL_01,BELONGS_TO_SDG
SDG_TARGET_1_5,SDG_GOAL_01,BELONGS_TO_SDG
SDG_TARGET_1_a,SDG_GOAL_01,BELONGS_TO_SDG
SDG_TARGET_1_b,SDG_GOAL_01,BELONGS_TO_SDG
SDG_TARGET_2_1,SDG_GOAL_02,BELONGS_TO_SDG
SDG_TARGET_2_2,SDG_GOAL_02,BELONGS_TO_SDG
SDG_TARGET_2_3,SDG_GOAL_02,BELONGS_TO_SDG
SDG_TARGET_2_4,SDG_GOAL_02,BELONGS_TO_SDG
SDG_TARGET_2_5,SDG_GOAL_02,BELONGS_TO_SDG
SDG_TARGET_2_a,SDG_GOAL_02,BELONGS_TO_SDG
SDG_TARGET_2_b,SDG_GOAL_02,BELONGS_TO_SDG
SDG_TARGET_2_c,SDG_GOAL_02,BELONGS_TO_SDG
SDG_TARGET_3_1,SDG_GOAL_03,BELONGS_TO_SDG
SDG_TARGET_3_2,SDG_GOAL_03,BELONGS_TO_SDG
SDG_TARGET_3_3,SDG_GOAL_03,BELONGS_TO_SDG
SDG_TARGET_3_4,SDG_GOAL_03,BELONGS_TO_SDG
SDG_TARGET_3_5,SDG_GOAL_03,BELONGS_TO_SDG
SDG_TARGET_3_6,SDG_GOAL_03,BELONGS_TO_SDG
SDG_TARGET_3_7,SDG_GOAL_03,BELONGS_TO_SDG
SDG_TARGET_3_8,SDG_GOAL_03,BELONGS_TO_SDG
SDG_TARGET_3_9,SDG_GOAL_03,BELONGS_TO_SDG
SDG_TARGET_3_a,SDG_GOAL_03,BELONGS_TO_SDG
SDG_TARGET_3_b,SDG_GOAL_03,BELONGS_TO_SDG
SDG_TARGET_3_c,SDG_GOAL_03,BELONGS_TO_SDG
SDG_TARGET_3_d,SDG_GOAL_03,BELONGS_TO_SDG
SDG_TARGET_4_1,SDG_GOAL_04,BELONGS_TO_SDG
SDG_TARGET_4_2,SDG_GOAL_04,BELONGS_TO_SDG
SDG_TARGET_4_3,SDG_GOAL_04,BELONGS_TO_SDG
SDG_TARGET_4_4,SDG_GOAL_04,BELONGS_TO_SDG
SDG_TARGET_4_5,SDG_GOAL_04,BELONGS_TO_SDG
SDG_TARGET_4_6,SDG_GOAL_04,BELONGS_TO_SDG
SDG_TARGET_4_7,SDG_GOAL_04,BELONGS_TO_SDG
SDG_TARGET_4_a,SDG_GOAL_04,BELONGS_TO_SDG
SDG_TARGET_4_b,SDG_GOAL_04,BELONGS_TO_SDG
SDG_TARGET_4_c,SDG_GOAL_04,BELONGS_TO_SDG
SDG_TARGET_5_1,SDG_GOAL_05,BELONGS_TO_SDG
SDG_TARGET_5_2,SDG_GOAL_05,BELONGS_TO_SDG
SDG_TARGET_5_3,SDG_GOAL_05,BELONGS_TO_SDG
SDG_TARGET_5_4,SDG_GOAL_05,BELONGS_TO_SDG
SDG_TARGET_5_5,SDG_GOAL_05,BELONGS_TO_SDG
SDG_TARGET_5_6,SDG_GOAL_05,BELONGS_TO_SDG
SDG_TARGET_5_a,SDG_GOAL_05,BELONGS_TO_SDG
SDG_TARGET_5_b,SDG_GOAL_05,BELONGS_TO_SDG
SDG_TARGET_5_c,SDG_GOAL_05,BELONGS_TO_SDG
SDG_TARGET_6_1,SDG_GOAL_06,BELONGS_TO_SDG
SDG_TARGET_6_2,SDG_GOAL_06,BELONGS_TO_SDG
SDG_TARGET_6_3,SDG_GOAL_06,BELONGS_TO_SDG
SDG_TARGET_6_4,SDG_GOAL_06,BELONGS_TO_SDG
SDG_TARGET_6_5,SDG_GOAL_06,BELONGS_TO_SDG
SDG_TARGET_6_6,SDG_GOAL_06,BELONGS_TO_SDG
SDG_TARGET_6_a,SDG_GOAL_06,BELONGS_TO_SDG
SDG_TARGET_6_b,SDG_GOAL_06,BELONGS_TO_SDG
SDG_TARGET_7_1,SDG_GOAL_07,BELONGS_TO_SDG
SDG_TARGET_7_2,SDG_GOAL_07,BELONGS_TO_SDG
SDG_TARGET_7_3,SDG_GOAL_07,BELONGS_TO_SDG
SDG_TARGET_7_a,SDG_GOAL_07,BELONGS_TO_SDG
SDG_TARGET_7_b,SDG_GOAL_07,BELONGS_TO_SDG
SDG_TARGET_8_1,SDG_GOAL_08,BELONGS_TO_SDG
SDG_TARGET_8_10,SDG_GOAL_08,BELONGS_TO_SDG
SDG_TARGET_8_2,SDG_GOAL_08,BELONGS_TO_SDG
SDG_TARGET_8_3,SDG_GOAL_08,BELONGS_TO_SDG
SDG_TARGET_8_4,SDG_GOAL_08,BELONGS_TO_SDG
SDG_TARGET_8_5,SDG_GOAL_08,BELONGS_TO_SDG
SDG_TARGET_8_6,SDG_GOAL_08,BELONGS_TO_SDG
SDG_TARGET_8_7,SDG_GOAL_08,BELONGS_TO_SDG
SDG_TARGET_8_8,SDG_GOAL_08,BELONGS_TO_SDG
SDG_TARGET_8_9,SDG_GOAL_08,BELONGS_TO_SDG
SDG_TARGET_8_a,SDG_GOAL_08,BELONGS_TO_SDG
SDG_TARGET_8_b,SDG_GOAL_08,BELONGS_TO_SDG
SDG_TARGET_9_1,SDG_GOAL_09,BELONGS_TO_SDG
SDG_TARGET_9_2,SDG_GOAL_09,BELONGS_TO_SDG
SDG_TARGET_9_3,SDG_GOAL_09,BELONGS_TO_SDG
SDG_TARGET_9_4,SDG_GOAL_09,BELONGS_TO_SDG
SDG_TARGET_9_5,SDG_GOAL_09,BELONGS_TO_SDG
SDG_TARGET_9_a,SDG_GOAL_09,BELONGS_TO_SDG
SDG_TARGET_9_b,SDG_GOAL_09,BELONGS_TO_SDG
SDG_TARGET_9_c,SDG_GOAL_09,BELONGS_TO_SDG
COURSE_001,MOD_COURSE_001_M01,CONTAINS_MODULE
COURSE_001,MOD_COURSE_001_M02,CONTAINS_MODULE
COURSE_001,MOD_COURSE_001_M03,CONTAINS_MODULE
COURSE_001,MOD_COURSE_001_M04,CONTAINS_MODULE
COURSE_001,MOD_COURSE_001_M05,CONTAINS_MODULE
COURSE_002,MOD_COURSE_002_M01,CONTAINS_MODULE
COURSE_002,MOD_COURSE_002_M02,CONTAINS_MODULE
COURSE_002,MOD_COURSE_002_M03,CONTAINS_MODULE
COURSE_002,MOD_COURSE_002_M04,CONTAINS_MODULE
COURSE_002,MOD_COURSE_002_M05,CONTAINS_MODULE
COURSE_003,MOD_COURSE_003_M01,CONTAINS_MODULE
COURSE_003,MOD_COURSE_003_M02,CONTAINS_MODULE
COURSE_003,MOD_COURSE_003_M03,CONTAINS_MODULE
COURSE_003,MOD_COURSE_003_M04,CONTAINS_MODULE
COURSE_003,MOD_COURSE_003_M05,CONTAINS_MODULE
COURSE_004,MOD_COURSE_004_M01,CONTAINS_MODULE
COURSE_004,MOD_COURSE_004_M02,CONTAINS_MODULE
COURSE_004,MOD_COURSE_004_M03,CONTAINS_MODULE
COURSE_004,MOD_COURSE_004_M04,CONTAINS_MODULE
COURSE_004,MOD_COURSE_004_M05,CONTAINS_MODULE
COURSE_005,MOD_COURSE_005_M01,CONTAINS_MODULE
COURSE_005,MOD_COURSE_005_M02,CONTAINS_MODULE
COURSE_005,MOD_COURSE_005_M03,CONTAINS_MODULE
COURSE_005,MOD_COURSE_005_M04,CONTAINS_MODULE
COURSE_005,MOD_COURSE_005_M05,CONTAINS_MODULE
COURSE_006,MOD_COURSE_006_M01,CONTAINS_MODULE
COURSE_006,MOD_COURSE_006_M02,CONTAINS_MODULE
COURSE_006,MOD_COURSE_006_M03,CONTAINS_MODULE
COURSE_006,MOD_COURSE_006_M04,CONTAINS_MODULE
COURSE_006,MOD_COURSE_006_M05,CONTAINS_MODULE
COURSE_007,MOD_COURSE_007_M01,CONTAINS_MODULE
COURSE_007,MOD_COURSE_007_M02,CONTAINS_MODULE
COURSE_007,MOD_COURSE_007_M03,CONTAINS_MODULE
COURSE_007,MOD_COURSE_007_M04,CONTAINS_MODULE
COURSE_007,MOD_COURSE_007_M05,CONTAINS_MODULE
COURSE_008,MOD_COURSE_008_M01,CONTAINS_MODULE
COURSE_008,MOD_COURSE_008_M02,CONTAINS_MODULE
COURSE_008,MOD_COURSE_008_M03,CONTAINS_MODULE
COURSE_008,MOD_COURSE_008_M04,CONTAINS_MODULE
COURSE_008,MOD_COURSE_008_M05,CONTAINS_MODULE
COURSE_009,MOD_COURSE_009_M01,CONTAINS_MODULE
COURSE_009,MOD_COURSE_009_M02,CONTAINS_MODULE
COURSE_009,MOD_COURSE_009_M03,CONTAINS_MODULE
COURSE_009,MOD_COURSE_009_M04,CONTAINS_MODULE
COURSE_009,MOD_COURSE_009_M05,CONTAINS_MODULE
COURSE_010,MOD_COURSE_010_M01,CONTAINS_MODULE
COURSE_010,MOD_COURSE_010_M02,CONTAINS_MODULE
COURSE_010,MOD_COURSE_010_M03,CONTAINS_MODULE
COURSE_010,MOD_COURSE_010_M04,CONTAINS_MODULE
COURSE_010,MOD_COURSE_010_M05,CONTAINS_MODULE
COURSE_011,MOD_COURSE_011_M01,CONTAINS_MODULE
COURSE_011,MOD_COURSE_011_M02,CONTAINS_MODULE
COURSE_011,MOD_COURSE_011_M03,CONTAINS_MODULE
COURSE_011,MOD_COURSE_011_M04,CONTAINS_MODULE
COURSE_011,MOD_COURSE_011_M05,CONTAINS_MODULE
COURSE_012,MOD_COURSE_012_M01,CONTAINS_MODULE
COURSE_012,MOD_COURSE_012_M02,CONTAINS_MODULE
COURSE_012,MOD_COURSE_012_M03,CONTAINS_MODULE
COURSE_012,MOD_COURSE_012_M04,CONTAINS_MODULE
COURSE_012,MOD_COURSE_012_M05,CONTAINS_MODULE
COURSE_013,MOD_COURSE_013_M01,CONTAINS_MODULE
COURSE_013,MOD_COURSE_013_M02,CONTAINS_MODULE
COURSE_013,MOD_COURSE_013_M03,CONTAINS_MODULE
COURSE_013,MOD_COURSE_013_M04,CONTAINS_MODULE
COURSE_013,MOD_COURSE_013_M05,CONTAINS_MODULE
COURSE_014,MOD_COURSE_014_M01,CONTAINS_MODULE
COURSE_014,MOD_COURSE_014_M02,CONTAINS_MODULE
COURSE_014,MOD_COURSE_014_M03,CONTAINS_MODULE
COURSE_014,MOD_COURSE_014_M04,CONTAINS_MODULE
COURSE_014,MOD_COURSE_014_M05,CONTAINS_MODULE
COURSE_015,MOD_COURSE_015_M01,CONTAINS_MODULE
COURSE_015,MOD_COURSE_015_M02,CONTAINS_MODULE
COURSE_015,MOD_COURSE_015_M03,CONTAINS_MODULE
COURSE_015,MOD_COURSE_015_M04,CONTAINS_MODULE
COURSE_015,MOD_COURSE_015_M05,CONTAINS_MODULE
COURSE_016,MOD_COURSE_016_M01,CONTAINS_MODULE
COURSE_016,MOD_COURSE_016_M02,CONTAINS_MODULE
COURSE_016,MOD_COURSE_016_M03,CONTAINS_MODULE
COURSE_016,MOD_COURSE_016_M04,CONTAINS_MODULE
COURSE_016,MOD_COURSE_016_M05,CONTAINS_MODULE
COURSE_017,MOD_COURSE_017_M01,CONTAINS_MODULE
COURSE_017,MOD_COURSE_017_M02,CONTAINS_MODULE
COURSE_017,MOD_COURSE_017_M03,CONTAINS_MODULE
COURSE_017,MOD_COURSE_017_M04,CONTAINS_MODULE
COURSE_017,MOD_COURSE_017_M05,CONTAINS_MODULE
COURSE_018,MOD_COURSE_018_M01,CONTAINS_MODULE
COURSE_018,MOD_COURSE_018_M02,CONTAINS_MODULE
COURSE_018,MOD_COURSE_018_M03,CONTAINS_MODULE
COURSE_018,MOD_COURSE_018_M04,CONTAINS_MODULE
COURSE_018,MOD_COURSE_018_M05,CONTAINS_MODULE
COURSE_019,MOD_COURSE_019_M01,CONTAINS_MODULE
COURSE_019,MOD_COURSE_019_M02,CONTAINS_MODULE
COURSE_019,MOD_COURSE_019_M03,CONTAINS_MODULE
COURSE_019,MOD_COURSE_019_M04,CONTAINS_MODULE
COURSE_019,MOD_COURSE_019_M05,CONTAINS_MODULE
COURSE_020,MOD_COURSE_020_M01,CONTAINS_MODULE
COURSE_020,MOD_COURSE_020_M02,CONTAINS_MODULE
COURSE_020,MOD_COURSE_020_M03,CONTAINS_MODULE
COURSE_020,MOD_COURSE_020_M04,CONTAINS_MODULE
COURSE_020,MOD_COURSE_020_M05,CONTAINS_MODULE
COURSE_021,MOD_COURSE_021_M01,CONTAINS_MODULE
COURSE_021,MOD_COURSE_021_M02,CONTAINS_MODULE
COURSE_021,MOD_COURSE_021_M03,CONTAINS_MODULE
COURSE_021,MOD_COURSE_021_M04,CONTAINS_MODULE
COURSE_021,MOD_COURSE_021_M05,CONTAINS_MODULE
COURSE_022,MOD_COURSE_022_M01,CONTAINS_MODULE
COURSE_022,MOD_COURSE_022_M02,CONTAINS_MODULE
COURSE_022,MOD_COURSE_022_M03,CONTAINS_MODULE
COURSE_022,MOD_COURSE_022_M04,CONTAINS_MODULE
COURSE_022,MOD_COURSE_022_M05,CONTAINS_MODULE
COURSE_023,MOD_COURSE_023_M01,CONTAINS_MODULE
COURSE_023,MOD_COURSE_023_M02,CONTAINS_MODULE
COURSE_023,MOD_COURSE_023_M03,CONTAINS_MODULE
COURSE_023,MOD_COURSE_023_M04,CONTAINS_MODULE
COURSE_023,MOD_COURSE_023_M05,CONTAINS_MODULE
COURSE_024,MOD_COURSE_024_M01,CONTAINS_MODULE
COURSE_024,MOD_COURSE_024_M02,CONTAINS_MODULE
COURSE_024,MOD_COURSE_024_M03,CONTAINS_MODULE
COURSE_024,MOD_COURSE_024_M04,CONTAINS_MODULE
COURSE_024,MOD_COURSE_024_M05,CONTAINS_MODULE
COURSE_025,MOD_COURSE_025_M1,CONTAINS_MODULE
COURSE_025,MOD_COURSE_025_M2,CONTAINS_MODULE
COURSE_025,MOD_COURSE_025_M3,CONTAINS_MODULE
COURSE_025,MOD_COURSE_025_M4,CONTAINS_MODULE
COURSE_025,MOD_COURSE_025_M5,CONTAINS_MODULE
COURSE_025,MOD_COURSE_025_M6,CONTAINS_MODULE
COURSE_025,MOD_COURSE_025_M7,CONTAINS_MODULE
COURSE_025,MOD_COURSE_025_M8,CONTAINS_MODULE
COURSE_026,MOD_COURSE_026_M1,CONTAINS_MODULE
COURSE_026,MOD_COURSE_026_M2,CONTAINS_MODULE
COURSE_026,MOD_COURSE_026_M3,CONTAINS_MODULE
COURSE_026,MOD_COURSE_026_M4,CONTAINS_MODULE
COURSE_026,MOD_COURSE_026_M5,CONTAINS_MODULE
COURSE_026,MOD_COURSE_026_M6,CONTAINS_MODULE
COURSE_026,MOD_COURSE_026_M7,CONTAINS_MODULE
COURSE_027,MOD_COURSE_027_M1,CONTAINS_MODULE
COURSE_027,MOD_COURSE_027_M2,CONTAINS_MODULE
COURSE_027,MOD_COURSE_027_M3,CONTAINS_MODULE
COURSE_027,MOD_COURSE_027_M4,CONTAINS_MODULE
COURSE_027,MOD_COURSE_027_M5,CONTAINS_MODULE
COURSE_027,MOD_COURSE_027_M6,CONTAINS_MODULE
COURSE_027,MOD_COURSE_027_M7,CONTAINS_MODULE
COURSE_028,MOD_COURSE_028_M1,CONTAINS_MODULE
COURSE_028,MOD_COURSE_028_M2,CONTAINS_MODULE
COURSE_028,MOD_COURSE_028_M3,CONTAINS_MODULE
COURSE_028,MOD_COURSE_028_M4,CONTAINS_MODULE
COURSE_028,MOD_COURSE_028_M5,CONTAINS_MODULE
COURSE_028,MOD_COURSE_028_M6,CONTAINS_MODULE
COURSE_028,MOD_COURSE_028_M7,CONTAINS_MODULE
COURSE_029,MOD_COURSE_029_M1,CONTAINS_MODULE
COURSE_029,MOD_COURSE_029_M2,CONTAINS_MODULE
COURSE_029,MOD_COURSE_029_M3,CONTAINS_MODULE
COURSE_029,MOD_COURSE_029_M4,CONTAINS_MODULE
COURSE_029,MOD_COURSE_029_M5,CONTAINS_MODULE
COURSE_029,MOD_COURSE_029_M6,CONTAINS_MODULE
COURSE_029,MOD_COURSE_029_M7,CONTAINS_MODULE
COURSE_029,MOD_COURSE_029_M8,CONTAINS_MODULE
COURSE_030,MOD_COURSE_030_M1,CONTAINS_MODULE
COURSE_030,MOD_COURSE_030_M2,CONTAINS_MODULE
COURSE_030,MOD_COURSE_030_M3,CONTAINS_MODULE
COURSE_030,MOD_COURSE_030_M4,CONTAINS_MODULE
COURSE_030,MOD_COURSE_030_M5,CONTAINS_MODULE
COURSE_030,MOD_COURSE_030_M6,CONTAINS_MODULE
COURSE_030,MOD_COURSE_030_M7,CONTAINS_MODULE
COURSE_031,MOD_COURSE_031_M1,CONTAINS_MODULE
COURSE_031,MOD_COURSE_031_M2,CONTAINS_MODULE
COURSE_031,MOD_COURSE_031_M3,CONTAINS_MODULE
COURSE_031,MOD_COURSE_031_M4,CONTAINS_MODULE
COURSE_031,MOD_COURSE_031_M5,CONTAINS_MODULE
COURSE_031,MOD_COURSE_031_M6,CONTAINS_MODULE
COURSE_031,MOD_COURSE_031_M7,CONTAINS_MODULE
COURSE_032,MOD_COURSE_032_M1,CONTAINS_MODULE
COURSE_032,MOD_COURSE_032_M2,CONTAINS_MODULE
COURSE_032,MOD_COURSE_032_M3,CONTAINS_MODULE
COURSE_032,MOD_COURSE_032_M4,CONTAINS_MODULE
COURSE_032,MOD_COURSE_032_M5,CONTAINS_MODULE
COURSE_032,MOD_COURSE_032_M6,CONTAINS_MODULE
COURSE_032,MOD_COURSE_032_M7,CONTAINS_MODULE
COURSE_033,MOD_COURSE_033_M1,CONTAINS_MODULE
COURSE_033,MOD_COURSE_033_M2,CONTAINS_MODULE
COURSE_033,MOD_COURSE_033_M3,CONTAINS_MODULE
COURSE_033,MOD_COURSE_033_M4,CONTAINS_MODULE
COURSE_033,MOD_COURSE_033_M5,CONTAINS_MODULE
COURSE_033,MOD_COURSE_033_M6,CONTAINS_MODULE
COURSE_033,MOD_COURSE_033_M7,CONTAINS_MODULE
COURSE_034,MOD_COURSE_034_M1,CONTAINS_MODULE
COURSE_034,MOD_COURSE_034_M2,CONTAINS_MODULE
COURSE_034,MOD_COURSE_034_M3,CONTAINS_MODULE
COURSE_034,MOD_COURSE_034_M4,CONTAINS_MODULE
COURSE_034,MOD_COURSE_034_M5,CONTAINS_MODULE
COURSE_034,MOD_COURSE_034_M6,CONTAINS_MODULE
COURSE_034,MOD_COURSE_034_M7,CONTAINS_MODULE
COURSE_035,MOD_COURSE_035_M1,CONTAINS_MODULE
COURSE_035,MOD_COURSE_035_M2,CONTAINS_MODULE
COURSE_035,MOD_COURSE_035_M3,CONTAINS_MODULE
COURSE_035,MOD_COURSE_035_M4,CONTAINS_MODULE
COURSE_035,MOD_COURSE_035_M5,CONTAINS_MODULE
COURSE_035,MOD_COURSE_035_M6,CONTAINS_MODULE
COURSE_035,MOD_COURSE_035_M7,CONTAINS_MODULE
COURSE_036,MOD_COURSE_036_M1,CONTAINS_MODULE
COURSE_036,MOD_COURSE_036_M2,CONTAINS_MODULE
COURSE_036,MOD_COURSE_036_M3,CONTAINS_MODULE
COURSE_036,MOD_COURSE_036_M4,CONTAINS_MODULE
COURSE_036,MOD_COURSE_036_M5,CONTAINS_MODULE
COURSE_036,MOD_COURSE_036_M6,CONTAINS_MODULE
COURSE_036,MOD_COURSE_036_M7,CONTAINS_MODULE
COURSE_037,MOD_COURSE_037_M1,CONTAINS_MODULE
COURSE_037,MOD_COURSE_037_M2,CONTAINS_MODULE
COURSE_037,MOD_COURSE_037_M3,CONTAINS_MODULE
COURSE_037,MOD_COURSE_037_M4,CONTAINS_MODULE
COURSE_037,MOD_COURSE_037_M5,CONTAINS_MODULE
COURSE_037,MOD_COURSE_037_M6,CONTAINS_MODULE
COURSE_037,MOD_COURSE_037_M7,CONTAINS_MODULE
COURSE_038,MOD_COURSE_038_M1,CONTAINS_MODULE
COURSE_038,MOD_COURSE_038_M2,CONTAINS_MODULE
COURSE_038,MOD_COURSE_038_M3,CONTAINS_MODULE
COURSE_038,MOD_COURSE_038_M4,CONTAINS_MODULE
COURSE_038,MOD_COURSE_038_M5,CONTAINS_MODULE
COURSE_038,MOD_COURSE_038_M6,CONTAINS_MODULE
COURSE_038,MOD_COURSE_038_M7,CONTAINS_MODULE
COURSE_039,MOD_COURSE_039_M1,CONTAINS_MODULE
COURSE_039,MOD_COURSE_039_M2,CONTAINS_MODULE
COURSE_039,MOD_COURSE_039_M3,CONTAINS_MODULE
COURSE_039,MOD_COURSE_039_M4,CONTAINS_MODULE
COURSE_039,MOD_COURSE_039_M5,CONTAINS_MODULE
COURSE_039,MOD_COURSE_039_M6,CONTAINS_MODULE
COURSE_039,MOD_COURSE_039_M7,CONTAINS_MODULE
COURSE_040,MOD_COURSE_040_M1,CONTAINS_MODULE
COURSE_040,MOD_COURSE_040_M2,CONTAINS_MODULE
COURSE_040,MOD_COURSE_040_M3,CONTAINS_MODULE
COURSE_040,MOD_COURSE_040_M4,CONTAINS_MODULE
COURSE_040,MOD_COURSE_040_M5,CONTAINS_MODULE
COURSE_040,MOD_COURSE_040_M6,CONTAINS_MODULE
COURSE_041,MOD_COURSE_041_M1,CONTAINS_MODULE
COURSE_041,MOD_COURSE_041_M2,CONTAINS_MODULE
COURSE_041,MOD_COURSE_041_M3,CONTAINS_MODULE
COURSE_041,MOD_COURSE_041_M4,CONTAINS_MODULE
COURSE_041,MOD_COURSE_041_M5,CONTAINS_MODULE
COURSE_041,MOD_COURSE_041_M6,CONTAINS_MODULE
COURSE_041,MOD_COURSE_041_M7,CONTAINS_MODULE
COURSE_042,MOD_COURSE_042_M1,CONTAINS_MODULE
COURSE_042,MOD_COURSE_042_M2,CONTAINS_MODULE
COURSE_042,MOD_COURSE_042_M3,CONTAINS_MODULE
COURSE_042,MOD_COURSE_042_M4,CONTAINS_MODULE
COURSE_042,MOD_COURSE_042_M5,CONTAINS_MODULE
COURSE_042,MOD_COURSE_042_M6,CONTAINS_MODULE
COURSE_042,MOD_COURSE_042_M7,CONTAINS_MODULE
COURSE_043,MOD_COURSE_043_M1,CONTAINS_MODULE
COURSE_043,MOD_COURSE_043_M2,CONTAINS_MODULE
COURSE_043,MOD_COURSE_043_M3,CONTAINS_MODULE
COURSE_043,MOD_COURSE_043_M4,CONTAINS_MODULE
COURSE_043,MOD_COURSE_043_M5,CONTAINS_MODULE
COURSE_043,MOD_COURSE_043_M6,CONTAINS_MODULE
COURSE_043,MOD_COURSE_043_M7,CONTAINS_MODULE
COURSE_044,MOD_COURSE_044_M1,CONTAINS_MODULE
COURSE_044,MOD_COURSE_044_M2,CONTAINS_MODULE
COURSE_044,MOD_COURSE_044_M3,CONTAINS_MODULE
COURSE_044,MOD_COURSE_044_M4,CONTAINS_MODULE
COURSE_044,MOD_COURSE_044_M5,CONTAINS_MODULE
COURSE_044,MOD_COURSE_044_M6,CONTAINS_MODULE
COURSE_044,MOD_COURSE_044_M7,CONTAINS_MODULE
COURSE_045,MOD_COURSE_045_M1,CONTAINS_MODULE
COURSE_045,MOD_COURSE_045_M2,CONTAINS_MODULE
COURSE_045,MOD_COURSE_045_M3,CONTAINS_MODULE
COURSE_045,MOD_COURSE_045_M4,CONTAINS_MODULE
COURSE_045,MOD_COURSE_045_M5,CONTAINS_MODULE
COURSE_045,MOD_COURSE_045_M6,CONTAINS_MODULE
COURSE_045,MOD_COURSE_045_M7,CONTAINS_MODULE
COURSE_046,MOD_COURSE_046_M1,CONTAINS_MODULE
COURSE_046,MOD_COURSE_046_M2,CONTAINS_MODULE
COURSE_046,MOD_COURSE_046_M3,CONTAINS_MODULE
COURSE_046,MOD_COURSE_046_M4,CONTAINS_MODULE
COURSE_046,MOD_COURSE_046_M5,CONTAINS_MODULE
COURSE_046,MOD_COURSE_046_M6,CONTAINS_MODULE
COURSE_046,MOD_COURSE_046_M7,CONTAINS_MODULE
COURSE_047,MOD_COURSE_047_M1,CONTAINS_MODULE
COURSE_047,MOD_COURSE_047_M2,CONTAINS_MODULE
COURSE_047,MOD_COURSE_047_M3,CONTAINS_MODULE
COURSE_047,MOD_COURSE_047_M4,CONTAINS_MODULE
COURSE_047,MOD_COURSE_047_M5,CONTAINS_MODULE
COURSE_047,MOD_COURSE_047_M6,CONTAINS_MODULE
COURSE_047,MOD_COURSE_047_M7,CONTAINS_MODULE
COURSE_048,MOD_COURSE_048_M1,CONTAINS_MODULE
COURSE_048,MOD_COURSE_048_M2,CONTAINS_MODULE
COURSE_048,MOD_COURSE_048_M3,CONTAINS_MODULE
COURSE_048,MOD_COURSE_048_M4,CONTAINS_MODULE
COURSE_048,MOD_COURSE_048_M5,CONTAINS_MODULE
COURSE_048,MOD_COURSE_048_M6,CONTAINS_MODULE
COURSE_048,MOD_COURSE_048_M7,CONTAINS_MODULE
COURSE_049,MOD_COURSE_049_M1,CONTAINS_MODULE
COURSE_049,MOD_COURSE_049_M2,CONTAINS_MODULE
COURSE_049,MOD_COURSE_049_M3,CONTAINS_MODULE
COURSE_049,MOD_COURSE_049_M4,CONTAINS_MODULE
COURSE_049,MOD_COURSE_049_M5,CONTAINS_MODULE
COURSE_049,MOD_COURSE_049_M6,CONTAINS_MODULE
COURSE_049,MOD_COURSE_049_M7,CONTAINS_MODULE
COURSE_050,MOD_COURSE_050_M1,CONTAINS_MODULE
COURSE_050,MOD_COURSE_050_M2,CONTAINS_MODULE
COURSE_050,MOD_COURSE_050_M3,CONTAINS_MODULE
COURSE_050,MOD_COURSE_050_M4,CONTAINS_MODULE
COURSE_050,MOD_COURSE_050_M5,CONTAINS_MODULE
COURSE_050,MOD_COURSE_050_M6,CONTAINS_MODULE
COURSE_050,MOD_COURSE_050_M7,CONTAINS_MODULE
COURSE_051,MOD_COURSE_051_M1,CONTAINS_MODULE
COURSE_051,MOD_COURSE_051_M2,CONTAINS_MODULE
COURSE_051,MOD_COURSE_051_M3,CONTAINS_MODULE
COURSE_051,MOD_COURSE_051_M4,CONTAINS_MODULE
COURSE_051,MOD_COURSE_051_M5,CONTAINS_MODULE
COURSE_051,MOD_COURSE_051_M6,CONTAINS_MODULE
COURSE_051,MOD_COURSE_051_M7,CONTAINS_MODULE
COURSE_052,MOD_COURSE_052_M1,CONTAINS_MODULE
COURSE_052,MOD_COURSE_052_M2,CONTAINS_MODULE
COURSE_052,MOD_COURSE_052_M3,CONTAINS_MODULE
COURSE_052,MOD_COURSE_052_M4,CONTAINS_MODULE
COURSE_052,MOD_COURSE_052_M5,CONTAINS_MODULE
COURSE_052,MOD_COURSE_052_M6,CONTAINS_MODULE
COURSE_052,MOD_COURSE_052_M7,CONTAINS_MODULE
COURSE_053,MOD_COURSE_053_M1,CONTAINS_MODULE
COURSE_053,MOD_COURSE_053_M2,CONTAINS_MODULE
COURSE_053,MOD_COURSE_053_M3,CONTAINS_MODULE
COURSE_053,MOD_COURSE_053_M4,CONTAINS_MODULE
COURSE_053,MOD_COURSE_053_M5,CONTAINS_MODULE
COURSE_053,MOD_COURSE_053_M6,CONTAINS_MODULE
COURSE_053,MOD_COURSE_053_M7,CONTAINS_MODULE
COURSE_054,MOD_COURSE_054_M1,CONTAINS_MODULE
COURSE_054,MOD_COURSE_054_M2,CONTAINS_MODULE
COURSE_054,MOD_COURSE_054_M3,CONTAINS_MODULE
COURSE_054,MOD_COURSE_054_M4,CONTAINS_MODULE
COURSE_054,MOD_COURSE_054_M5,CONTAINS_MODULE
COURSE_054,MOD_COURSE_054_M6,CONTAINS_MODULE
COURSE_054,MOD_COURSE_054_M7,CONTAINS_MODULE
COURSE_055,MOD_COURSE_055_M1,CONTAINS_MODULE
COURSE_055,MOD_COURSE_055_M2,CONTAINS_MODULE
COURSE_055,MOD_COURSE_055_M3,CONTAINS_MODULE
COURSE_055,MOD_COURSE_055_M4,CONTAINS_MODULE
COURSE_055,MOD_COURSE_055_M5,CONTAINS_MODULE
COURSE_055,MOD_COURSE_055_M6,CONTAINS_MODULE
COURSE_055,MOD_COURSE_055_M7,CONTAINS_MODULE
COURSE_056,MOD_COURSE_056_M1,CONTAINS_MODULE
COURSE_056,MOD_COURSE_056_M2,CONTAINS_MODULE
COURSE_056,MOD_COURSE_056_M3,CONTAINS_MODULE
COURSE_056,MOD_COURSE_056_M4,CONTAINS_MODULE
COURSE_056,MOD_COURSE_056_M5,CONTAINS_MODULE
COURSE_056,MOD_COURSE_056_M6,CONTAINS_MODULE
COURSE_056,MOD_COURSE_056_M7,CONTAINS_MODULE
COURSE_057,MOD_COURSE_057_M1,CONTAINS_MODULE
COURSE_057,MOD_COURSE_057_M2,CONTAINS_MODULE
COURSE_057,MOD_COURSE_057_M3,CONTAINS_MODULE
COURSE_057,MOD_COURSE_057_M4,CONTAINS_MODULE
COURSE_057,MOD_COURSE_057_M5,CONTAINS_MODULE
COURSE_057,MOD_COURSE_057_M6,CONTAINS_MODULE
COURSE_057,MOD_COURSE_057_M7,CONTAINS_MODULE
COURSE_058,MOD_COURSE_058_M1,CONTAINS_MODULE
COURSE_058,MOD_COURSE_058_M2,CONTAINS_MODULE
COURSE_058,MOD_COURSE_058_M3,CONTAINS_MODULE
COURSE_058,MOD_COURSE_058_M4,CONTAINS_MODULE
COURSE_058,MOD_COURSE_058_M5,CONTAINS_MODULE
COURSE_058,MOD_COURSE_058_M6,CONTAINS_MODULE
COURSE_058,MOD_COURSE_058_M7,CONTAINS_MODULE
COURSE_059,MOD_COURSE_059_M1,CONTAINS_MODULE
COURSE_059,MOD_COURSE_059_M2,CONTAINS_MODULE
COURSE_059,MOD_COURSE_059_M3,CONTAINS_MODULE
COURSE_059,MOD_COURSE_059_M4,CONTAINS_MODULE
COURSE_059,MOD_COURSE_059_M5,CONTAINS_MODULE
COURSE_059,MOD_COURSE_059_M6,CONTAINS_MODULE
COURSE_059,MOD_COURSE_059_M7,CONTAINS_MODULE
COURSE_060,MOD_COURSE_060_M1,CONTAINS_MODULE
COURSE_060,MOD_COURSE_060_M2,CONTAINS_MODULE
COURSE_060,MOD_COURSE_060_M3,CONTAINS_MODULE
COURSE_060,MOD_COURSE_060_M4,CONTAINS_MODULE
COURSE_060,MOD_COURSE_060_M5,CONTAINS_MODULE
COURSE_060,MOD_COURSE_060_M6,CONTAINS_MODULE
COURSE_060,MOD_COURSE_060_M7,CONTAINS_MODULE
MOD_COURSE_001_M01,SUB_COURSE_001_M01_S01,CONTAINS_SUBTOPIC
MOD_COURSE_001_M01,SUB_COURSE_001_M01_S02,CONTAINS_SUBTOPIC
MOD_COURSE_001_M02,SUB_COURSE_001_M02_S01,CONTAINS_SUBTOPIC
MOD_COURSE_001_M02,SUB_COURSE_001_M02_S02,CONTAINS_SUBTOPIC
MOD_COURSE_001_M03,SUB_COURSE_001_M03_S01,CONTAINS_SUBTOPIC
MOD_COURSE_001_M03,SUB_COURSE_001_M03_S02,CONTAINS_SUBTOPIC
MOD_COURSE_001_M04,SUB_COURSE_001_M04_S01,CONTAINS_SUBTOPIC
MOD_COURSE_001_M04,SUB_COURSE_001_M04_S02,CONTAINS_SUBTOPIC
MOD_COURSE_001_M05,SUB_COURSE_001_M05_S01,CONTAINS_SUBTOPIC
MOD_COURSE_002_M01,SUB_COURSE_002_M01_S01,CONTAINS_SUBTOPIC
MOD_COURSE_002_M02,SUB_COURSE_002_M02_S01,CONTAINS_SUBTOPIC
MOD_COURSE_002_M03,SUB_COURSE_002_M03_S01,CONTAINS_SUBTOPIC
MOD_COURSE_002_M04,SUB_COURSE_002_M04_S01,CONTAINS_SUBTOPIC
MOD_COURSE_002_M05,SUB_COURSE_002_M05_S01,CONTAINS_SUBTOPIC
MOD_COURSE_003_M01,SUB_COURSE_003_M01_S01,CONTAINS_SUBTOPIC
MOD_COURSE_003_M02,SUB_COURSE_003_M02_S01,CONTAINS_SUBTOPIC
MOD_COURSE_003_M03,SUB_COURSE_003_M03_S01,CONTAINS_SUBTOPIC
MOD_COURSE_003_M04,SUB_COURSE_003_M04_S01,CONTAINS_SUBTOPIC
MOD_COURSE_003_M05,SUB_COURSE_003_M05_S01,CONTAINS_SUBTOPIC
MOD_COURSE_004_M01,SUB_COURSE_004_M01_S01,CONTAINS_SUBTOPIC
MOD_COURSE_004_M02,SUB_COURSE_004_M02_S01,CONTAINS_SUBTOPIC
MOD_COURSE_004_M03,SUB_COURSE_004_M03_S01,CONTAINS_SUBTOPIC
MOD_COURSE_004_M04,SUB_COURSE_004_M04_S01,CONTAINS_SUBTOPIC
MOD_COURSE_004_M05,SUB_COURSE_004_M05_S01,CONTAINS_SUBTOPIC
MOD_COURSE_005_M01,SUB_COURSE_005_M01_S01,CONTAINS_SUBTOPIC
MOD_COURSE_005_M02,SUB_COURSE_005_M02_S01,CONTAINS_SUBTOPIC
MOD_COURSE_005_M03,SUB_COURSE_005_M03_S01,CONTAINS_SUBTOPIC
MOD_COURSE_005_M04,SUB_COURSE_005_M04_S01,CONTAINS_SUBTOPIC
MOD_COURSE_005_M05,SUB_COURSE_005_M05_S01,CONTAINS_SUBTOPIC
MOD_COURSE_006_M01,SUB_COURSE_006_M01_S01,CONTAINS_SUBTOPIC
MOD_COURSE_006_M02,SUB_COURSE_006_M02_S01,CONTAINS_SUBTOPIC
MOD_COURSE_006_M03,SUB_COURSE_006_M03_S01,CONTAINS_SUBTOPIC
MOD_COURSE_006_M04,SUB_COURSE_006_M04_S01,CONTAINS_SUBTOPIC
MOD_COURSE_006_M05,SUB_COURSE_006_M05_S01,CONTAINS_SUBTOPIC
MOD_COURSE_007_M01,SUB_COURSE_007_M01_S01,CONTAINS_SUBTOPIC
MOD_COURSE_007_M02,SUB_COURSE_007_M02_S01,CONTAINS_SUBTOPIC
MOD_COURSE_007_M03,SUB_COURSE_007_M03_S01,CONTAINS_SUBTOPIC
MOD_COURSE_007_M04,SUB_COURSE_007_M04_S01,CONTAINS_SUBTOPIC
MOD_COURSE_007_M05,SUB_COURSE_007_M05_S01,CONTAINS_SUBTOPIC
MOD_COURSE_008_M01,SUB_COURSE_008_M01_S01,CONTAINS_SUBTOPIC
MOD_COURSE_008_M02,SUB_COURSE_008_M02_S01,CONTAINS_SUBTOPIC
MOD_COURSE_008_M03,SUB_COURSE_008_M03_S01,CONTAINS_SUBTOPIC
MOD_COURSE_008_M04,SUB_COURSE_008_M04_S01,CONTAINS_SUBTOPIC
MOD_COURSE_008_M05,SUB_COURSE_008_M05_S01,CONTAINS_SUBTOPIC
MOD_COURSE_009_M01,SUB_COURSE_009_M01_S01,CONTAINS_SUBTOPIC
MOD_COURSE_009_M02,SUB_COURSE_009_M02_S01,CONTAINS_SUBTOPIC
MOD_COURSE_009_M03,SUB_COURSE_009_M03_S01,CONTAINS_SUBTOPIC
MOD_COURSE_009_M04,SUB_COURSE_009_M04_S01,CONTAINS_SUBTOPIC
MOD_COURSE_009_M05,SUB_COURSE_009_M05_S01,CONTAINS_SUBTOPIC
MOD_COURSE_010_M01,SUB_COURSE_010_M01_S01,CONTAINS_SUBTOPIC
MOD_COURSE_010_M02,SUB_COURSE_010_M02_S01,CONTAINS_SUBTOPIC
MOD_COURSE_010_M03,SUB_COURSE_010_M03_S01,CONTAINS_SUBTOPIC
MOD_COURSE_010_M04,SUB_COURSE_010_M04_S01,CONTAINS_SUBTOPIC
MOD_COURSE_010_M05,SUB_COURSE_010_M05_S01,CONTAINS_SUBTOPIC
MOD_COURSE_011_M01,SUB_COURSE_011_M01_S01,CONTAINS_SUBTOPIC
MOD_COURSE_011_M02,SUB_COURSE_011_M02_S01,CONTAINS_SUBTOPIC
MOD_COURSE_011_M03,SUB_COURSE_011_M03_S01,CONTAINS_SUBTOPIC
MOD_COURSE_011_M04,SUB_COURSE_011_M04_S01,CONTAINS_SUBTOPIC
MOD_COURSE_011_M05,SUB_COURSE_011_M05_S01,CONTAINS_SUBTOPIC
MOD_COURSE_012_M01,SUB_COURSE_012_M01_S01,CONTAINS_SUBTOPIC
MOD_COURSE_012_M02,SUB_COURSE_012_M02_S01,CONTAINS_SUBTOPIC
MOD_COURSE_012_M03,SUB_COURSE_012_M03_S01,CONTAINS_SUBTOPIC
MOD_COURSE_012_M04,SUB_COURSE_012_M04_S01,CONTAINS_SUBTOPIC
MOD_COURSE_012_M05,SUB_COURSE_012_M05_S01,CONTAINS_SUBTOPIC
MOD_COURSE_013_M01,SUB_COURSE_013_M01_S01,CONTAINS_SUBTOPIC
MOD_COURSE_013_M02,SUB_COURSE_013_M02_S01,CONTAINS_SUBTOPIC
MOD_COURSE_013_M03,SUB_COURSE_013_M03_S01,CONTAINS_SUBTOPIC
MOD_COURSE_013_M04,SUB_COURSE_013_M04_S01,CONTAINS_SUBTOPIC
MOD_COURSE_013_M05,SUB_COURSE_013_M05_S01,CONTAINS_SUBTOPIC
MOD_COURSE_014_M01,SUB_COURSE_014_M01_S01,CONTAINS_SUBTOPIC
MOD_COURSE_014_M02,SUB_COURSE_014_M02_S01,CONTAINS_SUBTOPIC
MOD_COURSE_014_M03,SUB_COURSE_014_M03_S01,CONTAINS_SUBTOPIC
MOD_COURSE_014_M04,SUB_COURSE_014_M04_S01,CONTAINS_SUBTOPIC
MOD_COURSE_014_M05,SUB_COURSE_014_M05_S01,CONTAINS_SUBTOPIC
MOD_COURSE_015_M01,SUB_COURSE_015_M01_S01,CONTAINS_SUBTOPIC
MOD_COURSE_015_M02,SUB_COURSE_015_M02_S01,CONTAINS_SUBTOPIC
MOD_COURSE_015_M03,SUB_COURSE_015_M03_S01,CONTAINS_SUBTOPIC
MOD_COURSE_015_M04,SUB_COURSE_015_M04_S01,CONTAINS_SUBTOPIC
MOD_COURSE_015_M05,SUB_COURSE_015_M05_S01,CONTAINS_SUBTOPIC
MOD_COURSE_016_M01,SUB_COURSE_016_M01_S01,CONTAINS_SUBTOPIC
MOD_COURSE_016_M02,SUB_COURSE_016_M02_S01,CONTAINS_SUBTOPIC
MOD_COURSE_016_M03,SUB_COURSE_016_M03_S01,CONTAINS_SUBTOPIC
MOD_COURSE_016_M04,SUB_COURSE_016_M04_S01,CONTAINS_SUBTOPIC
MOD_COURSE_016_M05,SUB_COURSE_016_M05_S01,CONTAINS_SUBTOPIC
MOD_COURSE_017_M01,SUB_COURSE_017_M01_S01,CONTAINS_SUBTOPIC
MOD_COURSE_017_M02,SUB_COURSE_017_M02_S01,CONTAINS_SUBTOPIC
MOD_COURSE_017_M03,SUB_COURSE_017_M03_S01,CONTAINS_SUBTOPIC
MOD_COURSE_017_M04,SUB_COURSE_017_M04_S01,CONTAINS_SUBTOPIC
MOD_COURSE_017_M05,SUB_COURSE_017_M05_S01,CONTAINS_SUBTOPIC
MOD_COURSE_018_M01,SUB_COURSE_018_M01_S01,CONTAINS_SUBTOPIC
MOD_COURSE_018_M02,SUB_COURSE_018_M02_S01,CONTAINS_SUBTOPIC
MOD_COURSE_018_M03,SUB_COURSE_018_M03_S01,CONTAINS_SUBTOPIC
MOD_COURSE_018_M04,SUB_COURSE_018_M04_S01,CONTAINS_SUBTOPIC
MOD_COURSE_018_M05,SUB_COURSE_018_M05_S01,CONTAINS_SUBTOPIC
MOD_COURSE_019_M01,SUB_COURSE_019_M01_S01,CONTAINS_SUBTOPIC
MOD_COURSE_019_M02,SUB_COURSE_019_M02_S01,CONTAINS_SUBTOPIC
MOD_COURSE_019_M03,SUB_COURSE_019_M03_S01,CONTAINS_SUBTOPIC
MOD_COURSE_019_M04,SUB_COURSE_019_M04_S01,CONTAINS_SUBTOPIC
MOD_COURSE_019_M05,SUB_COURSE_019_M05_S01,CONTAINS_SUBTOPIC
MOD_COURSE_020_M01,SUB_COURSE_020_M01_S01,CONTAINS_SUBTOPIC
MOD_COURSE_020_M02,SUB_COURSE_020_M02_S01,CONTAINS_SUBTOPIC
MOD_COURSE_020_M03,SUB_COURSE_020_M03_S01,CONTAINS_SUBTOPIC
MOD_COURSE_020_M04,SUB_COURSE_020_M04_S01,CONTAINS_SUBTOPIC
MOD_COURSE_020_M05,SUB_COURSE_020_M05_S01,CONTAINS_SUBTOPIC
MOD_COURSE_021_M01,SUB_COURSE_021_M01_S01,CONTAINS_SUBTOPIC
MOD_COURSE_021_M02,SUB_COURSE_021_M02_S01,CONTAINS_SUBTOPIC
MOD_COURSE_021_M03,SUB_COURSE_021_M03_S01,CONTAINS_SUBTOPIC
MOD_COURSE_021_M04,SUB_COURSE_021_M04_S01,CONTAINS_SUBTOPIC
MOD_COURSE_021_M05,SUB_COURSE_021_M05_S01,CONTAINS_SUBTOPIC
MOD_COURSE_022_M01,SUB_COURSE_022_M01_S01,CONTAINS_SUBTOPIC
MOD_COURSE_022_M02,SUB_COURSE_022_M02_S01,CONTAINS_SUBTOPIC
MOD_COURSE_022_M03,SUB_COURSE_022_M03_S01,CONTAINS_SUBTOPIC
MOD_COURSE_022_M04,SUB_COURSE_022_M04_S01,CONTAINS_SUBTOPIC
MOD_COURSE_022_M05,SUB_COURSE_022_M05_S01,CONTAINS_SUBTOPIC
MOD_COURSE_023_M01,SUB_COURSE_023_M01_S01,CONTAINS_SUBTOPIC
MOD_COURSE_023_M02,SUB_COURSE_023_M02_S01,CONTAINS_SUBTOPIC
MOD_COURSE_023_M03,SUB_COURSE_023_M03_S01,CONTAINS_SUBTOPIC
MOD_COURSE_023_M04,SUB_COURSE_023_M04_S01,CONTAINS_SUBTOPIC
MOD_COURSE_023_M05,SUB_COURSE_023_M05_S01,CONTAINS_SUBTOPIC
MOD_COURSE_024_M01,SUB_COURSE_024_M01_S01,CONTAINS_SUBTOPIC
MOD_COURSE_024_M02,SUB_COURSE_024_M02_S01,CONTAINS_SUBTOPIC
MOD_COURSE_024_M03,SUB_COURSE_024_M03_S01,CONTAINS_SUBTOPIC
MOD_COURSE_024_M04,SUB_COURSE_024_M04_S01,CONTAINS_SUBTOPIC
MOD_COURSE_024_M05,SUB_COURSE_024_M05_S01,CONTAINS_SUBTOPIC
MOD_COURSE_025_M1,SUB_COURSE_025_M1_S1,CONTAINS_SUBTOPIC
MOD_COURSE_025_M1,SUB_COURSE_025_M1_S2,CONTAINS_SUBTOPIC
MOD_COURSE_025_M1,SUB_COURSE_025_M1_S3,CONTAINS_SUBTOPIC
MOD_COURSE_025_M1,SUB_COURSE_025_M1_S4,CONTAINS_SUBTOPIC
MOD_COURSE_025_M2,SUB_COURSE_025_M2_S1,CONTAINS_SUBTOPIC
MOD_COURSE_025_M2,SUB_COURSE_025_M2_S2,CONTAINS_SUBTOPIC
MOD_COURSE_025_M2,SUB_COURSE_025_M2_S3,CONTAINS_SUBTOPIC
MOD_COURSE_025_M2,SUB_COURSE_025_M2_S4,CONTAINS_SUBTOPIC
MOD_COURSE_025_M2,SUB_COURSE_025_M2_S5,CONTAINS_SUBTOPIC
MOD_COURSE_025_M3,SUB_COURSE_025_M3_S1,CONTAINS_SUBTOPIC
MOD_COURSE_025_M3,SUB_COURSE_025_M3_S2,CONTAINS_SUBTOPIC
MOD_COURSE_025_M3,SUB_COURSE_025_M3_S3,CONTAINS_SUBTOPIC
MOD_COURSE_025_M3,SUB_COURSE_025_M3_S4,CONTAINS_SUBTOPIC
MOD_COURSE_025_M3,SUB_COURSE_025_M3_S5,CONTAINS_SUBTOPIC
MOD_COURSE_025_M3,SUB_COURSE_025_M3_S6,CONTAINS_SUBTOPIC
MOD_COURSE_025_M4,SUB_COURSE_025_M4_S1,CONTAINS_SUBTOPIC
MOD_COURSE_025_M4,SUB_COURSE_025_M4_S2,CONTAINS_SUBTOPIC
MOD_COURSE_025_M4,SUB_COURSE_025_M4_S3,CONTAINS_SUBTOPIC
MOD_COURSE_025_M4,SUB_COURSE_025_M4_S4,CONTAINS_SUBTOPIC
MOD_COURSE_025_M4,SUB_COURSE_025_M4_S5,CONTAINS_SUBTOPIC
MOD_COURSE_025_M5,SUB_COURSE_025_M5_S1,CONTAINS_SUBTOPIC
MOD_COURSE_025_M5,SUB_COURSE_025_M5_S2,CONTAINS_SUBTOPIC
MOD_COURSE_025_M5,SUB_COURSE_025_M5_S3,CONTAINS_SUBTOPIC
MOD_COURSE_025_M5,SUB_COURSE_025_M5_S4,CONTAINS_SUBTOPIC
MOD_COURSE_025_M5,SUB_COURSE_025_M5_S5,CONTAINS_SUBTOPIC
MOD_COURSE_025_M5,SUB_COURSE_025_M5_S6,CONTAINS_SUBTOPIC
MOD_COURSE_025_M6,SUB_COURSE_025_M6_S1,CONTAINS_SUBTOPIC
MOD_COURSE_025_M6,SUB_COURSE_025_M6_S2,CONTAINS_SUBTOPIC
MOD_COURSE_025_M6,SUB_COURSE_025_M6_S3,CONTAINS_SUBTOPIC
MOD_COURSE_025_M6,SUB_COURSE_025_M6_S4,CONTAINS_SUBTOPIC
MOD_COURSE_025_M6,SUB_COURSE_025_M6_S5,CONTAINS_SUBTOPIC
MOD_COURSE_025_M6,SUB_COURSE_025_M6_S6,CONTAINS_SUBTOPIC
MOD_COURSE_025_M7,SUB_COURSE_025_M7_S1,CONTAINS_SUBTOPIC
MOD_COURSE_025_M7,SUB_COURSE_025_M7_S2,CONTAINS_SUBTOPIC
MOD_COURSE_025_M7,SUB_COURSE_025_M7_S3,CONTAINS_SUBTOPIC
MOD_COURSE_025_M7,SUB_COURSE_025_M7_S4,CONTAINS_SUBTOPIC
MOD_COURSE_025_M7,SUB_COURSE_025_M7_S5,CONTAINS_SUBTOPIC
MOD_COURSE_025_M7,SUB_COURSE_025_M7_S6,CONTAINS_SUBTOPIC
MOD_COURSE_025_M8,SUB_COURSE_025_M8_S1,CONTAINS_SUBTOPIC
MOD_COURSE_025_M8,SUB_COURSE_025_M8_S2,CONTAINS_SUBTOPIC
MOD_COURSE_025_M8,SUB_COURSE_025_M8_S3,CONTAINS_SUBTOPIC
MOD_COURSE_025_M8,SUB_COURSE_025_M8_S4,CONTAINS_SUBTOPIC
MOD_COURSE_025_M8,SUB_COURSE_025_M8_S5,CONTAINS_SUBTOPIC
MOD_COURSE_025_M8,SUB_COURSE_025_M8_S6,CONTAINS_SUBTOPIC
MOD_COURSE_026_M1,SUB_COURSE_026_M1_S1,CONTAINS_SUBTOPIC
MOD_COURSE_026_M1,SUB_COURSE_026_M1_S2,CONTAINS_SUBTOPIC
MOD_COURSE_026_M1,SUB_COURSE_026_M1_S3,CONTAINS_SUBTOPIC
MOD_COURSE_026_M1,SUB_COURSE_026_M1_S4,CONTAINS_SUBTOPIC
MOD_COURSE_026_M1,SUB_COURSE_026_M1_S5,CONTAINS_SUBTOPIC
MOD_COURSE_026_M2,SUB_COURSE_026_M2_S1,CONTAINS_SUBTOPIC
MOD_COURSE_026_M2,SUB_COURSE_026_M2_S2,CONTAINS_SUBTOPIC
MOD_COURSE_026_M2,SUB_COURSE_026_M2_S3,CONTAINS_SUBTOPIC
MOD_COURSE_026_M2,SUB_COURSE_026_M2_S4,CONTAINS_SUBTOPIC
MOD_COURSE_026_M2,SUB_COURSE_026_M2_S5,CONTAINS_SUBTOPIC
MOD_COURSE_026_M2,SUB_COURSE_026_M2_S6,CONTAINS_SUBTOPIC
MOD_COURSE_026_M3,SUB_COURSE_026_M3_S1,CONTAINS_SUBTOPIC
MOD_COURSE_026_M3,SUB_COURSE_026_M3_S2,CONTAINS_SUBTOPIC
MOD_COURSE_026_M3,SUB_COURSE_026_M3_S3,CONTAINS_SUBTOPIC
MOD_COURSE_026_M3,SUB_COURSE_026_M3_S4,CONTAINS_SUBTOPIC
MOD_COURSE_026_M3,SUB_COURSE_026_M3_S5,CONTAINS_SUBTOPIC
MOD_COURSE_026_M3,SUB_COURSE_026_M3_S6,CONTAINS_SUBTOPIC
MOD_COURSE_026_M4,SUB_COURSE_026_M4_S1,CONTAINS_SUBTOPIC
MOD_COURSE_026_M4,SUB_COURSE_026_M4_S2,CONTAINS_SUBTOPIC
MOD_COURSE_026_M4,SUB_COURSE_026_M4_S3,CONTAINS_SUBTOPIC
MOD_COURSE_026_M4,SUB_COURSE_026_M4_S4,CONTAINS_SUBTOPIC
MOD_COURSE_026_M4,SUB_COURSE_026_M4_S5,CONTAINS_SUBTOPIC
MOD_COURSE_026_M4,SUB_COURSE_026_M4_S6,CONTAINS_SUBTOPIC
MOD_COURSE_026_M5,SUB_COURSE_026_M5_S1,CONTAINS_SUBTOPIC
MOD_COURSE_026_M5,SUB_COURSE_026_M5_S2,CONTAINS_SUBTOPIC
MOD_COURSE_026_M5,SUB_COURSE_026_M5_S3,CONTAINS_SUBTOPIC
MOD_COURSE_026_M5,SUB_COURSE_026_M5_S4,CONTAINS_SUBTOPIC
MOD_COURSE_026_M5,SUB_COURSE_026_M5_S5,CONTAINS_SUBTOPIC
MOD_COURSE_026_M6,SUB_COURSE_026_M6_S1,CONTAINS_SUBTOPIC
MOD_COURSE_026_M6,SUB_COURSE_026_M6_S2,CONTAINS_SUBTOPIC
MOD_COURSE_026_M6,SUB_COURSE_026_M6_S3,CONTAINS_SUBTOPIC
MOD_COURSE_026_M6,SUB_COURSE_026_M6_S4,CONTAINS_SUBTOPIC
MOD_COURSE_026_M6,SUB_COURSE_026_M6_S5,CONTAINS_SUBTOPIC
MOD_COURSE_026_M6,SUB_COURSE_026_M6_S6,CONTAINS_SUBTOPIC
MOD_COURSE_026_M7,SUB_COURSE_026_M7_S1,CONTAINS_SUBTOPIC
MOD_COURSE_026_M7,SUB_COURSE_026_M7_S2,CONTAINS_SUBTOPIC
MOD_COURSE_026_M7,SUB_COURSE_026_M7_S3,CONTAINS_SUBTOPIC
MOD_COURSE_026_M7,SUB_COURSE_026_M7_S4,CONTAINS_SUBTOPIC
MOD_COURSE_026_M7,SUB_COURSE_026_M7_S5,CONTAINS_SUBTOPIC
MOD_COURSE_026_M7,SUB_COURSE_026_M7_S6,CONTAINS_SUBTOPIC
MOD_COURSE_027_M1,SUB_COURSE_027_M1_S1,CONTAINS_SUBTOPIC
MOD_COURSE_027_M1,SUB_COURSE_027_M1_S2,CONTAINS_SUBTOPIC
MOD_COURSE_027_M1,SUB_COURSE_027_M1_S3,CONTAINS_SUBTOPIC
MOD_COURSE_027_M1,SUB_COURSE_027_M1_S4,CONTAINS_SUBTOPIC
MOD_COURSE_027_M1,SUB_COURSE_027_M1_S5,CONTAINS_SUBTOPIC
MOD_COURSE_027_M2,SUB_COURSE_027_M2_S1,CONTAINS_SUBTOPIC
MOD_COURSE_027_M2,SUB_COURSE_027_M2_S2,CONTAINS_SUBTOPIC
MOD_COURSE_027_M2,SUB_COURSE_027_M2_S3,CONTAINS_SUBTOPIC
MOD_COURSE_027_M2,SUB_COURSE_027_M2_S4,CONTAINS_SUBTOPIC
MOD_COURSE_027_M2,SUB_COURSE_027_M2_S5,CONTAINS_SUBTOPIC
MOD_COURSE_027_M2,SUB_COURSE_027_M2_S6,CONTAINS_SUBTOPIC
MOD_COURSE_027_M3,SUB_COURSE_027_M3_S1,CONTAINS_SUBTOPIC
MOD_COURSE_027_M3,SUB_COURSE_027_M3_S2,CONTAINS_SUBTOPIC
MOD_COURSE_027_M3,SUB_COURSE_027_M3_S3,CONTAINS_SUBTOPIC
MOD_COURSE_027_M3,SUB_COURSE_027_M3_S4,CONTAINS_SUBTOPIC
MOD_COURSE_027_M3,SUB_COURSE_027_M3_S5,CONTAINS_SUBTOPIC
MOD_COURSE_027_M4,SUB_COURSE_027_M4_S1,CONTAINS_SUBTOPIC
MOD_COURSE_027_M4,SUB_COURSE_027_M4_S2,CONTAINS_SUBTOPIC
MOD_COURSE_027_M4,SUB_COURSE_027_M4_S3,CONTAINS_SUBTOPIC
MOD_COURSE_027_M4,SUB_COURSE_027_M4_S4,CONTAINS_SUBTOPIC
MOD_COURSE_027_M4,SUB_COURSE_027_M4_S5,CONTAINS_SUBTOPIC
MOD_COURSE_027_M5,SUB_COURSE_027_M5_S1,CONTAINS_SUBTOPIC
MOD_COURSE_027_M5,SUB_COURSE_027_M5_S2,CONTAINS_SUBTOPIC
MOD_COURSE_027_M5,SUB_COURSE_027_M5_S3,CONTAINS_SUBTOPIC
MOD_COURSE_027_M5,SUB_COURSE_027_M5_S4,CONTAINS_SUBTOPIC
MOD_COURSE_027_M5,SUB_COURSE_027_M5_S5,CONTAINS_SUBTOPIC
MOD_COURSE_027_M6,SUB_COURSE_027_M6_S1,CONTAINS_SUBTOPIC
MOD_COURSE_027_M6,SUB_COURSE_027_M6_S2,CONTAINS_SUBTOPIC
MOD_COURSE_027_M6,SUB_COURSE_027_M6_S3,CONTAINS_SUBTOPIC
MOD_COURSE_027_M6,SUB_COURSE_027_M6_S4,CONTAINS_SUBTOPIC
MOD_COURSE_027_M6,SUB_COURSE_027_M6_S5,CONTAINS_SUBTOPIC
MOD_COURSE_027_M7,SUB_COURSE_027_M7_S1,CONTAINS_SUBTOPIC
MOD_COURSE_027_M7,SUB_COURSE_027_M7_S2,CONTAINS_SUBTOPIC
MOD_COURSE_027_M7,SUB_COURSE_027_M7_S3,CONTAINS_SUBTOPIC
MOD_COURSE_027_M7,SUB_COURSE_027_M7_S4,CONTAINS_SUBTOPIC
MOD_COURSE_027_M7,SUB_COURSE_027_M7_S5,CONTAINS_SUBTOPIC
MOD_COURSE_028_M1,SUB_COURSE_028_M1_S1,CONTAINS_SUBTOPIC
MOD_COURSE_028_M1,SUB_COURSE_028_M1_S2,CONTAINS_SUBTOPIC
MOD_COURSE_028_M1,SUB_COURSE_028_M1_S3,CONTAINS_SUBTOPIC
MOD_COURSE_028_M1,SUB_COURSE_028_M1_S4,CONTAINS_SUBTOPIC
MOD_COURSE_028_M1,SUB_COURSE_028_M1_S5,CONTAINS_SUBTOPIC
MOD_COURSE_028_M2,SUB_COURSE_028_M2_S1,CONTAINS_SUBTOPIC
MOD_COURSE_028_M2,SUB_COURSE_028_M2_S2,CONTAINS_SUBTOPIC
MOD_COURSE_028_M2,SUB_COURSE_028_M2_S3,CONTAINS_SUBTOPIC
MOD_COURSE_028_M2,SUB_COURSE_028_M2_S4,CONTAINS_SUBTOPIC
MOD_COURSE_028_M2,SUB_COURSE_028_M2_S5,CONTAINS_SUBTOPIC
MOD_COURSE_028_M3,SUB_COURSE_028_M3_S1,CONTAINS_SUBTOPIC
MOD_COURSE_028_M3,SUB_COURSE_028_M3_S2,CONTAINS_SUBTOPIC
MOD_COURSE_028_M3,SUB_COURSE_028_M3_S3,CONTAINS_SUBTOPIC
MOD_COURSE_028_M3,SUB_COURSE_028_M3_S4,CONTAINS_SUBTOPIC
MOD_COURSE_028_M3,SUB_COURSE_028_M3_S5,CONTAINS_SUBTOPIC
MOD_COURSE_028_M4,SUB_COURSE_028_M4_S1,CONTAINS_SUBTOPIC
MOD_COURSE_028_M4,SUB_COURSE_028_M4_S2,CONTAINS_SUBTOPIC
MOD_COURSE_028_M4,SUB_COURSE_028_M4_S3,CONTAINS_SUBTOPIC
MOD_COURSE_028_M4,SUB_COURSE_028_M4_S4,CONTAINS_SUBTOPIC
MOD_COURSE_028_M4,SUB_COURSE_028_M4_S5,CONTAINS_SUBTOPIC
MOD_COURSE_028_M5,SUB_COURSE_028_M5_S1,CONTAINS_SUBTOPIC
MOD_COURSE_028_M5,SUB_COURSE_028_M5_S2,CONTAINS_SUBTOPIC
MOD_COURSE_028_M5,SUB_COURSE_028_M5_S3,CONTAINS_SUBTOPIC
MOD_COURSE_028_M5,SUB_COURSE_028_M5_S4,CONTAINS_SUBTOPIC
MOD_COURSE_028_M5,SUB_COURSE_028_M5_S5,CONTAINS_SUBTOPIC
MOD_COURSE_028_M5,SUB_COURSE_028_M5_S6,CONTAINS_SUBTOPIC
MOD_COURSE_028_M6,SUB_COURSE_028_M6_S1,CONTAINS_SUBTOPIC
MOD_COURSE_028_M6,SUB_COURSE_028_M6_S2,CONTAINS_SUBTOPIC
MOD_COURSE_028_M6,SUB_COURSE_028_M6_S3,CONTAINS_SUBTOPIC
MOD_COURSE_028_M6,SUB_COURSE_028_M6_S4,CONTAINS_SUBTOPIC
MOD_COURSE_028_M6,SUB_COURSE_028_M6_S5,CONTAINS_SUBTOPIC
MOD_COURSE_028_M7,SUB_COURSE_028_M7_S1,CONTAINS_SUBTOPIC
MOD_COURSE_028_M7,SUB_COURSE_028_M7_S2,CONTAINS_SUBTOPIC
MOD_COURSE_028_M7,SUB_COURSE_028_M7_S3,CONTAINS_SUBTOPIC
MOD_COURSE_028_M7,SUB_COURSE_028_M7_S4,CONTAINS_SUBTOPIC
MOD_COURSE_028_M7,SUB_COURSE_028_M7_S5,CONTAINS_SUBTOPIC
MOD_COURSE_029_M1,SUB_COURSE_029_M1_S1,CONTAINS_SUBTOPIC
MOD_COURSE_029_M1,SUB_COURSE_029_M1_S2,CONTAINS_SUBTOPIC
MOD_COURSE_029_M1,SUB_COURSE_029_M1_S3,CONTAINS_SUBTOPIC
MOD_COURSE_029_M1,SUB_COURSE_029_M1_S4,CONTAINS_SUBTOPIC
MOD_COURSE_029_M1,SUB_COURSE_029_M1_S5,CONTAINS_SUBTOPIC
MOD_COURSE_029_M2,SUB_COURSE_029_M2_S1,CONTAINS_SUBTOPIC
MOD_COURSE_029_M2,SUB_COURSE_029_M2_S2,CONTAINS_SUBTOPIC
MOD_COURSE_029_M2,SUB_COURSE_029_M2_S3,CONTAINS_SUBTOPIC
MOD_COURSE_029_M2,SUB_COURSE_029_M2_S4,CONTAINS_SUBTOPIC
MOD_COURSE_029_M2,SUB_COURSE_029_M2_S5,CONTAINS_SUBTOPIC
MOD_COURSE_029_M2,SUB_COURSE_029_M2_S6,CONTAINS_SUBTOPIC
MOD_COURSE_029_M3,SUB_COURSE_029_M3_S1,CONTAINS_SUBTOPIC
MOD_COURSE_029_M3,SUB_COURSE_029_M3_S2,CONTAINS_SUBTOPIC
MOD_COURSE_029_M3,SUB_COURSE_029_M3_S3,CONTAINS_SUBTOPIC
MOD_COURSE_029_M3,SUB_COURSE_029_M3_S4,CONTAINS_SUBTOPIC
MOD_COURSE_029_M3,SUB_COURSE_029_M3_S5,CONTAINS_SUBTOPIC
MOD_COURSE_029_M3,SUB_COURSE_029_M3_S6,CONTAINS_SUBTOPIC
MOD_COURSE_029_M4,SUB_COURSE_029_M4_S1,CONTAINS_SUBTOPIC
MOD_COURSE_029_M4,SUB_COURSE_029_M4_S2,CONTAINS_SUBTOPIC
MOD_COURSE_029_M4,SUB_COURSE_029_M4_S3,CONTAINS_SUBTOPIC
MOD_COURSE_029_M4,SUB_COURSE_029_M4_S4,CONTAINS_SUBTOPIC
MOD_COURSE_029_M4,SUB_COURSE_029_M4_S5,CONTAINS_SUBTOPIC
MOD_COURSE_029_M4,SUB_COURSE_029_M4_S6,CONTAINS_SUBTOPIC
MOD_COURSE_029_M5,SUB_COURSE_029_M5_S1,CONTAINS_SUBTOPIC
MOD_COURSE_029_M5,SUB_COURSE_029_M5_S2,CONTAINS_SUBTOPIC
MOD_COURSE_029_M5,SUB_COURSE_029_M5_S3,CONTAINS_SUBTOPIC
MOD_COURSE_029_M5,SUB_COURSE_029_M5_S4,CONTAINS_SUBTOPIC
MOD_COURSE_029_M5,SUB_COURSE_029_M5_S5,CONTAINS_SUBTOPIC
MOD_COURSE_029_M5,SUB_COURSE_029_M5_S6,CONTAINS_SUBTOPIC
MOD_COURSE_029_M6,SUB_COURSE_029_M6_S1,CONTAINS_SUBTOPIC
MOD_COURSE_029_M6,SUB_COURSE_029_M6_S2,CONTAINS_SUBTOPIC
MOD_COURSE_029_M6,SUB_COURSE_029_M6_S3,CONTAINS_SUBTOPIC
MOD_COURSE_029_M6,SUB_COURSE_029_M6_S4,CONTAINS_SUBTOPIC
MOD_COURSE_029_M6,SUB_COURSE_029_M6_S5,CONTAINS_SUBTOPIC
MOD_COURSE_029_M7,SUB_COURSE_029_M7_S1,CONTAINS_SUBTOPIC
MOD_COURSE_029_M7,SUB_COURSE_029_M7_S2,CONTAINS_SUBTOPIC
MOD_COURSE_029_M7,SUB_COURSE_029_M7_S3,CONTAINS_SUBTOPIC
MOD_COURSE_029_M7,SUB_COURSE_029_M7_S4,CONTAINS_SUBTOPIC
MOD_COURSE_029_M7,SUB_COURSE_029_M7_S5,CONTAINS_SUBTOPIC
MOD_COURSE_029_M8,SUB_COURSE_029_M8_S1,CONTAINS_SUBTOPIC
MOD_COURSE_029_M8,SUB_COURSE_029_M8_S2,CONTAINS_SUBTOPIC
MOD_COURSE_029_M8,SUB_COURSE_029_M8_S3,CONTAINS_SUBTOPIC
MOD_COURSE_029_M8,SUB_COURSE_029_M8_S4,CONTAINS_SUBTOPIC
MOD_COURSE_029_M8,SUB_COURSE_029_M8_S5,CONTAINS_SUBTOPIC
MOD_COURSE_029_M8,SUB_COURSE_029_M8_S6,CONTAINS_SUBTOPIC
MOD_COURSE_030_M1,SUB_COURSE_030_M1_S1,CONTAINS_SUBTOPIC
MOD_COURSE_030_M1,SUB_COURSE_030_M1_S2,CONTAINS_SUBTOPIC
MOD_COURSE_030_M1,SUB_COURSE_030_M1_S3,CONTAINS_SUBTOPIC
MOD_COURSE_030_M1,SUB_COURSE_030_M1_S4,CONTAINS_SUBTOPIC
MOD_COURSE_030_M2,SUB_COURSE_030_M2_S1,CONTAINS_SUBTOPIC
MOD_COURSE_030_M2,SUB_COURSE_030_M2_S2,CONTAINS_SUBTOPIC
MOD_COURSE_030_M2,SUB_COURSE_030_M2_S3,CONTAINS_SUBTOPIC
MOD_COURSE_030_M2,SUB_COURSE_030_M2_S4,CONTAINS_SUBTOPIC
MOD_COURSE_030_M2,SUB_COURSE_030_M2_S5,CONTAINS_SUBTOPIC
MOD_COURSE_030_M3,SUB_COURSE_030_M3_S1,CONTAINS_SUBTOPIC
MOD_COURSE_030_M3,SUB_COURSE_030_M3_S2,CONTAINS_SUBTOPIC
MOD_COURSE_030_M3,SUB_COURSE_030_M3_S3,CONTAINS_SUBTOPIC
MOD_COURSE_030_M3,SUB_COURSE_030_M3_S4,CONTAINS_SUBTOPIC
MOD_COURSE_030_M3,SUB_COURSE_030_M3_S5,CONTAINS_SUBTOPIC
MOD_COURSE_030_M4,SUB_COURSE_030_M4_S1,CONTAINS_SUBTOPIC
MOD_COURSE_030_M4,SUB_COURSE_030_M4_S2,CONTAINS_SUBTOPIC
MOD_COURSE_030_M4,SUB_COURSE_030_M4_S3,CONTAINS_SUBTOPIC
MOD_COURSE_030_M4,SUB_COURSE_030_M4_S4,CONTAINS_SUBTOPIC
MOD_COURSE_030_M4,SUB_COURSE_030_M4_S5,CONTAINS_SUBTOPIC
MOD_COURSE_030_M4,SUB_COURSE_030_M4_S6,CONTAINS_SUBTOPIC
MOD_COURSE_030_M5,SUB_COURSE_030_M5_S1,CONTAINS_SUBTOPIC
MOD_COURSE_030_M5,SUB_COURSE_030_M5_S2,CONTAINS_SUBTOPIC
MOD_COURSE_030_M5,SUB_COURSE_030_M5_S3,CONTAINS_SUBTOPIC
MOD_COURSE_030_M5,SUB_COURSE_030_M5_S4,CONTAINS_SUBTOPIC
MOD_COURSE_030_M5,SUB_COURSE_030_M5_S5,CONTAINS_SUBTOPIC
MOD_COURSE_030_M5,SUB_COURSE_030_M5_S6,CONTAINS_SUBTOPIC
MOD_COURSE_030_M6,SUB_COURSE_030_M6_S1,CONTAINS_SUBTOPIC
MOD_COURSE_030_M6,SUB_COURSE_030_M6_S2,CONTAINS_SUBTOPIC
MOD_COURSE_030_M6,SUB_COURSE_030_M6_S3,CONTAINS_SUBTOPIC
MOD_COURSE_030_M6,SUB_COURSE_030_M6_S4,CONTAINS_SUBTOPIC
MOD_COURSE_030_M6,SUB_COURSE_030_M6_S5,CONTAINS_SUBTOPIC
MOD_COURSE_030_M7,SUB_COURSE_030_M7_S1,CONTAINS_SUBTOPIC
MOD_COURSE_030_M7,SUB_COURSE_030_M7_S2,CONTAINS_SUBTOPIC
MOD_COURSE_030_M7,SUB_COURSE_030_M7_S3,CONTAINS_SUBTOPIC
MOD_COURSE_030_M7,SUB_COURSE_030_M7_S4,CONTAINS_SUBTOPIC
MOD_COURSE_030_M7,SUB_COURSE_030_M7_S5,CONTAINS_SUBTOPIC
MOD_COURSE_031_M1,SUB_COURSE_031_M1_S1,CONTAINS_SUBTOPIC
MOD_COURSE_031_M1,SUB_COURSE_031_M1_S2,CONTAINS_SUBTOPIC
MOD_COURSE_031_M1,SUB_COURSE_031_M1_S3,CONTAINS_SUBTOPIC
MOD_COURSE_031_M1,SUB_COURSE_031_M1_S4,CONTAINS_SUBTOPIC
MOD_COURSE_031_M1,SUB_COURSE_031_M1_S5,CONTAINS_SUBTOPIC
MOD_COURSE_031_M2,SUB_COURSE_031_M2_S1,CONTAINS_SUBTOPIC
MOD_COURSE_031_M2,SUB_COURSE_031_M2_S2,CONTAINS_SUBTOPIC
MOD_COURSE_031_M2,SUB_COURSE_031_M2_S3,CONTAINS_SUBTOPIC
MOD_COURSE_031_M2,SUB_COURSE_031_M2_S4,CONTAINS_SUBTOPIC
MOD_COURSE_031_M2,SUB_COURSE_031_M2_S5,CONTAINS_SUBTOPIC
MOD_COURSE_031_M3,SUB_COURSE_031_M3_S1,CONTAINS_SUBTOPIC
MOD_COURSE_031_M3,SUB_COURSE_031_M3_S2,CONTAINS_SUBTOPIC
MOD_COURSE_031_M3,SUB_COURSE_031_M3_S3,CONTAINS_SUBTOPIC
MOD_COURSE_031_M3,SUB_COURSE_031_M3_S4,CONTAINS_SUBTOPIC
MOD_COURSE_031_M3,SUB_COURSE_031_M3_S5,CONTAINS_SUBTOPIC
MOD_COURSE_031_M4,SUB_COURSE_031_M4_S1,CONTAINS_SUBTOPIC
MOD_COURSE_031_M4,SUB_COURSE_031_M4_S2,CONTAINS_SUBTOPIC
MOD_COURSE_031_M4,SUB_COURSE_031_M4_S3,CONTAINS_SUBTOPIC
MOD_COURSE_031_M4,SUB_COURSE_031_M4_S4,CONTAINS_SUBTOPIC
MOD_COURSE_031_M4,SUB_COURSE_031_M4_S5,CONTAINS_SUBTOPIC
MOD_COURSE_031_M5,SUB_COURSE_031_M5_S1,CONTAINS_SUBTOPIC
MOD_COURSE_031_M5,SUB_COURSE_031_M5_S2,CONTAINS_SUBTOPIC
MOD_COURSE_031_M5,SUB_COURSE_031_M5_S3,CONTAINS_SUBTOPIC
MOD_COURSE_031_M5,SUB_COURSE_031_M5_S4,CONTAINS_SUBTOPIC
MOD_COURSE_031_M6,SUB_COURSE_031_M6_S1,CONTAINS_SUBTOPIC
MOD_COURSE_031_M6,SUB_COURSE_031_M6_S2,CONTAINS_SUBTOPIC
MOD_COURSE_031_M6,SUB_COURSE_031_M6_S3,CONTAINS_SUBTOPIC
MOD_COURSE_031_M6,SUB_COURSE_031_M6_S4,CONTAINS_SUBTOPIC
MOD_COURSE_031_M6,SUB_COURSE_031_M6_S5,CONTAINS_SUBTOPIC
MOD_COURSE_031_M7,SUB_COURSE_031_M7_S1,CONTAINS_SUBTOPIC
MOD_COURSE_031_M7,SUB_COURSE_031_M7_S2,CONTAINS_SUBTOPIC
MOD_COURSE_031_M7,SUB_COURSE_031_M7_S3,CONTAINS_SUBTOPIC
MOD_COURSE_031_M7,SUB_COURSE_031_M7_S4,CONTAINS_SUBTOPIC
MOD_COURSE_032_M1,SUB_COURSE_032_M1_S1,CONTAINS_SUBTOPIC
MOD_COURSE_032_M1,SUB_COURSE_032_M1_S2,CONTAINS_SUBTOPIC
MOD_COURSE_032_M1,SUB_COURSE_032_M1_S3,CONTAINS_SUBTOPIC
MOD_COURSE_032_M1,SUB_COURSE_032_M1_S4,CONTAINS_SUBTOPIC
MOD_COURSE_032_M1,SUB_COURSE_032_M1_S5,CONTAINS_SUBTOPIC
MOD_COURSE_032_M1,SUB_COURSE_032_M1_S6,CONTAINS_SUBTOPIC
MOD_COURSE_032_M2,SUB_COURSE_032_M2_S1,CONTAINS_SUBTOPIC
MOD_COURSE_032_M2,SUB_COURSE_032_M2_S2,CONTAINS_SUBTOPIC
MOD_COURSE_032_M2,SUB_COURSE_032_M2_S3,CONTAINS_SUBTOPIC
MOD_COURSE_032_M2,SUB_COURSE_032_M2_S4,CONTAINS_SUBTOPIC
MOD_COURSE_032_M2,SUB_COURSE_032_M2_S5,CONTAINS_SUBTOPIC
MOD_COURSE_032_M3,SUB_COURSE_032_M3_S1,CONTAINS_SUBTOPIC
MOD_COURSE_032_M3,SUB_COURSE_032_M3_S2,CONTAINS_SUBTOPIC
MOD_COURSE_032_M3,SUB_COURSE_032_M3_S3,CONTAINS_SUBTOPIC
MOD_COURSE_032_M3,SUB_COURSE_032_M3_S4,CONTAINS_SUBTOPIC
MOD_COURSE_032_M4,SUB_COURSE_032_M4_S1,CONTAINS_SUBTOPIC
MOD_COURSE_032_M4,SUB_COURSE_032_M4_S2,CONTAINS_SUBTOPIC
MOD_COURSE_032_M4,SUB_COURSE_032_M4_S3,CONTAINS_SUBTOPIC
MOD_COURSE_032_M4,SUB_COURSE_032_M4_S4,CONTAINS_SUBTOPIC
MOD_COURSE_032_M5,SUB_COURSE_032_M5_S1,CONTAINS_SUBTOPIC
MOD_COURSE_032_M5,SUB_COURSE_032_M5_S2,CONTAINS_SUBTOPIC
MOD_COURSE_032_M5,SUB_COURSE_032_M5_S3,CONTAINS_SUBTOPIC
MOD_COURSE_032_M5,SUB_COURSE_032_M5_S4,CONTAINS_SUBTOPIC
MOD_COURSE_032_M5,SUB_COURSE_032_M5_S5,CONTAINS_SUBTOPIC
MOD_COURSE_032_M6,SUB_COURSE_032_M6_S1,CONTAINS_SUBTOPIC
MOD_COURSE_032_M6,SUB_COURSE_032_M6_S2,CONTAINS_SUBTOPIC
MOD_COURSE_032_M6,SUB_COURSE_032_M6_S3,CONTAINS_SUBTOPIC
MOD_COURSE_032_M6,SUB_COURSE_032_M6_S4,CONTAINS_SUBTOPIC
MOD_COURSE_032_M6,SUB_COURSE_032_M6_S5,CONTAINS_SUBTOPIC
MOD_COURSE_032_M7,SUB_COURSE_032_M7_S1,CONTAINS_SUBTOPIC
MOD_COURSE_032_M7,SUB_COURSE_032_M7_S2,CONTAINS_SUBTOPIC
MOD_COURSE_032_M7,SUB_COURSE_032_M7_S3,CONTAINS_SUBTOPIC
MOD_COURSE_032_M7,SUB_COURSE_032_M7_S4,CONTAINS_SUBTOPIC
MOD_COURSE_032_M7,SUB_COURSE_032_M7_S5,CONTAINS_SUBTOPIC
MOD_COURSE_033_M1,SUB_COURSE_033_M1_S1,CONTAINS_SUBTOPIC
MOD_COURSE_033_M1,SUB_COURSE_033_M1_S2,CONTAINS_SUBTOPIC
MOD_COURSE_033_M1,SUB_COURSE_033_M1_S3,CONTAINS_SUBTOPIC
MOD_COURSE_033_M1,SUB_COURSE_033_M1_S4,CONTAINS_SUBTOPIC
MOD_COURSE_033_M1,SUB_COURSE_033_M1_S5,CONTAINS_SUBTOPIC
MOD_COURSE_033_M2,SUB_COURSE_033_M2_S1,CONTAINS_SUBTOPIC
MOD_COURSE_033_M2,SUB_COURSE_033_M2_S2,CONTAINS_SUBTOPIC
MOD_COURSE_033_M2,SUB_COURSE_033_M2_S3,CONTAINS_SUBTOPIC
MOD_COURSE_033_M2,SUB_COURSE_033_M2_S4,CONTAINS_SUBTOPIC
MOD_COURSE_033_M2,SUB_COURSE_033_M2_S5,CONTAINS_SUBTOPIC
MOD_COURSE_033_M3,SUB_COURSE_033_M3_S1,CONTAINS_SUBTOPIC
MOD_COURSE_033_M3,SUB_COURSE_033_M3_S2,CONTAINS_SUBTOPIC
MOD_COURSE_033_M3,SUB_COURSE_033_M3_S3,CONTAINS_SUBTOPIC
MOD_COURSE_033_M3,SUB_COURSE_033_M3_S4,CONTAINS_SUBTOPIC
MOD_COURSE_033_M3,SUB_COURSE_033_M3_S5,CONTAINS_SUBTOPIC
MOD_COURSE_033_M4,SUB_COURSE_033_M4_S1,CONTAINS_SUBTOPIC
MOD_COURSE_033_M4,SUB_COURSE_033_M4_S2,CONTAINS_SUBTOPIC
MOD_COURSE_033_M4,SUB_COURSE_033_M4_S3,CONTAINS_SUBTOPIC
MOD_COURSE_033_M4,SUB_COURSE_033_M4_S4,CONTAINS_SUBTOPIC
MOD_COURSE_033_M4,SUB_COURSE_033_M4_S5,CONTAINS_SUBTOPIC
MOD_COURSE_033_M5,SUB_COURSE_033_M5_S1,CONTAINS_SUBTOPIC
MOD_COURSE_033_M5,SUB_COURSE_033_M5_S2,CONTAINS_SUBTOPIC
MOD_COURSE_033_M5,SUB_COURSE_033_M5_S3,CONTAINS_SUBTOPIC
MOD_COURSE_033_M5,SUB_COURSE_033_M5_S4,CONTAINS_SUBTOPIC
MOD_COURSE_033_M5,SUB_COURSE_033_M5_S5,CONTAINS_SUBTOPIC
MOD_COURSE_033_M6,SUB_COURSE_033_M6_S1,CONTAINS_SUBTOPIC
MOD_COURSE_033_M6,SUB_COURSE_033_M6_S2,CONTAINS_SUBTOPIC
MOD_COURSE_033_M6,SUB_COURSE_033_M6_S3,CONTAINS_SUBTOPIC
MOD_COURSE_033_M6,SUB_COURSE_033_M6_S4,CONTAINS_SUBTOPIC
MOD_COURSE_033_M7,SUB_COURSE_033_M7_S1,CONTAINS_SUBTOPIC
MOD_COURSE_033_M7,SUB_COURSE_033_M7_S2,CONTAINS_SUBTOPIC
MOD_COURSE_033_M7,SUB_COURSE_033_M7_S3,CONTAINS_SUBTOPIC
MOD_COURSE_033_M7,SUB_COURSE_033_M7_S4,CONTAINS_SUBTOPIC
MOD_COURSE_034_M1,SUB_COURSE_034_M1_S1,CONTAINS_SUBTOPIC
MOD_COURSE_034_M1,SUB_COURSE_034_M1_S2,CONTAINS_SUBTOPIC
MOD_COURSE_034_M1,SUB_COURSE_034_M1_S3,CONTAINS_SUBTOPIC
MOD_COURSE_034_M1,SUB_COURSE_034_M1_S4,CONTAINS_SUBTOPIC
MOD_COURSE_034_M2,SUB_COURSE_034_M2_S1,CONTAINS_SUBTOPIC
MOD_COURSE_034_M2,SUB_COURSE_034_M2_S2,CONTAINS_SUBTOPIC
MOD_COURSE_034_M2,SUB_COURSE_034_M2_S3,CONTAINS_SUBTOPIC
MOD_COURSE_034_M2,SUB_COURSE_034_M2_S4,CONTAINS_SUBTOPIC
MOD_COURSE_034_M3,SUB_COURSE_034_M3_S1,CONTAINS_SUBTOPIC
MOD_COURSE_034_M3,SUB_COURSE_034_M3_S2,CONTAINS_SUBTOPIC
MOD_COURSE_034_M3,SUB_COURSE_034_M3_S3,CONTAINS_SUBTOPIC
MOD_COURSE_034_M3,SUB_COURSE_034_M3_S4,CONTAINS_SUBTOPIC
MOD_COURSE_034_M3,SUB_COURSE_034_M3_S5,CONTAINS_SUBTOPIC
MOD_COURSE_034_M4,SUB_COURSE_034_M4_S1,CONTAINS_SUBTOPIC
MOD_COURSE_034_M4,SUB_COURSE_034_M4_S2,CONTAINS_SUBTOPIC
MOD_COURSE_034_M4,SUB_COURSE_034_M4_S3,CONTAINS_SUBTOPIC
MOD_COURSE_034_M4,SUB_COURSE_034_M4_S4,CONTAINS_SUBTOPIC
MOD_COURSE_034_M5,SUB_COURSE_034_M5_S1,CONTAINS_SUBTOPIC
MOD_COURSE_034_M5,SUB_COURSE_034_M5_S2,CONTAINS_SUBTOPIC
MOD_COURSE_034_M5,SUB_COURSE_034_M5_S3,CONTAINS_SUBTOPIC
MOD_COURSE_034_M5,SUB_COURSE_034_M5_S4,CONTAINS_SUBTOPIC
MOD_COURSE_034_M5,SUB_COURSE_034_M5_S5,CONTAINS_SUBTOPIC
MOD_COURSE_034_M6,SUB_COURSE_034_M6_S1,CONTAINS_SUBTOPIC
MOD_COURSE_034_M6,SUB_COURSE_034_M6_S2,CONTAINS_SUBTOPIC
MOD_COURSE_034_M6,SUB_COURSE_034_M6_S3,CONTAINS_SUBTOPIC
MOD_COURSE_034_M6,SUB_COURSE_034_M6_S4,CONTAINS_SUBTOPIC
MOD_COURSE_034_M7,SUB_COURSE_034_M7_S1,CONTAINS_SUBTOPIC
MOD_COURSE_034_M7,SUB_COURSE_034_M7_S2,CONTAINS_SUBTOPIC
MOD_COURSE_034_M7,SUB_COURSE_034_M7_S3,CONTAINS_SUBTOPIC
MOD_COURSE_034_M7,SUB_COURSE_034_M7_S4,CONTAINS_SUBTOPIC
MOD_COURSE_034_M7,SUB_COURSE_034_M7_S5,CONTAINS_SUBTOPIC
MOD_COURSE_035_M1,SUB_COURSE_035_M1_S1,CONTAINS_SUBTOPIC
MOD_COURSE_035_M1,SUB_COURSE_035_M1_S2,CONTAINS_SUBTOPIC
MOD_COURSE_035_M1,SUB_COURSE_035_M1_S3,CONTAINS_SUBTOPIC
MOD_COURSE_035_M1,SUB_COURSE_035_M1_S4,CONTAINS_SUBTOPIC
MOD_COURSE_035_M1,SUB_COURSE_035_M1_S5,CONTAINS_SUBTOPIC
MOD_COURSE_035_M2,SUB_COURSE_035_M2_S1,CONTAINS_SUBTOPIC
MOD_COURSE_035_M2,SUB_COURSE_035_M2_S2,CONTAINS_SUBTOPIC
MOD_COURSE_035_M2,SUB_COURSE_035_M2_S3,CONTAINS_SUBTOPIC
MOD_COURSE_035_M2,SUB_COURSE_035_M2_S4,CONTAINS_SUBTOPIC
MOD_COURSE_035_M2,SUB_COURSE_035_M2_S5,CONTAINS_SUBTOPIC
MOD_COURSE_035_M3,SUB_COURSE_035_M3_S1,CONTAINS_SUBTOPIC
MOD_COURSE_035_M3,SUB_COURSE_035_M3_S2,CONTAINS_SUBTOPIC
MOD_COURSE_035_M3,SUB_COURSE_035_M3_S3,CONTAINS_SUBTOPIC
MOD_COURSE_035_M3,SUB_COURSE_035_M3_S4,CONTAINS_SUBTOPIC
MOD_COURSE_035_M4,SUB_COURSE_035_M4_S1,CONTAINS_SUBTOPIC
MOD_COURSE_035_M4,SUB_COURSE_035_M4_S2,CONTAINS_SUBTOPIC
MOD_COURSE_035_M4,SUB_COURSE_035_M4_S3,CONTAINS_SUBTOPIC
MOD_COURSE_035_M4,SUB_COURSE_035_M4_S4,CONTAINS_SUBTOPIC
MOD_COURSE_035_M4,SUB_COURSE_035_M4_S5,CONTAINS_SUBTOPIC
MOD_COURSE_035_M5,SUB_COURSE_035_M5_S1,CONTAINS_SUBTOPIC
MOD_COURSE_035_M5,SUB_COURSE_035_M5_S2,CONTAINS_SUBTOPIC
MOD_COURSE_035_M5,SUB_COURSE_035_M5_S3,CONTAINS_SUBTOPIC
MOD_COURSE_035_M5,SUB_COURSE_035_M5_S4,CONTAINS_SUBTOPIC
MOD_COURSE_035_M5,SUB_COURSE_035_M5_S5,CONTAINS_SUBTOPIC
MOD_COURSE_035_M6,SUB_COURSE_035_M6_S1,CONTAINS_SUBTOPIC
MOD_COURSE_035_M6,SUB_COURSE_035_M6_S2,CONTAINS_SUBTOPIC
MOD_COURSE_035_M6,SUB_COURSE_035_M6_S3,CONTAINS_SUBTOPIC
MOD_COURSE_035_M6,SUB_COURSE_035_M6_S4,CONTAINS_SUBTOPIC
MOD_COURSE_035_M6,SUB_COURSE_035_M6_S5,CONTAINS_SUBTOPIC
MOD_COURSE_035_M7,SUB_COURSE_035_M7_S1,CONTAINS_SUBTOPIC
MOD_COURSE_035_M7,SUB_COURSE_035_M7_S2,CONTAINS_SUBTOPIC
MOD_COURSE_035_M7,SUB_COURSE_035_M7_S3,CONTAINS_SUBTOPIC
MOD_COURSE_035_M7,SUB_COURSE_035_M7_S4,CONTAINS_SUBTOPIC
MOD_COURSE_035_M7,SUB_COURSE_035_M7_S5,CONTAINS_SUBTOPIC
MOD_COURSE_036_M1,SUB_COURSE_036_M1_S1,CONTAINS_SUBTOPIC
MOD_COURSE_036_M1,SUB_COURSE_036_M1_S2,CONTAINS_SUBTOPIC
MOD_COURSE_036_M1,SUB_COURSE_036_M1_S3,CONTAINS_SUBTOPIC
MOD_COURSE_036_M1,SUB_COURSE_036_M1_S4,CONTAINS_SUBTOPIC
MOD_COURSE_036_M1,SUB_COURSE_036_M1_S5,CONTAINS_SUBTOPIC
MOD_COURSE_036_M1,SUB_COURSE_036_M1_S6,CONTAINS_SUBTOPIC
MOD_COURSE_036_M2,SUB_COURSE_036_M2_S1,CONTAINS_SUBTOPIC
MOD_COURSE_036_M2,SUB_COURSE_036_M2_S2,CONTAINS_SUBTOPIC
MOD_COURSE_036_M2,SUB_COURSE_036_M2_S3,CONTAINS_SUBTOPIC
MOD_COURSE_036_M2,SUB_COURSE_036_M2_S4,CONTAINS_SUBTOPIC
MOD_COURSE_036_M2,SUB_COURSE_036_M2_S5,CONTAINS_SUBTOPIC
MOD_COURSE_036_M3,SUB_COURSE_036_M3_S1,CONTAINS_SUBTOPIC
MOD_COURSE_036_M3,SUB_COURSE_036_M3_S2,CONTAINS_SUBTOPIC
MOD_COURSE_036_M3,SUB_COURSE_036_M3_S3,CONTAINS_SUBTOPIC
MOD_COURSE_036_M3,SUB_COURSE_036_M3_S4,CONTAINS_SUBTOPIC
MOD_COURSE_036_M3,SUB_COURSE_036_M3_S5,CONTAINS_SUBTOPIC
MOD_COURSE_036_M3,SUB_COURSE_036_M3_S6,CONTAINS_SUBTOPIC
MOD_COURSE_036_M4,SUB_COURSE_036_M4_S1,CONTAINS_SUBTOPIC
MOD_COURSE_036_M4,SUB_COURSE_036_M4_S2,CONTAINS_SUBTOPIC
MOD_COURSE_036_M4,SUB_COURSE_036_M4_S3,CONTAINS_SUBTOPIC
MOD_COURSE_036_M4,SUB_COURSE_036_M4_S4,CONTAINS_SUBTOPIC
MOD_COURSE_036_M4,SUB_COURSE_036_M4_S5,CONTAINS_SUBTOPIC
MOD_COURSE_036_M5,SUB_COURSE_036_M5_S1,CONTAINS_SUBTOPIC
MOD_COURSE_036_M5,SUB_COURSE_036_M5_S2,CONTAINS_SUBTOPIC
MOD_COURSE_036_M5,SUB_COURSE_036_M5_S3,CONTAINS_SUBTOPIC
MOD_COURSE_036_M5,SUB_COURSE_036_M5_S4,CONTAINS_SUBTOPIC
MOD_COURSE_036_M5,SUB_COURSE_036_M5_S5,CONTAINS_SUBTOPIC
MOD_COURSE_036_M6,SUB_COURSE_036_M6_S1,CONTAINS_SUBTOPIC
MOD_COURSE_036_M6,SUB_COURSE_036_M6_S2,CONTAINS_SUBTOPIC
MOD_COURSE_036_M6,SUB_COURSE_036_M6_S3,CONTAINS_SUBTOPIC
MOD_COURSE_036_M6,SUB_COURSE_036_M6_S4,CONTAINS_SUBTOPIC
MOD_COURSE_036_M7,SUB_COURSE_036_M7_S1,CONTAINS_SUBTOPIC
MOD_COURSE_036_M7,SUB_COURSE_036_M7_S2,CONTAINS_SUBTOPIC
MOD_COURSE_036_M7,SUB_COURSE_036_M7_S3,CONTAINS_SUBTOPIC
MOD_COURSE_036_M7,SUB_COURSE_036_M7_S4,CONTAINS_SUBTOPIC
MOD_COURSE_036_M7,SUB_COURSE_036_M7_S5,CONTAINS_SUBTOPIC
MOD_COURSE_037_M1,SUB_COURSE_037_M1_S1,CONTAINS_SUBTOPIC
MOD_COURSE_037_M1,SUB_COURSE_037_M1_S2,CONTAINS_SUBTOPIC
MOD_COURSE_037_M1,SUB_COURSE_037_M1_S3,CONTAINS_SUBTOPIC
MOD_COURSE_037_M1,SUB_COURSE_037_M1_S4,CONTAINS_SUBTOPIC
MOD_COURSE_037_M2,SUB_COURSE_037_M2_S1,CONTAINS_SUBTOPIC
MOD_COURSE_037_M2,SUB_COURSE_037_M2_S2,CONTAINS_SUBTOPIC
MOD_COURSE_037_M2,SUB_COURSE_037_M2_S3,CONTAINS_SUBTOPIC
MOD_COURSE_037_M2,SUB_COURSE_037_M2_S4,CONTAINS_SUBTOPIC
MOD_COURSE_037_M3,SUB_COURSE_037_M3_S1,CONTAINS_SUBTOPIC
MOD_COURSE_037_M3,SUB_COURSE_037_M3_S2,CONTAINS_SUBTOPIC
MOD_COURSE_037_M3,SUB_COURSE_037_M3_S3,CONTAINS_SUBTOPIC
MOD_COURSE_037_M3,SUB_COURSE_037_M3_S4,CONTAINS_SUBTOPIC
MOD_COURSE_037_M3,SUB_COURSE_037_M3_S5,CONTAINS_SUBTOPIC
MOD_COURSE_037_M4,SUB_COURSE_037_M4_S1,CONTAINS_SUBTOPIC
MOD_COURSE_037_M4,SUB_COURSE_037_M4_S2,CONTAINS_SUBTOPIC
MOD_COURSE_037_M4,SUB_COURSE_037_M4_S3,CONTAINS_SUBTOPIC
MOD_COURSE_037_M4,SUB_COURSE_037_M4_S4,CONTAINS_SUBTOPIC
MOD_COURSE_037_M4,SUB_COURSE_037_M4_S5,CONTAINS_SUBTOPIC
MOD_COURSE_037_M5,SUB_COURSE_037_M5_S1,CONTAINS_SUBTOPIC
MOD_COURSE_037_M5,SUB_COURSE_037_M5_S2,CONTAINS_SUBTOPIC
MOD_COURSE_037_M5,SUB_COURSE_037_M5_S3,CONTAINS_SUBTOPIC
MOD_COURSE_037_M5,SUB_COURSE_037_M5_S4,CONTAINS_SUBTOPIC
MOD_COURSE_037_M5,SUB_COURSE_037_M5_S5,CONTAINS_SUBTOPIC
MOD_COURSE_037_M6,SUB_COURSE_037_M6_S1,CONTAINS_SUBTOPIC
MOD_COURSE_037_M6,SUB_COURSE_037_M6_S2,CONTAINS_SUBTOPIC
MOD_COURSE_037_M6,SUB_COURSE_037_M6_S3,CONTAINS_SUBTOPIC
MOD_COURSE_037_M6,SUB_COURSE_037_M6_S4,CONTAINS_SUBTOPIC
MOD_COURSE_037_M7,SUB_COURSE_037_M7_S1,CONTAINS_SUBTOPIC
MOD_COURSE_037_M7,SUB_COURSE_037_M7_S2,CONTAINS_SUBTOPIC
MOD_COURSE_037_M7,SUB_COURSE_037_M7_S3,CONTAINS_SUBTOPIC
MOD_COURSE_037_M7,SUB_COURSE_037_M7_S4,CONTAINS_SUBTOPIC
MOD_COURSE_037_M7,SUB_COURSE_037_M7_S5,CONTAINS_SUBTOPIC
MOD_COURSE_038_M1,SUB_COURSE_038_M1_S1,CONTAINS_SUBTOPIC
MOD_COURSE_038_M1,SUB_COURSE_038_M1_S2,CONTAINS_SUBTOPIC
MOD_COURSE_038_M1,SUB_COURSE_038_M1_S3,CONTAINS_SUBTOPIC
MOD_COURSE_038_M1,SUB_COURSE_038_M1_S4,CONTAINS_SUBTOPIC
MOD_COURSE_038_M1,SUB_COURSE_038_M1_S5,CONTAINS_SUBTOPIC
MOD_COURSE_038_M2,SUB_COURSE_038_M2_S1,CONTAINS_SUBTOPIC
MOD_COURSE_038_M2,SUB_COURSE_038_M2_S2,CONTAINS_SUBTOPIC
MOD_COURSE_038_M2,SUB_COURSE_038_M2_S3,CONTAINS_SUBTOPIC
MOD_COURSE_038_M2,SUB_COURSE_038_M2_S4,CONTAINS_SUBTOPIC
MOD_COURSE_038_M2,SUB_COURSE_038_M2_S5,CONTAINS_SUBTOPIC
MOD_COURSE_038_M2,SUB_COURSE_038_M2_S6,CONTAINS_SUBTOPIC
MOD_COURSE_038_M3,SUB_COURSE_038_M3_S1,CONTAINS_SUBTOPIC
MOD_COURSE_038_M3,SUB_COURSE_038_M3_S2,CONTAINS_SUBTOPIC
MOD_COURSE_038_M3,SUB_COURSE_038_M3_S3,CONTAINS_SUBTOPIC
MOD_COURSE_038_M3,SUB_COURSE_038_M3_S4,CONTAINS_SUBTOPIC
MOD_COURSE_038_M3,SUB_COURSE_038_M3_S5,CONTAINS_SUBTOPIC
MOD_COURSE_038_M4,SUB_COURSE_038_M4_S1,CONTAINS_SUBTOPIC
MOD_COURSE_038_M4,SUB_COURSE_038_M4_S2,CONTAINS_SUBTOPIC
MOD_COURSE_038_M4,SUB_COURSE_038_M4_S3,CONTAINS_SUBTOPIC
MOD_COURSE_038_M4,SUB_COURSE_038_M4_S4,CONTAINS_SUBTOPIC
MOD_COURSE_038_M4,SUB_COURSE_038_M4_S5,CONTAINS_SUBTOPIC
MOD_COURSE_038_M5,SUB_COURSE_038_M5_S1,CONTAINS_SUBTOPIC
MOD_COURSE_038_M5,SUB_COURSE_038_M5_S2,CONTAINS_SUBTOPIC
MOD_COURSE_038_M5,SUB_COURSE_038_M5_S3,CONTAINS_SUBTOPIC
MOD_COURSE_038_M5,SUB_COURSE_038_M5_S4,CONTAINS_SUBTOPIC
MOD_COURSE_038_M5,SUB_COURSE_038_M5_S5,CONTAINS_SUBTOPIC
MOD_COURSE_038_M6,SUB_COURSE_038_M6_S1,CONTAINS_SUBTOPIC
MOD_COURSE_038_M6,SUB_COURSE_038_M6_S2,CONTAINS_SUBTOPIC
MOD_COURSE_038_M6,SUB_COURSE_038_M6_S3,CONTAINS_SUBTOPIC
MOD_COURSE_038_M6,SUB_COURSE_038_M6_S4,CONTAINS_SUBTOPIC
MOD_COURSE_038_M6,SUB_COURSE_038_M6_S5,CONTAINS_SUBTOPIC
MOD_COURSE_038_M6,SUB_COURSE_038_M6_S6,CONTAINS_SUBTOPIC
MOD_COURSE_038_M7,SUB_COURSE_038_M7_S1,CONTAINS_SUBTOPIC
MOD_COURSE_038_M7,SUB_COURSE_038_M7_S2,CONTAINS_SUBTOPIC
MOD_COURSE_038_M7,SUB_COURSE_038_M7_S3,CONTAINS_SUBTOPIC
MOD_COURSE_038_M7,SUB_COURSE_038_M7_S4,CONTAINS_SUBTOPIC
MOD_COURSE_038_M7,SUB_COURSE_038_M7_S5,CONTAINS_SUBTOPIC
MOD_COURSE_039_M1,SUB_COURSE_039_M1_S1,CONTAINS_SUBTOPIC
MOD_COURSE_039_M1,SUB_COURSE_039_M1_S2,CONTAINS_SUBTOPIC
MOD_COURSE_039_M1,SUB_COURSE_039_M1_S3,CONTAINS_SUBTOPIC
MOD_COURSE_039_M1,SUB_COURSE_039_M1_S4,CONTAINS_SUBTOPIC
MOD_COURSE_039_M1,SUB_COURSE_039_M1_S5,CONTAINS_SUBTOPIC
MOD_COURSE_039_M2,SUB_COURSE_039_M2_S1,CONTAINS_SUBTOPIC
MOD_COURSE_039_M2,SUB_COURSE_039_M2_S2,CONTAINS_SUBTOPIC
MOD_COURSE_039_M2,SUB_COURSE_039_M2_S3,CONTAINS_SUBTOPIC
MOD_COURSE_039_M2,SUB_COURSE_039_M2_S4,CONTAINS_SUBTOPIC
MOD_COURSE_039_M2,SUB_COURSE_039_M2_S5,CONTAINS_SUBTOPIC
MOD_COURSE_039_M3,SUB_COURSE_039_M3_S1,CONTAINS_SUBTOPIC
MOD_COURSE_039_M3,SUB_COURSE_039_M3_S2,CONTAINS_SUBTOPIC
MOD_COURSE_039_M3,SUB_COURSE_039_M3_S3,CONTAINS_SUBTOPIC
MOD_COURSE_039_M3,SUB_COURSE_039_M3_S4,CONTAINS_SUBTOPIC
MOD_COURSE_039_M3,SUB_COURSE_039_M3_S5,CONTAINS_SUBTOPIC
MOD_COURSE_039_M4,SUB_COURSE_039_M4_S1,CONTAINS_SUBTOPIC
MOD_COURSE_039_M4,SUB_COURSE_039_M4_S2,CONTAINS_SUBTOPIC
MOD_COURSE_039_M4,SUB_COURSE_039_M4_S3,CONTAINS_SUBTOPIC
MOD_COURSE_039_M4,SUB_COURSE_039_M4_S4,CONTAINS_SUBTOPIC
MOD_COURSE_039_M4,SUB_COURSE_039_M4_S5,CONTAINS_SUBTOPIC
MOD_COURSE_039_M5,SUB_COURSE_039_M5_S1,CONTAINS_SUBTOPIC
MOD_COURSE_039_M5,SUB_COURSE_039_M5_S2,CONTAINS_SUBTOPIC
MOD_COURSE_039_M5,SUB_COURSE_039_M5_S3,CONTAINS_SUBTOPIC
MOD_COURSE_039_M5,SUB_COURSE_039_M5_S4,CONTAINS_SUBTOPIC
MOD_COURSE_039_M5,SUB_COURSE_039_M5_S5,CONTAINS_SUBTOPIC
MOD_COURSE_039_M6,SUB_COURSE_039_M6_S1,CONTAINS_SUBTOPIC
MOD_COURSE_039_M6,SUB_COURSE_039_M6_S2,CONTAINS_SUBTOPIC
MOD_COURSE_039_M6,SUB_COURSE_039_M6_S3,CONTAINS_SUBTOPIC
MOD_COURSE_039_M6,SUB_COURSE_039_M6_S4,CONTAINS_SUBTOPIC
MOD_COURSE_039_M6,SUB_COURSE_039_M6_S5,CONTAINS_SUBTOPIC
MOD_COURSE_039_M7,SUB_COURSE_039_M7_S1,CONTAINS_SUBTOPIC
MOD_COURSE_039_M7,SUB_COURSE_039_M7_S2,CONTAINS_SUBTOPIC
MOD_COURSE_039_M7,SUB_COURSE_039_M7_S3,CONTAINS_SUBTOPIC
MOD_COURSE_039_M7,SUB_COURSE_039_M7_S4,CONTAINS_SUBTOPIC
MOD_COURSE_039_M7,SUB_COURSE_039_M7_S5,CONTAINS_SUBTOPIC
MOD_COURSE_039_M7,SUB_COURSE_039_M7_S6,CONTAINS_SUBTOPIC
MOD_COURSE_040_M1,SUB_COURSE_040_M1_S1,CONTAINS_SUBTOPIC
MOD_COURSE_040_M1,SUB_COURSE_040_M1_S2,CONTAINS_SUBTOPIC
MOD_COURSE_040_M1,SUB_COURSE_040_M1_S3,CONTAINS_SUBTOPIC
MOD_COURSE_040_M1,SUB_COURSE_040_M1_S4,CONTAINS_SUBTOPIC
MOD_COURSE_040_M1,SUB_COURSE_040_M1_S5,CONTAINS_SUBTOPIC
MOD_COURSE_040_M1,SUB_COURSE_040_M1_S6,CONTAINS_SUBTOPIC
MOD_COURSE_040_M2,SUB_COURSE_040_M2_S1,CONTAINS_SUBTOPIC
MOD_COURSE_040_M2,SUB_COURSE_040_M2_S2,CONTAINS_SUBTOPIC
MOD_COURSE_040_M2,SUB_COURSE_040_M2_S3,CONTAINS_SUBTOPIC
MOD_COURSE_040_M2,SUB_COURSE_040_M2_S4,CONTAINS_SUBTOPIC
MOD_COURSE_040_M2,SUB_COURSE_040_M2_S5,CONTAINS_SUBTOPIC
MOD_COURSE_040_M3,SUB_COURSE_040_M3_S1,CONTAINS_SUBTOPIC
MOD_COURSE_040_M3,SUB_COURSE_040_M3_S2,CONTAINS_SUBTOPIC
MOD_COURSE_040_M3,SUB_COURSE_040_M3_S3,CONTAINS_SUBTOPIC
MOD_COURSE_040_M3,SUB_COURSE_040_M3_S4,CONTAINS_SUBTOPIC
MOD_COURSE_040_M3,SUB_COURSE_040_M3_S5,CONTAINS_SUBTOPIC
MOD_COURSE_040_M4,SUB_COURSE_040_M4_S1,CONTAINS_SUBTOPIC
MOD_COURSE_040_M4,SUB_COURSE_040_M4_S2,CONTAINS_SUBTOPIC
MOD_COURSE_040_M4,SUB_COURSE_040_M4_S3,CONTAINS_SUBTOPIC
MOD_COURSE_040_M4,SUB_COURSE_040_M4_S4,CONTAINS_SUBTOPIC
MOD_COURSE_040_M4,SUB_COURSE_040_M4_S5,CONTAINS_SUBTOPIC
MOD_COURSE_040_M5,SUB_COURSE_040_M5_S1,CONTAINS_SUBTOPIC
MOD_COURSE_040_M5,SUB_COURSE_040_M5_S2,CONTAINS_SUBTOPIC
MOD_COURSE_040_M5,SUB_COURSE_040_M5_S3,CONTAINS_SUBTOPIC
MOD_COURSE_040_M5,SUB_COURSE_040_M5_S4,CONTAINS_SUBTOPIC
MOD_COURSE_040_M6,SUB_COURSE_040_M6_S1,CONTAINS_SUBTOPIC
MOD_COURSE_040_M6,SUB_COURSE_040_M6_S2,CONTAINS_SUBTOPIC
MOD_COURSE_040_M6,SUB_COURSE_040_M6_S3,CONTAINS_SUBTOPIC
MOD_COURSE_040_M6,SUB_COURSE_040_M6_S4,CONTAINS_SUBTOPIC
MOD_COURSE_040_M6,SUB_COURSE_040_M6_S5,CONTAINS_SUBTOPIC
MOD_COURSE_041_M1,SUB_COURSE_041_M1_S1,CONTAINS_SUBTOPIC
MOD_COURSE_041_M1,SUB_COURSE_041_M1_S2,CONTAINS_SUBTOPIC
MOD_COURSE_041_M1,SUB_COURSE_041_M1_S3,CONTAINS_SUBTOPIC
MOD_COURSE_041_M1,SUB_COURSE_041_M1_S4,CONTAINS_SUBTOPIC
MOD_COURSE_041_M1,SUB_COURSE_041_M1_S5,CONTAINS_SUBTOPIC
MOD_COURSE_041_M2,SUB_COURSE_041_M2_S1,CONTAINS_SUBTOPIC
MOD_COURSE_041_M2,SUB_COURSE_041_M2_S2,CONTAINS_SUBTOPIC
MOD_COURSE_041_M2,SUB_COURSE_041_M2_S3,CONTAINS_SUBTOPIC
MOD_COURSE_041_M2,SUB_COURSE_041_M2_S4,CONTAINS_SUBTOPIC
MOD_COURSE_041_M2,SUB_COURSE_041_M2_S5,CONTAINS_SUBTOPIC
MOD_COURSE_041_M3,SUB_COURSE_041_M3_S1,CONTAINS_SUBTOPIC
MOD_COURSE_041_M3,SUB_COURSE_041_M3_S2,CONTAINS_SUBTOPIC
MOD_COURSE_041_M3,SUB_COURSE_041_M3_S3,CONTAINS_SUBTOPIC
MOD_COURSE_041_M3,SUB_COURSE_041_M3_S4,CONTAINS_SUBTOPIC
MOD_COURSE_041_M4,SUB_COURSE_041_M4_S1,CONTAINS_SUBTOPIC
MOD_COURSE_041_M4,SUB_COURSE_041_M4_S2,CONTAINS_SUBTOPIC
MOD_COURSE_041_M4,SUB_COURSE_041_M4_S3,CONTAINS_SUBTOPIC
MOD_COURSE_041_M4,SUB_COURSE_041_M4_S4,CONTAINS_SUBTOPIC
MOD_COURSE_041_M5,SUB_COURSE_041_M5_S1,CONTAINS_SUBTOPIC
MOD_COURSE_041_M5,SUB_COURSE_041_M5_S2,CONTAINS_SUBTOPIC
MOD_COURSE_041_M5,SUB_COURSE_041_M5_S3,CONTAINS_SUBTOPIC
MOD_COURSE_041_M5,SUB_COURSE_041_M5_S4,CONTAINS_SUBTOPIC
MOD_COURSE_041_M6,SUB_COURSE_041_M6_S1,CONTAINS_SUBTOPIC
MOD_COURSE_041_M6,SUB_COURSE_041_M6_S2,CONTAINS_SUBTOPIC
MOD_COURSE_041_M6,SUB_COURSE_041_M6_S3,CONTAINS_SUBTOPIC
MOD_COURSE_041_M6,SUB_COURSE_041_M6_S4,CONTAINS_SUBTOPIC
MOD_COURSE_041_M6,SUB_COURSE_041_M6_S5,CONTAINS_SUBTOPIC
MOD_COURSE_041_M7,SUB_COURSE_041_M7_S1,CONTAINS_SUBTOPIC
MOD_COURSE_041_M7,SUB_COURSE_041_M7_S2,CONTAINS_SUBTOPIC
MOD_COURSE_041_M7,SUB_COURSE_041_M7_S3,CONTAINS_SUBTOPIC
MOD_COURSE_041_M7,SUB_COURSE_041_M7_S4,CONTAINS_SUBTOPIC
MOD_COURSE_041_M7,SUB_COURSE_041_M7_S5,CONTAINS_SUBTOPIC
MOD_COURSE_042_M1,SUB_COURSE_042_M1_S1,CONTAINS_SUBTOPIC
MOD_COURSE_042_M1,SUB_COURSE_042_M1_S2,CONTAINS_SUBTOPIC
MOD_COURSE_042_M1,SUB_COURSE_042_M1_S3,CONTAINS_SUBTOPIC
MOD_COURSE_042_M1,SUB_COURSE_042_M1_S4,CONTAINS_SUBTOPIC
MOD_COURSE_042_M2,SUB_COURSE_042_M2_S1,CONTAINS_SUBTOPIC
MOD_COURSE_042_M2,SUB_COURSE_042_M2_S2,CONTAINS_SUBTOPIC
MOD_COURSE_042_M2,SUB_COURSE_042_M2_S3,CONTAINS_SUBTOPIC
MOD_COURSE_042_M2,SUB_COURSE_042_M2_S4,CONTAINS_SUBTOPIC
MOD_COURSE_042_M3,SUB_COURSE_042_M3_S1,CONTAINS_SUBTOPIC
MOD_COURSE_042_M3,SUB_COURSE_042_M3_S2,CONTAINS_SUBTOPIC
MOD_COURSE_042_M3,SUB_COURSE_042_M3_S3,CONTAINS_SUBTOPIC
MOD_COURSE_042_M3,SUB_COURSE_042_M3_S4,CONTAINS_SUBTOPIC
MOD_COURSE_042_M3,SUB_COURSE_042_M3_S5,CONTAINS_SUBTOPIC
MOD_COURSE_042_M4,SUB_COURSE_042_M4_S1,CONTAINS_SUBTOPIC
MOD_COURSE_042_M4,SUB_COURSE_042_M4_S2,CONTAINS_SUBTOPIC
MOD_COURSE_042_M4,SUB_COURSE_042_M4_S3,CONTAINS_SUBTOPIC
MOD_COURSE_042_M4,SUB_COURSE_042_M4_S4,CONTAINS_SUBTOPIC
MOD_COURSE_042_M5,SUB_COURSE_042_M5_S1,CONTAINS_SUBTOPIC
MOD_COURSE_042_M5,SUB_COURSE_042_M5_S2,CONTAINS_SUBTOPIC
MOD_COURSE_042_M5,SUB_COURSE_042_M5_S3,CONTAINS_SUBTOPIC
MOD_COURSE_042_M5,SUB_COURSE_042_M5_S4,CONTAINS_SUBTOPIC
MOD_COURSE_042_M6,SUB_COURSE_042_M6_S1,CONTAINS_SUBTOPIC
MOD_COURSE_042_M6,SUB_COURSE_042_M6_S2,CONTAINS_SUBTOPIC
MOD_COURSE_042_M6,SUB_COURSE_042_M6_S3,CONTAINS_SUBTOPIC
MOD_COURSE_042_M6,SUB_COURSE_042_M6_S4,CONTAINS_SUBTOPIC
MOD_COURSE_042_M6,SUB_COURSE_042_M6_S5,CONTAINS_SUBTOPIC
MOD_COURSE_042_M7,SUB_COURSE_042_M7_S1,CONTAINS_SUBTOPIC
MOD_COURSE_042_M7,SUB_COURSE_042_M7_S2,CONTAINS_SUBTOPIC
MOD_COURSE_042_M7,SUB_COURSE_042_M7_S3,CONTAINS_SUBTOPIC
MOD_COURSE_042_M7,SUB_COURSE_042_M7_S4,CONTAINS_SUBTOPIC
MOD_COURSE_042_M7,SUB_COURSE_042_M7_S5,CONTAINS_SUBTOPIC
MOD_COURSE_043_M1,SUB_COURSE_043_M1_S1,CONTAINS_SUBTOPIC
MOD_COURSE_043_M1,SUB_COURSE_043_M1_S2,CONTAINS_SUBTOPIC
MOD_COURSE_043_M1,SUB_COURSE_043_M1_S3,CONTAINS_SUBTOPIC
MOD_COURSE_043_M1,SUB_COURSE_043_M1_S4,CONTAINS_SUBTOPIC
MOD_COURSE_043_M1,SUB_COURSE_043_M1_S5,CONTAINS_SUBTOPIC
MOD_COURSE_043_M2,SUB_COURSE_043_M2_S1,CONTAINS_SUBTOPIC
MOD_COURSE_043_M2,SUB_COURSE_043_M2_S2,CONTAINS_SUBTOPIC
MOD_COURSE_043_M2,SUB_COURSE_043_M2_S3,CONTAINS_SUBTOPIC
MOD_COURSE_043_M2,SUB_COURSE_043_M2_S4,CONTAINS_SUBTOPIC
MOD_COURSE_043_M2,SUB_COURSE_043_M2_S5,CONTAINS_SUBTOPIC
MOD_COURSE_043_M3,SUB_COURSE_043_M3_S1,CONTAINS_SUBTOPIC
MOD_COURSE_043_M3,SUB_COURSE_043_M3_S2,CONTAINS_SUBTOPIC
MOD_COURSE_043_M3,SUB_COURSE_043_M3_S3,CONTAINS_SUBTOPIC
MOD_COURSE_043_M3,SUB_COURSE_043_M3_S4,CONTAINS_SUBTOPIC
MOD_COURSE_043_M3,SUB_COURSE_043_M3_S5,CONTAINS_SUBTOPIC
MOD_COURSE_043_M4,SUB_COURSE_043_M4_S1,CONTAINS_SUBTOPIC
MOD_COURSE_043_M4,SUB_COURSE_043_M4_S2,CONTAINS_SUBTOPIC
MOD_COURSE_043_M4,SUB_COURSE_043_M4_S3,CONTAINS_SUBTOPIC
MOD_COURSE_043_M4,SUB_COURSE_043_M4_S4,CONTAINS_SUBTOPIC
MOD_COURSE_043_M4,SUB_COURSE_043_M4_S5,CONTAINS_SUBTOPIC
MOD_COURSE_043_M5,SUB_COURSE_043_M5_S1,CONTAINS_SUBTOPIC
MOD_COURSE_043_M5,SUB_COURSE_043_M5_S2,CONTAINS_SUBTOPIC
MOD_COURSE_043_M5,SUB_COURSE_043_M5_S3,CONTAINS_SUBTOPIC
MOD_COURSE_043_M5,SUB_COURSE_043_M5_S4,CONTAINS_SUBTOPIC
MOD_COURSE_043_M5,SUB_COURSE_043_M5_S5,CONTAINS_SUBTOPIC
MOD_COURSE_043_M6,SUB_COURSE_043_M6_S1,CONTAINS_SUBTOPIC
MOD_COURSE_043_M6,SUB_COURSE_043_M6_S2,CONTAINS_SUBTOPIC
MOD_COURSE_043_M6,SUB_COURSE_043_M6_S3,CONTAINS_SUBTOPIC
MOD_COURSE_043_M6,SUB_COURSE_043_M6_S4,CONTAINS_SUBTOPIC
MOD_COURSE_043_M7,SUB_COURSE_043_M7_S1,CONTAINS_SUBTOPIC
MOD_COURSE_043_M7,SUB_COURSE_043_M7_S2,CONTAINS_SUBTOPIC
MOD_COURSE_043_M7,SUB_COURSE_043_M7_S3,CONTAINS_SUBTOPIC
MOD_COURSE_043_M7,SUB_COURSE_043_M7_S4,CONTAINS_SUBTOPIC
MOD_COURSE_043_M7,SUB_COURSE_043_M7_S5,CONTAINS_SUBTOPIC
MOD_COURSE_044_M1,SUB_COURSE_044_M1_S1,CONTAINS_SUBTOPIC
MOD_COURSE_044_M1,SUB_COURSE_044_M1_S2,CONTAINS_SUBTOPIC
MOD_COURSE_044_M1,SUB_COURSE_044_M1_S3,CONTAINS_SUBTOPIC
MOD_COURSE_044_M1,SUB_COURSE_044_M1_S4,CONTAINS_SUBTOPIC
MOD_COURSE_044_M1,SUB_COURSE_044_M1_S5,CONTAINS_SUBTOPIC
MOD_COURSE_044_M1,SUB_COURSE_044_M1_S6,CONTAINS_SUBTOPIC
MOD_COURSE_044_M2,SUB_COURSE_044_M2_S1,CONTAINS_SUBTOPIC
MOD_COURSE_044_M2,SUB_COURSE_044_M2_S2,CONTAINS_SUBTOPIC
MOD_COURSE_044_M2,SUB_COURSE_044_M2_S3,CONTAINS_SUBTOPIC
MOD_COURSE_044_M2,SUB_COURSE_044_M2_S4,CONTAINS_SUBTOPIC
MOD_COURSE_044_M2,SUB_COURSE_044_M2_S5,CONTAINS_SUBTOPIC
MOD_COURSE_044_M3,SUB_COURSE_044_M3_S1,CONTAINS_SUBTOPIC
MOD_COURSE_044_M3,SUB_COURSE_044_M3_S2,CONTAINS_SUBTOPIC
MOD_COURSE_044_M3,SUB_COURSE_044_M3_S3,CONTAINS_SUBTOPIC
MOD_COURSE_044_M3,SUB_COURSE_044_M3_S4,CONTAINS_SUBTOPIC
MOD_COURSE_044_M4,SUB_COURSE_044_M4_S1,CONTAINS_SUBTOPIC
MOD_COURSE_044_M4,SUB_COURSE_044_M4_S2,CONTAINS_SUBTOPIC
MOD_COURSE_044_M4,SUB_COURSE_044_M4_S3,CONTAINS_SUBTOPIC
MOD_COURSE_044_M4,SUB_COURSE_044_M4_S4,CONTAINS_SUBTOPIC
MOD_COURSE_044_M4,SUB_COURSE_044_M4_S5,CONTAINS_SUBTOPIC
MOD_COURSE_044_M5,SUB_COURSE_044_M5_S1,CONTAINS_SUBTOPIC
MOD_COURSE_044_M5,SUB_COURSE_044_M5_S2,CONTAINS_SUBTOPIC
MOD_COURSE_044_M5,SUB_COURSE_044_M5_S3,CONTAINS_SUBTOPIC
MOD_COURSE_044_M5,SUB_COURSE_044_M5_S4,CONTAINS_SUBTOPIC
MOD_COURSE_044_M5,SUB_COURSE_044_M5_S5,CONTAINS_SUBTOPIC
MOD_COURSE_044_M6,SUB_COURSE_044_M6_S1,CONTAINS_SUBTOPIC
MOD_COURSE_044_M6,SUB_COURSE_044_M6_S2,CONTAINS_SUBTOPIC
MOD_COURSE_044_M6,SUB_COURSE_044_M6_S3,CONTAINS_SUBTOPIC
MOD_COURSE_044_M6,SUB_COURSE_044_M6_S4,CONTAINS_SUBTOPIC
MOD_COURSE_044_M6,SUB_COURSE_044_M6_S5,CONTAINS_SUBTOPIC
MOD_COURSE_044_M7,SUB_COURSE_044_M7_S1,CONTAINS_SUBTOPIC
MOD_COURSE_044_M7,SUB_COURSE_044_M7_S2,CONTAINS_SUBTOPIC
MOD_COURSE_044_M7,SUB_COURSE_044_M7_S3,CONTAINS_SUBTOPIC
MOD_COURSE_044_M7,SUB_COURSE_044_M7_S4,CONTAINS_SUBTOPIC
MOD_COURSE_044_M7,SUB_COURSE_044_M7_S5,CONTAINS_SUBTOPIC
MOD_COURSE_044_M7,SUB_COURSE_044_M7_S6,CONTAINS_SUBTOPIC
MOD_COURSE_045_M1,SUB_COURSE_045_M1_S1,CONTAINS_SUBTOPIC
MOD_COURSE_045_M1,SUB_COURSE_045_M1_S2,CONTAINS_SUBTOPIC
MOD_COURSE_045_M1,SUB_COURSE_045_M1_S3,CONTAINS_SUBTOPIC
MOD_COURSE_045_M1,SUB_COURSE_045_M1_S4,CONTAINS_SUBTOPIC
MOD_COURSE_045_M2,SUB_COURSE_045_M2_S1,CONTAINS_SUBTOPIC
MOD_COURSE_045_M2,SUB_COURSE_045_M2_S2,CONTAINS_SUBTOPIC
MOD_COURSE_045_M2,SUB_COURSE_045_M2_S3,CONTAINS_SUBTOPIC
MOD_COURSE_045_M2,SUB_COURSE_045_M2_S4,CONTAINS_SUBTOPIC
MOD_COURSE_045_M2,SUB_COURSE_045_M2_S5,CONTAINS_SUBTOPIC
MOD_COURSE_045_M3,SUB_COURSE_045_M3_S1,CONTAINS_SUBTOPIC
MOD_COURSE_045_M3,SUB_COURSE_045_M3_S2,CONTAINS_SUBTOPIC
MOD_COURSE_045_M3,SUB_COURSE_045_M3_S3,CONTAINS_SUBTOPIC
MOD_COURSE_045_M3,SUB_COURSE_045_M3_S4,CONTAINS_SUBTOPIC
MOD_COURSE_045_M3,SUB_COURSE_045_M3_S5,CONTAINS_SUBTOPIC
MOD_COURSE_045_M4,SUB_COURSE_045_M4_S1,CONTAINS_SUBTOPIC
MOD_COURSE_045_M4,SUB_COURSE_045_M4_S2,CONTAINS_SUBTOPIC
MOD_COURSE_045_M4,SUB_COURSE_045_M4_S3,CONTAINS_SUBTOPIC
MOD_COURSE_045_M4,SUB_COURSE_045_M4_S4,CONTAINS_SUBTOPIC
MOD_COURSE_045_M4,SUB_COURSE_045_M4_S5,CONTAINS_SUBTOPIC
MOD_COURSE_045_M5,SUB_COURSE_045_M5_S1,CONTAINS_SUBTOPIC
MOD_COURSE_045_M5,SUB_COURSE_045_M5_S2,CONTAINS_SUBTOPIC
MOD_COURSE_045_M5,SUB_COURSE_045_M5_S3,CONTAINS_SUBTOPIC
MOD_COURSE_045_M5,SUB_COURSE_045_M5_S4,CONTAINS_SUBTOPIC
MOD_COURSE_045_M5,SUB_COURSE_045_M5_S5,CONTAINS_SUBTOPIC
MOD_COURSE_045_M6,SUB_COURSE_045_M6_S1,CONTAINS_SUBTOPIC
MOD_COURSE_045_M6,SUB_COURSE_045_M6_S2,CONTAINS_SUBTOPIC
MOD_COURSE_045_M6,SUB_COURSE_045_M6_S3,CONTAINS_SUBTOPIC
MOD_COURSE_045_M6,SUB_COURSE_045_M6_S4,CONTAINS_SUBTOPIC
MOD_COURSE_045_M6,SUB_COURSE_045_M6_S5,CONTAINS_SUBTOPIC
MOD_COURSE_045_M7,SUB_COURSE_045_M7_S1,CONTAINS_SUBTOPIC
MOD_COURSE_045_M7,SUB_COURSE_045_M7_S2,CONTAINS_SUBTOPIC
MOD_COURSE_045_M7,SUB_COURSE_045_M7_S3,CONTAINS_SUBTOPIC
MOD_COURSE_045_M7,SUB_COURSE_045_M7_S4,CONTAINS_SUBTOPIC
MOD_COURSE_045_M7,SUB_COURSE_045_M7_S5,CONTAINS_SUBTOPIC
MOD_COURSE_046_M1,SUB_COURSE_046_M1_S1,CONTAINS_SUBTOPIC
MOD_COURSE_046_M1,SUB_COURSE_046_M1_S2,CONTAINS_SUBTOPIC
MOD_COURSE_046_M1,SUB_COURSE_046_M1_S3,CONTAINS_SUBTOPIC
MOD_COURSE_046_M1,SUB_COURSE_046_M1_S4,CONTAINS_SUBTOPIC
MOD_COURSE_046_M1,SUB_COURSE_046_M1_S5,CONTAINS_SUBTOPIC
MOD_COURSE_046_M1,SUB_COURSE_046_M1_S6,CONTAINS_SUBTOPIC
MOD_COURSE_046_M2,SUB_COURSE_046_M2_S1,CONTAINS_SUBTOPIC
MOD_COURSE_046_M2,SUB_COURSE_046_M2_S2,CONTAINS_SUBTOPIC
MOD_COURSE_046_M2,SUB_COURSE_046_M2_S3,CONTAINS_SUBTOPIC
MOD_COURSE_046_M2,SUB_COURSE_046_M2_S4,CONTAINS_SUBTOPIC
MOD_COURSE_046_M3,SUB_COURSE_046_M3_S1,CONTAINS_SUBTOPIC
MOD_COURSE_046_M3,SUB_COURSE_046_M3_S2,CONTAINS_SUBTOPIC
MOD_COURSE_046_M3,SUB_COURSE_046_M3_S3,CONTAINS_SUBTOPIC
MOD_COURSE_046_M3,SUB_COURSE_046_M3_S4,CONTAINS_SUBTOPIC
MOD_COURSE_046_M3,SUB_COURSE_046_M3_S5,CONTAINS_SUBTOPIC
MOD_COURSE_046_M4,SUB_COURSE_046_M4_S1,CONTAINS_SUBTOPIC
MOD_COURSE_046_M4,SUB_COURSE_046_M4_S2,CONTAINS_SUBTOPIC
MOD_COURSE_046_M4,SUB_COURSE_046_M4_S3,CONTAINS_SUBTOPIC
MOD_COURSE_046_M4,SUB_COURSE_046_M4_S4,CONTAINS_SUBTOPIC
MOD_COURSE_046_M5,SUB_COURSE_046_M5_S1,CONTAINS_SUBTOPIC
MOD_COURSE_046_M5,SUB_COURSE_046_M5_S2,CONTAINS_SUBTOPIC
MOD_COURSE_046_M5,SUB_COURSE_046_M5_S3,CONTAINS_SUBTOPIC
MOD_COURSE_046_M5,SUB_COURSE_046_M5_S4,CONTAINS_SUBTOPIC
MOD_COURSE_046_M5,SUB_COURSE_046_M5_S5,CONTAINS_SUBTOPIC
MOD_COURSE_046_M6,SUB_COURSE_046_M6_S1,CONTAINS_SUBTOPIC
MOD_COURSE_046_M6,SUB_COURSE_046_M6_S2,CONTAINS_SUBTOPIC
MOD_COURSE_046_M6,SUB_COURSE_046_M6_S3,CONTAINS_SUBTOPIC
MOD_COURSE_046_M6,SUB_COURSE_046_M6_S4,CONTAINS_SUBTOPIC
MOD_COURSE_046_M7,SUB_COURSE_046_M7_S1,CONTAINS_SUBTOPIC
MOD_COURSE_046_M7,SUB_COURSE_046_M7_S2,CONTAINS_SUBTOPIC
MOD_COURSE_046_M7,SUB_COURSE_046_M7_S3,CONTAINS_SUBTOPIC
MOD_COURSE_046_M7,SUB_COURSE_046_M7_S4,CONTAINS_SUBTOPIC
MOD_COURSE_046_M7,SUB_COURSE_046_M7_S5,CONTAINS_SUBTOPIC
MOD_COURSE_047_M1,SUB_COURSE_047_M1_S1,CONTAINS_SUBTOPIC
MOD_COURSE_047_M1,SUB_COURSE_047_M1_S2,CONTAINS_SUBTOPIC
MOD_COURSE_047_M1,SUB_COURSE_047_M1_S3,CONTAINS_SUBTOPIC
MOD_COURSE_047_M1,SUB_COURSE_047_M1_S4,CONTAINS_SUBTOPIC
MOD_COURSE_047_M1,SUB_COURSE_047_M1_S5,CONTAINS_SUBTOPIC
MOD_COURSE_047_M2,SUB_COURSE_047_M2_S1,CONTAINS_SUBTOPIC
MOD_COURSE_047_M2,SUB_COURSE_047_M2_S2,CONTAINS_SUBTOPIC
MOD_COURSE_047_M2,SUB_COURSE_047_M2_S3,CONTAINS_SUBTOPIC
MOD_COURSE_047_M2,SUB_COURSE_047_M2_S4,CONTAINS_SUBTOPIC
MOD_COURSE_047_M3,SUB_COURSE_047_M3_S1,CONTAINS_SUBTOPIC
MOD_COURSE_047_M3,SUB_COURSE_047_M3_S2,CONTAINS_SUBTOPIC
MOD_COURSE_047_M3,SUB_COURSE_047_M3_S3,CONTAINS_SUBTOPIC
MOD_COURSE_047_M3,SUB_COURSE_047_M3_S4,CONTAINS_SUBTOPIC
MOD_COURSE_047_M3,SUB_COURSE_047_M3_S5,CONTAINS_SUBTOPIC
MOD_COURSE_047_M4,SUB_COURSE_047_M4_S1,CONTAINS_SUBTOPIC
MOD_COURSE_047_M4,SUB_COURSE_047_M4_S2,CONTAINS_SUBTOPIC
MOD_COURSE_047_M4,SUB_COURSE_047_M4_S3,CONTAINS_SUBTOPIC
MOD_COURSE_047_M4,SUB_COURSE_047_M4_S4,CONTAINS_SUBTOPIC
MOD_COURSE_047_M5,SUB_COURSE_047_M5_S1,CONTAINS_SUBTOPIC
MOD_COURSE_047_M5,SUB_COURSE_047_M5_S2,CONTAINS_SUBTOPIC
MOD_COURSE_047_M5,SUB_COURSE_047_M5_S3,CONTAINS_SUBTOPIC
MOD_COURSE_047_M5,SUB_COURSE_047_M5_S4,CONTAINS_SUBTOPIC
MOD_COURSE_047_M6,SUB_COURSE_047_M6_S1,CONTAINS_SUBTOPIC
MOD_COURSE_047_M6,SUB_COURSE_047_M6_S2,CONTAINS_SUBTOPIC
MOD_COURSE_047_M6,SUB_COURSE_047_M6_S3,CONTAINS_SUBTOPIC
MOD_COURSE_047_M6,SUB_COURSE_047_M6_S4,CONTAINS_SUBTOPIC
MOD_COURSE_047_M6,SUB_COURSE_047_M6_S5,CONTAINS_SUBTOPIC
MOD_COURSE_047_M7,SUB_COURSE_047_M7_S1,CONTAINS_SUBTOPIC
MOD_COURSE_047_M7,SUB_COURSE_047_M7_S2,CONTAINS_SUBTOPIC
MOD_COURSE_047_M7,SUB_COURSE_047_M7_S3,CONTAINS_SUBTOPIC
MOD_COURSE_047_M7,SUB_COURSE_047_M7_S4,CONTAINS_SUBTOPIC
MOD_COURSE_047_M7,SUB_COURSE_047_M7_S5,CONTAINS_SUBTOPIC
MOD_COURSE_048_M1,SUB_COURSE_048_M1_S1,CONTAINS_SUBTOPIC
MOD_COURSE_048_M1,SUB_COURSE_048_M1_S2,CONTAINS_SUBTOPIC
MOD_COURSE_048_M1,SUB_COURSE_048_M1_S3,CONTAINS_SUBTOPIC
MOD_COURSE_048_M1,SUB_COURSE_048_M1_S4,CONTAINS_SUBTOPIC
MOD_COURSE_048_M1,SUB_COURSE_048_M1_S5,CONTAINS_SUBTOPIC
MOD_COURSE_048_M2,SUB_COURSE_048_M2_S1,CONTAINS_SUBTOPIC
MOD_COURSE_048_M2,SUB_COURSE_048_M2_S2,CONTAINS_SUBTOPIC
MOD_COURSE_048_M2,SUB_COURSE_048_M2_S3,CONTAINS_SUBTOPIC
MOD_COURSE_048_M2,SUB_COURSE_048_M2_S4,CONTAINS_SUBTOPIC
MOD_COURSE_048_M2,SUB_COURSE_048_M2_S5,CONTAINS_SUBTOPIC
MOD_COURSE_048_M3,SUB_COURSE_048_M3_S1,CONTAINS_SUBTOPIC
MOD_COURSE_048_M3,SUB_COURSE_048_M3_S2,CONTAINS_SUBTOPIC
MOD_COURSE_048_M3,SUB_COURSE_048_M3_S3,CONTAINS_SUBTOPIC
MOD_COURSE_048_M3,SUB_COURSE_048_M3_S4,CONTAINS_SUBTOPIC
MOD_COURSE_048_M3,SUB_COURSE_048_M3_S5,CONTAINS_SUBTOPIC
MOD_COURSE_048_M3,SUB_COURSE_048_M3_S6,CONTAINS_SUBTOPIC
MOD_COURSE_048_M4,SUB_COURSE_048_M4_S1,CONTAINS_SUBTOPIC
MOD_COURSE_048_M4,SUB_COURSE_048_M4_S2,CONTAINS_SUBTOPIC
MOD_COURSE_048_M4,SUB_COURSE_048_M4_S3,CONTAINS_SUBTOPIC
MOD_COURSE_048_M4,SUB_COURSE_048_M4_S4,CONTAINS_SUBTOPIC
MOD_COURSE_048_M4,SUB_COURSE_048_M4_S5,CONTAINS_SUBTOPIC
MOD_COURSE_048_M4,SUB_COURSE_048_M4_S6,CONTAINS_SUBTOPIC
MOD_COURSE_048_M5,SUB_COURSE_048_M5_S1,CONTAINS_SUBTOPIC
MOD_COURSE_048_M5,SUB_COURSE_048_M5_S2,CONTAINS_SUBTOPIC
MOD_COURSE_048_M5,SUB_COURSE_048_M5_S3,CONTAINS_SUBTOPIC
MOD_COURSE_048_M5,SUB_COURSE_048_M5_S4,CONTAINS_SUBTOPIC
MOD_COURSE_048_M6,SUB_COURSE_048_M6_S1,CONTAINS_SUBTOPIC
MOD_COURSE_048_M6,SUB_COURSE_048_M6_S2,CONTAINS_SUBTOPIC
MOD_COURSE_048_M6,SUB_COURSE_048_M6_S3,CONTAINS_SUBTOPIC
MOD_COURSE_048_M6,SUB_COURSE_048_M6_S4,CONTAINS_SUBTOPIC
MOD_COURSE_048_M6,SUB_COURSE_048_M6_S5,CONTAINS_SUBTOPIC
MOD_COURSE_048_M7,SUB_COURSE_048_M7_S1,CONTAINS_SUBTOPIC
MOD_COURSE_048_M7,SUB_COURSE_048_M7_S2,CONTAINS_SUBTOPIC
MOD_COURSE_048_M7,SUB_COURSE_048_M7_S3,CONTAINS_SUBTOPIC
MOD_COURSE_048_M7,SUB_COURSE_048_M7_S4,CONTAINS_SUBTOPIC
MOD_COURSE_048_M7,SUB_COURSE_048_M7_S5,CONTAINS_SUBTOPIC
MOD_COURSE_049_M1,SUB_COURSE_049_M1_S1,CONTAINS_SUBTOPIC
MOD_COURSE_049_M1,SUB_COURSE_049_M1_S2,CONTAINS_SUBTOPIC
MOD_COURSE_049_M1,SUB_COURSE_049_M1_S3,CONTAINS_SUBTOPIC
MOD_COURSE_049_M1,SUB_COURSE_049_M1_S4,CONTAINS_SUBTOPIC
MOD_COURSE_049_M2,SUB_COURSE_049_M2_S1,CONTAINS_SUBTOPIC
MOD_COURSE_049_M2,SUB_COURSE_049_M2_S2,CONTAINS_SUBTOPIC
MOD_COURSE_049_M2,SUB_COURSE_049_M2_S3,CONTAINS_SUBTOPIC
MOD_COURSE_049_M2,SUB_COURSE_049_M2_S4,CONTAINS_SUBTOPIC
MOD_COURSE_049_M2,SUB_COURSE_049_M2_S5,CONTAINS_SUBTOPIC
MOD_COURSE_049_M3,SUB_COURSE_049_M3_S1,CONTAINS_SUBTOPIC
MOD_COURSE_049_M3,SUB_COURSE_049_M3_S2,CONTAINS_SUBTOPIC
MOD_COURSE_049_M3,SUB_COURSE_049_M3_S3,CONTAINS_SUBTOPIC
MOD_COURSE_049_M3,SUB_COURSE_049_M3_S4,CONTAINS_SUBTOPIC
MOD_COURSE_049_M3,SUB_COURSE_049_M3_S5,CONTAINS_SUBTOPIC
MOD_COURSE_049_M4,SUB_COURSE_049_M4_S1,CONTAINS_SUBTOPIC
MOD_COURSE_049_M4,SUB_COURSE_049_M4_S2,CONTAINS_SUBTOPIC
MOD_COURSE_049_M4,SUB_COURSE_049_M4_S3,CONTAINS_SUBTOPIC
MOD_COURSE_049_M4,SUB_COURSE_049_M4_S4,CONTAINS_SUBTOPIC
MOD_COURSE_049_M5,SUB_COURSE_049_M5_S1,CONTAINS_SUBTOPIC
MOD_COURSE_049_M5,SUB_COURSE_049_M5_S2,CONTAINS_SUBTOPIC
MOD_COURSE_049_M5,SUB_COURSE_049_M5_S3,CONTAINS_SUBTOPIC
MOD_COURSE_049_M5,SUB_COURSE_049_M5_S4,CONTAINS_SUBTOPIC
MOD_COURSE_049_M6,SUB_COURSE_049_M6_S1,CONTAINS_SUBTOPIC
MOD_COURSE_049_M6,SUB_COURSE_049_M6_S2,CONTAINS_SUBTOPIC
MOD_COURSE_049_M6,SUB_COURSE_049_M6_S3,CONTAINS_SUBTOPIC
MOD_COURSE_049_M6,SUB_COURSE_049_M6_S4,CONTAINS_SUBTOPIC
MOD_COURSE_049_M7,SUB_COURSE_049_M7_S1,CONTAINS_SUBTOPIC
MOD_COURSE_049_M7,SUB_COURSE_049_M7_S2,CONTAINS_SUBTOPIC
MOD_COURSE_049_M7,SUB_COURSE_049_M7_S3,CONTAINS_SUBTOPIC
MOD_COURSE_049_M7,SUB_COURSE_049_M7_S4,CONTAINS_SUBTOPIC
MOD_COURSE_050_M1,SUB_COURSE_050_M1_S1,CONTAINS_SUBTOPIC
MOD_COURSE_050_M1,SUB_COURSE_050_M1_S2,CONTAINS_SUBTOPIC
MOD_COURSE_050_M1,SUB_COURSE_050_M1_S3,CONTAINS_SUBTOPIC
MOD_COURSE_050_M1,SUB_COURSE_050_M1_S4,CONTAINS_SUBTOPIC
MOD_COURSE_050_M1,SUB_COURSE_050_M1_S5,CONTAINS_SUBTOPIC
MOD_COURSE_050_M2,SUB_COURSE_050_M2_S1,CONTAINS_SUBTOPIC
MOD_COURSE_050_M2,SUB_COURSE_050_M2_S2,CONTAINS_SUBTOPIC
MOD_COURSE_050_M2,SUB_COURSE_050_M2_S3,CONTAINS_SUBTOPIC
MOD_COURSE_050_M2,SUB_COURSE_050_M2_S4,CONTAINS_SUBTOPIC
MOD_COURSE_050_M3,SUB_COURSE_050_M3_S1,CONTAINS_SUBTOPIC
MOD_COURSE_050_M3,SUB_COURSE_050_M3_S2,CONTAINS_SUBTOPIC
MOD_COURSE_050_M3,SUB_COURSE_050_M3_S3,CONTAINS_SUBTOPIC
MOD_COURSE_050_M3,SUB_COURSE_050_M3_S4,CONTAINS_SUBTOPIC
MOD_COURSE_050_M4,SUB_COURSE_050_M4_S1,CONTAINS_SUBTOPIC
MOD_COURSE_050_M4,SUB_COURSE_050_M4_S2,CONTAINS_SUBTOPIC
MOD_COURSE_050_M4,SUB_COURSE_050_M4_S3,CONTAINS_SUBTOPIC
MOD_COURSE_050_M4,SUB_COURSE_050_M4_S4,CONTAINS_SUBTOPIC
MOD_COURSE_050_M4,SUB_COURSE_050_M4_S5,CONTAINS_SUBTOPIC
MOD_COURSE_050_M5,SUB_COURSE_050_M5_S1,CONTAINS_SUBTOPIC
MOD_COURSE_050_M5,SUB_COURSE_050_M5_S2,CONTAINS_SUBTOPIC
MOD_COURSE_050_M5,SUB_COURSE_050_M5_S3,CONTAINS_SUBTOPIC
MOD_COURSE_050_M5,SUB_COURSE_050_M5_S4,CONTAINS_SUBTOPIC
MOD_COURSE_050_M5,SUB_COURSE_050_M5_S5,CONTAINS_SUBTOPIC
MOD_COURSE_050_M6,SUB_COURSE_050_M6_S1,CONTAINS_SUBTOPIC
MOD_COURSE_050_M6,SUB_COURSE_050_M6_S2,CONTAINS_SUBTOPIC
MOD_COURSE_050_M6,SUB_COURSE_050_M6_S3,CONTAINS_SUBTOPIC
MOD_COURSE_050_M6,SUB_COURSE_050_M6_S4,CONTAINS_SUBTOPIC
MOD_COURSE_050_M6,SUB_COURSE_050_M6_S5,CONTAINS_SUBTOPIC
MOD_COURSE_050_M7,SUB_COURSE_050_M7_S1,CONTAINS_SUBTOPIC
MOD_COURSE_050_M7,SUB_COURSE_050_M7_S2,CONTAINS_SUBTOPIC
MOD_COURSE_050_M7,SUB_COURSE_050_M7_S3,CONTAINS_SUBTOPIC
MOD_COURSE_050_M7,SUB_COURSE_050_M7_S4,CONTAINS_SUBTOPIC
MOD_COURSE_050_M7,SUB_COURSE_050_M7_S5,CONTAINS_SUBTOPIC
MOD_COURSE_051_M1,SUB_COURSE_051_M1_S1,CONTAINS_SUBTOPIC
MOD_COURSE_051_M1,SUB_COURSE_051_M1_S2,CONTAINS_SUBTOPIC
MOD_COURSE_051_M1,SUB_COURSE_051_M1_S3,CONTAINS_SUBTOPIC
MOD_COURSE_051_M1,SUB_COURSE_051_M1_S4,CONTAINS_SUBTOPIC
MOD_COURSE_051_M2,SUB_COURSE_051_M2_S1,CONTAINS_SUBTOPIC
MOD_COURSE_051_M2,SUB_COURSE_051_M2_S2,CONTAINS_SUBTOPIC
MOD_COURSE_051_M2,SUB_COURSE_051_M2_S3,CONTAINS_SUBTOPIC
MOD_COURSE_051_M2,SUB_COURSE_051_M2_S4,CONTAINS_SUBTOPIC
MOD_COURSE_051_M3,SUB_COURSE_051_M3_S1,CONTAINS_SUBTOPIC
MOD_COURSE_051_M3,SUB_COURSE_051_M3_S2,CONTAINS_SUBTOPIC
MOD_COURSE_051_M3,SUB_COURSE_051_M3_S3,CONTAINS_SUBTOPIC
MOD_COURSE_051_M3,SUB_COURSE_051_M3_S4,CONTAINS_SUBTOPIC
MOD_COURSE_051_M4,SUB_COURSE_051_M4_S1,CONTAINS_SUBTOPIC
MOD_COURSE_051_M4,SUB_COURSE_051_M4_S2,CONTAINS_SUBTOPIC
MOD_COURSE_051_M4,SUB_COURSE_051_M4_S3,CONTAINS_SUBTOPIC
MOD_COURSE_051_M4,SUB_COURSE_051_M4_S4,CONTAINS_SUBTOPIC
MOD_COURSE_051_M4,SUB_COURSE_051_M4_S5,CONTAINS_SUBTOPIC
MOD_COURSE_051_M5,SUB_COURSE_051_M5_S1,CONTAINS_SUBTOPIC
MOD_COURSE_051_M5,SUB_COURSE_051_M5_S2,CONTAINS_SUBTOPIC
MOD_COURSE_051_M5,SUB_COURSE_051_M5_S3,CONTAINS_SUBTOPIC
MOD_COURSE_051_M5,SUB_COURSE_051_M5_S4,CONTAINS_SUBTOPIC
MOD_COURSE_051_M6,SUB_COURSE_051_M6_S1,CONTAINS_SUBTOPIC
MOD_COURSE_051_M6,SUB_COURSE_051_M6_S2,CONTAINS_SUBTOPIC
MOD_COURSE_051_M6,SUB_COURSE_051_M6_S3,CONTAINS_SUBTOPIC
MOD_COURSE_051_M6,SUB_COURSE_051_M6_S4,CONTAINS_SUBTOPIC
MOD_COURSE_051_M6,SUB_COURSE_051_M6_S5,CONTAINS_SUBTOPIC
MOD_COURSE_051_M7,SUB_COURSE_051_M7_S1,CONTAINS_SUBTOPIC
MOD_COURSE_051_M7,SUB_COURSE_051_M7_S2,CONTAINS_SUBTOPIC
MOD_COURSE_051_M7,SUB_COURSE_051_M7_S3,CONTAINS_SUBTOPIC
MOD_COURSE_051_M7,SUB_COURSE_051_M7_S4,CONTAINS_SUBTOPIC
MOD_COURSE_052_M1,SUB_COURSE_052_M1_S1,CONTAINS_SUBTOPIC
MOD_COURSE_052_M1,SUB_COURSE_052_M1_S2,CONTAINS_SUBTOPIC
MOD_COURSE_052_M1,SUB_COURSE_052_M1_S3,CONTAINS_SUBTOPIC
MOD_COURSE_052_M1,SUB_COURSE_052_M1_S4,CONTAINS_SUBTOPIC
MOD_COURSE_052_M2,SUB_COURSE_052_M2_S1,CONTAINS_SUBTOPIC
MOD_COURSE_052_M2,SUB_COURSE_052_M2_S2,CONTAINS_SUBTOPIC
MOD_COURSE_052_M2,SUB_COURSE_052_M2_S3,CONTAINS_SUBTOPIC
MOD_COURSE_052_M2,SUB_COURSE_052_M2_S4,CONTAINS_SUBTOPIC
MOD_COURSE_052_M3,SUB_COURSE_052_M3_S1,CONTAINS_SUBTOPIC
MOD_COURSE_052_M3,SUB_COURSE_052_M3_S2,CONTAINS_SUBTOPIC
MOD_COURSE_052_M3,SUB_COURSE_052_M3_S3,CONTAINS_SUBTOPIC
MOD_COURSE_052_M3,SUB_COURSE_052_M3_S4,CONTAINS_SUBTOPIC
MOD_COURSE_052_M4,SUB_COURSE_052_M4_S1,CONTAINS_SUBTOPIC
MOD_COURSE_052_M4,SUB_COURSE_052_M4_S2,CONTAINS_SUBTOPIC
MOD_COURSE_052_M4,SUB_COURSE_052_M4_S3,CONTAINS_SUBTOPIC
MOD_COURSE_052_M4,SUB_COURSE_052_M4_S4,CONTAINS_SUBTOPIC
MOD_COURSE_052_M5,SUB_COURSE_052_M5_S1,CONTAINS_SUBTOPIC
MOD_COURSE_052_M5,SUB_COURSE_052_M5_S2,CONTAINS_SUBTOPIC
MOD_COURSE_052_M5,SUB_COURSE_052_M5_S3,CONTAINS_SUBTOPIC
MOD_COURSE_052_M5,SUB_COURSE_052_M5_S4,CONTAINS_SUBTOPIC
MOD_COURSE_052_M6,SUB_COURSE_052_M6_S1,CONTAINS_SUBTOPIC
MOD_COURSE_052_M6,SUB_COURSE_052_M6_S2,CONTAINS_SUBTOPIC
MOD_COURSE_052_M6,SUB_COURSE_052_M6_S3,CONTAINS_SUBTOPIC
MOD_COURSE_052_M6,SUB_COURSE_052_M6_S4,CONTAINS_SUBTOPIC
MOD_COURSE_052_M7,SUB_COURSE_052_M7_S1,CONTAINS_SUBTOPIC
MOD_COURSE_052_M7,SUB_COURSE_052_M7_S2,CONTAINS_SUBTOPIC
MOD_COURSE_052_M7,SUB_COURSE_052_M7_S3,CONTAINS_SUBTOPIC
MOD_COURSE_052_M7,SUB_COURSE_052_M7_S4,CONTAINS_SUBTOPIC
MOD_COURSE_053_M1,SUB_COURSE_053_M1_S1,CONTAINS_SUBTOPIC
MOD_COURSE_053_M1,SUB_COURSE_053_M1_S2,CONTAINS_SUBTOPIC
MOD_COURSE_053_M1,SUB_COURSE_053_M1_S3,CONTAINS_SUBTOPIC
MOD_COURSE_053_M1,SUB_COURSE_053_M1_S4,CONTAINS_SUBTOPIC
MOD_COURSE_053_M1,SUB_COURSE_053_M1_S5,CONTAINS_SUBTOPIC
MOD_COURSE_053_M1,SUB_COURSE_053_M1_S6,CONTAINS_SUBTOPIC
MOD_COURSE_053_M2,SUB_COURSE_053_M2_S1,CONTAINS_SUBTOPIC
MOD_COURSE_053_M2,SUB_COURSE_053_M2_S2,CONTAINS_SUBTOPIC
MOD_COURSE_053_M2,SUB_COURSE_053_M2_S3,CONTAINS_SUBTOPIC
MOD_COURSE_053_M2,SUB_COURSE_053_M2_S4,CONTAINS_SUBTOPIC
MOD_COURSE_053_M2,SUB_COURSE_053_M2_S5,CONTAINS_SUBTOPIC
MOD_COURSE_053_M3,SUB_COURSE_053_M3_S1,CONTAINS_SUBTOPIC
MOD_COURSE_053_M3,SUB_COURSE_053_M3_S2,CONTAINS_SUBTOPIC
MOD_COURSE_053_M3,SUB_COURSE_053_M3_S3,CONTAINS_SUBTOPIC
MOD_COURSE_053_M3,SUB_COURSE_053_M3_S4,CONTAINS_SUBTOPIC
MOD_COURSE_053_M3,SUB_COURSE_053_M3_S5,CONTAINS_SUBTOPIC
MOD_COURSE_053_M4,SUB_COURSE_053_M4_S1,CONTAINS_SUBTOPIC
MOD_COURSE_053_M4,SUB_COURSE_053_M4_S2,CONTAINS_SUBTOPIC
MOD_COURSE_053_M4,SUB_COURSE_053_M4_S3,CONTAINS_SUBTOPIC
MOD_COURSE_053_M4,SUB_COURSE_053_M4_S4,CONTAINS_SUBTOPIC
MOD_COURSE_053_M4,SUB_COURSE_053_M4_S5,CONTAINS_SUBTOPIC
MOD_COURSE_053_M5,SUB_COURSE_053_M5_S1,CONTAINS_SUBTOPIC
MOD_COURSE_053_M5,SUB_COURSE_053_M5_S2,CONTAINS_SUBTOPIC
MOD_COURSE_053_M5,SUB_COURSE_053_M5_S3,CONTAINS_SUBTOPIC
MOD_COURSE_053_M5,SUB_COURSE_053_M5_S4,CONTAINS_SUBTOPIC
MOD_COURSE_053_M5,SUB_COURSE_053_M5_S5,CONTAINS_SUBTOPIC
MOD_COURSE_053_M6,SUB_COURSE_053_M6_S1,CONTAINS_SUBTOPIC
MOD_COURSE_053_M6,SUB_COURSE_053_M6_S2,CONTAINS_SUBTOPIC
MOD_COURSE_053_M6,SUB_COURSE_053_M6_S3,CONTAINS_SUBTOPIC
MOD_COURSE_053_M6,SUB_COURSE_053_M6_S4,CONTAINS_SUBTOPIC
MOD_COURSE_053_M6,SUB_COURSE_053_M6_S5,CONTAINS_SUBTOPIC
MOD_COURSE_053_M7,SUB_COURSE_053_M7_S1,CONTAINS_SUBTOPIC
MOD_COURSE_053_M7,SUB_COURSE_053_M7_S2,CONTAINS_SUBTOPIC
MOD_COURSE_053_M7,SUB_COURSE_053_M7_S3,CONTAINS_SUBTOPIC
MOD_COURSE_053_M7,SUB_COURSE_053_M7_S4,CONTAINS_SUBTOPIC
MOD_COURSE_053_M7,SUB_COURSE_053_M7_S5,CONTAINS_SUBTOPIC
MOD_COURSE_054_M1,SUB_COURSE_054_M1_S1,CONTAINS_SUBTOPIC
MOD_COURSE_054_M1,SUB_COURSE_054_M1_S2,CONTAINS_SUBTOPIC
MOD_COURSE_054_M1,SUB_COURSE_054_M1_S3,CONTAINS_SUBTOPIC
MOD_COURSE_054_M1,SUB_COURSE_054_M1_S4,CONTAINS_SUBTOPIC
MOD_COURSE_054_M2,SUB_COURSE_054_M2_S1,CONTAINS_SUBTOPIC
MOD_COURSE_054_M2,SUB_COURSE_054_M2_S2,CONTAINS_SUBTOPIC
MOD_COURSE_054_M2,SUB_COURSE_054_M2_S3,CONTAINS_SUBTOPIC
MOD_COURSE_054_M2,SUB_COURSE_054_M2_S4,CONTAINS_SUBTOPIC
MOD_COURSE_054_M2,SUB_COURSE_054_M2_S5,CONTAINS_SUBTOPIC
MOD_COURSE_054_M3,SUB_COURSE_054_M3_S1,CONTAINS_SUBTOPIC
MOD_COURSE_054_M3,SUB_COURSE_054_M3_S2,CONTAINS_SUBTOPIC
MOD_COURSE_054_M3,SUB_COURSE_054_M3_S3,CONTAINS_SUBTOPIC
MOD_COURSE_054_M3,SUB_COURSE_054_M3_S4,CONTAINS_SUBTOPIC
MOD_COURSE_054_M4,SUB_COURSE_054_M4_S1,CONTAINS_SUBTOPIC
MOD_COURSE_054_M4,SUB_COURSE_054_M4_S2,CONTAINS_SUBTOPIC
MOD_COURSE_054_M4,SUB_COURSE_054_M4_S3,CONTAINS_SUBTOPIC
MOD_COURSE_054_M4,SUB_COURSE_054_M4_S4,CONTAINS_SUBTOPIC
MOD_COURSE_054_M5,SUB_COURSE_054_M5_S1,CONTAINS_SUBTOPIC
MOD_COURSE_054_M5,SUB_COURSE_054_M5_S2,CONTAINS_SUBTOPIC
MOD_COURSE_054_M5,SUB_COURSE_054_M5_S3,CONTAINS_SUBTOPIC
MOD_COURSE_054_M5,SUB_COURSE_054_M5_S4,CONTAINS_SUBTOPIC
MOD_COURSE_054_M6,SUB_COURSE_054_M6_S1,CONTAINS_SUBTOPIC
MOD_COURSE_054_M6,SUB_COURSE_054_M6_S2,CONTAINS_SUBTOPIC
MOD_COURSE_054_M6,SUB_COURSE_054_M6_S3,CONTAINS_SUBTOPIC
MOD_COURSE_054_M6,SUB_COURSE_054_M6_S4,CONTAINS_SUBTOPIC
MOD_COURSE_054_M7,SUB_COURSE_054_M7_S1,CONTAINS_SUBTOPIC
MOD_COURSE_054_M7,SUB_COURSE_054_M7_S2,CONTAINS_SUBTOPIC
MOD_COURSE_054_M7,SUB_COURSE_054_M7_S3,CONTAINS_SUBTOPIC
MOD_COURSE_054_M7,SUB_COURSE_054_M7_S4,CONTAINS_SUBTOPIC
MOD_COURSE_054_M7,SUB_COURSE_054_M7_S5,CONTAINS_SUBTOPIC
MOD_COURSE_055_M1,SUB_COURSE_055_M1_S1,CONTAINS_SUBTOPIC
MOD_COURSE_055_M1,SUB_COURSE_055_M1_S2,CONTAINS_SUBTOPIC
MOD_COURSE_055_M1,SUB_COURSE_055_M1_S3,CONTAINS_SUBTOPIC
MOD_COURSE_055_M1,SUB_COURSE_055_M1_S4,CONTAINS_SUBTOPIC
MOD_COURSE_055_M2,SUB_COURSE_055_M2_S1,CONTAINS_SUBTOPIC
MOD_COURSE_055_M2,SUB_COURSE_055_M2_S2,CONTAINS_SUBTOPIC
MOD_COURSE_055_M2,SUB_COURSE_055_M2_S3,CONTAINS_SUBTOPIC
MOD_COURSE_055_M2,SUB_COURSE_055_M2_S4,CONTAINS_SUBTOPIC
MOD_COURSE_055_M3,SUB_COURSE_055_M3_S1,CONTAINS_SUBTOPIC
MOD_COURSE_055_M3,SUB_COURSE_055_M3_S2,CONTAINS_SUBTOPIC
MOD_COURSE_055_M3,SUB_COURSE_055_M3_S3,CONTAINS_SUBTOPIC
MOD_COURSE_055_M3,SUB_COURSE_055_M3_S4,CONTAINS_SUBTOPIC
MOD_COURSE_055_M4,SUB_COURSE_055_M4_S1,CONTAINS_SUBTOPIC
MOD_COURSE_055_M4,SUB_COURSE_055_M4_S2,CONTAINS_SUBTOPIC
MOD_COURSE_055_M4,SUB_COURSE_055_M4_S3,CONTAINS_SUBTOPIC
MOD_COURSE_055_M4,SUB_COURSE_055_M4_S4,CONTAINS_SUBTOPIC
MOD_COURSE_055_M5,SUB_COURSE_055_M5_S1,CONTAINS_SUBTOPIC
MOD_COURSE_055_M5,SUB_COURSE_055_M5_S2,CONTAINS_SUBTOPIC
MOD_COURSE_055_M5,SUB_COURSE_055_M5_S3,CONTAINS_SUBTOPIC
MOD_COURSE_055_M5,SUB_COURSE_055_M5_S4,CONTAINS_SUBTOPIC
MOD_COURSE_055_M6,SUB_COURSE_055_M6_S1,CONTAINS_SUBTOPIC
MOD_COURSE_055_M6,SUB_COURSE_055_M6_S2,CONTAINS_SUBTOPIC
MOD_COURSE_055_M6,SUB_COURSE_055_M6_S3,CONTAINS_SUBTOPIC
MOD_COURSE_055_M6,SUB_COURSE_055_M6_S4,CONTAINS_SUBTOPIC
MOD_COURSE_055_M7,SUB_COURSE_055_M7_S1,CONTAINS_SUBTOPIC
MOD_COURSE_055_M7,SUB_COURSE_055_M7_S2,CONTAINS_SUBTOPIC
MOD_COURSE_055_M7,SUB_COURSE_055_M7_S3,CONTAINS_SUBTOPIC
MOD_COURSE_055_M7,SUB_COURSE_055_M7_S4,CONTAINS_SUBTOPIC
MOD_COURSE_056_M1,SUB_COURSE_056_M1_S1,CONTAINS_SUBTOPIC
MOD_COURSE_056_M1,SUB_COURSE_056_M1_S2,CONTAINS_SUBTOPIC
MOD_COURSE_056_M1,SUB_COURSE_056_M1_S3,CONTAINS_SUBTOPIC
MOD_COURSE_056_M1,SUB_COURSE_056_M1_S4,CONTAINS_SUBTOPIC
MOD_COURSE_056_M2,SUB_COURSE_056_M2_S1,CONTAINS_SUBTOPIC
MOD_COURSE_056_M2,SUB_COURSE_056_M2_S2,CONTAINS_SUBTOPIC
MOD_COURSE_056_M2,SUB_COURSE_056_M2_S3,CONTAINS_SUBTOPIC
MOD_COURSE_056_M2,SUB_COURSE_056_M2_S4,CONTAINS_SUBTOPIC
MOD_COURSE_056_M2,SUB_COURSE_056_M2_S5,CONTAINS_SUBTOPIC
MOD_COURSE_056_M2,SUB_COURSE_056_M2_S6,CONTAINS_SUBTOPIC
MOD_COURSE_056_M3,SUB_COURSE_056_M3_S1,CONTAINS_SUBTOPIC
MOD_COURSE_056_M3,SUB_COURSE_056_M3_S2,CONTAINS_SUBTOPIC
MOD_COURSE_056_M3,SUB_COURSE_056_M3_S3,CONTAINS_SUBTOPIC
MOD_COURSE_056_M3,SUB_COURSE_056_M3_S4,CONTAINS_SUBTOPIC
MOD_COURSE_056_M3,SUB_COURSE_056_M3_S5,CONTAINS_SUBTOPIC
MOD_COURSE_056_M3,SUB_COURSE_056_M3_S6,CONTAINS_SUBTOPIC
MOD_COURSE_056_M4,SUB_COURSE_056_M4_S1,CONTAINS_SUBTOPIC
MOD_COURSE_056_M4,SUB_COURSE_056_M4_S2,CONTAINS_SUBTOPIC
MOD_COURSE_056_M4,SUB_COURSE_056_M4_S3,CONTAINS_SUBTOPIC
MOD_COURSE_056_M4,SUB_COURSE_056_M4_S4,CONTAINS_SUBTOPIC
MOD_COURSE_056_M4,SUB_COURSE_056_M4_S5,CONTAINS_SUBTOPIC
MOD_COURSE_056_M4,SUB_COURSE_056_M4_S6,CONTAINS_SUBTOPIC
MOD_COURSE_056_M5,SUB_COURSE_056_M5_S1,CONTAINS_SUBTOPIC
MOD_COURSE_056_M5,SUB_COURSE_056_M5_S2,CONTAINS_SUBTOPIC
MOD_COURSE_056_M5,SUB_COURSE_056_M5_S3,CONTAINS_SUBTOPIC
MOD_COURSE_056_M5,SUB_COURSE_056_M5_S4,CONTAINS_SUBTOPIC
MOD_COURSE_056_M6,SUB_COURSE_056_M6_S1,CONTAINS_SUBTOPIC
MOD_COURSE_056_M6,SUB_COURSE_056_M6_S2,CONTAINS_SUBTOPIC
MOD_COURSE_056_M6,SUB_COURSE_056_M6_S3,CONTAINS_SUBTOPIC
MOD_COURSE_056_M6,SUB_COURSE_056_M6_S4,CONTAINS_SUBTOPIC
MOD_COURSE_056_M6,SUB_COURSE_056_M6_S5,CONTAINS_SUBTOPIC
MOD_COURSE_056_M7,SUB_COURSE_056_M7_S1,CONTAINS_SUBTOPIC
MOD_COURSE_056_M7,SUB_COURSE_056_M7_S2,CONTAINS_SUBTOPIC
MOD_COURSE_056_M7,SUB_COURSE_056_M7_S3,CONTAINS_SUBTOPIC
MOD_COURSE_056_M7,SUB_COURSE_056_M7_S4,CONTAINS_SUBTOPIC
MOD_COURSE_057_M1,SUB_COURSE_057_M1_S1,CONTAINS_SUBTOPIC
MOD_COURSE_057_M1,SUB_COURSE_057_M1_S2,CONTAINS_SUBTOPIC
MOD_COURSE_057_M1,SUB_COURSE_057_M1_S3,CONTAINS_SUBTOPIC
MOD_COURSE_057_M1,SUB_COURSE_057_M1_S4,CONTAINS_SUBTOPIC
MOD_COURSE_057_M1,SUB_COURSE_057_M1_S5,CONTAINS_SUBTOPIC
MOD_COURSE_057_M2,SUB_COURSE_057_M2_S1,CONTAINS_SUBTOPIC
MOD_COURSE_057_M2,SUB_COURSE_057_M2_S2,CONTAINS_SUBTOPIC
MOD_COURSE_057_M2,SUB_COURSE_057_M2_S3,CONTAINS_SUBTOPIC
MOD_COURSE_057_M2,SUB_COURSE_057_M2_S4,CONTAINS_SUBTOPIC
MOD_COURSE_057_M3,SUB_COURSE_057_M3_S1,CONTAINS_SUBTOPIC
MOD_COURSE_057_M3,SUB_COURSE_057_M3_S2,CONTAINS_SUBTOPIC
MOD_COURSE_057_M3,SUB_COURSE_057_M3_S3,CONTAINS_SUBTOPIC
MOD_COURSE_057_M3,SUB_COURSE_057_M3_S4,CONTAINS_SUBTOPIC
MOD_COURSE_057_M3,SUB_COURSE_057_M3_S5,CONTAINS_SUBTOPIC
MOD_COURSE_057_M4,SUB_COURSE_057_M4_S1,CONTAINS_SUBTOPIC
MOD_COURSE_057_M4,SUB_COURSE_057_M4_S2,CONTAINS_SUBTOPIC
MOD_COURSE_057_M4,SUB_COURSE_057_M4_S3,CONTAINS_SUBTOPIC
MOD_COURSE_057_M4,SUB_COURSE_057_M4_S4,CONTAINS_SUBTOPIC
MOD_COURSE_057_M4,SUB_COURSE_057_M4_S5,CONTAINS_SUBTOPIC
MOD_COURSE_057_M5,SUB_COURSE_057_M5_S1,CONTAINS_SUBTOPIC
MOD_COURSE_057_M5,SUB_COURSE_057_M5_S2,CONTAINS_SUBTOPIC
MOD_COURSE_057_M5,SUB_COURSE_057_M5_S3,CONTAINS_SUBTOPIC
MOD_COURSE_057_M5,SUB_COURSE_057_M5_S4,CONTAINS_SUBTOPIC
MOD_COURSE_057_M5,SUB_COURSE_057_M5_S5,CONTAINS_SUBTOPIC
MOD_COURSE_057_M6,SUB_COURSE_057_M6_S1,CONTAINS_SUBTOPIC
MOD_COURSE_057_M6,SUB_COURSE_057_M6_S2,CONTAINS_SUBTOPIC
MOD_COURSE_057_M6,SUB_COURSE_057_M6_S3,CONTAINS_SUBTOPIC
MOD_COURSE_057_M6,SUB_COURSE_057_M6_S4,CONTAINS_SUBTOPIC
MOD_COURSE_057_M7,SUB_COURSE_057_M7_S1,CONTAINS_SUBTOPIC
MOD_COURSE_057_M7,SUB_COURSE_057_M7_S2,CONTAINS_SUBTOPIC
MOD_COURSE_057_M7,SUB_COURSE_057_M7_S3,CONTAINS_SUBTOPIC
MOD_COURSE_057_M7,SUB_COURSE_057_M7_S4,CONTAINS_SUBTOPIC
MOD_COURSE_057_M7,SUB_COURSE_057_M7_S5,CONTAINS_SUBTOPIC
MOD_COURSE_058_M1,SUB_COURSE_058_M1_S1,CONTAINS_SUBTOPIC
MOD_COURSE_058_M1,SUB_COURSE_058_M1_S2,CONTAINS_SUBTOPIC
MOD_COURSE_058_M1,SUB_COURSE_058_M1_S3,CONTAINS_SUBTOPIC
MOD_COURSE_058_M1,SUB_COURSE_058_M1_S4,CONTAINS_SUBTOPIC
MOD_COURSE_058_M2,SUB_COURSE_058_M2_S1,CONTAINS_SUBTOPIC
MOD_COURSE_058_M2,SUB_COURSE_058_M2_S2,CONTAINS_SUBTOPIC
MOD_COURSE_058_M2,SUB_COURSE_058_M2_S3,CONTAINS_SUBTOPIC
MOD_COURSE_058_M2,SUB_COURSE_058_M2_S4,CONTAINS_SUBTOPIC
MOD_COURSE_058_M3,SUB_COURSE_058_M3_S1,CONTAINS_SUBTOPIC
MOD_COURSE_058_M3,SUB_COURSE_058_M3_S2,CONTAINS_SUBTOPIC
MOD_COURSE_058_M3,SUB_COURSE_058_M3_S3,CONTAINS_SUBTOPIC
MOD_COURSE_058_M3,SUB_COURSE_058_M3_S4,CONTAINS_SUBTOPIC
MOD_COURSE_058_M4,SUB_COURSE_058_M4_S1,CONTAINS_SUBTOPIC
MOD_COURSE_058_M4,SUB_COURSE_058_M4_S2,CONTAINS_SUBTOPIC
MOD_COURSE_058_M4,SUB_COURSE_058_M4_S3,CONTAINS_SUBTOPIC
MOD_COURSE_058_M4,SUB_COURSE_058_M4_S4,CONTAINS_SUBTOPIC
MOD_COURSE_058_M5,SUB_COURSE_058_M5_S1,CONTAINS_SUBTOPIC
MOD_COURSE_058_M5,SUB_COURSE_058_M5_S2,CONTAINS_SUBTOPIC
MOD_COURSE_058_M5,SUB_COURSE_058_M5_S3,CONTAINS_SUBTOPIC
MOD_COURSE_058_M5,SUB_COURSE_058_M5_S4,CONTAINS_SUBTOPIC
MOD_COURSE_058_M6,SUB_COURSE_058_M6_S1,CONTAINS_SUBTOPIC
MOD_COURSE_058_M6,SUB_COURSE_058_M6_S2,CONTAINS_SUBTOPIC
MOD_COURSE_058_M6,SUB_COURSE_058_M6_S3,CONTAINS_SUBTOPIC
MOD_COURSE_058_M6,SUB_COURSE_058_M6_S4,CONTAINS_SUBTOPIC
MOD_COURSE_058_M7,SUB_COURSE_058_M7_S1,CONTAINS_SUBTOPIC
MOD_COURSE_058_M7,SUB_COURSE_058_M7_S2,CONTAINS_SUBTOPIC
MOD_COURSE_058_M7,SUB_COURSE_058_M7_S3,CONTAINS_SUBTOPIC
MOD_COURSE_058_M7,SUB_COURSE_058_M7_S4,CONTAINS_SUBTOPIC
MOD_COURSE_058_M7,SUB_COURSE_058_M7_S5,CONTAINS_SUBTOPIC
MOD_COURSE_059_M1,SUB_COURSE_059_M1_S1,CONTAINS_SUBTOPIC
MOD_COURSE_059_M1,SUB_COURSE_059_M1_S2,CONTAINS_SUBTOPIC
MOD_COURSE_059_M1,SUB_COURSE_059_M1_S3,CONTAINS_SUBTOPIC
MOD_COURSE_059_M1,SUB_COURSE_059_M1_S4,CONTAINS_SUBTOPIC
MOD_COURSE_059_M2,SUB_COURSE_059_M2_S1,CONTAINS_SUBTOPIC
MOD_COURSE_059_M2,SUB_COURSE_059_M2_S2,CONTAINS_SUBTOPIC
MOD_COURSE_059_M2,SUB_COURSE_059_M2_S3,CONTAINS_SUBTOPIC
MOD_COURSE_059_M2,SUB_COURSE_059_M2_S4,CONTAINS_SUBTOPIC
MOD_COURSE_059_M2,SUB_COURSE_059_M2_S5,CONTAINS_SUBTOPIC
MOD_COURSE_059_M3,SUB_COURSE_059_M3_S1,CONTAINS_SUBTOPIC
MOD_COURSE_059_M3,SUB_COURSE_059_M3_S2,CONTAINS_SUBTOPIC
MOD_COURSE_059_M3,SUB_COURSE_059_M3_S3,CONTAINS_SUBTOPIC
MOD_COURSE_059_M3,SUB_COURSE_059_M3_S4,CONTAINS_SUBTOPIC
MOD_COURSE_059_M4,SUB_COURSE_059_M4_S1,CONTAINS_SUBTOPIC
MOD_COURSE_059_M4,SUB_COURSE_059_M4_S2,CONTAINS_SUBTOPIC
MOD_COURSE_059_M4,SUB_COURSE_059_M4_S3,CONTAINS_SUBTOPIC
MOD_COURSE_059_M4,SUB_COURSE_059_M4_S4,CONTAINS_SUBTOPIC
MOD_COURSE_059_M4,SUB_COURSE_059_M4_S5,CONTAINS_SUBTOPIC
MOD_COURSE_059_M5,SUB_COURSE_059_M5_S1,CONTAINS_SUBTOPIC
MOD_COURSE_059_M5,SUB_COURSE_059_M5_S2,CONTAINS_SUBTOPIC
MOD_COURSE_059_M5,SUB_COURSE_059_M5_S3,CONTAINS_SUBTOPIC
MOD_COURSE_059_M5,SUB_COURSE_059_M5_S4,CONTAINS_SUBTOPIC
MOD_COURSE_059_M5,SUB_COURSE_059_M5_S5,CONTAINS_SUBTOPIC
MOD_COURSE_059_M6,SUB_COURSE_059_M6_S1,CONTAINS_SUBTOPIC
MOD_COURSE_059_M6,SUB_COURSE_059_M6_S2,CONTAINS_SUBTOPIC
MOD_COURSE_059_M6,SUB_COURSE_059_M6_S3,CONTAINS_SUBTOPIC
MOD_COURSE_059_M6,SUB_COURSE_059_M6_S4,CONTAINS_SUBTOPIC
MOD_COURSE_059_M7,SUB_COURSE_059_M7_S1,CONTAINS_SUBTOPIC
MOD_COURSE_059_M7,SUB_COURSE_059_M7_S2,CONTAINS_SUBTOPIC
MOD_COURSE_059_M7,SUB_COURSE_059_M7_S3,CONTAINS_SUBTOPIC
MOD_COURSE_059_M7,SUB_COURSE_059_M7_S4,CONTAINS_SUBTOPIC
MOD_COURSE_060_M1,SUB_COURSE_060_M1_S1,CONTAINS_SUBTOPIC
MOD_COURSE_060_M1,SUB_COURSE_060_M1_S2,CONTAINS_SUBTOPIC
MOD_COURSE_060_M1,SUB_COURSE_060_M1_S3,CONTAINS_SUBTOPIC
MOD_COURSE_060_M2,SUB_COURSE_060_M2_S1,CONTAINS_SUBTOPIC
MOD_COURSE_060_M2,SUB_COURSE_060_M2_S2,CONTAINS_SUBTOPIC
MOD_COURSE_060_M2,SUB_COURSE_060_M2_S3,CONTAINS_SUBTOPIC
MOD_COURSE_060_M2,SUB_COURSE_060_M2_S4,CONTAINS_SUBTOPIC
MOD_COURSE_060_M3,SUB_COURSE_060_M3_S1,CONTAINS_SUBTOPIC
MOD_COURSE_060_M3,SUB_COURSE_060_M3_S2,CONTAINS_SUBTOPIC
MOD_COURSE_060_M3,SUB_COURSE_060_M3_S3,CONTAINS_SUBTOPIC
MOD_COURSE_060_M3,SUB_COURSE_060_M3_S4,CONTAINS_SUBTOPIC
MOD_COURSE_060_M3,SUB_COURSE_060_M3_S5,CONTAINS_SUBTOPIC
MOD_COURSE_060_M4,SUB_COURSE_060_M4_S1,CONTAINS_SUBTOPIC
MOD_COURSE_060_M4,SUB_COURSE_060_M4_S2,CONTAINS_SUBTOPIC
MOD_COURSE_060_M4,SUB_COURSE_060_M4_S3,CONTAINS_SUBTOPIC
MOD_COURSE_060_M4,SUB_COURSE_060_M4_S4,CONTAINS_SUBTOPIC
MOD_COURSE_060_M5,SUB_COURSE_060_M5_S1,CONTAINS_SUBTOPIC
MOD_COURSE_060_M5,SUB_COURSE_060_M5_S2,CONTAINS_SUBTOPIC
MOD_COURSE_060_M5,SUB_COURSE_060_M5_S3,CONTAINS_SUBTOPIC
MOD_COURSE_060_M5,SUB_COURSE_060_M5_S4,CONTAINS_SUBTOPIC
MOD_COURSE_060_M6,SUB_COURSE_060_M6_S1,CONTAINS_SUBTOPIC
MOD_COURSE_060_M6,SUB_COURSE_060_M6_S2,CONTAINS_SUBTOPIC
MOD_COURSE_060_M6,SUB_COURSE_060_M6_S3,CONTAINS_SUBTOPIC
MOD_COURSE_060_M6,SUB_COURSE_060_M6_S4,CONTAINS_SUBTOPIC
MOD_COURSE_060_M6,SUB_COURSE_060_M6_S5,CONTAINS_SUBTOPIC
MOD_COURSE_060_M7,SUB_COURSE_060_M7_S1,CONTAINS_SUBTOPIC
MOD_COURSE_060_M7,SUB_COURSE_060_M7_S2,CONTAINS_SUBTOPIC
MOD_COURSE_060_M7,SUB_COURSE_060_M7_S3,CONTAINS_SUBTOPIC
MOD_COURSE_060_M7,SUB_COURSE_060_M7_S4,CONTAINS_SUBTOPIC
MOD_COURSE_060_M7,SUB_COURSE_060_M7_S5,CONTAINS_SUBTOPIC
AC_000001,SCR_0013,EVIDENCE_SUPPORTS
AC_000002,SCR_0066,EVIDENCE_SUPPORTS
AC_000003,SCR_0067,EVIDENCE_SUPPORTS
AC_000004,SCR_0072,EVIDENCE_SUPPORTS
AC_000005,SCR_0073,EVIDENCE_SUPPORTS
AC_000006,SCR_0079,EVIDENCE_SUPPORTS
AC_000007,SCR_0081,EVIDENCE_SUPPORTS
AC_000008,SCR_0084,EVIDENCE_SUPPORTS
AC_000009,SCR_0085,EVIDENCE_SUPPORTS
AC_000010,SCR_0090,EVIDENCE_SUPPORTS
AC_000011,SCR_0091,EVIDENCE_SUPPORTS
AC_000012,SCR_0092,EVIDENCE_SUPPORTS
AC_000013,SCR_0093,EVIDENCE_SUPPORTS
AC_000014,SCR_0094,EVIDENCE_SUPPORTS
AC_000015,SCR_0095,EVIDENCE_SUPPORTS
AC_000016,SCR_0096,EVIDENCE_SUPPORTS
AC_000017,SCR_0010,EVIDENCE_SUPPORTS
AC_000018,SCR_0002,EVIDENCE_SUPPORTS
AC_000018,SCR_0004,EVIDENCE_SUPPORTS
AC_000019,SCR_0074,EVIDENCE_SUPPORTS
AC_000020,SCR_0033,EVIDENCE_SUPPORTS
AC_000021,SCR_0082,EVIDENCE_SUPPORTS
AC_000022,SCR_0054,EVIDENCE_SUPPORTS
AC_000023,SCR_0064,EVIDENCE_SUPPORTS
AC_000024,SCR_0072,EVIDENCE_SUPPORTS
AC_000025,SCR_0088,EVIDENCE_SUPPORTS
AC_000026,SCR_0023,EVIDENCE_SUPPORTS
AC_000027,SCR_0026,EVIDENCE_SUPPORTS
AC_000028,SCR_0006,EVIDENCE_SUPPORTS
AC_000029,SCR_0008,EVIDENCE_SUPPORTS
AC_000030,SCR_0049,EVIDENCE_SUPPORTS
AC_000031,SCR_0077,EVIDENCE_SUPPORTS
AC_000032,SCR_0061,EVIDENCE_SUPPORTS
AC_000033,SCR_0063,EVIDENCE_SUPPORTS
AC_000034,SCR_0075,EVIDENCE_SUPPORTS
AC_000035,SCR_0029,EVIDENCE_SUPPORTS
AC_000036,SCR_0080,EVIDENCE_SUPPORTS
AC_000037,SCR_0017,EVIDENCE_SUPPORTS
AC_000038,SCR_0018,EVIDENCE_SUPPORTS
AC_000039,SCR_0041,EVIDENCE_SUPPORTS
AC_000040,SCR_0055,EVIDENCE_SUPPORTS
GR_COURSE_001,COURSE_001,GOVERNS_COURSE
GR_COURSE_002,COURSE_002,GOVERNS_COURSE
GR_COURSE_003,COURSE_003,GOVERNS_COURSE
GR_COURSE_004,COURSE_004,GOVERNS_COURSE
GR_COURSE_005,COURSE_005,GOVERNS_COURSE
GR_COURSE_006,COURSE_006,GOVERNS_COURSE
GR_COURSE_007,COURSE_007,GOVERNS_COURSE
GR_COURSE_008,COURSE_008,GOVERNS_COURSE
GR_COURSE_009,COURSE_009,GOVERNS_COURSE
GR_COURSE_010,COURSE_010,GOVERNS_COURSE
GR_COURSE_011,COURSE_011,GOVERNS_COURSE
GR_COURSE_012,COURSE_012,GOVERNS_COURSE
GR_COURSE_013,COURSE_013,GOVERNS_COURSE
GR_COURSE_014,COURSE_014,GOVERNS_COURSE
GR_COURSE_015,COURSE_015,GOVERNS_COURSE
GR_COURSE_016,COURSE_016,GOVERNS_COURSE
GR_COURSE_017,COURSE_017,GOVERNS_COURSE
GR_COURSE_018,COURSE_018,GOVERNS_COURSE
GR_COURSE_019,COURSE_019,GOVERNS_COURSE
GR_COURSE_020,COURSE_020,GOVERNS_COURSE
GR_COURSE_021,COURSE_021,GOVERNS_COURSE
GR_COURSE_022,COURSE_022,GOVERNS_COURSE
GR_COURSE_023,COURSE_023,GOVERNS_COURSE
GR_COURSE_024,COURSE_024,GOVERNS_COURSE
GR_COURSE_025,COURSE_025,GOVERNS_COURSE
GR_COURSE_026,COURSE_026,GOVERNS_COURSE
GR_COURSE_027,COURSE_027,GOVERNS_COURSE
GR_COURSE_028,COURSE_028,GOVERNS_COURSE
GR_COURSE_029,COURSE_029,GOVERNS_COURSE
GR_COURSE_030,COURSE_030,GOVERNS_COURSE
GR_COURSE_031,COURSE_031,GOVERNS_COURSE
GR_COURSE_032,COURSE_032,GOVERNS_COURSE
GR_COURSE_033,COURSE_033,GOVERNS_COURSE
GR_COURSE_034,COURSE_034,GOVERNS_COURSE
GR_COURSE_035,COURSE_035,GOVERNS_COURSE
GR_COURSE_036,COURSE_036,GOVERNS_COURSE
GR_COURSE_037,COURSE_037,GOVERNS_COURSE
GR_COURSE_038,COURSE_038,GOVERNS_COURSE
GR_COURSE_039,COURSE_039,GOVERNS_COURSE
GR_COURSE_040,COURSE_040,GOVERNS_COURSE
GR_COURSE_041,COURSE_041,GOVERNS_COURSE
GR_COURSE_042,COURSE_042,GOVERNS_COURSE
GR_COURSE_043,COURSE_043,GOVERNS_COURSE
GR_COURSE_044,COURSE_044,GOVERNS_COURSE
GR_COURSE_045,COURSE_045,GOVERNS_COURSE
GR_COURSE_046,COURSE_046,GOVERNS_COURSE
GR_COURSE_047,COURSE_047,GOVERNS_COURSE
GR_COURSE_048,COURSE_048,GOVERNS_COURSE
GR_COURSE_049,COURSE_049,GOVERNS_COURSE
GR_COURSE_050,COURSE_050,GOVERNS_COURSE
GR_COURSE_051,COURSE_051,GOVERNS_COURSE
GR_COURSE_052,COURSE_052,GOVERNS_COURSE
GR_COURSE_053,COURSE_053,GOVERNS_COURSE
GR_COURSE_054,COURSE_054,GOVERNS_COURSE
GR_COURSE_055,COURSE_055,GOVERNS_COURSE
GR_COURSE_056,COURSE_056,GOVERNS_COURSE
GR_COURSE_057,COURSE_057,GOVERNS_COURSE
GR_COURSE_058,COURSE_058,GOVERNS_COURSE
GR_COURSE_059,COURSE_059,GOVERNS_COURSE
GR_COURSE_060,COURSE_060,GOVERNS_COURSE
GR_MOD_COURSE_001_M01,MOD_COURSE_001_M01,GOVERNS_MODULE
GR_MOD_COURSE_001_M02,MOD_COURSE_001_M02,GOVERNS_MODULE
GR_MOD_COURSE_001_M03,MOD_COURSE_001_M03,GOVERNS_MODULE
GR_MOD_COURSE_001_M04,MOD_COURSE_001_M04,GOVERNS_MODULE
GR_MOD_COURSE_001_M05,MOD_COURSE_001_M05,GOVERNS_MODULE
GR_MOD_COURSE_002_M01,MOD_COURSE_002_M01,GOVERNS_MODULE
GR_MOD_COURSE_002_M02,MOD_COURSE_002_M02,GOVERNS_MODULE
GR_MOD_COURSE_002_M03,MOD_COURSE_002_M03,GOVERNS_MODULE
GR_MOD_COURSE_002_M04,MOD_COURSE_002_M04,GOVERNS_MODULE
GR_MOD_COURSE_002_M05,MOD_COURSE_002_M05,GOVERNS_MODULE
GR_MOD_COURSE_003_M01,MOD_COURSE_003_M01,GOVERNS_MODULE
GR_MOD_COURSE_003_M02,MOD_COURSE_003_M02,GOVERNS_MODULE
GR_MOD_COURSE_003_M03,MOD_COURSE_003_M03,GOVERNS_MODULE
GR_MOD_COURSE_003_M04,MOD_COURSE_003_M04,GOVERNS_MODULE
GR_MOD_COURSE_003_M05,MOD_COURSE_003_M05,GOVERNS_MODULE
GR_MOD_COURSE_004_M01,MOD_COURSE_004_M01,GOVERNS_MODULE
GR_MOD_COURSE_004_M02,MOD_COURSE_004_M02,GOVERNS_MODULE
GR_MOD_COURSE_004_M03,MOD_COURSE_004_M03,GOVERNS_MODULE
GR_MOD_COURSE_004_M04,MOD_COURSE_004_M04,GOVERNS_MODULE
GR_MOD_COURSE_004_M05,MOD_COURSE_004_M05,GOVERNS_MODULE
GR_MOD_COURSE_005_M01,MOD_COURSE_005_M01,GOVERNS_MODULE
GR_MOD_COURSE_005_M02,MOD_COURSE_005_M02,GOVERNS_MODULE
GR_MOD_COURSE_005_M03,MOD_COURSE_005_M03,GOVERNS_MODULE
GR_MOD_COURSE_005_M04,MOD_COURSE_005_M04,GOVERNS_MODULE
GR_MOD_COURSE_005_M05,MOD_COURSE_005_M05,GOVERNS_MODULE
GR_MOD_COURSE_006_M01,MOD_COURSE_006_M01,GOVERNS_MODULE
GR_MOD_COURSE_006_M02,MOD_COURSE_006_M02,GOVERNS_MODULE
GR_MOD_COURSE_006_M03,MOD_COURSE_006_M03,GOVERNS_MODULE
GR_MOD_COURSE_006_M04,MOD_COURSE_006_M04,GOVERNS_MODULE
GR_MOD_COURSE_006_M05,MOD_COURSE_006_M05,GOVERNS_MODULE
GR_MOD_COURSE_007_M01,MOD_COURSE_007_M01,GOVERNS_MODULE
GR_MOD_COURSE_007_M02,MOD_COURSE_007_M02,GOVERNS_MODULE
GR_MOD_COURSE_007_M03,MOD_COURSE_007_M03,GOVERNS_MODULE
GR_MOD_COURSE_007_M04,MOD_COURSE_007_M04,GOVERNS_MODULE
GR_MOD_COURSE_007_M05,MOD_COURSE_007_M05,GOVERNS_MODULE
GR_MOD_COURSE_008_M01,MOD_COURSE_008_M01,GOVERNS_MODULE
GR_MOD_COURSE_008_M02,MOD_COURSE_008_M02,GOVERNS_MODULE
GR_MOD_COURSE_008_M03,MOD_COURSE_008_M03,GOVERNS_MODULE
GR_MOD_COURSE_008_M04,MOD_COURSE_008_M04,GOVERNS_MODULE
GR_MOD_COURSE_008_M05,MOD_COURSE_008_M05,GOVERNS_MODULE
GR_MOD_COURSE_009_M01,MOD_COURSE_009_M01,GOVERNS_MODULE
GR_MOD_COURSE_009_M02,MOD_COURSE_009_M02,GOVERNS_MODULE
GR_MOD_COURSE_009_M03,MOD_COURSE_009_M03,GOVERNS_MODULE
GR_MOD_COURSE_009_M04,MOD_COURSE_009_M04,GOVERNS_MODULE
GR_MOD_COURSE_009_M05,MOD_COURSE_009_M05,GOVERNS_MODULE
GR_MOD_COURSE_010_M01,MOD_COURSE_010_M01,GOVERNS_MODULE
GR_MOD_COURSE_010_M02,MOD_COURSE_010_M02,GOVERNS_MODULE
GR_MOD_COURSE_010_M03,MOD_COURSE_010_M03,GOVERNS_MODULE
GR_MOD_COURSE_010_M04,MOD_COURSE_010_M04,GOVERNS_MODULE
GR_MOD_COURSE_010_M05,MOD_COURSE_010_M05,GOVERNS_MODULE
GR_MOD_COURSE_011_M01,MOD_COURSE_011_M01,GOVERNS_MODULE
GR_MOD_COURSE_011_M02,MOD_COURSE_011_M02,GOVERNS_MODULE
GR_MOD_COURSE_011_M03,MOD_COURSE_011_M03,GOVERNS_MODULE
GR_MOD_COURSE_011_M04,MOD_COURSE_011_M04,GOVERNS_MODULE
GR_MOD_COURSE_011_M05,MOD_COURSE_011_M05,GOVERNS_MODULE
GR_MOD_COURSE_012_M01,MOD_COURSE_012_M01,GOVERNS_MODULE
GR_MOD_COURSE_012_M02,MOD_COURSE_012_M02,GOVERNS_MODULE
GR_MOD_COURSE_012_M03,MOD_COURSE_012_M03,GOVERNS_MODULE
GR_MOD_COURSE_012_M04,MOD_COURSE_012_M04,GOVERNS_MODULE
GR_MOD_COURSE_012_M05,MOD_COURSE_012_M05,GOVERNS_MODULE
GR_MOD_COURSE_013_M01,MOD_COURSE_013_M01,GOVERNS_MODULE
GR_MOD_COURSE_013_M02,MOD_COURSE_013_M02,GOVERNS_MODULE
GR_MOD_COURSE_013_M03,MOD_COURSE_013_M03,GOVERNS_MODULE
GR_MOD_COURSE_013_M04,MOD_COURSE_013_M04,GOVERNS_MODULE
GR_MOD_COURSE_013_M05,MOD_COURSE_013_M05,GOVERNS_MODULE
GR_MOD_COURSE_014_M01,MOD_COURSE_014_M01,GOVERNS_MODULE
GR_MOD_COURSE_014_M02,MOD_COURSE_014_M02,GOVERNS_MODULE
GR_MOD_COURSE_014_M03,MOD_COURSE_014_M03,GOVERNS_MODULE
GR_MOD_COURSE_014_M04,MOD_COURSE_014_M04,GOVERNS_MODULE
GR_MOD_COURSE_014_M05,MOD_COURSE_014_M05,GOVERNS_MODULE
GR_MOD_COURSE_015_M01,MOD_COURSE_015_M01,GOVERNS_MODULE
GR_MOD_COURSE_015_M02,MOD_COURSE_015_M02,GOVERNS_MODULE
GR_MOD_COURSE_015_M03,MOD_COURSE_015_M03,GOVERNS_MODULE
GR_MOD_COURSE_015_M04,MOD_COURSE_015_M04,GOVERNS_MODULE
GR_MOD_COURSE_015_M05,MOD_COURSE_015_M05,GOVERNS_MODULE
GR_MOD_COURSE_016_M01,MOD_COURSE_016_M01,GOVERNS_MODULE
GR_MOD_COURSE_016_M02,MOD_COURSE_016_M02,GOVERNS_MODULE
GR_MOD_COURSE_016_M03,MOD_COURSE_016_M03,GOVERNS_MODULE
GR_MOD_COURSE_016_M04,MOD_COURSE_016_M04,GOVERNS_MODULE
GR_MOD_COURSE_016_M05,MOD_COURSE_016_M05,GOVERNS_MODULE
GR_MOD_COURSE_017_M01,MOD_COURSE_017_M01,GOVERNS_MODULE
GR_MOD_COURSE_017_M02,MOD_COURSE_017_M02,GOVERNS_MODULE
GR_MOD_COURSE_017_M03,MOD_COURSE_017_M03,GOVERNS_MODULE
GR_MOD_COURSE_017_M04,MOD_COURSE_017_M04,GOVERNS_MODULE
GR_MOD_COURSE_017_M05,MOD_COURSE_017_M05,GOVERNS_MODULE
GR_MOD_COURSE_018_M01,MOD_COURSE_018_M01,GOVERNS_MODULE
GR_MOD_COURSE_018_M02,MOD_COURSE_018_M02,GOVERNS_MODULE
GR_MOD_COURSE_018_M03,MOD_COURSE_018_M03,GOVERNS_MODULE
GR_MOD_COURSE_018_M04,MOD_COURSE_018_M04,GOVERNS_MODULE
GR_MOD_COURSE_018_M05,MOD_COURSE_018_M05,GOVERNS_MODULE
GR_MOD_COURSE_019_M01,MOD_COURSE_019_M01,GOVERNS_MODULE
GR_MOD_COURSE_019_M02,MOD_COURSE_019_M02,GOVERNS_MODULE
GR_MOD_COURSE_019_M03,MOD_COURSE_019_M03,GOVERNS_MODULE
GR_MOD_COURSE_019_M04,MOD_COURSE_019_M04,GOVERNS_MODULE
GR_MOD_COURSE_019_M05,MOD_COURSE_019_M05,GOVERNS_MODULE
GR_MOD_COURSE_020_M01,MOD_COURSE_020_M01,GOVERNS_MODULE
GR_MOD_COURSE_020_M02,MOD_COURSE_020_M02,GOVERNS_MODULE
GR_MOD_COURSE_020_M03,MOD_COURSE_020_M03,GOVERNS_MODULE
GR_MOD_COURSE_020_M04,MOD_COURSE_020_M04,GOVERNS_MODULE
GR_MOD_COURSE_020_M05,MOD_COURSE_020_M05,GOVERNS_MODULE
GR_MOD_COURSE_021_M01,MOD_COURSE_021_M01,GOVERNS_MODULE
GR_MOD_COURSE_021_M02,MOD_COURSE_021_M02,GOVERNS_MODULE
GR_MOD_COURSE_021_M03,MOD_COURSE_021_M03,GOVERNS_MODULE
GR_MOD_COURSE_021_M04,MOD_COURSE_021_M04,GOVERNS_MODULE
GR_MOD_COURSE_021_M05,MOD_COURSE_021_M05,GOVERNS_MODULE
GR_MOD_COURSE_022_M01,MOD_COURSE_022_M01,GOVERNS_MODULE
GR_MOD_COURSE_022_M02,MOD_COURSE_022_M02,GOVERNS_MODULE
GR_MOD_COURSE_022_M03,MOD_COURSE_022_M03,GOVERNS_MODULE
GR_MOD_COURSE_022_M04,MOD_COURSE_022_M04,GOVERNS_MODULE
GR_MOD_COURSE_022_M05,MOD_COURSE_022_M05,GOVERNS_MODULE
GR_MOD_COURSE_023_M01,MOD_COURSE_023_M01,GOVERNS_MODULE
GR_MOD_COURSE_023_M02,MOD_COURSE_023_M02,GOVERNS_MODULE
GR_MOD_COURSE_023_M03,MOD_COURSE_023_M03,GOVERNS_MODULE
GR_MOD_COURSE_023_M04,MOD_COURSE_023_M04,GOVERNS_MODULE
GR_MOD_COURSE_023_M05,MOD_COURSE_023_M05,GOVERNS_MODULE
GR_MOD_COURSE_024_M01,MOD_COURSE_024_M01,GOVERNS_MODULE
GR_MOD_COURSE_024_M02,MOD_COURSE_024_M02,GOVERNS_MODULE
GR_MOD_COURSE_024_M03,MOD_COURSE_024_M03,GOVERNS_MODULE
GR_MOD_COURSE_024_M04,MOD_COURSE_024_M04,GOVERNS_MODULE
GR_MOD_COURSE_024_M05,MOD_COURSE_024_M05,GOVERNS_MODULE
GR_MOD_COURSE_025_M1,MOD_COURSE_025_M1,GOVERNS_MODULE
GR_MOD_COURSE_025_M2,MOD_COURSE_025_M2,GOVERNS_MODULE
GR_MOD_COURSE_025_M3,MOD_COURSE_025_M3,GOVERNS_MODULE
GR_MOD_COURSE_025_M4,MOD_COURSE_025_M4,GOVERNS_MODULE
GR_MOD_COURSE_025_M5,MOD_COURSE_025_M5,GOVERNS_MODULE
GR_MOD_COURSE_025_M6,MOD_COURSE_025_M6,GOVERNS_MODULE
GR_MOD_COURSE_025_M7,MOD_COURSE_025_M7,GOVERNS_MODULE
GR_MOD_COURSE_025_M8,MOD_COURSE_025_M8,GOVERNS_MODULE
GR_MOD_COURSE_026_M1,MOD_COURSE_026_M1,GOVERNS_MODULE
GR_MOD_COURSE_026_M2,MOD_COURSE_026_M2,GOVERNS_MODULE
GR_MOD_COURSE_026_M3,MOD_COURSE_026_M3,GOVERNS_MODULE
GR_MOD_COURSE_026_M4,MOD_COURSE_026_M4,GOVERNS_MODULE
GR_MOD_COURSE_026_M5,MOD_COURSE_026_M5,GOVERNS_MODULE
GR_MOD_COURSE_026_M6,MOD_COURSE_026_M6,GOVERNS_MODULE
GR_MOD_COURSE_026_M7,MOD_COURSE_026_M7,GOVERNS_MODULE
GR_MOD_COURSE_027_M1,MOD_COURSE_027_M1,GOVERNS_MODULE
GR_MOD_COURSE_027_M2,MOD_COURSE_027_M2,GOVERNS_MODULE
GR_MOD_COURSE_027_M3,MOD_COURSE_027_M3,GOVERNS_MODULE
GR_MOD_COURSE_027_M4,MOD_COURSE_027_M4,GOVERNS_MODULE
GR_MOD_COURSE_027_M5,MOD_COURSE_027_M5,GOVERNS_MODULE
GR_MOD_COURSE_027_M6,MOD_COURSE_027_M6,GOVERNS_MODULE
GR_MOD_COURSE_027_M7,MOD_COURSE_027_M7,GOVERNS_MODULE
GR_MOD_COURSE_028_M1,MOD_COURSE_028_M1,GOVERNS_MODULE
GR_MOD_COURSE_028_M2,MOD_COURSE_028_M2,GOVERNS_MODULE
GR_MOD_COURSE_028_M3,MOD_COURSE_028_M3,GOVERNS_MODULE
GR_MOD_COURSE_028_M4,MOD_COURSE_028_M4,GOVERNS_MODULE
GR_MOD_COURSE_028_M5,MOD_COURSE_028_M5,GOVERNS_MODULE
GR_MOD_COURSE_028_M6,MOD_COURSE_028_M6,GOVERNS_MODULE
GR_MOD_COURSE_028_M7,MOD_COURSE_028_M7,GOVERNS_MODULE
GR_MOD_COURSE_029_M1,MOD_COURSE_029_M1,GOVERNS_MODULE
GR_MOD_COURSE_029_M2,MOD_COURSE_029_M2,GOVERNS_MODULE
GR_MOD_COURSE_029_M3,MOD_COURSE_029_M3,GOVERNS_MODULE
GR_MOD_COURSE_029_M4,MOD_COURSE_029_M4,GOVERNS_MODULE
GR_MOD_COURSE_029_M5,MOD_COURSE_029_M5,GOVERNS_MODULE
GR_MOD_COURSE_029_M6,MOD_COURSE_029_M6,GOVERNS_MODULE
GR_MOD_COURSE_029_M7,MOD_COURSE_029_M7,GOVERNS_MODULE
GR_MOD_COURSE_029_M8,MOD_COURSE_029_M8,GOVERNS_MODULE
GR_MOD_COURSE_030_M1,MOD_COURSE_030_M1,GOVERNS_MODULE
GR_MOD_COURSE_030_M2,MOD_COURSE_030_M2,GOVERNS_MODULE
GR_MOD_COURSE_030_M3,MOD_COURSE_030_M3,GOVERNS_MODULE
GR_MOD_COURSE_030_M4,MOD_COURSE_030_M4,GOVERNS_MODULE
GR_MOD_COURSE_030_M5,MOD_COURSE_030_M5,GOVERNS_MODULE
GR_MOD_COURSE_030_M6,MOD_COURSE_030_M6,GOVERNS_MODULE
GR_MOD_COURSE_030_M7,MOD_COURSE_030_M7,GOVERNS_MODULE
GR_MOD_COURSE_031_M1,MOD_COURSE_031_M1,GOVERNS_MODULE
GR_MOD_COURSE_031_M2,MOD_COURSE_031_M2,GOVERNS_MODULE
GR_MOD_COURSE_031_M3,MOD_COURSE_031_M3,GOVERNS_MODULE
GR_MOD_COURSE_031_M4,MOD_COURSE_031_M4,GOVERNS_MODULE
GR_MOD_COURSE_031_M5,MOD_COURSE_031_M5,GOVERNS_MODULE
GR_MOD_COURSE_031_M6,MOD_COURSE_031_M6,GOVERNS_MODULE
GR_MOD_COURSE_031_M7,MOD_COURSE_031_M7,GOVERNS_MODULE
GR_MOD_COURSE_032_M1,MOD_COURSE_032_M1,GOVERNS_MODULE
GR_MOD_COURSE_032_M2,MOD_COURSE_032_M2,GOVERNS_MODULE
GR_MOD_COURSE_032_M3,MOD_COURSE_032_M3,GOVERNS_MODULE
GR_MOD_COURSE_032_M4,MOD_COURSE_032_M4,GOVERNS_MODULE
GR_MOD_COURSE_032_M5,MOD_COURSE_032_M5,GOVERNS_MODULE
GR_MOD_COURSE_032_M6,MOD_COURSE_032_M6,GOVERNS_MODULE
GR_MOD_COURSE_032_M7,MOD_COURSE_032_M7,GOVERNS_MODULE
GR_MOD_COURSE_033_M1,MOD_COURSE_033_M1,GOVERNS_MODULE
GR_MOD_COURSE_033_M2,MOD_COURSE_033_M2,GOVERNS_MODULE
GR_MOD_COURSE_033_M3,MOD_COURSE_033_M3,GOVERNS_MODULE
GR_MOD_COURSE_033_M4,MOD_COURSE_033_M4,GOVERNS_MODULE
GR_MOD_COURSE_033_M5,MOD_COURSE_033_M5,GOVERNS_MODULE
GR_MOD_COURSE_033_M6,MOD_COURSE_033_M6,GOVERNS_MODULE
GR_MOD_COURSE_033_M7,MOD_COURSE_033_M7,GOVERNS_MODULE
GR_MOD_COURSE_034_M1,MOD_COURSE_034_M1,GOVERNS_MODULE
GR_MOD_COURSE_034_M2,MOD_COURSE_034_M2,GOVERNS_MODULE
GR_MOD_COURSE_034_M3,MOD_COURSE_034_M3,GOVERNS_MODULE
GR_MOD_COURSE_034_M4,MOD_COURSE_034_M4,GOVERNS_MODULE
GR_MOD_COURSE_034_M5,MOD_COURSE_034_M5,GOVERNS_MODULE
GR_MOD_COURSE_034_M6,MOD_COURSE_034_M6,GOVERNS_MODULE
GR_MOD_COURSE_034_M7,MOD_COURSE_034_M7,GOVERNS_MODULE
GR_MOD_COURSE_035_M1,MOD_COURSE_035_M1,GOVERNS_MODULE
GR_MOD_COURSE_035_M2,MOD_COURSE_035_M2,GOVERNS_MODULE
GR_MOD_COURSE_035_M3,MOD_COURSE_035_M3,GOVERNS_MODULE
GR_MOD_COURSE_035_M4,MOD_COURSE_035_M4,GOVERNS_MODULE
GR_MOD_COURSE_035_M5,MOD_COURSE_035_M5,GOVERNS_MODULE
GR_MOD_COURSE_035_M6,MOD_COURSE_035_M6,GOVERNS_MODULE
GR_MOD_COURSE_035_M7,MOD_COURSE_035_M7,GOVERNS_MODULE
GR_MOD_COURSE_036_M1,MOD_COURSE_036_M1,GOVERNS_MODULE
GR_MOD_COURSE_036_M2,MOD_COURSE_036_M2,GOVERNS_MODULE
GR_MOD_COURSE_036_M3,MOD_COURSE_036_M3,GOVERNS_MODULE
GR_MOD_COURSE_036_M4,MOD_COURSE_036_M4,GOVERNS_MODULE
GR_MOD_COURSE_036_M5,MOD_COURSE_036_M5,GOVERNS_MODULE
GR_MOD_COURSE_036_M6,MOD_COURSE_036_M6,GOVERNS_MODULE
GR_MOD_COURSE_036_M7,MOD_COURSE_036_M7,GOVERNS_MODULE
GR_MOD_COURSE_037_M1,MOD_COURSE_037_M1,GOVERNS_MODULE
GR_MOD_COURSE_037_M2,MOD_COURSE_037_M2,GOVERNS_MODULE
GR_MOD_COURSE_037_M3,MOD_COURSE_037_M3,GOVERNS_MODULE
GR_MOD_COURSE_037_M4,MOD_COURSE_037_M4,GOVERNS_MODULE
GR_MOD_COURSE_037_M5,MOD_COURSE_037_M5,GOVERNS_MODULE
GR_MOD_COURSE_037_M6,MOD_COURSE_037_M6,GOVERNS_MODULE
GR_MOD_COURSE_037_M7,MOD_COURSE_037_M7,GOVERNS_MODULE
GR_MOD_COURSE_038_M1,MOD_COURSE_038_M1,GOVERNS_MODULE
GR_MOD_COURSE_038_M2,MOD_COURSE_038_M2,GOVERNS_MODULE
GR_MOD_COURSE_038_M3,MOD_COURSE_038_M3,GOVERNS_MODULE
GR_MOD_COURSE_038_M4,MOD_COURSE_038_M4,GOVERNS_MODULE
GR_MOD_COURSE_038_M5,MOD_COURSE_038_M5,GOVERNS_MODULE
GR_MOD_COURSE_038_M6,MOD_COURSE_038_M6,GOVERNS_MODULE
GR_MOD_COURSE_038_M7,MOD_COURSE_038_M7,GOVERNS_MODULE
GR_MOD_COURSE_039_M1,MOD_COURSE_039_M1,GOVERNS_MODULE
GR_MOD_COURSE_039_M2,MOD_COURSE_039_M2,GOVERNS_MODULE
GR_MOD_COURSE_039_M3,MOD_COURSE_039_M3,GOVERNS_MODULE
GR_MOD_COURSE_039_M4,MOD_COURSE_039_M4,GOVERNS_MODULE
GR_MOD_COURSE_039_M5,MOD_COURSE_039_M5,GOVERNS_MODULE
GR_MOD_COURSE_039_M6,MOD_COURSE_039_M6,GOVERNS_MODULE
GR_MOD_COURSE_039_M7,MOD_COURSE_039_M7,GOVERNS_MODULE
GR_MOD_COURSE_040_M1,MOD_COURSE_040_M1,GOVERNS_MODULE
GR_MOD_COURSE_040_M2,MOD_COURSE_040_M2,GOVERNS_MODULE
GR_MOD_COURSE_040_M3,MOD_COURSE_040_M3,GOVERNS_MODULE
GR_MOD_COURSE_040_M4,MOD_COURSE_040_M4,GOVERNS_MODULE
GR_MOD_COURSE_040_M5,MOD_COURSE_040_M5,GOVERNS_MODULE
GR_MOD_COURSE_040_M6,MOD_COURSE_040_M6,GOVERNS_MODULE
GR_MOD_COURSE_041_M1,MOD_COURSE_041_M1,GOVERNS_MODULE
GR_MOD_COURSE_041_M2,MOD_COURSE_041_M2,GOVERNS_MODULE
GR_MOD_COURSE_041_M3,MOD_COURSE_041_M3,GOVERNS_MODULE
GR_MOD_COURSE_041_M4,MOD_COURSE_041_M4,GOVERNS_MODULE
GR_MOD_COURSE_041_M5,MOD_COURSE_041_M5,GOVERNS_MODULE
GR_MOD_COURSE_041_M6,MOD_COURSE_041_M6,GOVERNS_MODULE
GR_MOD_COURSE_041_M7,MOD_COURSE_041_M7,GOVERNS_MODULE
GR_MOD_COURSE_042_M1,MOD_COURSE_042_M1,GOVERNS_MODULE
GR_MOD_COURSE_042_M2,MOD_COURSE_042_M2,GOVERNS_MODULE
GR_MOD_COURSE_042_M3,MOD_COURSE_042_M3,GOVERNS_MODULE
GR_MOD_COURSE_042_M4,MOD_COURSE_042_M4,GOVERNS_MODULE
GR_MOD_COURSE_042_M5,MOD_COURSE_042_M5,GOVERNS_MODULE
GR_MOD_COURSE_042_M6,MOD_COURSE_042_M6,GOVERNS_MODULE
GR_MOD_COURSE_042_M7,MOD_COURSE_042_M7,GOVERNS_MODULE
GR_MOD_COURSE_043_M1,MOD_COURSE_043_M1,GOVERNS_MODULE
GR_MOD_COURSE_043_M2,MOD_COURSE_043_M2,GOVERNS_MODULE
GR_MOD_COURSE_043_M3,MOD_COURSE_043_M3,GOVERNS_MODULE
GR_MOD_COURSE_043_M4,MOD_COURSE_043_M4,GOVERNS_MODULE
GR_MOD_COURSE_043_M5,MOD_COURSE_043_M5,GOVERNS_MODULE
GR_MOD_COURSE_043_M6,MOD_COURSE_043_M6,GOVERNS_MODULE
GR_MOD_COURSE_043_M7,MOD_COURSE_043_M7,GOVERNS_MODULE
GR_MOD_COURSE_044_M1,MOD_COURSE_044_M1,GOVERNS_MODULE
GR_MOD_COURSE_044_M2,MOD_COURSE_044_M2,GOVERNS_MODULE
GR_MOD_COURSE_044_M3,MOD_COURSE_044_M3,GOVERNS_MODULE
GR_MOD_COURSE_044_M4,MOD_COURSE_044_M4,GOVERNS_MODULE
GR_MOD_COURSE_044_M5,MOD_COURSE_044_M5,GOVERNS_MODULE
GR_MOD_COURSE_044_M6,MOD_COURSE_044_M6,GOVERNS_MODULE
GR_MOD_COURSE_044_M7,MOD_COURSE_044_M7,GOVERNS_MODULE
GR_MOD_COURSE_045_M1,MOD_COURSE_045_M1,GOVERNS_MODULE
GR_MOD_COURSE_045_M2,MOD_COURSE_045_M2,GOVERNS_MODULE
GR_MOD_COURSE_045_M3,MOD_COURSE_045_M3,GOVERNS_MODULE
GR_MOD_COURSE_045_M4,MOD_COURSE_045_M4,GOVERNS_MODULE
GR_MOD_COURSE_045_M5,MOD_COURSE_045_M5,GOVERNS_MODULE
GR_MOD_COURSE_045_M6,MOD_COURSE_045_M6,GOVERNS_MODULE
GR_MOD_COURSE_045_M7,MOD_COURSE_045_M7,GOVERNS_MODULE
GR_MOD_COURSE_046_M1,MOD_COURSE_046_M1,GOVERNS_MODULE
GR_MOD_COURSE_046_M2,MOD_COURSE_046_M2,GOVERNS_MODULE
GR_MOD_COURSE_046_M3,MOD_COURSE_046_M3,GOVERNS_MODULE
GR_MOD_COURSE_046_M4,MOD_COURSE_046_M4,GOVERNS_MODULE
GR_MOD_COURSE_046_M5,MOD_COURSE_046_M5,GOVERNS_MODULE
GR_MOD_COURSE_046_M6,MOD_COURSE_046_M6,GOVERNS_MODULE
GR_MOD_COURSE_046_M7,MOD_COURSE_046_M7,GOVERNS_MODULE
GR_MOD_COURSE_047_M1,MOD_COURSE_047_M1,GOVERNS_MODULE
GR_MOD_COURSE_047_M2,MOD_COURSE_047_M2,GOVERNS_MODULE
GR_MOD_COURSE_047_M3,MOD_COURSE_047_M3,GOVERNS_MODULE
GR_MOD_COURSE_047_M4,MOD_COURSE_047_M4,GOVERNS_MODULE
GR_MOD_COURSE_047_M5,MOD_COURSE_047_M5,GOVERNS_MODULE
GR_MOD_COURSE_047_M6,MOD_COURSE_047_M6,GOVERNS_MODULE
GR_MOD_COURSE_047_M7,MOD_COURSE_047_M7,GOVERNS_MODULE
GR_MOD_COURSE_048_M1,MOD_COURSE_048_M1,GOVERNS_MODULE
GR_MOD_COURSE_048_M2,MOD_COURSE_048_M2,GOVERNS_MODULE
GR_MOD_COURSE_048_M3,MOD_COURSE_048_M3,GOVERNS_MODULE
GR_MOD_COURSE_048_M4,MOD_COURSE_048_M4,GOVERNS_MODULE
GR_MOD_COURSE_048_M5,MOD_COURSE_048_M5,GOVERNS_MODULE
GR_MOD_COURSE_048_M6,MOD_COURSE_048_M6,GOVERNS_MODULE
GR_MOD_COURSE_048_M7,MOD_COURSE_048_M7,GOVERNS_MODULE
GR_MOD_COURSE_049_M1,MOD_COURSE_049_M1,GOVERNS_MODULE
GR_MOD_COURSE_049_M2,MOD_COURSE_049_M2,GOVERNS_MODULE
GR_MOD_COURSE_049_M3,MOD_COURSE_049_M3,GOVERNS_MODULE
GR_MOD_COURSE_049_M4,MOD_COURSE_049_M4,GOVERNS_MODULE
GR_MOD_COURSE_049_M5,MOD_COURSE_049_M5,GOVERNS_MODULE
GR_MOD_COURSE_049_M6,MOD_COURSE_049_M6,GOVERNS_MODULE
GR_MOD_COURSE_049_M7,MOD_COURSE_049_M7,GOVERNS_MODULE
GR_MOD_COURSE_050_M1,MOD_COURSE_050_M1,GOVERNS_MODULE
GR_MOD_COURSE_050_M2,MOD_COURSE_050_M2,GOVERNS_MODULE
GR_MOD_COURSE_050_M3,MOD_COURSE_050_M3,GOVERNS_MODULE
GR_MOD_COURSE_050_M4,MOD_COURSE_050_M4,GOVERNS_MODULE
GR_MOD_COURSE_050_M5,MOD_COURSE_050_M5,GOVERNS_MODULE
GR_MOD_COURSE_050_M6,MOD_COURSE_050_M6,GOVERNS_MODULE
GR_MOD_COURSE_050_M7,MOD_COURSE_050_M7,GOVERNS_MODULE
GR_MOD_COURSE_051_M1,MOD_COURSE_051_M1,GOVERNS_MODULE
GR_MOD_COURSE_051_M2,MOD_COURSE_051_M2,GOVERNS_MODULE
GR_MOD_COURSE_051_M3,MOD_COURSE_051_M3,GOVERNS_MODULE
GR_MOD_COURSE_051_M4,MOD_COURSE_051_M4,GOVERNS_MODULE
GR_MOD_COURSE_051_M5,MOD_COURSE_051_M5,GOVERNS_MODULE
GR_MOD_COURSE_051_M6,MOD_COURSE_051_M6,GOVERNS_MODULE
GR_MOD_COURSE_051_M7,MOD_COURSE_051_M7,GOVERNS_MODULE
GR_MOD_COURSE_052_M1,MOD_COURSE_052_M1,GOVERNS_MODULE
GR_MOD_COURSE_052_M2,MOD_COURSE_052_M2,GOVERNS_MODULE
GR_MOD_COURSE_052_M3,MOD_COURSE_052_M3,GOVERNS_MODULE
GR_MOD_COURSE_052_M4,MOD_COURSE_052_M4,GOVERNS_MODULE
GR_MOD_COURSE_052_M5,MOD_COURSE_052_M5,GOVERNS_MODULE
GR_MOD_COURSE_052_M6,MOD_COURSE_052_M6,GOVERNS_MODULE
GR_MOD_COURSE_052_M7,MOD_COURSE_052_M7,GOVERNS_MODULE
GR_MOD_COURSE_053_M1,MOD_COURSE_053_M1,GOVERNS_MODULE
GR_MOD_COURSE_053_M2,MOD_COURSE_053_M2,GOVERNS_MODULE
GR_MOD_COURSE_053_M3,MOD_COURSE_053_M3,GOVERNS_MODULE
GR_MOD_COURSE_053_M4,MOD_COURSE_053_M4,GOVERNS_MODULE
GR_MOD_COURSE_053_M5,MOD_COURSE_053_M5,GOVERNS_MODULE
GR_MOD_COURSE_053_M6,MOD_COURSE_053_M6,GOVERNS_MODULE
GR_MOD_COURSE_053_M7,MOD_COURSE_053_M7,GOVERNS_MODULE
GR_MOD_COURSE_054_M1,MOD_COURSE_054_M1,GOVERNS_MODULE
GR_MOD_COURSE_054_M2,MOD_COURSE_054_M2,GOVERNS_MODULE
GR_MOD_COURSE_054_M3,MOD_COURSE_054_M3,GOVERNS_MODULE
GR_MOD_COURSE_054_M4,MOD_COURSE_054_M4,GOVERNS_MODULE
GR_MOD_COURSE_054_M5,MOD_COURSE_054_M5,GOVERNS_MODULE
GR_MOD_COURSE_054_M6,MOD_COURSE_054_M6,GOVERNS_MODULE
GR_MOD_COURSE_054_M7,MOD_COURSE_054_M7,GOVERNS_MODULE
GR_MOD_COURSE_055_M1,MOD_COURSE_055_M1,GOVERNS_MODULE
GR_MOD_COURSE_055_M2,MOD_COURSE_055_M2,GOVERNS_MODULE
GR_MOD_COURSE_055_M3,MOD_COURSE_055_M3,GOVERNS_MODULE
GR_MOD_COURSE_055_M4,MOD_COURSE_055_M4,GOVERNS_MODULE
GR_MOD_COURSE_055_M5,MOD_COURSE_055_M5,GOVERNS_MODULE
GR_MOD_COURSE_055_M6,MOD_COURSE_055_M6,GOVERNS_MODULE
GR_MOD_COURSE_055_M7,MOD_COURSE_055_M7,GOVERNS_MODULE
GR_MOD_COURSE_056_M1,MOD_COURSE_056_M1,GOVERNS_MODULE
GR_MOD_COURSE_056_M2,MOD_COURSE_056_M2,GOVERNS_MODULE
GR_MOD_COURSE_056_M3,MOD_COURSE_056_M3,GOVERNS_MODULE
GR_MOD_COURSE_056_M4,MOD_COURSE_056_M4,GOVERNS_MODULE
GR_MOD_COURSE_056_M5,MOD_COURSE_056_M5,GOVERNS_MODULE
GR_MOD_COURSE_056_M6,MOD_COURSE_056_M6,GOVERNS_MODULE
GR_MOD_COURSE_056_M7,MOD_COURSE_056_M7,GOVERNS_MODULE
GR_MOD_COURSE_057_M1,MOD_COURSE_057_M1,GOVERNS_MODULE
GR_MOD_COURSE_057_M2,MOD_COURSE_057_M2,GOVERNS_MODULE
GR_MOD_COURSE_057_M3,MOD_COURSE_057_M3,GOVERNS_MODULE
GR_MOD_COURSE_057_M4,MOD_COURSE_057_M4,GOVERNS_MODULE
GR_MOD_COURSE_057_M5,MOD_COURSE_057_M5,GOVERNS_MODULE
GR_MOD_COURSE_057_M6,MOD_COURSE_057_M6,GOVERNS_MODULE
GR_MOD_COURSE_057_M7,MOD_COURSE_057_M7,GOVERNS_MODULE
GR_MOD_COURSE_058_M1,MOD_COURSE_058_M1,GOVERNS_MODULE
GR_MOD_COURSE_058_M2,MOD_COURSE_058_M2,GOVERNS_MODULE
GR_MOD_COURSE_058_M3,MOD_COURSE_058_M3,GOVERNS_MODULE
GR_MOD_COURSE_058_M4,MOD_COURSE_058_M4,GOVERNS_MODULE
GR_MOD_COURSE_058_M5,MOD_COURSE_058_M5,GOVERNS_MODULE
GR_MOD_COURSE_058_M6,MOD_COURSE_058_M6,GOVERNS_MODULE
GR_MOD_COURSE_058_M7,MOD_COURSE_058_M7,GOVERNS_MODULE
GR_MOD_COURSE_059_M1,MOD_COURSE_059_M1,GOVERNS_MODULE
GR_MOD_COURSE_059_M2,MOD_COURSE_059_M2,GOVERNS_MODULE
GR_MOD_COURSE_059_M3,MOD_COURSE_059_M3,GOVERNS_MODULE
GR_MOD_COURSE_059_M4,MOD_COURSE_059_M4,GOVERNS_MODULE
GR_MOD_COURSE_059_M5,MOD_COURSE_059_M5,GOVERNS_MODULE
GR_MOD_COURSE_059_M6,MOD_COURSE_059_M6,GOVERNS_MODULE
GR_MOD_COURSE_059_M7,MOD_COURSE_059_M7,GOVERNS_MODULE
GR_MOD_COURSE_060_M1,MOD_COURSE_060_M1,GOVERNS_MODULE
GR_MOD_COURSE_060_M2,MOD_COURSE_060_M2,GOVERNS_MODULE
GR_MOD_COURSE_060_M3,MOD_COURSE_060_M3,GOVERNS_MODULE
GR_MOD_COURSE_060_M4,MOD_COURSE_060_M4,GOVERNS_MODULE
GR_MOD_COURSE_060_M5,MOD_COURSE_060_M5,GOVERNS_MODULE
GR_MOD_COURSE_060_M6,MOD_COURSE_060_M6,GOVERNS_MODULE
GR_MOD_COURSE_060_M7,MOD_COURSE_060_M7,GOVERNS_MODULE
GR_SUB_COURSE_001_M01_S01,SUB_COURSE_001_M01_S01,GOVERNS_SUBTOPIC
GR_SUB_COURSE_001_M01_S02,SUB_COURSE_001_M01_S02,GOVERNS_SUBTOPIC
GR_SUB_COURSE_001_M02_S01,SUB_COURSE_001_M02_S01,GOVERNS_SUBTOPIC
GR_SUB_COURSE_001_M02_S02,SUB_COURSE_001_M02_S02,GOVERNS_SUBTOPIC
GR_SUB_COURSE_001_M03_S01,SUB_COURSE_001_M03_S01,GOVERNS_SUBTOPIC
GR_SUB_COURSE_001_M03_S02,SUB_COURSE_001_M03_S02,GOVERNS_SUBTOPIC
GR_SUB_COURSE_001_M04_S01,SUB_COURSE_001_M04_S01,GOVERNS_SUBTOPIC
GR_SUB_COURSE_001_M04_S02,SUB_COURSE_001_M04_S02,GOVERNS_SUBTOPIC
GR_SUB_COURSE_001_M05_S01,SUB_COURSE_001_M05_S01,GOVERNS_SUBTOPIC
GR_SUB_COURSE_002_M01_S01,SUB_COURSE_002_M01_S01,GOVERNS_SUBTOPIC
GR_SUB_COURSE_002_M02_S01,SUB_COURSE_002_M02_S01,GOVERNS_SUBTOPIC
GR_SUB_COURSE_002_M03_S01,SUB_COURSE_002_M03_S01,GOVERNS_SUBTOPIC
GR_SUB_COURSE_002_M04_S01,SUB_COURSE_002_M04_S01,GOVERNS_SUBTOPIC
GR_SUB_COURSE_002_M05_S01,SUB_COURSE_002_M05_S01,GOVERNS_SUBTOPIC
GR_SUB_COURSE_003_M01_S01,SUB_COURSE_003_M01_S01,GOVERNS_SUBTOPIC
GR_SUB_COURSE_003_M02_S01,SUB_COURSE_003_M02_S01,GOVERNS_SUBTOPIC
GR_SUB_COURSE_003_M03_S01,SUB_COURSE_003_M03_S01,GOVERNS_SUBTOPIC
GR_SUB_COURSE_003_M04_S01,SUB_COURSE_003_M04_S01,GOVERNS_SUBTOPIC
GR_SUB_COURSE_003_M05_S01,SUB_COURSE_003_M05_S01,GOVERNS_SUBTOPIC
GR_SUB_COURSE_004_M01_S01,SUB_COURSE_004_M01_S01,GOVERNS_SUBTOPIC
GR_SUB_COURSE_004_M02_S01,SUB_COURSE_004_M02_S01,GOVERNS_SUBTOPIC
GR_SUB_COURSE_004_M03_S01,SUB_COURSE_004_M03_S01,GOVERNS_SUBTOPIC
GR_SUB_COURSE_004_M04_S01,SUB_COURSE_004_M04_S01,GOVERNS_SUBTOPIC
GR_SUB_COURSE_004_M05_S01,SUB_COURSE_004_M05_S01,GOVERNS_SUBTOPIC
GR_SUB_COURSE_005_M01_S01,SUB_COURSE_005_M01_S01,GOVERNS_SUBTOPIC
GR_SUB_COURSE_005_M02_S01,SUB_COURSE_005_M02_S01,GOVERNS_SUBTOPIC
GR_SUB_COURSE_005_M03_S01,SUB_COURSE_005_M03_S01,GOVERNS_SUBTOPIC
GR_SUB_COURSE_005_M04_S01,SUB_COURSE_005_M04_S01,GOVERNS_SUBTOPIC
GR_SUB_COURSE_005_M05_S01,SUB_COURSE_005_M05_S01,GOVERNS_SUBTOPIC
GR_SUB_COURSE_006_M01_S01,SUB_COURSE_006_M01_S01,GOVERNS_SUBTOPIC
GR_SUB_COURSE_006_M02_S01,SUB_COURSE_006_M02_S01,GOVERNS_SUBTOPIC
GR_SUB_COURSE_006_M03_S01,SUB_COURSE_006_M03_S01,GOVERNS_SUBTOPIC
GR_SUB_COURSE_006_M04_S01,SUB_COURSE_006_M04_S01,GOVERNS_SUBTOPIC
GR_SUB_COURSE_006_M05_S01,SUB_COURSE_006_M05_S01,GOVERNS_SUBTOPIC
GR_SUB_COURSE_007_M01_S01,SUB_COURSE_007_M01_S01,GOVERNS_SUBTOPIC
GR_SUB_COURSE_007_M02_S01,SUB_COURSE_007_M02_S01,GOVERNS_SUBTOPIC
GR_SUB_COURSE_007_M03_S01,SUB_COURSE_007_M03_S01,GOVERNS_SUBTOPIC
GR_SUB_COURSE_007_M04_S01,SUB_COURSE_007_M04_S01,GOVERNS_SUBTOPIC
GR_SUB_COURSE_007_M05_S01,SUB_COURSE_007_M05_S01,GOVERNS_SUBTOPIC
GR_SUB_COURSE_008_M01_S01,SUB_COURSE_008_M01_S01,GOVERNS_SUBTOPIC
GR_SUB_COURSE_008_M02_S01,SUB_COURSE_008_M02_S01,GOVERNS_SUBTOPIC
GR_SUB_COURSE_008_M03_S01,SUB_COURSE_008_M03_S01,GOVERNS_SUBTOPIC
GR_SUB_COURSE_008_M04_S01,SUB_COURSE_008_M04_S01,GOVERNS_SUBTOPIC
GR_SUB_COURSE_008_M05_S01,SUB_COURSE_008_M05_S01,GOVERNS_SUBTOPIC
GR_SUB_COURSE_009_M01_S01,SUB_COURSE_009_M01_S01,GOVERNS_SUBTOPIC
GR_SUB_COURSE_009_M02_S01,SUB_COURSE_009_M02_S01,GOVERNS_SUBTOPIC
GR_SUB_COURSE_009_M03_S01,SUB_COURSE_009_M03_S01,GOVERNS_SUBTOPIC
GR_SUB_COURSE_009_M04_S01,SUB_COURSE_009_M04_S01,GOVERNS_SUBTOPIC
GR_SUB_COURSE_009_M05_S01,SUB_COURSE_009_M05_S01,GOVERNS_SUBTOPIC
GR_SUB_COURSE_010_M01_S01,SUB_COURSE_010_M01_S01,GOVERNS_SUBTOPIC
GR_SUB_COURSE_010_M02_S01,SUB_COURSE_010_M02_S01,GOVERNS_SUBTOPIC
GR_SUB_COURSE_010_M03_S01,SUB_COURSE_010_M03_S01,GOVERNS_SUBTOPIC
GR_SUB_COURSE_010_M04_S01,SUB_COURSE_010_M04_S01,GOVERNS_SUBTOPIC
GR_SUB_COURSE_010_M05_S01,SUB_COURSE_010_M05_S01,GOVERNS_SUBTOPIC
GR_SUB_COURSE_011_M01_S01,SUB_COURSE_011_M01_S01,GOVERNS_SUBTOPIC
GR_SUB_COURSE_011_M02_S01,SUB_COURSE_011_M02_S01,GOVERNS_SUBTOPIC
GR_SUB_COURSE_011_M03_S01,SUB_COURSE_011_M03_S01,GOVERNS_SUBTOPIC
GR_SUB_COURSE_011_M04_S01,SUB_COURSE_011_M04_S01,GOVERNS_SUBTOPIC
GR_SUB_COURSE_011_M05_S01,SUB_COURSE_011_M05_S01,GOVERNS_SUBTOPIC
GR_SUB_COURSE_012_M01_S01,SUB_COURSE_012_M01_S01,GOVERNS_SUBTOPIC
GR_SUB_COURSE_012_M02_S01,SUB_COURSE_012_M02_S01,GOVERNS_SUBTOPIC
GR_SUB_COURSE_012_M03_S01,SUB_COURSE_012_M03_S01,GOVERNS_SUBTOPIC
GR_SUB_COURSE_012_M04_S01,SUB_COURSE_012_M04_S01,GOVERNS_SUBTOPIC
GR_SUB_COURSE_012_M05_S01,SUB_COURSE_012_M05_S01,GOVERNS_SUBTOPIC
GR_SUB_COURSE_013_M01_S01,SUB_COURSE_013_M01_S01,GOVERNS_SUBTOPIC
GR_SUB_COURSE_013_M02_S01,SUB_COURSE_013_M02_S01,GOVERNS_SUBTOPIC
GR_SUB_COURSE_013_M03_S01,SUB_COURSE_013_M03_S01,GOVERNS_SUBTOPIC
GR_SUB_COURSE_013_M04_S01,SUB_COURSE_013_M04_S01,GOVERNS_SUBTOPIC
GR_SUB_COURSE_013_M05_S01,SUB_COURSE_013_M05_S01,GOVERNS_SUBTOPIC
GR_SUB_COURSE_014_M01_S01,SUB_COURSE_014_M01_S01,GOVERNS_SUBTOPIC
GR_SUB_COURSE_014_M02_S01,SUB_COURSE_014_M02_S01,GOVERNS_SUBTOPIC
GR_SUB_COURSE_014_M03_S01,SUB_COURSE_014_M03_S01,GOVERNS_SUBTOPIC
GR_SUB_COURSE_014_M04_S01,SUB_COURSE_014_M04_S01,GOVERNS_SUBTOPIC
GR_SUB_COURSE_014_M05_S01,SUB_COURSE_014_M05_S01,GOVERNS_SUBTOPIC
GR_SUB_COURSE_015_M01_S01,SUB_COURSE_015_M01_S01,GOVERNS_SUBTOPIC
GR_SUB_COURSE_015_M02_S01,SUB_COURSE_015_M02_S01,GOVERNS_SUBTOPIC
GR_SUB_COURSE_015_M03_S01,SUB_COURSE_015_M03_S01,GOVERNS_SUBTOPIC
GR_SUB_COURSE_015_M04_S01,SUB_COURSE_015_M04_S01,GOVERNS_SUBTOPIC
GR_SUB_COURSE_015_M05_S01,SUB_COURSE_015_M05_S01,GOVERNS_SUBTOPIC
GR_SUB_COURSE_016_M01_S01,SUB_COURSE_016_M01_S01,GOVERNS_SUBTOPIC
GR_SUB_COURSE_016_M02_S01,SUB_COURSE_016_M02_S01,GOVERNS_SUBTOPIC
GR_SUB_COURSE_016_M03_S01,SUB_COURSE_016_M03_S01,GOVERNS_SUBTOPIC
GR_SUB_COURSE_016_M04_S01,SUB_COURSE_016_M04_S01,GOVERNS_SUBTOPIC
GR_SUB_COURSE_016_M05_S01,SUB_COURSE_016_M05_S01,GOVERNS_SUBTOPIC
GR_SUB_COURSE_017_M01_S01,SUB_COURSE_017_M01_S01,GOVERNS_SUBTOPIC
GR_SUB_COURSE_017_M02_S01,SUB_COURSE_017_M02_S01,GOVERNS_SUBTOPIC
GR_SUB_COURSE_017_M03_S01,SUB_COURSE_017_M03_S01,GOVERNS_SUBTOPIC
GR_SUB_COURSE_017_M04_S01,SUB_COURSE_017_M04_S01,GOVERNS_SUBTOPIC
GR_SUB_COURSE_017_M05_S01,SUB_COURSE_017_M05_S01,GOVERNS_SUBTOPIC
GR_SUB_COURSE_018_M01_S01,SUB_COURSE_018_M01_S01,GOVERNS_SUBTOPIC
GR_SUB_COURSE_018_M02_S01,SUB_COURSE_018_M02_S01,GOVERNS_SUBTOPIC
GR_SUB_COURSE_018_M03_S01,SUB_COURSE_018_M03_S01,GOVERNS_SUBTOPIC
GR_SUB_COURSE_018_M04_S01,SUB_COURSE_018_M04_S01,GOVERNS_SUBTOPIC
GR_SUB_COURSE_018_M05_S01,SUB_COURSE_018_M05_S01,GOVERNS_SUBTOPIC
GR_SUB_COURSE_019_M01_S01,SUB_COURSE_019_M01_S01,GOVERNS_SUBTOPIC
GR_SUB_COURSE_019_M02_S01,SUB_COURSE_019_M02_S01,GOVERNS_SUBTOPIC
GR_SUB_COURSE_019_M03_S01,SUB_COURSE_019_M03_S01,GOVERNS_SUBTOPIC
GR_SUB_COURSE_019_M04_S01,SUB_COURSE_019_M04_S01,GOVERNS_SUBTOPIC
GR_SUB_COURSE_019_M05_S01,SUB_COURSE_019_M05_S01,GOVERNS_SUBTOPIC
GR_SUB_COURSE_020_M01_S01,SUB_COURSE_020_M01_S01,GOVERNS_SUBTOPIC
GR_SUB_COURSE_020_M02_S01,SUB_COURSE_020_M02_S01,GOVERNS_SUBTOPIC
GR_SUB_COURSE_020_M03_S01,SUB_COURSE_020_M03_S01,GOVERNS_SUBTOPIC
GR_SUB_COURSE_020_M04_S01,SUB_COURSE_020_M04_S01,GOVERNS_SUBTOPIC
GR_SUB_COURSE_020_M05_S01,SUB_COURSE_020_M05_S01,GOVERNS_SUBTOPIC
GR_SUB_COURSE_021_M01_S01,SUB_COURSE_021_M01_S01,GOVERNS_SUBTOPIC
GR_SUB_COURSE_021_M02_S01,SUB_COURSE_021_M02_S01,GOVERNS_SUBTOPIC
GR_SUB_COURSE_021_M03_S01,SUB_COURSE_021_M03_S01,GOVERNS_SUBTOPIC
GR_SUB_COURSE_021_M04_S01,SUB_COURSE_021_M04_S01,GOVERNS_SUBTOPIC
GR_SUB_COURSE_021_M05_S01,SUB_COURSE_021_M05_S01,GOVERNS_SUBTOPIC
GR_SUB_COURSE_022_M01_S01,SUB_COURSE_022_M01_S01,GOVERNS_SUBTOPIC
GR_SUB_COURSE_022_M02_S01,SUB_COURSE_022_M02_S01,GOVERNS_SUBTOPIC
GR_SUB_COURSE_022_M03_S01,SUB_COURSE_022_M03_S01,GOVERNS_SUBTOPIC
GR_SUB_COURSE_022_M04_S01,SUB_COURSE_022_M04_S01,GOVERNS_SUBTOPIC
GR_SUB_COURSE_022_M05_S01,SUB_COURSE_022_M05_S01,GOVERNS_SUBTOPIC
GR_SUB_COURSE_023_M01_S01,SUB_COURSE_023_M01_S01,GOVERNS_SUBTOPIC
GR_SUB_COURSE_023_M02_S01,SUB_COURSE_023_M02_S01,GOVERNS_SUBTOPIC
GR_SUB_COURSE_023_M03_S01,SUB_COURSE_023_M03_S01,GOVERNS_SUBTOPIC
GR_SUB_COURSE_023_M04_S01,SUB_COURSE_023_M04_S01,GOVERNS_SUBTOPIC
GR_SUB_COURSE_023_M05_S01,SUB_COURSE_023_M05_S01,GOVERNS_SUBTOPIC
GR_SUB_COURSE_024_M01_S01,SUB_COURSE_024_M01_S01,GOVERNS_SUBTOPIC
GR_SUB_COURSE_024_M02_S01,SUB_COURSE_024_M02_S01,GOVERNS_SUBTOPIC
GR_SUB_COURSE_024_M03_S01,SUB_COURSE_024_M03_S01,GOVERNS_SUBTOPIC
GR_SUB_COURSE_024_M04_S01,SUB_COURSE_024_M04_S01,GOVERNS_SUBTOPIC
GR_SUB_COURSE_024_M05_S01,SUB_COURSE_024_M05_S01,GOVERNS_SUBTOPIC
GR_SUB_COURSE_025_M1_S1,SUB_COURSE_025_M1_S1,GOVERNS_SUBTOPIC
GR_SUB_COURSE_025_M1_S2,SUB_COURSE_025_M1_S2,GOVERNS_SUBTOPIC
GR_SUB_COURSE_025_M1_S3,SUB_COURSE_025_M1_S3,GOVERNS_SUBTOPIC
GR_SUB_COURSE_025_M1_S4,SUB_COURSE_025_M1_S4,GOVERNS_SUBTOPIC
GR_SUB_COURSE_025_M2_S1,SUB_COURSE_025_M2_S1,GOVERNS_SUBTOPIC
GR_SUB_COURSE_025_M2_S2,SUB_COURSE_025_M2_S2,GOVERNS_SUBTOPIC
GR_SUB_COURSE_025_M2_S3,SUB_COURSE_025_M2_S3,GOVERNS_SUBTOPIC
GR_SUB_COURSE_025_M2_S4,SUB_COURSE_025_M2_S4,GOVERNS_SUBTOPIC
GR_SUB_COURSE_025_M2_S5,SUB_COURSE_025_M2_S5,GOVERNS_SUBTOPIC
GR_SUB_COURSE_025_M3_S1,SUB_COURSE_025_M3_S1,GOVERNS_SUBTOPIC
GR_SUB_COURSE_025_M3_S2,SUB_COURSE_025_M3_S2,GOVERNS_SUBTOPIC
GR_SUB_COURSE_025_M3_S3,SUB_COURSE_025_M3_S3,GOVERNS_SUBTOPIC
GR_SUB_COURSE_025_M3_S4,SUB_COURSE_025_M3_S4,GOVERNS_SUBTOPIC
GR_SUB_COURSE_025_M3_S5,SUB_COURSE_025_M3_S5,GOVERNS_SUBTOPIC
GR_SUB_COURSE_025_M3_S6,SUB_COURSE_025_M3_S6,GOVERNS_SUBTOPIC
GR_SUB_COURSE_025_M4_S1,SUB_COURSE_025_M4_S1,GOVERNS_SUBTOPIC
GR_SUB_COURSE_025_M4_S2,SUB_COURSE_025_M4_S2,GOVERNS_SUBTOPIC
GR_SUB_COURSE_025_M4_S3,SUB_COURSE_025_M4_S3,GOVERNS_SUBTOPIC
GR_SUB_COURSE_025_M4_S4,SUB_COURSE_025_M4_S4,GOVERNS_SUBTOPIC
GR_SUB_COURSE_025_M4_S5,SUB_COURSE_025_M4_S5,GOVERNS_SUBTOPIC
GR_SUB_COURSE_025_M5_S1,SUB_COURSE_025_M5_S1,GOVERNS_SUBTOPIC
GR_SUB_COURSE_025_M5_S2,SUB_COURSE_025_M5_S2,GOVERNS_SUBTOPIC
GR_SUB_COURSE_025_M5_S3,SUB_COURSE_025_M5_S3,GOVERNS_SUBTOPIC
GR_SUB_COURSE_025_M5_S4,SUB_COURSE_025_M5_S4,GOVERNS_SUBTOPIC
GR_SUB_COURSE_025_M5_S5,SUB_COURSE_025_M5_S5,GOVERNS_SUBTOPIC
GR_SUB_COURSE_025_M5_S6,SUB_COURSE_025_M5_S6,GOVERNS_SUBTOPIC
GR_SUB_COURSE_025_M6_S1,SUB_COURSE_025_M6_S1,GOVERNS_SUBTOPIC
GR_SUB_COURSE_025_M6_S2,SUB_COURSE_025_M6_S2,GOVERNS_SUBTOPIC
GR_SUB_COURSE_025_M6_S3,SUB_COURSE_025_M6_S3,GOVERNS_SUBTOPIC
GR_SUB_COURSE_025_M6_S4,SUB_COURSE_025_M6_S4,GOVERNS_SUBTOPIC
GR_SUB_COURSE_025_M6_S5,SUB_COURSE_025_M6_S5,GOVERNS_SUBTOPIC
GR_SUB_COURSE_025_M6_S6,SUB_COURSE_025_M6_S6,GOVERNS_SUBTOPIC
GR_SUB_COURSE_025_M7_S1,SUB_COURSE_025_M7_S1,GOVERNS_SUBTOPIC
GR_SUB_COURSE_025_M7_S2,SUB_COURSE_025_M7_S2,GOVERNS_SUBTOPIC
GR_SUB_COURSE_025_M7_S3,SUB_COURSE_025_M7_S3,GOVERNS_SUBTOPIC
GR_SUB_COURSE_025_M7_S4,SUB_COURSE_025_M7_S4,GOVERNS_SUBTOPIC
GR_SUB_COURSE_025_M7_S5,SUB_COURSE_025_M7_S5,GOVERNS_SUBTOPIC
GR_SUB_COURSE_025_M7_S6,SUB_COURSE_025_M7_S6,GOVERNS_SUBTOPIC
GR_SUB_COURSE_025_M8_S1,SUB_COURSE_025_M8_S1,GOVERNS_SUBTOPIC
GR_SUB_COURSE_025_M8_S2,SUB_COURSE_025_M8_S2,GOVERNS_SUBTOPIC
GR_SUB_COURSE_025_M8_S3,SUB_COURSE_025_M8_S3,GOVERNS_SUBTOPIC
GR_SUB_COURSE_025_M8_S4,SUB_COURSE_025_M8_S4,GOVERNS_SUBTOPIC
GR_SUB_COURSE_025_M8_S5,SUB_COURSE_025_M8_S5,GOVERNS_SUBTOPIC
GR_SUB_COURSE_025_M8_S6,SUB_COURSE_025_M8_S6,GOVERNS_SUBTOPIC
GR_SUB_COURSE_026_M1_S1,SUB_COURSE_026_M1_S1,GOVERNS_SUBTOPIC
GR_SUB_COURSE_026_M1_S2,SUB_COURSE_026_M1_S2,GOVERNS_SUBTOPIC
GR_SUB_COURSE_026_M1_S3,SUB_COURSE_026_M1_S3,GOVERNS_SUBTOPIC
GR_SUB_COURSE_026_M1_S4,SUB_COURSE_026_M1_S4,GOVERNS_SUBTOPIC
GR_SUB_COURSE_026_M1_S5,SUB_COURSE_026_M1_S5,GOVERNS_SUBTOPIC
GR_SUB_COURSE_026_M2_S1,SUB_COURSE_026_M2_S1,GOVERNS_SUBTOPIC
GR_SUB_COURSE_026_M2_S2,SUB_COURSE_026_M2_S2,GOVERNS_SUBTOPIC
GR_SUB_COURSE_026_M2_S3,SUB_COURSE_026_M2_S3,GOVERNS_SUBTOPIC
GR_SUB_COURSE_026_M2_S4,SUB_COURSE_026_M2_S4,GOVERNS_SUBTOPIC
GR_SUB_COURSE_026_M2_S5,SUB_COURSE_026_M2_S5,GOVERNS_SUBTOPIC
GR_SUB_COURSE_026_M2_S6,SUB_COURSE_026_M2_S6,GOVERNS_SUBTOPIC
GR_SUB_COURSE_026_M3_S1,SUB_COURSE_026_M3_S1,GOVERNS_SUBTOPIC
GR_SUB_COURSE_026_M3_S2,SUB_COURSE_026_M3_S2,GOVERNS_SUBTOPIC
GR_SUB_COURSE_026_M3_S3,SUB_COURSE_026_M3_S3,GOVERNS_SUBTOPIC
GR_SUB_COURSE_026_M3_S4,SUB_COURSE_026_M3_S4,GOVERNS_SUBTOPIC
GR_SUB_COURSE_026_M3_S5,SUB_COURSE_026_M3_S5,GOVERNS_SUBTOPIC
GR_SUB_COURSE_026_M3_S6,SUB_COURSE_026_M3_S6,GOVERNS_SUBTOPIC
GR_SUB_COURSE_026_M4_S1,SUB_COURSE_026_M4_S1,GOVERNS_SUBTOPIC
GR_SUB_COURSE_026_M4_S2,SUB_COURSE_026_M4_S2,GOVERNS_SUBTOPIC
GR_SUB_COURSE_026_M4_S3,SUB_COURSE_026_M4_S3,GOVERNS_SUBTOPIC
GR_SUB_COURSE_026_M4_S4,SUB_COURSE_026_M4_S4,GOVERNS_SUBTOPIC
GR_SUB_COURSE_026_M4_S5,SUB_COURSE_026_M4_S5,GOVERNS_SUBTOPIC
GR_SUB_COURSE_026_M4_S6,SUB_COURSE_026_M4_S6,GOVERNS_SUBTOPIC
GR_SUB_COURSE_026_M5_S1,SUB_COURSE_026_M5_S1,GOVERNS_SUBTOPIC
GR_SUB_COURSE_026_M5_S2,SUB_COURSE_026_M5_S2,GOVERNS_SUBTOPIC
GR_SUB_COURSE_026_M5_S3,SUB_COURSE_026_M5_S3,GOVERNS_SUBTOPIC
GR_SUB_COURSE_026_M5_S4,SUB_COURSE_026_M5_S4,GOVERNS_SUBTOPIC
GR_SUB_COURSE_026_M5_S5,SUB_COURSE_026_M5_S5,GOVERNS_SUBTOPIC
GR_SUB_COURSE_026_M6_S1,SUB_COURSE_026_M6_S1,GOVERNS_SUBTOPIC
GR_SUB_COURSE_026_M6_S2,SUB_COURSE_026_M6_S2,GOVERNS_SUBTOPIC
GR_SUB_COURSE_026_M6_S3,SUB_COURSE_026_M6_S3,GOVERNS_SUBTOPIC
GR_SUB_COURSE_026_M6_S4,SUB_COURSE_026_M6_S4,GOVERNS_SUBTOPIC
GR_SUB_COURSE_026_M6_S5,SUB_COURSE_026_M6_S5,GOVERNS_SUBTOPIC
GR_SUB_COURSE_026_M6_S6,SUB_COURSE_026_M6_S6,GOVERNS_SUBTOPIC
GR_SUB_COURSE_026_M7_S1,SUB_COURSE_026_M7_S1,GOVERNS_SUBTOPIC
GR_SUB_COURSE_026_M7_S2,SUB_COURSE_026_M7_S2,GOVERNS_SUBTOPIC
GR_SUB_COURSE_026_M7_S3,SUB_COURSE_026_M7_S3,GOVERNS_SUBTOPIC
GR_SUB_COURSE_026_M7_S4,SUB_COURSE_026_M7_S4,GOVERNS_SUBTOPIC
GR_SUB_COURSE_026_M7_S5,SUB_COURSE_026_M7_S5,GOVERNS_SUBTOPIC
GR_SUB_COURSE_026_M7_S6,SUB_COURSE_026_M7_S6,GOVERNS_SUBTOPIC
GR_SUB_COURSE_027_M1_S1,SUB_COURSE_027_M1_S1,GOVERNS_SUBTOPIC
GR_SUB_COURSE_027_M1_S2,SUB_COURSE_027_M1_S2,GOVERNS_SUBTOPIC
GR_SUB_COURSE_027_M1_S3,SUB_COURSE_027_M1_S3,GOVERNS_SUBTOPIC
GR_SUB_COURSE_027_M1_S4,SUB_COURSE_027_M1_S4,GOVERNS_SUBTOPIC
GR_SUB_COURSE_027_M1_S5,SUB_COURSE_027_M1_S5,GOVERNS_SUBTOPIC
GR_SUB_COURSE_027_M2_S1,SUB_COURSE_027_M2_S1,GOVERNS_SUBTOPIC
GR_SUB_COURSE_027_M2_S2,SUB_COURSE_027_M2_S2,GOVERNS_SUBTOPIC
GR_SUB_COURSE_027_M2_S3,SUB_COURSE_027_M2_S3,GOVERNS_SUBTOPIC
GR_SUB_COURSE_027_M2_S4,SUB_COURSE_027_M2_S4,GOVERNS_SUBTOPIC
GR_SUB_COURSE_027_M2_S5,SUB_COURSE_027_M2_S5,GOVERNS_SUBTOPIC
GR_SUB_COURSE_027_M2_S6,SUB_COURSE_027_M2_S6,GOVERNS_SUBTOPIC
GR_SUB_COURSE_027_M3_S1,SUB_COURSE_027_M3_S1,GOVERNS_SUBTOPIC
GR_SUB_COURSE_027_M3_S2,SUB_COURSE_027_M3_S2,GOVERNS_SUBTOPIC
GR_SUB_COURSE_027_M3_S3,SUB_COURSE_027_M3_S3,GOVERNS_SUBTOPIC
GR_SUB_COURSE_027_M3_S4,SUB_COURSE_027_M3_S4,GOVERNS_SUBTOPIC
GR_SUB_COURSE_027_M3_S5,SUB_COURSE_027_M3_S5,GOVERNS_SUBTOPIC
GR_SUB_COURSE_027_M4_S1,SUB_COURSE_027_M4_S1,GOVERNS_SUBTOPIC
GR_SUB_COURSE_027_M4_S2,SUB_COURSE_027_M4_S2,GOVERNS_SUBTOPIC
GR_SUB_COURSE_027_M4_S3,SUB_COURSE_027_M4_S3,GOVERNS_SUBTOPIC
GR_SUB_COURSE_027_M4_S4,SUB_COURSE_027_M4_S4,GOVERNS_SUBTOPIC
GR_SUB_COURSE_027_M4_S5,SUB_COURSE_027_M4_S5,GOVERNS_SUBTOPIC
GR_SUB_COURSE_027_M5_S1,SUB_COURSE_027_M5_S1,GOVERNS_SUBTOPIC
GR_SUB_COURSE_027_M5_S2,SUB_COURSE_027_M5_S2,GOVERNS_SUBTOPIC
GR_SUB_COURSE_027_M5_S3,SUB_COURSE_027_M5_S3,GOVERNS_SUBTOPIC
GR_SUB_COURSE_027_M5_S4,SUB_COURSE_027_M5_S4,GOVERNS_SUBTOPIC
GR_SUB_COURSE_027_M5_S5,SUB_COURSE_027_M5_S5,GOVERNS_SUBTOPIC
GR_SUB_COURSE_027_M6_S1,SUB_COURSE_027_M6_S1,GOVERNS_SUBTOPIC
GR_SUB_COURSE_027_M6_S2,SUB_COURSE_027_M6_S2,GOVERNS_SUBTOPIC
GR_SUB_COURSE_027_M6_S3,SUB_COURSE_027_M6_S3,GOVERNS_SUBTOPIC
GR_SUB_COURSE_027_M6_S4,SUB_COURSE_027_M6_S4,GOVERNS_SUBTOPIC
GR_SUB_COURSE_027_M6_S5,SUB_COURSE_027_M6_S5,GOVERNS_SUBTOPIC
GR_SUB_COURSE_027_M7_S1,SUB_COURSE_027_M7_S1,GOVERNS_SUBTOPIC
GR_SUB_COURSE_027_M7_S2,SUB_COURSE_027_M7_S2,GOVERNS_SUBTOPIC
GR_SUB_COURSE_027_M7_S3,SUB_COURSE_027_M7_S3,GOVERNS_SUBTOPIC
GR_SUB_COURSE_027_M7_S4,SUB_COURSE_027_M7_S4,GOVERNS_SUBTOPIC
GR_SUB_COURSE_027_M7_S5,SUB_COURSE_027_M7_S5,GOVERNS_SUBTOPIC
GR_SUB_COURSE_028_M1_S1,SUB_COURSE_028_M1_S1,GOVERNS_SUBTOPIC
GR_SUB_COURSE_028_M1_S2,SUB_COURSE_028_M1_S2,GOVERNS_SUBTOPIC
GR_SUB_COURSE_028_M1_S3,SUB_COURSE_028_M1_S3,GOVERNS_SUBTOPIC
GR_SUB_COURSE_028_M1_S4,SUB_COURSE_028_M1_S4,GOVERNS_SUBTOPIC
GR_SUB_COURSE_028_M1_S5,SUB_COURSE_028_M1_S5,GOVERNS_SUBTOPIC
GR_SUB_COURSE_028_M2_S1,SUB_COURSE_028_M2_S1,GOVERNS_SUBTOPIC
GR_SUB_COURSE_028_M2_S2,SUB_COURSE_028_M2_S2,GOVERNS_SUBTOPIC
GR_SUB_COURSE_028_M2_S3,SUB_COURSE_028_M2_S3,GOVERNS_SUBTOPIC
GR_SUB_COURSE_028_M2_S4,SUB_COURSE_028_M2_S4,GOVERNS_SUBTOPIC
GR_SUB_COURSE_028_M2_S5,SUB_COURSE_028_M2_S5,GOVERNS_SUBTOPIC
GR_SUB_COURSE_028_M3_S1,SUB_COURSE_028_M3_S1,GOVERNS_SUBTOPIC
GR_SUB_COURSE_028_M3_S2,SUB_COURSE_028_M3_S2,GOVERNS_SUBTOPIC
GR_SUB_COURSE_028_M3_S3,SUB_COURSE_028_M3_S3,GOVERNS_SUBTOPIC
GR_SUB_COURSE_028_M3_S4,SUB_COURSE_028_M3_S4,GOVERNS_SUBTOPIC
GR_SUB_COURSE_028_M3_S5,SUB_COURSE_028_M3_S5,GOVERNS_SUBTOPIC
GR_SUB_COURSE_028_M4_S1,SUB_COURSE_028_M4_S1,GOVERNS_SUBTOPIC
GR_SUB_COURSE_028_M4_S2,SUB_COURSE_028_M4_S2,GOVERNS_SUBTOPIC
GR_SUB_COURSE_028_M4_S3,SUB_COURSE_028_M4_S3,GOVERNS_SUBTOPIC
GR_SUB_COURSE_028_M4_S4,SUB_COURSE_028_M4_S4,GOVERNS_SUBTOPIC
GR_SUB_COURSE_028_M4_S5,SUB_COURSE_028_M4_S5,GOVERNS_SUBTOPIC
GR_SUB_COURSE_028_M5_S1,SUB_COURSE_028_M5_S1,GOVERNS_SUBTOPIC
GR_SUB_COURSE_028_M5_S2,SUB_COURSE_028_M5_S2,GOVERNS_SUBTOPIC
GR_SUB_COURSE_028_M5_S3,SUB_COURSE_028_M5_S3,GOVERNS_SUBTOPIC
GR_SUB_COURSE_028_M5_S4,SUB_COURSE_028_M5_S4,GOVERNS_SUBTOPIC
GR_SUB_COURSE_028_M5_S5,SUB_COURSE_028_M5_S5,GOVERNS_SUBTOPIC
GR_SUB_COURSE_028_M5_S6,SUB_COURSE_028_M5_S6,GOVERNS_SUBTOPIC
GR_SUB_COURSE_028_M6_S1,SUB_COURSE_028_M6_S1,GOVERNS_SUBTOPIC
GR_SUB_COURSE_028_M6_S2,SUB_COURSE_028_M6_S2,GOVERNS_SUBTOPIC
GR_SUB_COURSE_028_M6_S3,SUB_COURSE_028_M6_S3,GOVERNS_SUBTOPIC
GR_SUB_COURSE_028_M6_S4,SUB_COURSE_028_M6_S4,GOVERNS_SUBTOPIC
GR_SUB_COURSE_028_M6_S5,SUB_COURSE_028_M6_S5,GOVERNS_SUBTOPIC
GR_SUB_COURSE_028_M7_S1,SUB_COURSE_028_M7_S1,GOVERNS_SUBTOPIC
GR_SUB_COURSE_028_M7_S2,SUB_COURSE_028_M7_S2,GOVERNS_SUBTOPIC
GR_SUB_COURSE_028_M7_S3,SUB_COURSE_028_M7_S3,GOVERNS_SUBTOPIC
GR_SUB_COURSE_028_M7_S4,SUB_COURSE_028_M7_S4,GOVERNS_SUBTOPIC
GR_SUB_COURSE_028_M7_S5,SUB_COURSE_028_M7_S5,GOVERNS_SUBTOPIC
GR_SUB_COURSE_029_M1_S1,SUB_COURSE_029_M1_S1,GOVERNS_SUBTOPIC
GR_SUB_COURSE_029_M1_S2,SUB_COURSE_029_M1_S2,GOVERNS_SUBTOPIC
GR_SUB_COURSE_029_M1_S3,SUB_COURSE_029_M1_S3,GOVERNS_SUBTOPIC
GR_SUB_COURSE_029_M1_S4,SUB_COURSE_029_M1_S4,GOVERNS_SUBTOPIC
GR_SUB_COURSE_029_M1_S5,SUB_COURSE_029_M1_S5,GOVERNS_SUBTOPIC
GR_SUB_COURSE_029_M2_S1,SUB_COURSE_029_M2_S1,GOVERNS_SUBTOPIC
GR_SUB_COURSE_029_M2_S2,SUB_COURSE_029_M2_S2,GOVERNS_SUBTOPIC
GR_SUB_COURSE_029_M2_S3,SUB_COURSE_029_M2_S3,GOVERNS_SUBTOPIC
GR_SUB_COURSE_029_M2_S4,SUB_COURSE_029_M2_S4,GOVERNS_SUBTOPIC
GR_SUB_COURSE_029_M2_S5,SUB_COURSE_029_M2_S5,GOVERNS_SUBTOPIC
GR_SUB_COURSE_029_M2_S6,SUB_COURSE_029_M2_S6,GOVERNS_SUBTOPIC
GR_SUB_COURSE_029_M3_S1,SUB_COURSE_029_M3_S1,GOVERNS_SUBTOPIC
GR_SUB_COURSE_029_M3_S2,SUB_COURSE_029_M3_S2,GOVERNS_SUBTOPIC
GR_SUB_COURSE_029_M3_S3,SUB_COURSE_029_M3_S3,GOVERNS_SUBTOPIC
GR_SUB_COURSE_029_M3_S4,SUB_COURSE_029_M3_S4,GOVERNS_SUBTOPIC
GR_SUB_COURSE_029_M3_S5,SUB_COURSE_029_M3_S5,GOVERNS_SUBTOPIC
GR_SUB_COURSE_029_M3_S6,SUB_COURSE_029_M3_S6,GOVERNS_SUBTOPIC
GR_SUB_COURSE_029_M4_S1,SUB_COURSE_029_M4_S1,GOVERNS_SUBTOPIC
GR_SUB_COURSE_029_M4_S2,SUB_COURSE_029_M4_S2,GOVERNS_SUBTOPIC
GR_SUB_COURSE_029_M4_S3,SUB_COURSE_029_M4_S3,GOVERNS_SUBTOPIC
GR_SUB_COURSE_029_M4_S4,SUB_COURSE_029_M4_S4,GOVERNS_SUBTOPIC
GR_SUB_COURSE_029_M4_S5,SUB_COURSE_029_M4_S5,GOVERNS_SUBTOPIC
GR_SUB_COURSE_029_M4_S6,SUB_COURSE_029_M4_S6,GOVERNS_SUBTOPIC
GR_SUB_COURSE_029_M5_S1,SUB_COURSE_029_M5_S1,GOVERNS_SUBTOPIC
GR_SUB_COURSE_029_M5_S2,SUB_COURSE_029_M5_S2,GOVERNS_SUBTOPIC
GR_SUB_COURSE_029_M5_S3,SUB_COURSE_029_M5_S3,GOVERNS_SUBTOPIC
GR_SUB_COURSE_029_M5_S4,SUB_COURSE_029_M5_S4,GOVERNS_SUBTOPIC
GR_SUB_COURSE_029_M5_S5,SUB_COURSE_029_M5_S5,GOVERNS_SUBTOPIC
GR_SUB_COURSE_029_M5_S6,SUB_COURSE_029_M5_S6,GOVERNS_SUBTOPIC
GR_SUB_COURSE_029_M6_S1,SUB_COURSE_029_M6_S1,GOVERNS_SUBTOPIC
GR_SUB_COURSE_029_M6_S2,SUB_COURSE_029_M6_S2,GOVERNS_SUBTOPIC
GR_SUB_COURSE_029_M6_S3,SUB_COURSE_029_M6_S3,GOVERNS_SUBTOPIC
GR_SUB_COURSE_029_M6_S4,SUB_COURSE_029_M6_S4,GOVERNS_SUBTOPIC
GR_SUB_COURSE_029_M6_S5,SUB_COURSE_029_M6_S5,GOVERNS_SUBTOPIC
GR_SUB_COURSE_029_M7_S1,SUB_COURSE_029_M7_S1,GOVERNS_SUBTOPIC
GR_SUB_COURSE_029_M7_S2,SUB_COURSE_029_M7_S2,GOVERNS_SUBTOPIC
GR_SUB_COURSE_029_M7_S3,SUB_COURSE_029_M7_S3,GOVERNS_SUBTOPIC
GR_SUB_COURSE_029_M7_S4,SUB_COURSE_029_M7_S4,GOVERNS_SUBTOPIC
GR_SUB_COURSE_029_M7_S5,SUB_COURSE_029_M7_S5,GOVERNS_SUBTOPIC
GR_SUB_COURSE_029_M8_S1,SUB_COURSE_029_M8_S1,GOVERNS_SUBTOPIC
GR_SUB_COURSE_029_M8_S2,SUB_COURSE_029_M8_S2,GOVERNS_SUBTOPIC
GR_SUB_COURSE_029_M8_S3,SUB_COURSE_029_M8_S3,GOVERNS_SUBTOPIC
GR_SUB_COURSE_029_M8_S4,SUB_COURSE_029_M8_S4,GOVERNS_SUBTOPIC
GR_SUB_COURSE_029_M8_S5,SUB_COURSE_029_M8_S5,GOVERNS_SUBTOPIC
GR_SUB_COURSE_029_M8_S6,SUB_COURSE_029_M8_S6,GOVERNS_SUBTOPIC
GR_SUB_COURSE_030_M1_S1,SUB_COURSE_030_M1_S1,GOVERNS_SUBTOPIC
GR_SUB_COURSE_030_M1_S2,SUB_COURSE_030_M1_S2,GOVERNS_SUBTOPIC
GR_SUB_COURSE_030_M1_S3,SUB_COURSE_030_M1_S3,GOVERNS_SUBTOPIC
GR_SUB_COURSE_030_M1_S4,SUB_COURSE_030_M1_S4,GOVERNS_SUBTOPIC
GR_SUB_COURSE_030_M2_S1,SUB_COURSE_030_M2_S1,GOVERNS_SUBTOPIC
GR_SUB_COURSE_030_M2_S2,SUB_COURSE_030_M2_S2,GOVERNS_SUBTOPIC
GR_SUB_COURSE_030_M2_S3,SUB_COURSE_030_M2_S3,GOVERNS_SUBTOPIC
GR_SUB_COURSE_030_M2_S4,SUB_COURSE_030_M2_S4,GOVERNS_SUBTOPIC
GR_SUB_COURSE_030_M2_S5,SUB_COURSE_030_M2_S5,GOVERNS_SUBTOPIC
GR_SUB_COURSE_030_M3_S1,SUB_COURSE_030_M3_S1,GOVERNS_SUBTOPIC
GR_SUB_COURSE_030_M3_S2,SUB_COURSE_030_M3_S2,GOVERNS_SUBTOPIC
GR_SUB_COURSE_030_M3_S3,SUB_COURSE_030_M3_S3,GOVERNS_SUBTOPIC
GR_SUB_COURSE_030_M3_S4,SUB_COURSE_030_M3_S4,GOVERNS_SUBTOPIC
GR_SUB_COURSE_030_M3_S5,SUB_COURSE_030_M3_S5,GOVERNS_SUBTOPIC
GR_SUB_COURSE_030_M4_S1,SUB_COURSE_030_M4_S1,GOVERNS_SUBTOPIC
GR_SUB_COURSE_030_M4_S2,SUB_COURSE_030_M4_S2,GOVERNS_SUBTOPIC
GR_SUB_COURSE_030_M4_S3,SUB_COURSE_030_M4_S3,GOVERNS_SUBTOPIC
GR_SUB_COURSE_030_M4_S4,SUB_COURSE_030_M4_S4,GOVERNS_SUBTOPIC
GR_SUB_COURSE_030_M4_S5,SUB_COURSE_030_M4_S5,GOVERNS_SUBTOPIC
GR_SUB_COURSE_030_M4_S6,SUB_COURSE_030_M4_S6,GOVERNS_SUBTOPIC
GR_SUB_COURSE_030_M5_S1,SUB_COURSE_030_M5_S1,GOVERNS_SUBTOPIC
GR_SUB_COURSE_030_M5_S2,SUB_COURSE_030_M5_S2,GOVERNS_SUBTOPIC
GR_SUB_COURSE_030_M5_S3,SUB_COURSE_030_M5_S3,GOVERNS_SUBTOPIC
GR_SUB_COURSE_030_M5_S4,SUB_COURSE_030_M5_S4,GOVERNS_SUBTOPIC
GR_SUB_COURSE_030_M5_S5,SUB_COURSE_030_M5_S5,GOVERNS_SUBTOPIC
GR_SUB_COURSE_030_M5_S6,SUB_COURSE_030_M5_S6,GOVERNS_SUBTOPIC
GR_SUB_COURSE_030_M6_S1,SUB_COURSE_030_M6_S1,GOVERNS_SUBTOPIC
GR_SUB_COURSE_030_M6_S2,SUB_COURSE_030_M6_S2,GOVERNS_SUBTOPIC
GR_SUB_COURSE_030_M6_S3,SUB_COURSE_030_M6_S3,GOVERNS_SUBTOPIC
GR_SUB_COURSE_030_M6_S4,SUB_COURSE_030_M6_S4,GOVERNS_SUBTOPIC
GR_SUB_COURSE_030_M6_S5,SUB_COURSE_030_M6_S5,GOVERNS_SUBTOPIC
GR_SUB_COURSE_030_M7_S1,SUB_COURSE_030_M7_S1,GOVERNS_SUBTOPIC
GR_SUB_COURSE_030_M7_S2,SUB_COURSE_030_M7_S2,GOVERNS_SUBTOPIC
GR_SUB_COURSE_030_M7_S3,SUB_COURSE_030_M7_S3,GOVERNS_SUBTOPIC
GR_SUB_COURSE_030_M7_S4,SUB_COURSE_030_M7_S4,GOVERNS_SUBTOPIC
GR_SUB_COURSE_030_M7_S5,SUB_COURSE_030_M7_S5,GOVERNS_SUBTOPIC
GR_SUB_COURSE_031_M1_S1,SUB_COURSE_031_M1_S1,GOVERNS_SUBTOPIC
GR_SUB_COURSE_031_M1_S2,SUB_COURSE_031_M1_S2,GOVERNS_SUBTOPIC
GR_SUB_COURSE_031_M1_S3,SUB_COURSE_031_M1_S3,GOVERNS_SUBTOPIC
GR_SUB_COURSE_031_M1_S4,SUB_COURSE_031_M1_S4,GOVERNS_SUBTOPIC
GR_SUB_COURSE_031_M1_S5,SUB_COURSE_031_M1_S5,GOVERNS_SUBTOPIC
GR_SUB_COURSE_031_M2_S1,SUB_COURSE_031_M2_S1,GOVERNS_SUBTOPIC
GR_SUB_COURSE_031_M2_S2,SUB_COURSE_031_M2_S2,GOVERNS_SUBTOPIC
GR_SUB_COURSE_031_M2_S3,SUB_COURSE_031_M2_S3,GOVERNS_SUBTOPIC
GR_SUB_COURSE_031_M2_S4,SUB_COURSE_031_M2_S4,GOVERNS_SUBTOPIC
GR_SUB_COURSE_031_M2_S5,SUB_COURSE_031_M2_S5,GOVERNS_SUBTOPIC
GR_SUB_COURSE_031_M3_S1,SUB_COURSE_031_M3_S1,GOVERNS_SUBTOPIC
GR_SUB_COURSE_031_M3_S2,SUB_COURSE_031_M3_S2,GOVERNS_SUBTOPIC
GR_SUB_COURSE_031_M3_S3,SUB_COURSE_031_M3_S3,GOVERNS_SUBTOPIC
GR_SUB_COURSE_031_M3_S4,SUB_COURSE_031_M3_S4,GOVERNS_SUBTOPIC
GR_SUB_COURSE_031_M3_S5,SUB_COURSE_031_M3_S5,GOVERNS_SUBTOPIC
GR_SUB_COURSE_031_M4_S1,SUB_COURSE_031_M4_S1,GOVERNS_SUBTOPIC
GR_SUB_COURSE_031_M4_S2,SUB_COURSE_031_M4_S2,GOVERNS_SUBTOPIC
GR_SUB_COURSE_031_M4_S3,SUB_COURSE_031_M4_S3,GOVERNS_SUBTOPIC
GR_SUB_COURSE_031_M4_S4,SUB_COURSE_031_M4_S4,GOVERNS_SUBTOPIC
GR_SUB_COURSE_031_M4_S5,SUB_COURSE_031_M4_S5,GOVERNS_SUBTOPIC
GR_SUB_COURSE_031_M5_S1,SUB_COURSE_031_M5_S1,GOVERNS_SUBTOPIC
GR_SUB_COURSE_031_M5_S2,SUB_COURSE_031_M5_S2,GOVERNS_SUBTOPIC
GR_SUB_COURSE_031_M5_S3,SUB_COURSE_031_M5_S3,GOVERNS_SUBTOPIC
GR_SUB_COURSE_031_M5_S4,SUB_COURSE_031_M5_S4,GOVERNS_SUBTOPIC
GR_SUB_COURSE_031_M6_S1,SUB_COURSE_031_M6_S1,GOVERNS_SUBTOPIC
GR_SUB_COURSE_031_M6_S2,SUB_COURSE_031_M6_S2,GOVERNS_SUBTOPIC
GR_SUB_COURSE_031_M6_S3,SUB_COURSE_031_M6_S3,GOVERNS_SUBTOPIC
GR_SUB_COURSE_031_M6_S4,SUB_COURSE_031_M6_S4,GOVERNS_SUBTOPIC
GR_SUB_COURSE_031_M6_S5,SUB_COURSE_031_M6_S5,GOVERNS_SUBTOPIC
GR_SUB_COURSE_031_M7_S1,SUB_COURSE_031_M7_S1,GOVERNS_SUBTOPIC
GR_SUB_COURSE_031_M7_S2,SUB_COURSE_031_M7_S2,GOVERNS_SUBTOPIC
GR_SUB_COURSE_031_M7_S3,SUB_COURSE_031_M7_S3,GOVERNS_SUBTOPIC
GR_SUB_COURSE_031_M7_S4,SUB_COURSE_031_M7_S4,GOVERNS_SUBTOPIC
GR_SUB_COURSE_032_M1_S1,SUB_COURSE_032_M1_S1,GOVERNS_SUBTOPIC
GR_SUB_COURSE_032_M1_S2,SUB_COURSE_032_M1_S2,GOVERNS_SUBTOPIC
GR_SUB_COURSE_032_M1_S3,SUB_COURSE_032_M1_S3,GOVERNS_SUBTOPIC
GR_SUB_COURSE_032_M1_S4,SUB_COURSE_032_M1_S4,GOVERNS_SUBTOPIC
GR_SUB_COURSE_032_M1_S5,SUB_COURSE_032_M1_S5,GOVERNS_SUBTOPIC
GR_SUB_COURSE_032_M1_S6,SUB_COURSE_032_M1_S6,GOVERNS_SUBTOPIC
GR_SUB_COURSE_032_M2_S1,SUB_COURSE_032_M2_S1,GOVERNS_SUBTOPIC
GR_SUB_COURSE_032_M2_S2,SUB_COURSE_032_M2_S2,GOVERNS_SUBTOPIC
GR_SUB_COURSE_032_M2_S3,SUB_COURSE_032_M2_S3,GOVERNS_SUBTOPIC
GR_SUB_COURSE_032_M2_S4,SUB_COURSE_032_M2_S4,GOVERNS_SUBTOPIC
GR_SUB_COURSE_032_M2_S5,SUB_COURSE_032_M2_S5,GOVERNS_SUBTOPIC
GR_SUB_COURSE_032_M3_S1,SUB_COURSE_032_M3_S1,GOVERNS_SUBTOPIC
GR_SUB_COURSE_032_M3_S2,SUB_COURSE_032_M3_S2,GOVERNS_SUBTOPIC
GR_SUB_COURSE_032_M3_S3,SUB_COURSE_032_M3_S3,GOVERNS_SUBTOPIC
GR_SUB_COURSE_032_M3_S4,SUB_COURSE_032_M3_S4,GOVERNS_SUBTOPIC
GR_SUB_COURSE_032_M4_S1,SUB_COURSE_032_M4_S1,GOVERNS_SUBTOPIC
GR_SUB_COURSE_032_M4_S2,SUB_COURSE_032_M4_S2,GOVERNS_SUBTOPIC
GR_SUB_COURSE_032_M4_S3,SUB_COURSE_032_M4_S3,GOVERNS_SUBTOPIC
GR_SUB_COURSE_032_M4_S4,SUB_COURSE_032_M4_S4,GOVERNS_SUBTOPIC
GR_SUB_COURSE_032_M5_S1,SUB_COURSE_032_M5_S1,GOVERNS_SUBTOPIC
GR_SUB_COURSE_032_M5_S2,SUB_COURSE_032_M5_S2,GOVERNS_SUBTOPIC
GR_SUB_COURSE_032_M5_S3,SUB_COURSE_032_M5_S3,GOVERNS_SUBTOPIC
GR_SUB_COURSE_032_M5_S4,SUB_COURSE_032_M5_S4,GOVERNS_SUBTOPIC
GR_SUB_COURSE_032_M5_S5,SUB_COURSE_032_M5_S5,GOVERNS_SUBTOPIC
GR_SUB_COURSE_032_M6_S1,SUB_COURSE_032_M6_S1,GOVERNS_SUBTOPIC
GR_SUB_COURSE_032_M6_S2,SUB_COURSE_032_M6_S2,GOVERNS_SUBTOPIC
GR_SUB_COURSE_032_M6_S3,SUB_COURSE_032_M6_S3,GOVERNS_SUBTOPIC
GR_SUB_COURSE_032_M6_S4,SUB_COURSE_032_M6_S4,GOVERNS_SUBTOPIC
GR_SUB_COURSE_032_M6_S5,SUB_COURSE_032_M6_S5,GOVERNS_SUBTOPIC
GR_SUB_COURSE_032_M7_S1,SUB_COURSE_032_M7_S1,GOVERNS_SUBTOPIC
GR_SUB_COURSE_032_M7_S2,SUB_COURSE_032_M7_S2,GOVERNS_SUBTOPIC
GR_SUB_COURSE_032_M7_S3,SUB_COURSE_032_M7_S3,GOVERNS_SUBTOPIC
GR_SUB_COURSE_032_M7_S4,SUB_COURSE_032_M7_S4,GOVERNS_SUBTOPIC
GR_SUB_COURSE_032_M7_S5,SUB_COURSE_032_M7_S5,GOVERNS_SUBTOPIC
GR_SUB_COURSE_033_M1_S1,SUB_COURSE_033_M1_S1,GOVERNS_SUBTOPIC
GR_SUB_COURSE_033_M1_S2,SUB_COURSE_033_M1_S2,GOVERNS_SUBTOPIC
GR_SUB_COURSE_033_M1_S3,SUB_COURSE_033_M1_S3,GOVERNS_SUBTOPIC
GR_SUB_COURSE_033_M1_S4,SUB_COURSE_033_M1_S4,GOVERNS_SUBTOPIC
GR_SUB_COURSE_033_M1_S5,SUB_COURSE_033_M1_S5,GOVERNS_SUBTOPIC
GR_SUB_COURSE_033_M2_S1,SUB_COURSE_033_M2_S1,GOVERNS_SUBTOPIC
GR_SUB_COURSE_033_M2_S2,SUB_COURSE_033_M2_S2,GOVERNS_SUBTOPIC
GR_SUB_COURSE_033_M2_S3,SUB_COURSE_033_M2_S3,GOVERNS_SUBTOPIC
GR_SUB_COURSE_033_M2_S4,SUB_COURSE_033_M2_S4,GOVERNS_SUBTOPIC
GR_SUB_COURSE_033_M2_S5,SUB_COURSE_033_M2_S5,GOVERNS_SUBTOPIC
GR_SUB_COURSE_033_M3_S1,SUB_COURSE_033_M3_S1,GOVERNS_SUBTOPIC
GR_SUB_COURSE_033_M3_S2,SUB_COURSE_033_M3_S2,GOVERNS_SUBTOPIC
GR_SUB_COURSE_033_M3_S3,SUB_COURSE_033_M3_S3,GOVERNS_SUBTOPIC
GR_SUB_COURSE_033_M3_S4,SUB_COURSE_033_M3_S4,GOVERNS_SUBTOPIC
GR_SUB_COURSE_033_M3_S5,SUB_COURSE_033_M3_S5,GOVERNS_SUBTOPIC
GR_SUB_COURSE_033_M4_S1,SUB_COURSE_033_M4_S1,GOVERNS_SUBTOPIC
GR_SUB_COURSE_033_M4_S2,SUB_COURSE_033_M4_S2,GOVERNS_SUBTOPIC
GR_SUB_COURSE_033_M4_S3,SUB_COURSE_033_M4_S3,GOVERNS_SUBTOPIC
GR_SUB_COURSE_033_M4_S4,SUB_COURSE_033_M4_S4,GOVERNS_SUBTOPIC
GR_SUB_COURSE_033_M4_S5,SUB_COURSE_033_M4_S5,GOVERNS_SUBTOPIC
GR_SUB_COURSE_033_M5_S1,SUB_COURSE_033_M5_S1,GOVERNS_SUBTOPIC
GR_SUB_COURSE_033_M5_S2,SUB_COURSE_033_M5_S2,GOVERNS_SUBTOPIC
GR_SUB_COURSE_033_M5_S3,SUB_COURSE_033_M5_S3,GOVERNS_SUBTOPIC
GR_SUB_COURSE_033_M5_S4,SUB_COURSE_033_M5_S4,GOVERNS_SUBTOPIC
GR_SUB_COURSE_033_M5_S5,SUB_COURSE_033_M5_S5,GOVERNS_SUBTOPIC
GR_SUB_COURSE_033_M6_S1,SUB_COURSE_033_M6_S1,GOVERNS_SUBTOPIC
GR_SUB_COURSE_033_M6_S2,SUB_COURSE_033_M6_S2,GOVERNS_SUBTOPIC
GR_SUB_COURSE_033_M6_S3,SUB_COURSE_033_M6_S3,GOVERNS_SUBTOPIC
GR_SUB_COURSE_033_M6_S4,SUB_COURSE_033_M6_S4,GOVERNS_SUBTOPIC
GR_SUB_COURSE_033_M7_S1,SUB_COURSE_033_M7_S1,GOVERNS_SUBTOPIC
GR_SUB_COURSE_033_M7_S2,SUB_COURSE_033_M7_S2,GOVERNS_SUBTOPIC
GR_SUB_COURSE_033_M7_S3,SUB_COURSE_033_M7_S3,GOVERNS_SUBTOPIC
GR_SUB_COURSE_033_M7_S4,SUB_COURSE_033_M7_S4,GOVERNS_SUBTOPIC
GR_SUB_COURSE_034_M1_S1,SUB_COURSE_034_M1_S1,GOVERNS_SUBTOPIC
GR_SUB_COURSE_034_M1_S2,SUB_COURSE_034_M1_S2,GOVERNS_SUBTOPIC
GR_SUB_COURSE_034_M1_S3,SUB_COURSE_034_M1_S3,GOVERNS_SUBTOPIC
GR_SUB_COURSE_034_M1_S4,SUB_COURSE_034_M1_S4,GOVERNS_SUBTOPIC
GR_SUB_COURSE_034_M2_S1,SUB_COURSE_034_M2_S1,GOVERNS_SUBTOPIC
GR_SUB_COURSE_034_M2_S2,SUB_COURSE_034_M2_S2,GOVERNS_SUBTOPIC
GR_SUB_COURSE_034_M2_S3,SUB_COURSE_034_M2_S3,GOVERNS_SUBTOPIC
GR_SUB_COURSE_034_M2_S4,SUB_COURSE_034_M2_S4,GOVERNS_SUBTOPIC
GR_SUB_COURSE_034_M3_S1,SUB_COURSE_034_M3_S1,GOVERNS_SUBTOPIC
GR_SUB_COURSE_034_M3_S2,SUB_COURSE_034_M3_S2,GOVERNS_SUBTOPIC
GR_SUB_COURSE_034_M3_S3,SUB_COURSE_034_M3_S3,GOVERNS_SUBTOPIC
GR_SUB_COURSE_034_M3_S4,SUB_COURSE_034_M3_S4,GOVERNS_SUBTOPIC
GR_SUB_COURSE_034_M3_S5,SUB_COURSE_034_M3_S5,GOVERNS_SUBTOPIC
GR_SUB_COURSE_034_M4_S1,SUB_COURSE_034_M4_S1,GOVERNS_SUBTOPIC
GR_SUB_COURSE_034_M4_S2,SUB_COURSE_034_M4_S2,GOVERNS_SUBTOPIC
GR_SUB_COURSE_034_M4_S3,SUB_COURSE_034_M4_S3,GOVERNS_SUBTOPIC
GR_SUB_COURSE_034_M4_S4,SUB_COURSE_034_M4_S4,GOVERNS_SUBTOPIC
GR_SUB_COURSE_034_M5_S1,SUB_COURSE_034_M5_S1,GOVERNS_SUBTOPIC
GR_SUB_COURSE_034_M5_S2,SUB_COURSE_034_M5_S2,GOVERNS_SUBTOPIC
GR_SUB_COURSE_034_M5_S3,SUB_COURSE_034_M5_S3,GOVERNS_SUBTOPIC
GR_SUB_COURSE_034_M5_S4,SUB_COURSE_034_M5_S4,GOVERNS_SUBTOPIC
GR_SUB_COURSE_034_M5_S5,SUB_COURSE_034_M5_S5,GOVERNS_SUBTOPIC
GR_SUB_COURSE_034_M6_S1,SUB_COURSE_034_M6_S1,GOVERNS_SUBTOPIC
GR_SUB_COURSE_034_M6_S2,SUB_COURSE_034_M6_S2,GOVERNS_SUBTOPIC
GR_SUB_COURSE_034_M6_S3,SUB_COURSE_034_M6_S3,GOVERNS_SUBTOPIC
GR_SUB_COURSE_034_M6_S4,SUB_COURSE_034_M6_S4,GOVERNS_SUBTOPIC
GR_SUB_COURSE_034_M7_S1,SUB_COURSE_034_M7_S1,GOVERNS_SUBTOPIC
GR_SUB_COURSE_034_M7_S2,SUB_COURSE_034_M7_S2,GOVERNS_SUBTOPIC
GR_SUB_COURSE_034_M7_S3,SUB_COURSE_034_M7_S3,GOVERNS_SUBTOPIC
GR_SUB_COURSE_034_M7_S4,SUB_COURSE_034_M7_S4,GOVERNS_SUBTOPIC
GR_SUB_COURSE_034_M7_S5,SUB_COURSE_034_M7_S5,GOVERNS_SUBTOPIC
GR_SUB_COURSE_035_M1_S1,SUB_COURSE_035_M1_S1,GOVERNS_SUBTOPIC
GR_SUB_COURSE_035_M1_S2,SUB_COURSE_035_M1_S2,GOVERNS_SUBTOPIC
GR_SUB_COURSE_035_M1_S3,SUB_COURSE_035_M1_S3,GOVERNS_SUBTOPIC
GR_SUB_COURSE_035_M1_S4,SUB_COURSE_035_M1_S4,GOVERNS_SUBTOPIC
GR_SUB_COURSE_035_M1_S5,SUB_COURSE_035_M1_S5,GOVERNS_SUBTOPIC
GR_SUB_COURSE_035_M2_S1,SUB_COURSE_035_M2_S1,GOVERNS_SUBTOPIC
GR_SUB_COURSE_035_M2_S2,SUB_COURSE_035_M2_S2,GOVERNS_SUBTOPIC
GR_SUB_COURSE_035_M2_S3,SUB_COURSE_035_M2_S3,GOVERNS_SUBTOPIC
GR_SUB_COURSE_035_M2_S4,SUB_COURSE_035_M2_S4,GOVERNS_SUBTOPIC
GR_SUB_COURSE_035_M2_S5,SUB_COURSE_035_M2_S5,GOVERNS_SUBTOPIC
GR_SUB_COURSE_035_M3_S1,SUB_COURSE_035_M3_S1,GOVERNS_SUBTOPIC
GR_SUB_COURSE_035_M3_S2,SUB_COURSE_035_M3_S2,GOVERNS_SUBTOPIC
GR_SUB_COURSE_035_M3_S3,SUB_COURSE_035_M3_S3,GOVERNS_SUBTOPIC
GR_SUB_COURSE_035_M3_S4,SUB_COURSE_035_M3_S4,GOVERNS_SUBTOPIC
GR_SUB_COURSE_035_M4_S1,SUB_COURSE_035_M4_S1,GOVERNS_SUBTOPIC
GR_SUB_COURSE_035_M4_S2,SUB_COURSE_035_M4_S2,GOVERNS_SUBTOPIC
GR_SUB_COURSE_035_M4_S3,SUB_COURSE_035_M4_S3,GOVERNS_SUBTOPIC
GR_SUB_COURSE_035_M4_S4,SUB_COURSE_035_M4_S4,GOVERNS_SUBTOPIC
GR_SUB_COURSE_035_M4_S5,SUB_COURSE_035_M4_S5,GOVERNS_SUBTOPIC
GR_SUB_COURSE_035_M5_S1,SUB_COURSE_035_M5_S1,GOVERNS_SUBTOPIC
GR_SUB_COURSE_035_M5_S2,SUB_COURSE_035_M5_S2,GOVERNS_SUBTOPIC
GR_SUB_COURSE_035_M5_S3,SUB_COURSE_035_M5_S3,GOVERNS_SUBTOPIC
GR_SUB_COURSE_035_M5_S4,SUB_COURSE_035_M5_S4,GOVERNS_SUBTOPIC
GR_SUB_COURSE_035_M5_S5,SUB_COURSE_035_M5_S5,GOVERNS_SUBTOPIC
GR_SUB_COURSE_035_M6_S1,SUB_COURSE_035_M6_S1,GOVERNS_SUBTOPIC
GR_SUB_COURSE_035_M6_S2,SUB_COURSE_035_M6_S2,GOVERNS_SUBTOPIC
GR_SUB_COURSE_035_M6_S3,SUB_COURSE_035_M6_S3,GOVERNS_SUBTOPIC
GR_SUB_COURSE_035_M6_S4,SUB_COURSE_035_M6_S4,GOVERNS_SUBTOPIC
GR_SUB_COURSE_035_M6_S5,SUB_COURSE_035_M6_S5,GOVERNS_SUBTOPIC
GR_SUB_COURSE_035_M7_S1,SUB_COURSE_035_M7_S1,GOVERNS_SUBTOPIC
GR_SUB_COURSE_035_M7_S2,SUB_COURSE_035_M7_S2,GOVERNS_SUBTOPIC
GR_SUB_COURSE_035_M7_S3,SUB_COURSE_035_M7_S3,GOVERNS_SUBTOPIC
GR_SUB_COURSE_035_M7_S4,SUB_COURSE_035_M7_S4,GOVERNS_SUBTOPIC
GR_SUB_COURSE_035_M7_S5,SUB_COURSE_035_M7_S5,GOVERNS_SUBTOPIC
GR_SUB_COURSE_036_M1_S1,SUB_COURSE_036_M1_S1,GOVERNS_SUBTOPIC
GR_SUB_COURSE_036_M1_S2,SUB_COURSE_036_M1_S2,GOVERNS_SUBTOPIC
GR_SUB_COURSE_036_M1_S3,SUB_COURSE_036_M1_S3,GOVERNS_SUBTOPIC
GR_SUB_COURSE_036_M1_S4,SUB_COURSE_036_M1_S4,GOVERNS_SUBTOPIC
GR_SUB_COURSE_036_M1_S5,SUB_COURSE_036_M1_S5,GOVERNS_SUBTOPIC
GR_SUB_COURSE_036_M1_S6,SUB_COURSE_036_M1_S6,GOVERNS_SUBTOPIC
GR_SUB_COURSE_036_M2_S1,SUB_COURSE_036_M2_S1,GOVERNS_SUBTOPIC
GR_SUB_COURSE_036_M2_S2,SUB_COURSE_036_M2_S2,GOVERNS_SUBTOPIC
GR_SUB_COURSE_036_M2_S3,SUB_COURSE_036_M2_S3,GOVERNS_SUBTOPIC
GR_SUB_COURSE_036_M2_S4,SUB_COURSE_036_M2_S4,GOVERNS_SUBTOPIC
GR_SUB_COURSE_036_M2_S5,SUB_COURSE_036_M2_S5,GOVERNS_SUBTOPIC
GR_SUB_COURSE_036_M3_S1,SUB_COURSE_036_M3_S1,GOVERNS_SUBTOPIC
GR_SUB_COURSE_036_M3_S2,SUB_COURSE_036_M3_S2,GOVERNS_SUBTOPIC
GR_SUB_COURSE_036_M3_S3,SUB_COURSE_036_M3_S3,GOVERNS_SUBTOPIC
GR_SUB_COURSE_036_M3_S4,SUB_COURSE_036_M3_S4,GOVERNS_SUBTOPIC
GR_SUB_COURSE_036_M3_S5,SUB_COURSE_036_M3_S5,GOVERNS_SUBTOPIC
GR_SUB_COURSE_036_M3_S6,SUB_COURSE_036_M3_S6,GOVERNS_SUBTOPIC
GR_SUB_COURSE_036_M4_S1,SUB_COURSE_036_M4_S1,GOVERNS_SUBTOPIC
GR_SUB_COURSE_036_M4_S2,SUB_COURSE_036_M4_S2,GOVERNS_SUBTOPIC
GR_SUB_COURSE_036_M4_S3,SUB_COURSE_036_M4_S3,GOVERNS_SUBTOPIC
GR_SUB_COURSE_036_M4_S4,SUB_COURSE_036_M4_S4,GOVERNS_SUBTOPIC
GR_SUB_COURSE_036_M4_S5,SUB_COURSE_036_M4_S5,GOVERNS_SUBTOPIC
GR_SUB_COURSE_036_M5_S1,SUB_COURSE_036_M5_S1,GOVERNS_SUBTOPIC
GR_SUB_COURSE_036_M5_S2,SUB_COURSE_036_M5_S2,GOVERNS_SUBTOPIC
GR_SUB_COURSE_036_M5_S3,SUB_COURSE_036_M5_S3,GOVERNS_SUBTOPIC
GR_SUB_COURSE_036_M5_S4,SUB_COURSE_036_M5_S4,GOVERNS_SUBTOPIC
GR_SUB_COURSE_036_M5_S5,SUB_COURSE_036_M5_S5,GOVERNS_SUBTOPIC
GR_SUB_COURSE_036_M6_S1,SUB_COURSE_036_M6_S1,GOVERNS_SUBTOPIC
GR_SUB_COURSE_036_M6_S2,SUB_COURSE_036_M6_S2,GOVERNS_SUBTOPIC
GR_SUB_COURSE_036_M6_S3,SUB_COURSE_036_M6_S3,GOVERNS_SUBTOPIC
GR_SUB_COURSE_036_M6_S4,SUB_COURSE_036_M6_S4,GOVERNS_SUBTOPIC
GR_SUB_COURSE_036_M7_S1,SUB_COURSE_036_M7_S1,GOVERNS_SUBTOPIC
GR_SUB_COURSE_036_M7_S2,SUB_COURSE_036_M7_S2,GOVERNS_SUBTOPIC
GR_SUB_COURSE_036_M7_S3,SUB_COURSE_036_M7_S3,GOVERNS_SUBTOPIC
GR_SUB_COURSE_036_M7_S4,SUB_COURSE_036_M7_S4,GOVERNS_SUBTOPIC
GR_SUB_COURSE_036_M7_S5,SUB_COURSE_036_M7_S5,GOVERNS_SUBTOPIC
GR_SUB_COURSE_037_M1_S1,SUB_COURSE_037_M1_S1,GOVERNS_SUBTOPIC
GR_SUB_COURSE_037_M1_S2,SUB_COURSE_037_M1_S2,GOVERNS_SUBTOPIC
GR_SUB_COURSE_037_M1_S3,SUB_COURSE_037_M1_S3,GOVERNS_SUBTOPIC
GR_SUB_COURSE_037_M1_S4,SUB_COURSE_037_M1_S4,GOVERNS_SUBTOPIC
GR_SUB_COURSE_037_M2_S1,SUB_COURSE_037_M2_S1,GOVERNS_SUBTOPIC
GR_SUB_COURSE_037_M2_S2,SUB_COURSE_037_M2_S2,GOVERNS_SUBTOPIC
GR_SUB_COURSE_037_M2_S3,SUB_COURSE_037_M2_S3,GOVERNS_SUBTOPIC
GR_SUB_COURSE_037_M2_S4,SUB_COURSE_037_M2_S4,GOVERNS_SUBTOPIC
GR_SUB_COURSE_037_M3_S1,SUB_COURSE_037_M3_S1,GOVERNS_SUBTOPIC
GR_SUB_COURSE_037_M3_S2,SUB_COURSE_037_M3_S2,GOVERNS_SUBTOPIC
GR_SUB_COURSE_037_M3_S3,SUB_COURSE_037_M3_S3,GOVERNS_SUBTOPIC
GR_SUB_COURSE_037_M3_S4,SUB_COURSE_037_M3_S4,GOVERNS_SUBTOPIC
GR_SUB_COURSE_037_M3_S5,SUB_COURSE_037_M3_S5,GOVERNS_SUBTOPIC
GR_SUB_COURSE_037_M4_S1,SUB_COURSE_037_M4_S1,GOVERNS_SUBTOPIC
GR_SUB_COURSE_037_M4_S2,SUB_COURSE_037_M4_S2,GOVERNS_SUBTOPIC
GR_SUB_COURSE_037_M4_S3,SUB_COURSE_037_M4_S3,GOVERNS_SUBTOPIC
GR_SUB_COURSE_037_M4_S4,SUB_COURSE_037_M4_S4,GOVERNS_SUBTOPIC
GR_SUB_COURSE_037_M4_S5,SUB_COURSE_037_M4_S5,GOVERNS_SUBTOPIC
GR_SUB_COURSE_037_M5_S1,SUB_COURSE_037_M5_S1,GOVERNS_SUBTOPIC
GR_SUB_COURSE_037_M5_S2,SUB_COURSE_037_M5_S2,GOVERNS_SUBTOPIC
GR_SUB_COURSE_037_M5_S3,SUB_COURSE_037_M5_S3,GOVERNS_SUBTOPIC
GR_SUB_COURSE_037_M5_S4,SUB_COURSE_037_M5_S4,GOVERNS_SUBTOPIC
GR_SUB_COURSE_037_M5_S5,SUB_COURSE_037_M5_S5,GOVERNS_SUBTOPIC
GR_SUB_COURSE_037_M6_S1,SUB_COURSE_037_M6_S1,GOVERNS_SUBTOPIC
GR_SUB_COURSE_037_M6_S2,SUB_COURSE_037_M6_S2,GOVERNS_SUBTOPIC
GR_SUB_COURSE_037_M6_S3,SUB_COURSE_037_M6_S3,GOVERNS_SUBTOPIC
GR_SUB_COURSE_037_M6_S4,SUB_COURSE_037_M6_S4,GOVERNS_SUBTOPIC
GR_SUB_COURSE_037_M7_S1,SUB_COURSE_037_M7_S1,GOVERNS_SUBTOPIC
GR_SUB_COURSE_037_M7_S2,SUB_COURSE_037_M7_S2,GOVERNS_SUBTOPIC
GR_SUB_COURSE_037_M7_S3,SUB_COURSE_037_M7_S3,GOVERNS_SUBTOPIC
GR_SUB_COURSE_037_M7_S4,SUB_COURSE_037_M7_S4,GOVERNS_SUBTOPIC
GR_SUB_COURSE_037_M7_S5,SUB_COURSE_037_M7_S5,GOVERNS_SUBTOPIC
GR_SUB_COURSE_038_M1_S1,SUB_COURSE_038_M1_S1,GOVERNS_SUBTOPIC
GR_SUB_COURSE_038_M1_S2,SUB_COURSE_038_M1_S2,GOVERNS_SUBTOPIC
GR_SUB_COURSE_038_M1_S3,SUB_COURSE_038_M1_S3,GOVERNS_SUBTOPIC
GR_SUB_COURSE_038_M1_S4,SUB_COURSE_038_M1_S4,GOVERNS_SUBTOPIC
GR_SUB_COURSE_038_M1_S5,SUB_COURSE_038_M1_S5,GOVERNS_SUBTOPIC
GR_SUB_COURSE_038_M2_S1,SUB_COURSE_038_M2_S1,GOVERNS_SUBTOPIC
GR_SUB_COURSE_038_M2_S2,SUB_COURSE_038_M2_S2,GOVERNS_SUBTOPIC
GR_SUB_COURSE_038_M2_S3,SUB_COURSE_038_M2_S3,GOVERNS_SUBTOPIC
GR_SUB_COURSE_038_M2_S4,SUB_COURSE_038_M2_S4,GOVERNS_SUBTOPIC
GR_SUB_COURSE_038_M2_S5,SUB_COURSE_038_M2_S5,GOVERNS_SUBTOPIC
GR_SUB_COURSE_038_M2_S6,SUB_COURSE_038_M2_S6,GOVERNS_SUBTOPIC
GR_SUB_COURSE_038_M3_S1,SUB_COURSE_038_M3_S1,GOVERNS_SUBTOPIC
GR_SUB_COURSE_038_M3_S2,SUB_COURSE_038_M3_S2,GOVERNS_SUBTOPIC
GR_SUB_COURSE_038_M3_S3,SUB_COURSE_038_M3_S3,GOVERNS_SUBTOPIC
GR_SUB_COURSE_038_M3_S4,SUB_COURSE_038_M3_S4,GOVERNS_SUBTOPIC
GR_SUB_COURSE_038_M3_S5,SUB_COURSE_038_M3_S5,GOVERNS_SUBTOPIC
GR_SUB_COURSE_038_M4_S1,SUB_COURSE_038_M4_S1,GOVERNS_SUBTOPIC
GR_SUB_COURSE_038_M4_S2,SUB_COURSE_038_M4_S2,GOVERNS_SUBTOPIC
GR_SUB_COURSE_038_M4_S3,SUB_COURSE_038_M4_S3,GOVERNS_SUBTOPIC
GR_SUB_COURSE_038_M4_S4,SUB_COURSE_038_M4_S4,GOVERNS_SUBTOPIC
GR_SUB_COURSE_038_M4_S5,SUB_COURSE_038_M4_S5,GOVERNS_SUBTOPIC
GR_SUB_COURSE_038_M5_S1,SUB_COURSE_038_M5_S1,GOVERNS_SUBTOPIC
GR_SUB_COURSE_038_M5_S2,SUB_COURSE_038_M5_S2,GOVERNS_SUBTOPIC
GR_SUB_COURSE_038_M5_S3,SUB_COURSE_038_M5_S3,GOVERNS_SUBTOPIC
GR_SUB_COURSE_038_M5_S4,SUB_COURSE_038_M5_S4,GOVERNS_SUBTOPIC
GR_SUB_COURSE_038_M5_S5,SUB_COURSE_038_M5_S5,GOVERNS_SUBTOPIC
GR_SUB_COURSE_038_M6_S1,SUB_COURSE_038_M6_S1,GOVERNS_SUBTOPIC
GR_SUB_COURSE_038_M6_S2,SUB_COURSE_038_M6_S2,GOVERNS_SUBTOPIC
GR_SUB_COURSE_038_M6_S3,SUB_COURSE_038_M6_S3,GOVERNS_SUBTOPIC
GR_SUB_COURSE_038_M6_S4,SUB_COURSE_038_M6_S4,GOVERNS_SUBTOPIC
GR_SUB_COURSE_038_M6_S5,SUB_COURSE_038_M6_S5,GOVERNS_SUBTOPIC
GR_SUB_COURSE_038_M6_S6,SUB_COURSE_038_M6_S6,GOVERNS_SUBTOPIC
GR_SUB_COURSE_038_M7_S1,SUB_COURSE_038_M7_S1,GOVERNS_SUBTOPIC
GR_SUB_COURSE_038_M7_S2,SUB_COURSE_038_M7_S2,GOVERNS_SUBTOPIC
GR_SUB_COURSE_038_M7_S3,SUB_COURSE_038_M7_S3,GOVERNS_SUBTOPIC
GR_SUB_COURSE_038_M7_S4,SUB_COURSE_038_M7_S4,GOVERNS_SUBTOPIC
GR_SUB_COURSE_038_M7_S5,SUB_COURSE_038_M7_S5,GOVERNS_SUBTOPIC
GR_SUB_COURSE_039_M1_S1,SUB_COURSE_039_M1_S1,GOVERNS_SUBTOPIC
GR_SUB_COURSE_039_M1_S2,SUB_COURSE_039_M1_S2,GOVERNS_SUBTOPIC
GR_SUB_COURSE_039_M1_S3,SUB_COURSE_039_M1_S3,GOVERNS_SUBTOPIC
GR_SUB_COURSE_039_M1_S4,SUB_COURSE_039_M1_S4,GOVERNS_SUBTOPIC
GR_SUB_COURSE_039_M1_S5,SUB_COURSE_039_M1_S5,GOVERNS_SUBTOPIC
GR_SUB_COURSE_039_M2_S1,SUB_COURSE_039_M2_S1,GOVERNS_SUBTOPIC
GR_SUB_COURSE_039_M2_S2,SUB_COURSE_039_M2_S2,GOVERNS_SUBTOPIC
GR_SUB_COURSE_039_M2_S3,SUB_COURSE_039_M2_S3,GOVERNS_SUBTOPIC
GR_SUB_COURSE_039_M2_S4,SUB_COURSE_039_M2_S4,GOVERNS_SUBTOPIC
GR_SUB_COURSE_039_M2_S5,SUB_COURSE_039_M2_S5,GOVERNS_SUBTOPIC
GR_SUB_COURSE_039_M3_S1,SUB_COURSE_039_M3_S1,GOVERNS_SUBTOPIC
GR_SUB_COURSE_039_M3_S2,SUB_COURSE_039_M3_S2,GOVERNS_SUBTOPIC
GR_SUB_COURSE_039_M3_S3,SUB_COURSE_039_M3_S3,GOVERNS_SUBTOPIC
GR_SUB_COURSE_039_M3_S4,SUB_COURSE_039_M3_S4,GOVERNS_SUBTOPIC
GR_SUB_COURSE_039_M3_S5,SUB_COURSE_039_M3_S5,GOVERNS_SUBTOPIC
GR_SUB_COURSE_039_M4_S1,SUB_COURSE_039_M4_S1,GOVERNS_SUBTOPIC
GR_SUB_COURSE_039_M4_S2,SUB_COURSE_039_M4_S2,GOVERNS_SUBTOPIC
GR_SUB_COURSE_039_M4_S3,SUB_COURSE_039_M4_S3,GOVERNS_SUBTOPIC
GR_SUB_COURSE_039_M4_S4,SUB_COURSE_039_M4_S4,GOVERNS_SUBTOPIC
GR_SUB_COURSE_039_M4_S5,SUB_COURSE_039_M4_S5,GOVERNS_SUBTOPIC
GR_SUB_COURSE_039_M5_S1,SUB_COURSE_039_M5_S1,GOVERNS_SUBTOPIC
GR_SUB_COURSE_039_M5_S2,SUB_COURSE_039_M5_S2,GOVERNS_SUBTOPIC
GR_SUB_COURSE_039_M5_S3,SUB_COURSE_039_M5_S3,GOVERNS_SUBTOPIC
GR_SUB_COURSE_039_M5_S4,SUB_COURSE_039_M5_S4,GOVERNS_SUBTOPIC
GR_SUB_COURSE_039_M5_S5,SUB_COURSE_039_M5_S5,GOVERNS_SUBTOPIC
GR_SUB_COURSE_039_M6_S1,SUB_COURSE_039_M6_S1,GOVERNS_SUBTOPIC
GR_SUB_COURSE_039_M6_S2,SUB_COURSE_039_M6_S2,GOVERNS_SUBTOPIC
GR_SUB_COURSE_039_M6_S3,SUB_COURSE_039_M6_S3,GOVERNS_SUBTOPIC
GR_SUB_COURSE_039_M6_S4,SUB_COURSE_039_M6_S4,GOVERNS_SUBTOPIC
GR_SUB_COURSE_039_M6_S5,SUB_COURSE_039_M6_S5,GOVERNS_SUBTOPIC
GR_SUB_COURSE_039_M7_S1,SUB_COURSE_039_M7_S1,GOVERNS_SUBTOPIC
GR_SUB_COURSE_039_M7_S2,SUB_COURSE_039_M7_S2,GOVERNS_SUBTOPIC
GR_SUB_COURSE_039_M7_S3,SUB_COURSE_039_M7_S3,GOVERNS_SUBTOPIC
GR_SUB_COURSE_039_M7_S4,SUB_COURSE_039_M7_S4,GOVERNS_SUBTOPIC
GR_SUB_COURSE_039_M7_S5,SUB_COURSE_039_M7_S5,GOVERNS_SUBTOPIC
GR_SUB_COURSE_039_M7_S6,SUB_COURSE_039_M7_S6,GOVERNS_SUBTOPIC
GR_SUB_COURSE_040_M1_S1,SUB_COURSE_040_M1_S1,GOVERNS_SUBTOPIC
GR_SUB_COURSE_040_M1_S2,SUB_COURSE_040_M1_S2,GOVERNS_SUBTOPIC
GR_SUB_COURSE_040_M1_S3,SUB_COURSE_040_M1_S3,GOVERNS_SUBTOPIC
GR_SUB_COURSE_040_M1_S4,SUB_COURSE_040_M1_S4,GOVERNS_SUBTOPIC
GR_SUB_COURSE_040_M1_S5,SUB_COURSE_040_M1_S5,GOVERNS_SUBTOPIC
GR_SUB_COURSE_040_M1_S6,SUB_COURSE_040_M1_S6,GOVERNS_SUBTOPIC
GR_SUB_COURSE_040_M2_S1,SUB_COURSE_040_M2_S1,GOVERNS_SUBTOPIC
GR_SUB_COURSE_040_M2_S2,SUB_COURSE_040_M2_S2,GOVERNS_SUBTOPIC
GR_SUB_COURSE_040_M2_S3,SUB_COURSE_040_M2_S3,GOVERNS_SUBTOPIC
GR_SUB_COURSE_040_M2_S4,SUB_COURSE_040_M2_S4,GOVERNS_SUBTOPIC
GR_SUB_COURSE_040_M2_S5,SUB_COURSE_040_M2_S5,GOVERNS_SUBTOPIC
GR_SUB_COURSE_040_M3_S1,SUB_COURSE_040_M3_S1,GOVERNS_SUBTOPIC
GR_SUB_COURSE_040_M3_S2,SUB_COURSE_040_M3_S2,GOVERNS_SUBTOPIC
GR_SUB_COURSE_040_M3_S3,SUB_COURSE_040_M3_S3,GOVERNS_SUBTOPIC
GR_SUB_COURSE_040_M3_S4,SUB_COURSE_040_M3_S4,GOVERNS_SUBTOPIC
GR_SUB_COURSE_040_M3_S5,SUB_COURSE_040_M3_S5,GOVERNS_SUBTOPIC
GR_SUB_COURSE_040_M4_S1,SUB_COURSE_040_M4_S1,GOVERNS_SUBTOPIC
GR_SUB_COURSE_040_M4_S2,SUB_COURSE_040_M4_S2,GOVERNS_SUBTOPIC
GR_SUB_COURSE_040_M4_S3,SUB_COURSE_040_M4_S3,GOVERNS_SUBTOPIC
GR_SUB_COURSE_040_M4_S4,SUB_COURSE_040_M4_S4,GOVERNS_SUBTOPIC
GR_SUB_COURSE_040_M4_S5,SUB_COURSE_040_M4_S5,GOVERNS_SUBTOPIC
GR_SUB_COURSE_040_M5_S1,SUB_COURSE_040_M5_S1,GOVERNS_SUBTOPIC
GR_SUB_COURSE_040_M5_S2,SUB_COURSE_040_M5_S2,GOVERNS_SUBTOPIC
GR_SUB_COURSE_040_M5_S3,SUB_COURSE_040_M5_S3,GOVERNS_SUBTOPIC
GR_SUB_COURSE_040_M5_S4,SUB_COURSE_040_M5_S4,GOVERNS_SUBTOPIC
GR_SUB_COURSE_040_M6_S1,SUB_COURSE_040_M6_S1,GOVERNS_SUBTOPIC
GR_SUB_COURSE_040_M6_S2,SUB_COURSE_040_M6_S2,GOVERNS_SUBTOPIC
GR_SUB_COURSE_040_M6_S3,SUB_COURSE_040_M6_S3,GOVERNS_SUBTOPIC
GR_SUB_COURSE_040_M6_S4,SUB_COURSE_040_M6_S4,GOVERNS_SUBTOPIC
GR_SUB_COURSE_040_M6_S5,SUB_COURSE_040_M6_S5,GOVERNS_SUBTOPIC
GR_SUB_COURSE_041_M1_S1,SUB_COURSE_041_M1_S1,GOVERNS_SUBTOPIC
GR_SUB_COURSE_041_M1_S2,SUB_COURSE_041_M1_S2,GOVERNS_SUBTOPIC
GR_SUB_COURSE_041_M1_S3,SUB_COURSE_041_M1_S3,GOVERNS_SUBTOPIC
GR_SUB_COURSE_041_M1_S4,SUB_COURSE_041_M1_S4,GOVERNS_SUBTOPIC
GR_SUB_COURSE_041_M1_S5,SUB_COURSE_041_M1_S5,GOVERNS_SUBTOPIC
GR_SUB_COURSE_041_M2_S1,SUB_COURSE_041_M2_S1,GOVERNS_SUBTOPIC
GR_SUB_COURSE_041_M2_S2,SUB_COURSE_041_M2_S2,GOVERNS_SUBTOPIC
GR_SUB_COURSE_041_M2_S3,SUB_COURSE_041_M2_S3,GOVERNS_SUBTOPIC
GR_SUB_COURSE_041_M2_S4,SUB_COURSE_041_M2_S4,GOVERNS_SUBTOPIC
GR_SUB_COURSE_041_M2_S5,SUB_COURSE_041_M2_S5,GOVERNS_SUBTOPIC
GR_SUB_COURSE_041_M3_S1,SUB_COURSE_041_M3_S1,GOVERNS_SUBTOPIC
GR_SUB_COURSE_041_M3_S2,SUB_COURSE_041_M3_S2,GOVERNS_SUBTOPIC
GR_SUB_COURSE_041_M3_S3,SUB_COURSE_041_M3_S3,GOVERNS_SUBTOPIC
GR_SUB_COURSE_041_M3_S4,SUB_COURSE_041_M3_S4,GOVERNS_SUBTOPIC
GR_SUB_COURSE_041_M4_S1,SUB_COURSE_041_M4_S1,GOVERNS_SUBTOPIC
GR_SUB_COURSE_041_M4_S2,SUB_COURSE_041_M4_S2,GOVERNS_SUBTOPIC
GR_SUB_COURSE_041_M4_S3,SUB_COURSE_041_M4_S3,GOVERNS_SUBTOPIC
GR_SUB_COURSE_041_M4_S4,SUB_COURSE_041_M4_S4,GOVERNS_SUBTOPIC
GR_SUB_COURSE_041_M5_S1,SUB_COURSE_041_M5_S1,GOVERNS_SUBTOPIC
GR_SUB_COURSE_041_M5_S2,SUB_COURSE_041_M5_S2,GOVERNS_SUBTOPIC
GR_SUB_COURSE_041_M5_S3,SUB_COURSE_041_M5_S3,GOVERNS_SUBTOPIC
GR_SUB_COURSE_041_M5_S4,SUB_COURSE_041_M5_S4,GOVERNS_SUBTOPIC
GR_SUB_COURSE_041_M6_S1,SUB_COURSE_041_M6_S1,GOVERNS_SUBTOPIC
GR_SUB_COURSE_041_M6_S2,SUB_COURSE_041_M6_S2,GOVERNS_SUBTOPIC
GR_SUB_COURSE_041_M6_S3,SUB_COURSE_041_M6_S3,GOVERNS_SUBTOPIC
GR_SUB_COURSE_041_M6_S4,SUB_COURSE_041_M6_S4,GOVERNS_SUBTOPIC
GR_SUB_COURSE_041_M6_S5,SUB_COURSE_041_M6_S5,GOVERNS_SUBTOPIC
GR_SUB_COURSE_041_M7_S1,SUB_COURSE_041_M7_S1,GOVERNS_SUBTOPIC
GR_SUB_COURSE_041_M7_S2,SUB_COURSE_041_M7_S2,GOVERNS_SUBTOPIC
GR_SUB_COURSE_041_M7_S3,SUB_COURSE_041_M7_S3,GOVERNS_SUBTOPIC
GR_SUB_COURSE_041_M7_S4,SUB_COURSE_041_M7_S4,GOVERNS_SUBTOPIC
GR_SUB_COURSE_041_M7_S5,SUB_COURSE_041_M7_S5,GOVERNS_SUBTOPIC
GR_SUB_COURSE_042_M1_S1,SUB_COURSE_042_M1_S1,GOVERNS_SUBTOPIC
GR_SUB_COURSE_042_M1_S2,SUB_COURSE_042_M1_S2,GOVERNS_SUBTOPIC
GR_SUB_COURSE_042_M1_S3,SUB_COURSE_042_M1_S3,GOVERNS_SUBTOPIC
GR_SUB_COURSE_042_M1_S4,SUB_COURSE_042_M1_S4,GOVERNS_SUBTOPIC
GR_SUB_COURSE_042_M2_S1,SUB_COURSE_042_M2_S1,GOVERNS_SUBTOPIC
GR_SUB_COURSE_042_M2_S2,SUB_COURSE_042_M2_S2,GOVERNS_SUBTOPIC
GR_SUB_COURSE_042_M2_S3,SUB_COURSE_042_M2_S3,GOVERNS_SUBTOPIC
GR_SUB_COURSE_042_M2_S4,SUB_COURSE_042_M2_S4,GOVERNS_SUBTOPIC
GR_SUB_COURSE_042_M3_S1,SUB_COURSE_042_M3_S1,GOVERNS_SUBTOPIC
GR_SUB_COURSE_042_M3_S2,SUB_COURSE_042_M3_S2,GOVERNS_SUBTOPIC
GR_SUB_COURSE_042_M3_S3,SUB_COURSE_042_M3_S3,GOVERNS_SUBTOPIC
GR_SUB_COURSE_042_M3_S4,SUB_COURSE_042_M3_S4,GOVERNS_SUBTOPIC
GR_SUB_COURSE_042_M3_S5,SUB_COURSE_042_M3_S5,GOVERNS_SUBTOPIC
GR_SUB_COURSE_042_M4_S1,SUB_COURSE_042_M4_S1,GOVERNS_SUBTOPIC
GR_SUB_COURSE_042_M4_S2,SUB_COURSE_042_M4_S2,GOVERNS_SUBTOPIC
GR_SUB_COURSE_042_M4_S3,SUB_COURSE_042_M4_S3,GOVERNS_SUBTOPIC
GR_SUB_COURSE_042_M4_S4,SUB_COURSE_042_M4_S4,GOVERNS_SUBTOPIC
GR_SUB_COURSE_042_M5_S1,SUB_COURSE_042_M5_S1,GOVERNS_SUBTOPIC
GR_SUB_COURSE_042_M5_S2,SUB_COURSE_042_M5_S2,GOVERNS_SUBTOPIC
GR_SUB_COURSE_042_M5_S3,SUB_COURSE_042_M5_S3,GOVERNS_SUBTOPIC
GR_SUB_COURSE_042_M5_S4,SUB_COURSE_042_M5_S4,GOVERNS_SUBTOPIC
GR_SUB_COURSE_042_M6_S1,SUB_COURSE_042_M6_S1,GOVERNS_SUBTOPIC
GR_SUB_COURSE_042_M6_S2,SUB_COURSE_042_M6_S2,GOVERNS_SUBTOPIC
GR_SUB_COURSE_042_M6_S3,SUB_COURSE_042_M6_S3,GOVERNS_SUBTOPIC
GR_SUB_COURSE_042_M6_S4,SUB_COURSE_042_M6_S4,GOVERNS_SUBTOPIC
GR_SUB_COURSE_042_M6_S5,SUB_COURSE_042_M6_S5,GOVERNS_SUBTOPIC
GR_SUB_COURSE_042_M7_S1,SUB_COURSE_042_M7_S1,GOVERNS_SUBTOPIC
GR_SUB_COURSE_042_M7_S2,SUB_COURSE_042_M7_S2,GOVERNS_SUBTOPIC
GR_SUB_COURSE_042_M7_S3,SUB_COURSE_042_M7_S3,GOVERNS_SUBTOPIC
GR_SUB_COURSE_042_M7_S4,SUB_COURSE_042_M7_S4,GOVERNS_SUBTOPIC
GR_SUB_COURSE_042_M7_S5,SUB_COURSE_042_M7_S5,GOVERNS_SUBTOPIC
GR_SUB_COURSE_043_M1_S1,SUB_COURSE_043_M1_S1,GOVERNS_SUBTOPIC
GR_SUB_COURSE_043_M1_S2,SUB_COURSE_043_M1_S2,GOVERNS_SUBTOPIC
GR_SUB_COURSE_043_M1_S3,SUB_COURSE_043_M1_S3,GOVERNS_SUBTOPIC
GR_SUB_COURSE_043_M1_S4,SUB_COURSE_043_M1_S4,GOVERNS_SUBTOPIC
GR_SUB_COURSE_043_M1_S5,SUB_COURSE_043_M1_S5,GOVERNS_SUBTOPIC
GR_SUB_COURSE_043_M2_S1,SUB_COURSE_043_M2_S1,GOVERNS_SUBTOPIC
GR_SUB_COURSE_043_M2_S2,SUB_COURSE_043_M2_S2,GOVERNS_SUBTOPIC
GR_SUB_COURSE_043_M2_S3,SUB_COURSE_043_M2_S3,GOVERNS_SUBTOPIC
GR_SUB_COURSE_043_M2_S4,SUB_COURSE_043_M2_S4,GOVERNS_SUBTOPIC
GR_SUB_COURSE_043_M2_S5,SUB_COURSE_043_M2_S5,GOVERNS_SUBTOPIC
GR_SUB_COURSE_043_M3_S1,SUB_COURSE_043_M3_S1,GOVERNS_SUBTOPIC
GR_SUB_COURSE_043_M3_S2,SUB_COURSE_043_M3_S2,GOVERNS_SUBTOPIC
GR_SUB_COURSE_043_M3_S3,SUB_COURSE_043_M3_S3,GOVERNS_SUBTOPIC
GR_SUB_COURSE_043_M3_S4,SUB_COURSE_043_M3_S4,GOVERNS_SUBTOPIC
GR_SUB_COURSE_043_M3_S5,SUB_COURSE_043_M3_S5,GOVERNS_SUBTOPIC
GR_SUB_COURSE_043_M4_S1,SUB_COURSE_043_M4_S1,GOVERNS_SUBTOPIC
GR_SUB_COURSE_043_M4_S2,SUB_COURSE_043_M4_S2,GOVERNS_SUBTOPIC
GR_SUB_COURSE_043_M4_S3,SUB_COURSE_043_M4_S3,GOVERNS_SUBTOPIC
GR_SUB_COURSE_043_M4_S4,SUB_COURSE_043_M4_S4,GOVERNS_SUBTOPIC
GR_SUB_COURSE_043_M4_S5,SUB_COURSE_043_M4_S5,GOVERNS_SUBTOPIC
GR_SUB_COURSE_043_M5_S1,SUB_COURSE_043_M5_S1,GOVERNS_SUBTOPIC
GR_SUB_COURSE_043_M5_S2,SUB_COURSE_043_M5_S2,GOVERNS_SUBTOPIC
GR_SUB_COURSE_043_M5_S3,SUB_COURSE_043_M5_S3,GOVERNS_SUBTOPIC
GR_SUB_COURSE_043_M5_S4,SUB_COURSE_043_M5_S4,GOVERNS_SUBTOPIC
GR_SUB_COURSE_043_M5_S5,SUB_COURSE_043_M5_S5,GOVERNS_SUBTOPIC
GR_SUB_COURSE_043_M6_S1,SUB_COURSE_043_M6_S1,GOVERNS_SUBTOPIC
GR_SUB_COURSE_043_M6_S2,SUB_COURSE_043_M6_S2,GOVERNS_SUBTOPIC
GR_SUB_COURSE_043_M6_S3,SUB_COURSE_043_M6_S3,GOVERNS_SUBTOPIC
GR_SUB_COURSE_043_M6_S4,SUB_COURSE_043_M6_S4,GOVERNS_SUBTOPIC
GR_SUB_COURSE_043_M7_S1,SUB_COURSE_043_M7_S1,GOVERNS_SUBTOPIC
GR_SUB_COURSE_043_M7_S2,SUB_COURSE_043_M7_S2,GOVERNS_SUBTOPIC
GR_SUB_COURSE_043_M7_S3,SUB_COURSE_043_M7_S3,GOVERNS_SUBTOPIC
GR_SUB_COURSE_043_M7_S4,SUB_COURSE_043_M7_S4,GOVERNS_SUBTOPIC
GR_SUB_COURSE_043_M7_S5,SUB_COURSE_043_M7_S5,GOVERNS_SUBTOPIC
GR_SUB_COURSE_044_M1_S1,SUB_COURSE_044_M1_S1,GOVERNS_SUBTOPIC
GR_SUB_COURSE_044_M1_S2,SUB_COURSE_044_M1_S2,GOVERNS_SUBTOPIC
GR_SUB_COURSE_044_M1_S3,SUB_COURSE_044_M1_S3,GOVERNS_SUBTOPIC
GR_SUB_COURSE_044_M1_S4,SUB_COURSE_044_M1_S4,GOVERNS_SUBTOPIC
GR_SUB_COURSE_044_M1_S5,SUB_COURSE_044_M1_S5,GOVERNS_SUBTOPIC
GR_SUB_COURSE_044_M1_S6,SUB_COURSE_044_M1_S6,GOVERNS_SUBTOPIC
GR_SUB_COURSE_044_M2_S1,SUB_COURSE_044_M2_S1,GOVERNS_SUBTOPIC
GR_SUB_COURSE_044_M2_S2,SUB_COURSE_044_M2_S2,GOVERNS_SUBTOPIC
GR_SUB_COURSE_044_M2_S3,SUB_COURSE_044_M2_S3,GOVERNS_SUBTOPIC
GR_SUB_COURSE_044_M2_S4,SUB_COURSE_044_M2_S4,GOVERNS_SUBTOPIC
GR_SUB_COURSE_044_M2_S5,SUB_COURSE_044_M2_S5,GOVERNS_SUBTOPIC
GR_SUB_COURSE_044_M3_S1,SUB_COURSE_044_M3_S1,GOVERNS_SUBTOPIC
GR_SUB_COURSE_044_M3_S2,SUB_COURSE_044_M3_S2,GOVERNS_SUBTOPIC
GR_SUB_COURSE_044_M3_S3,SUB_COURSE_044_M3_S3,GOVERNS_SUBTOPIC
GR_SUB_COURSE_044_M3_S4,SUB_COURSE_044_M3_S4,GOVERNS_SUBTOPIC
GR_SUB_COURSE_044_M4_S1,SUB_COURSE_044_M4_S1,GOVERNS_SUBTOPIC
GR_SUB_COURSE_044_M4_S2,SUB_COURSE_044_M4_S2,GOVERNS_SUBTOPIC
GR_SUB_COURSE_044_M4_S3,SUB_COURSE_044_M4_S3,GOVERNS_SUBTOPIC
GR_SUB_COURSE_044_M4_S4,SUB_COURSE_044_M4_S4,GOVERNS_SUBTOPIC
GR_SUB_COURSE_044_M4_S5,SUB_COURSE_044_M4_S5,GOVERNS_SUBTOPIC
GR_SUB_COURSE_044_M5_S1,SUB_COURSE_044_M5_S1,GOVERNS_SUBTOPIC
GR_SUB_COURSE_044_M5_S2,SUB_COURSE_044_M5_S2,GOVERNS_SUBTOPIC
GR_SUB_COURSE_044_M5_S3,SUB_COURSE_044_M5_S3,GOVERNS_SUBTOPIC
GR_SUB_COURSE_044_M5_S4,SUB_COURSE_044_M5_S4,GOVERNS_SUBTOPIC
GR_SUB_COURSE_044_M5_S5,SUB_COURSE_044_M5_S5,GOVERNS_SUBTOPIC
GR_SUB_COURSE_044_M6_S1,SUB_COURSE_044_M6_S1,GOVERNS_SUBTOPIC
GR_SUB_COURSE_044_M6_S2,SUB_COURSE_044_M6_S2,GOVERNS_SUBTOPIC
GR_SUB_COURSE_044_M6_S3,SUB_COURSE_044_M6_S3,GOVERNS_SUBTOPIC
GR_SUB_COURSE_044_M6_S4,SUB_COURSE_044_M6_S4,GOVERNS_SUBTOPIC
GR_SUB_COURSE_044_M6_S5,SUB_COURSE_044_M6_S5,GOVERNS_SUBTOPIC
GR_SUB_COURSE_044_M7_S1,SUB_COURSE_044_M7_S1,GOVERNS_SUBTOPIC
GR_SUB_COURSE_044_M7_S2,SUB_COURSE_044_M7_S2,GOVERNS_SUBTOPIC
GR_SUB_COURSE_044_M7_S3,SUB_COURSE_044_M7_S3,GOVERNS_SUBTOPIC
GR_SUB_COURSE_044_M7_S4,SUB_COURSE_044_M7_S4,GOVERNS_SUBTOPIC
GR_SUB_COURSE_044_M7_S5,SUB_COURSE_044_M7_S5,GOVERNS_SUBTOPIC
GR_SUB_COURSE_044_M7_S6,SUB_COURSE_044_M7_S6,GOVERNS_SUBTOPIC
GR_SUB_COURSE_045_M1_S1,SUB_COURSE_045_M1_S1,GOVERNS_SUBTOPIC
GR_SUB_COURSE_045_M1_S2,SUB_COURSE_045_M1_S2,GOVERNS_SUBTOPIC
GR_SUB_COURSE_045_M1_S3,SUB_COURSE_045_M1_S3,GOVERNS_SUBTOPIC
GR_SUB_COURSE_045_M1_S4,SUB_COURSE_045_M1_S4,GOVERNS_SUBTOPIC
GR_SUB_COURSE_045_M2_S1,SUB_COURSE_045_M2_S1,GOVERNS_SUBTOPIC
GR_SUB_COURSE_045_M2_S2,SUB_COURSE_045_M2_S2,GOVERNS_SUBTOPIC
GR_SUB_COURSE_045_M2_S3,SUB_COURSE_045_M2_S3,GOVERNS_SUBTOPIC
GR_SUB_COURSE_045_M2_S4,SUB_COURSE_045_M2_S4,GOVERNS_SUBTOPIC
GR_SUB_COURSE_045_M2_S5,SUB_COURSE_045_M2_S5,GOVERNS_SUBTOPIC
GR_SUB_COURSE_045_M3_S1,SUB_COURSE_045_M3_S1,GOVERNS_SUBTOPIC
GR_SUB_COURSE_045_M3_S2,SUB_COURSE_045_M3_S2,GOVERNS_SUBTOPIC
GR_SUB_COURSE_045_M3_S3,SUB_COURSE_045_M3_S3,GOVERNS_SUBTOPIC
GR_SUB_COURSE_045_M3_S4,SUB_COURSE_045_M3_S4,GOVERNS_SUBTOPIC
GR_SUB_COURSE_045_M3_S5,SUB_COURSE_045_M3_S5,GOVERNS_SUBTOPIC
GR_SUB_COURSE_045_M4_S1,SUB_COURSE_045_M4_S1,GOVERNS_SUBTOPIC
GR_SUB_COURSE_045_M4_S2,SUB_COURSE_045_M4_S2,GOVERNS_SUBTOPIC
GR_SUB_COURSE_045_M4_S3,SUB_COURSE_045_M4_S3,GOVERNS_SUBTOPIC
GR_SUB_COURSE_045_M4_S4,SUB_COURSE_045_M4_S4,GOVERNS_SUBTOPIC
GR_SUB_COURSE_045_M4_S5,SUB_COURSE_045_M4_S5,GOVERNS_SUBTOPIC
GR_SUB_COURSE_045_M5_S1,SUB_COURSE_045_M5_S1,GOVERNS_SUBTOPIC
GR_SUB_COURSE_045_M5_S2,SUB_COURSE_045_M5_S2,GOVERNS_SUBTOPIC
GR_SUB_COURSE_045_M5_S3,SUB_COURSE_045_M5_S3,GOVERNS_SUBTOPIC
GR_SUB_COURSE_045_M5_S4,SUB_COURSE_045_M5_S4,GOVERNS_SUBTOPIC
GR_SUB_COURSE_045_M5_S5,SUB_COURSE_045_M5_S5,GOVERNS_SUBTOPIC
GR_SUB_COURSE_045_M6_S1,SUB_COURSE_045_M6_S1,GOVERNS_SUBTOPIC
GR_SUB_COURSE_045_M6_S2,SUB_COURSE_045_M6_S2,GOVERNS_SUBTOPIC
GR_SUB_COURSE_045_M6_S3,SUB_COURSE_045_M6_S3,GOVERNS_SUBTOPIC
GR_SUB_COURSE_045_M6_S4,SUB_COURSE_045_M6_S4,GOVERNS_SUBTOPIC
GR_SUB_COURSE_045_M6_S5,SUB_COURSE_045_M6_S5,GOVERNS_SUBTOPIC
GR_SUB_COURSE_045_M7_S1,SUB_COURSE_045_M7_S1,GOVERNS_SUBTOPIC
GR_SUB_COURSE_045_M7_S2,SUB_COURSE_045_M7_S2,GOVERNS_SUBTOPIC
GR_SUB_COURSE_045_M7_S3,SUB_COURSE_045_M7_S3,GOVERNS_SUBTOPIC
GR_SUB_COURSE_045_M7_S4,SUB_COURSE_045_M7_S4,GOVERNS_SUBTOPIC
GR_SUB_COURSE_045_M7_S5,SUB_COURSE_045_M7_S5,GOVERNS_SUBTOPIC
GR_SUB_COURSE_046_M1_S1,SUB_COURSE_046_M1_S1,GOVERNS_SUBTOPIC
GR_SUB_COURSE_046_M1_S2,SUB_COURSE_046_M1_S2,GOVERNS_SUBTOPIC
GR_SUB_COURSE_046_M1_S3,SUB_COURSE_046_M1_S3,GOVERNS_SUBTOPIC
GR_SUB_COURSE_046_M1_S4,SUB_COURSE_046_M1_S4,GOVERNS_SUBTOPIC
GR_SUB_COURSE_046_M1_S5,SUB_COURSE_046_M1_S5,GOVERNS_SUBTOPIC
GR_SUB_COURSE_046_M1_S6,SUB_COURSE_046_M1_S6,GOVERNS_SUBTOPIC
GR_SUB_COURSE_046_M2_S1,SUB_COURSE_046_M2_S1,GOVERNS_SUBTOPIC
GR_SUB_COURSE_046_M2_S2,SUB_COURSE_046_M2_S2,GOVERNS_SUBTOPIC
GR_SUB_COURSE_046_M2_S3,SUB_COURSE_046_M2_S3,GOVERNS_SUBTOPIC
GR_SUB_COURSE_046_M2_S4,SUB_COURSE_046_M2_S4,GOVERNS_SUBTOPIC
GR_SUB_COURSE_046_M3_S1,SUB_COURSE_046_M3_S1,GOVERNS_SUBTOPIC
GR_SUB_COURSE_046_M3_S2,SUB_COURSE_046_M3_S2,GOVERNS_SUBTOPIC
GR_SUB_COURSE_046_M3_S3,SUB_COURSE_046_M3_S3,GOVERNS_SUBTOPIC
GR_SUB_COURSE_046_M3_S4,SUB_COURSE_046_M3_S4,GOVERNS_SUBTOPIC
GR_SUB_COURSE_046_M3_S5,SUB_COURSE_046_M3_S5,GOVERNS_SUBTOPIC
GR_SUB_COURSE_046_M4_S1,SUB_COURSE_046_M4_S1,GOVERNS_SUBTOPIC
GR_SUB_COURSE_046_M4_S2,SUB_COURSE_046_M4_S2,GOVERNS_SUBTOPIC
GR_SUB_COURSE_046_M4_S3,SUB_COURSE_046_M4_S3,GOVERNS_SUBTOPIC
GR_SUB_COURSE_046_M4_S4,SUB_COURSE_046_M4_S4,GOVERNS_SUBTOPIC
GR_SUB_COURSE_046_M5_S1,SUB_COURSE_046_M5_S1,GOVERNS_SUBTOPIC
GR_SUB_COURSE_046_M5_S2,SUB_COURSE_046_M5_S2,GOVERNS_SUBTOPIC
GR_SUB_COURSE_046_M5_S3,SUB_COURSE_046_M5_S3,GOVERNS_SUBTOPIC
GR_SUB_COURSE_046_M5_S4,SUB_COURSE_046_M5_S4,GOVERNS_SUBTOPIC
GR_SUB_COURSE_046_M5_S5,SUB_COURSE_046_M5_S5,GOVERNS_SUBTOPIC
GR_SUB_COURSE_046_M6_S1,SUB_COURSE_046_M6_S1,GOVERNS_SUBTOPIC
GR_SUB_COURSE_046_M6_S2,SUB_COURSE_046_M6_S2,GOVERNS_SUBTOPIC
GR_SUB_COURSE_046_M6_S3,SUB_COURSE_046_M6_S3,GOVERNS_SUBTOPIC
GR_SUB_COURSE_046_M6_S4,SUB_COURSE_046_M6_S4,GOVERNS_SUBTOPIC
GR_SUB_COURSE_046_M7_S1,SUB_COURSE_046_M7_S1,GOVERNS_SUBTOPIC
GR_SUB_COURSE_046_M7_S2,SUB_COURSE_046_M7_S2,GOVERNS_SUBTOPIC
GR_SUB_COURSE_046_M7_S3,SUB_COURSE_046_M7_S3,GOVERNS_SUBTOPIC
GR_SUB_COURSE_046_M7_S4,SUB_COURSE_046_M7_S4,GOVERNS_SUBTOPIC
GR_SUB_COURSE_046_M7_S5,SUB_COURSE_046_M7_S5,GOVERNS_SUBTOPIC
GR_SUB_COURSE_047_M1_S1,SUB_COURSE_047_M1_S1,GOVERNS_SUBTOPIC
GR_SUB_COURSE_047_M1_S2,SUB_COURSE_047_M1_S2,GOVERNS_SUBTOPIC
GR_SUB_COURSE_047_M1_S3,SUB_COURSE_047_M1_S3,GOVERNS_SUBTOPIC
GR_SUB_COURSE_047_M1_S4,SUB_COURSE_047_M1_S4,GOVERNS_SUBTOPIC
GR_SUB_COURSE_047_M1_S5,SUB_COURSE_047_M1_S5,GOVERNS_SUBTOPIC
GR_SUB_COURSE_047_M2_S1,SUB_COURSE_047_M2_S1,GOVERNS_SUBTOPIC
GR_SUB_COURSE_047_M2_S2,SUB_COURSE_047_M2_S2,GOVERNS_SUBTOPIC
GR_SUB_COURSE_047_M2_S3,SUB_COURSE_047_M2_S3,GOVERNS_SUBTOPIC
GR_SUB_COURSE_047_M2_S4,SUB_COURSE_047_M2_S4,GOVERNS_SUBTOPIC
GR_SUB_COURSE_047_M3_S1,SUB_COURSE_047_M3_S1,GOVERNS_SUBTOPIC
GR_SUB_COURSE_047_M3_S2,SUB_COURSE_047_M3_S2,GOVERNS_SUBTOPIC
GR_SUB_COURSE_047_M3_S3,SUB_COURSE_047_M3_S3,GOVERNS_SUBTOPIC
GR_SUB_COURSE_047_M3_S4,SUB_COURSE_047_M3_S4,GOVERNS_SUBTOPIC
GR_SUB_COURSE_047_M3_S5,SUB_COURSE_047_M3_S5,GOVERNS_SUBTOPIC
GR_SUB_COURSE_047_M4_S1,SUB_COURSE_047_M4_S1,GOVERNS_SUBTOPIC
GR_SUB_COURSE_047_M4_S2,SUB_COURSE_047_M4_S2,GOVERNS_SUBTOPIC
GR_SUB_COURSE_047_M4_S3,SUB_COURSE_047_M4_S3,GOVERNS_SUBTOPIC
GR_SUB_COURSE_047_M4_S4,SUB_COURSE_047_M4_S4,GOVERNS_SUBTOPIC
GR_SUB_COURSE_047_M5_S1,SUB_COURSE_047_M5_S1,GOVERNS_SUBTOPIC
GR_SUB_COURSE_047_M5_S2,SUB_COURSE_047_M5_S2,GOVERNS_SUBTOPIC
GR_SUB_COURSE_047_M5_S3,SUB_COURSE_047_M5_S3,GOVERNS_SUBTOPIC
GR_SUB_COURSE_047_M5_S4,SUB_COURSE_047_M5_S4,GOVERNS_SUBTOPIC
GR_SUB_COURSE_047_M6_S1,SUB_COURSE_047_M6_S1,GOVERNS_SUBTOPIC
GR_SUB_COURSE_047_M6_S2,SUB_COURSE_047_M6_S2,GOVERNS_SUBTOPIC
GR_SUB_COURSE_047_M6_S3,SUB_COURSE_047_M6_S3,GOVERNS_SUBTOPIC
GR_SUB_COURSE_047_M6_S4,SUB_COURSE_047_M6_S4,GOVERNS_SUBTOPIC
GR_SUB_COURSE_047_M6_S5,SUB_COURSE_047_M6_S5,GOVERNS_SUBTOPIC
GR_SUB_COURSE_047_M7_S1,SUB_COURSE_047_M7_S1,GOVERNS_SUBTOPIC
GR_SUB_COURSE_047_M7_S2,SUB_COURSE_047_M7_S2,GOVERNS_SUBTOPIC
GR_SUB_COURSE_047_M7_S3,SUB_COURSE_047_M7_S3,GOVERNS_SUBTOPIC
GR_SUB_COURSE_047_M7_S4,SUB_COURSE_047_M7_S4,GOVERNS_SUBTOPIC
GR_SUB_COURSE_047_M7_S5,SUB_COURSE_047_M7_S5,GOVERNS_SUBTOPIC
GR_SUB_COURSE_048_M1_S1,SUB_COURSE_048_M1_S1,GOVERNS_SUBTOPIC
GR_SUB_COURSE_048_M1_S2,SUB_COURSE_048_M1_S2,GOVERNS_SUBTOPIC
GR_SUB_COURSE_048_M1_S3,SUB_COURSE_048_M1_S3,GOVERNS_SUBTOPIC
GR_SUB_COURSE_048_M1_S4,SUB_COURSE_048_M1_S4,GOVERNS_SUBTOPIC
GR_SUB_COURSE_048_M1_S5,SUB_COURSE_048_M1_S5,GOVERNS_SUBTOPIC
GR_SUB_COURSE_048_M2_S1,SUB_COURSE_048_M2_S1,GOVERNS_SUBTOPIC
GR_SUB_COURSE_048_M2_S2,SUB_COURSE_048_M2_S2,GOVERNS_SUBTOPIC
GR_SUB_COURSE_048_M2_S3,SUB_COURSE_048_M2_S3,GOVERNS_SUBTOPIC
GR_SUB_COURSE_048_M2_S4,SUB_COURSE_048_M2_S4,GOVERNS_SUBTOPIC
GR_SUB_COURSE_048_M2_S5,SUB_COURSE_048_M2_S5,GOVERNS_SUBTOPIC
GR_SUB_COURSE_048_M3_S1,SUB_COURSE_048_M3_S1,GOVERNS_SUBTOPIC
GR_SUB_COURSE_048_M3_S2,SUB_COURSE_048_M3_S2,GOVERNS_SUBTOPIC
GR_SUB_COURSE_048_M3_S3,SUB_COURSE_048_M3_S3,GOVERNS_SUBTOPIC
GR_SUB_COURSE_048_M3_S4,SUB_COURSE_048_M3_S4,GOVERNS_SUBTOPIC
GR_SUB_COURSE_048_M3_S5,SUB_COURSE_048_M3_S5,GOVERNS_SUBTOPIC
GR_SUB_COURSE_048_M3_S6,SUB_COURSE_048_M3_S6,GOVERNS_SUBTOPIC
GR_SUB_COURSE_048_M4_S1,SUB_COURSE_048_M4_S1,GOVERNS_SUBTOPIC
GR_SUB_COURSE_048_M4_S2,SUB_COURSE_048_M4_S2,GOVERNS_SUBTOPIC
GR_SUB_COURSE_048_M4_S3,SUB_COURSE_048_M4_S3,GOVERNS_SUBTOPIC
GR_SUB_COURSE_048_M4_S4,SUB_COURSE_048_M4_S4,GOVERNS_SUBTOPIC
GR_SUB_COURSE_048_M4_S5,SUB_COURSE_048_M4_S5,GOVERNS_SUBTOPIC
GR_SUB_COURSE_048_M4_S6,SUB_COURSE_048_M4_S6,GOVERNS_SUBTOPIC
GR_SUB_COURSE_048_M5_S1,SUB_COURSE_048_M5_S1,GOVERNS_SUBTOPIC
GR_SUB_COURSE_048_M5_S2,SUB_COURSE_048_M5_S2,GOVERNS_SUBTOPIC
GR_SUB_COURSE_048_M5_S3,SUB_COURSE_048_M5_S3,GOVERNS_SUBTOPIC
GR_SUB_COURSE_048_M5_S4,SUB_COURSE_048_M5_S4,GOVERNS_SUBTOPIC
GR_SUB_COURSE_048_M6_S1,SUB_COURSE_048_M6_S1,GOVERNS_SUBTOPIC
GR_SUB_COURSE_048_M6_S2,SUB_COURSE_048_M6_S2,GOVERNS_SUBTOPIC
GR_SUB_COURSE_048_M6_S3,SUB_COURSE_048_M6_S3,GOVERNS_SUBTOPIC
GR_SUB_COURSE_048_M6_S4,SUB_COURSE_048_M6_S4,GOVERNS_SUBTOPIC
GR_SUB_COURSE_048_M6_S5,SUB_COURSE_048_M6_S5,GOVERNS_SUBTOPIC
GR_SUB_COURSE_048_M7_S1,SUB_COURSE_048_M7_S1,GOVERNS_SUBTOPIC
GR_SUB_COURSE_048_M7_S2,SUB_COURSE_048_M7_S2,GOVERNS_SUBTOPIC
GR_SUB_COURSE_048_M7_S3,SUB_COURSE_048_M7_S3,GOVERNS_SUBTOPIC
GR_SUB_COURSE_048_M7_S4,SUB_COURSE_048_M7_S4,GOVERNS_SUBTOPIC
GR_SUB_COURSE_048_M7_S5,SUB_COURSE_048_M7_S5,GOVERNS_SUBTOPIC
GR_SUB_COURSE_049_M1_S1,SUB_COURSE_049_M1_S1,GOVERNS_SUBTOPIC
GR_SUB_COURSE_049_M1_S2,SUB_COURSE_049_M1_S2,GOVERNS_SUBTOPIC
GR_SUB_COURSE_049_M1_S3,SUB_COURSE_049_M1_S3,GOVERNS_SUBTOPIC
GR_SUB_COURSE_049_M1_S4,SUB_COURSE_049_M1_S4,GOVERNS_SUBTOPIC
GR_SUB_COURSE_049_M2_S1,SUB_COURSE_049_M2_S1,GOVERNS_SUBTOPIC
GR_SUB_COURSE_049_M2_S2,SUB_COURSE_049_M2_S2,GOVERNS_SUBTOPIC
GR_SUB_COURSE_049_M2_S3,SUB_COURSE_049_M2_S3,GOVERNS_SUBTOPIC
GR_SUB_COURSE_049_M2_S4,SUB_COURSE_049_M2_S4,GOVERNS_SUBTOPIC
GR_SUB_COURSE_049_M2_S5,SUB_COURSE_049_M2_S5,GOVERNS_SUBTOPIC
GR_SUB_COURSE_049_M3_S1,SUB_COURSE_049_M3_S1,GOVERNS_SUBTOPIC
GR_SUB_COURSE_049_M3_S2,SUB_COURSE_049_M3_S2,GOVERNS_SUBTOPIC
GR_SUB_COURSE_049_M3_S3,SUB_COURSE_049_M3_S3,GOVERNS_SUBTOPIC
GR_SUB_COURSE_049_M3_S4,SUB_COURSE_049_M3_S4,GOVERNS_SUBTOPIC
GR_SUB_COURSE_049_M3_S5,SUB_COURSE_049_M3_S5,GOVERNS_SUBTOPIC
GR_SUB_COURSE_049_M4_S1,SUB_COURSE_049_M4_S1,GOVERNS_SUBTOPIC
GR_SUB_COURSE_049_M4_S2,SUB_COURSE_049_M4_S2,GOVERNS_SUBTOPIC
GR_SUB_COURSE_049_M4_S3,SUB_COURSE_049_M4_S3,GOVERNS_SUBTOPIC
GR_SUB_COURSE_049_M4_S4,SUB_COURSE_049_M4_S4,GOVERNS_SUBTOPIC
GR_SUB_COURSE_049_M5_S1,SUB_COURSE_049_M5_S1,GOVERNS_SUBTOPIC
GR_SUB_COURSE_049_M5_S2,SUB_COURSE_049_M5_S2,GOVERNS_SUBTOPIC
GR_SUB_COURSE_049_M5_S3,SUB_COURSE_049_M5_S3,GOVERNS_SUBTOPIC
GR_SUB_COURSE_049_M5_S4,SUB_COURSE_049_M5_S4,GOVERNS_SUBTOPIC
GR_SUB_COURSE_049_M6_S1,SUB_COURSE_049_M6_S1,GOVERNS_SUBTOPIC
GR_SUB_COURSE_049_M6_S2,SUB_COURSE_049_M6_S2,GOVERNS_SUBTOPIC
GR_SUB_COURSE_049_M6_S3,SUB_COURSE_049_M6_S3,GOVERNS_SUBTOPIC
GR_SUB_COURSE_049_M6_S4,SUB_COURSE_049_M6_S4,GOVERNS_SUBTOPIC
GR_SUB_COURSE_049_M7_S1,SUB_COURSE_049_M7_S1,GOVERNS_SUBTOPIC
GR_SUB_COURSE_049_M7_S2,SUB_COURSE_049_M7_S2,GOVERNS_SUBTOPIC
GR_SUB_COURSE_049_M7_S3,SUB_COURSE_049_M7_S3,GOVERNS_SUBTOPIC
GR_SUB_COURSE_049_M7_S4,SUB_COURSE_049_M7_S4,GOVERNS_SUBTOPIC
GR_SUB_COURSE_050_M1_S1,SUB_COURSE_050_M1_S1,GOVERNS_SUBTOPIC
GR_SUB_COURSE_050_M1_S2,SUB_COURSE_050_M1_S2,GOVERNS_SUBTOPIC
GR_SUB_COURSE_050_M1_S3,SUB_COURSE_050_M1_S3,GOVERNS_SUBTOPIC
GR_SUB_COURSE_050_M1_S4,SUB_COURSE_050_M1_S4,GOVERNS_SUBTOPIC
GR_SUB_COURSE_050_M1_S5,SUB_COURSE_050_M1_S5,GOVERNS_SUBTOPIC
GR_SUB_COURSE_050_M2_S1,SUB_COURSE_050_M2_S1,GOVERNS_SUBTOPIC
GR_SUB_COURSE_050_M2_S2,SUB_COURSE_050_M2_S2,GOVERNS_SUBTOPIC
GR_SUB_COURSE_050_M2_S3,SUB_COURSE_050_M2_S3,GOVERNS_SUBTOPIC
GR_SUB_COURSE_050_M2_S4,SUB_COURSE_050_M2_S4,GOVERNS_SUBTOPIC
GR_SUB_COURSE_050_M3_S1,SUB_COURSE_050_M3_S1,GOVERNS_SUBTOPIC
GR_SUB_COURSE_050_M3_S2,SUB_COURSE_050_M3_S2,GOVERNS_SUBTOPIC
GR_SUB_COURSE_050_M3_S3,SUB_COURSE_050_M3_S3,GOVERNS_SUBTOPIC
GR_SUB_COURSE_050_M3_S4,SUB_COURSE_050_M3_S4,GOVERNS_SUBTOPIC
GR_SUB_COURSE_050_M4_S1,SUB_COURSE_050_M4_S1,GOVERNS_SUBTOPIC
GR_SUB_COURSE_050_M4_S2,SUB_COURSE_050_M4_S2,GOVERNS_SUBTOPIC
GR_SUB_COURSE_050_M4_S3,SUB_COURSE_050_M4_S3,GOVERNS_SUBTOPIC
GR_SUB_COURSE_050_M4_S4,SUB_COURSE_050_M4_S4,GOVERNS_SUBTOPIC
GR_SUB_COURSE_050_M4_S5,SUB_COURSE_050_M4_S5,GOVERNS_SUBTOPIC
GR_SUB_COURSE_050_M5_S1,SUB_COURSE_050_M5_S1,GOVERNS_SUBTOPIC
GR_SUB_COURSE_050_M5_S2,SUB_COURSE_050_M5_S2,GOVERNS_SUBTOPIC
GR_SUB_COURSE_050_M5_S3,SUB_COURSE_050_M5_S3,GOVERNS_SUBTOPIC
GR_SUB_COURSE_050_M5_S4,SUB_COURSE_050_M5_S4,GOVERNS_SUBTOPIC
GR_SUB_COURSE_050_M5_S5,SUB_COURSE_050_M5_S5,GOVERNS_SUBTOPIC
GR_SUB_COURSE_050_M6_S1,SUB_COURSE_050_M6_S1,GOVERNS_SUBTOPIC
GR_SUB_COURSE_050_M6_S2,SUB_COURSE_050_M6_S2,GOVERNS_SUBTOPIC
GR_SUB_COURSE_050_M6_S3,SUB_COURSE_050_M6_S3,GOVERNS_SUBTOPIC
GR_SUB_COURSE_050_M6_S4,SUB_COURSE_050_M6_S4,GOVERNS_SUBTOPIC
GR_SUB_COURSE_050_M6_S5,SUB_COURSE_050_M6_S5,GOVERNS_SUBTOPIC
GR_SUB_COURSE_050_M7_S1,SUB_COURSE_050_M7_S1,GOVERNS_SUBTOPIC
GR_SUB_COURSE_050_M7_S2,SUB_COURSE_050_M7_S2,GOVERNS_SUBTOPIC
GR_SUB_COURSE_050_M7_S3,SUB_COURSE_050_M7_S3,GOVERNS_SUBTOPIC
GR_SUB_COURSE_050_M7_S4,SUB_COURSE_050_M7_S4,GOVERNS_SUBTOPIC
GR_SUB_COURSE_050_M7_S5,SUB_COURSE_050_M7_S5,GOVERNS_SUBTOPIC
GR_SUB_COURSE_051_M1_S1,SUB_COURSE_051_M1_S1,GOVERNS_SUBTOPIC
GR_SUB_COURSE_051_M1_S2,SUB_COURSE_051_M1_S2,GOVERNS_SUBTOPIC
GR_SUB_COURSE_051_M1_S3,SUB_COURSE_051_M1_S3,GOVERNS_SUBTOPIC
GR_SUB_COURSE_051_M1_S4,SUB_COURSE_051_M1_S4,GOVERNS_SUBTOPIC
GR_SUB_COURSE_051_M2_S1,SUB_COURSE_051_M2_S1,GOVERNS_SUBTOPIC
GR_SUB_COURSE_051_M2_S2,SUB_COURSE_051_M2_S2,GOVERNS_SUBTOPIC
GR_SUB_COURSE_051_M2_S3,SUB_COURSE_051_M2_S3,GOVERNS_SUBTOPIC
GR_SUB_COURSE_051_M2_S4,SUB_COURSE_051_M2_S4,GOVERNS_SUBTOPIC
GR_SUB_COURSE_051_M3_S1,SUB_COURSE_051_M3_S1,GOVERNS_SUBTOPIC
GR_SUB_COURSE_051_M3_S2,SUB_COURSE_051_M3_S2,GOVERNS_SUBTOPIC
GR_SUB_COURSE_051_M3_S3,SUB_COURSE_051_M3_S3,GOVERNS_SUBTOPIC
GR_SUB_COURSE_051_M3_S4,SUB_COURSE_051_M3_S4,GOVERNS_SUBTOPIC
GR_SUB_COURSE_051_M4_S1,SUB_COURSE_051_M4_S1,GOVERNS_SUBTOPIC
GR_SUB_COURSE_051_M4_S2,SUB_COURSE_051_M4_S2,GOVERNS_SUBTOPIC
GR_SUB_COURSE_051_M4_S3,SUB_COURSE_051_M4_S3,GOVERNS_SUBTOPIC
GR_SUB_COURSE_051_M4_S4,SUB_COURSE_051_M4_S4,GOVERNS_SUBTOPIC
GR_SUB_COURSE_051_M4_S5,SUB_COURSE_051_M4_S5,GOVERNS_SUBTOPIC
GR_SUB_COURSE_051_M5_S1,SUB_COURSE_051_M5_S1,GOVERNS_SUBTOPIC
GR_SUB_COURSE_051_M5_S2,SUB_COURSE_051_M5_S2,GOVERNS_SUBTOPIC
GR_SUB_COURSE_051_M5_S3,SUB_COURSE_051_M5_S3,GOVERNS_SUBTOPIC
GR_SUB_COURSE_051_M5_S4,SUB_COURSE_051_M5_S4,GOVERNS_SUBTOPIC
GR_SUB_COURSE_051_M6_S1,SUB_COURSE_051_M6_S1,GOVERNS_SUBTOPIC
GR_SUB_COURSE_051_M6_S2,SUB_COURSE_051_M6_S2,GOVERNS_SUBTOPIC
GR_SUB_COURSE_051_M6_S3,SUB_COURSE_051_M6_S3,GOVERNS_SUBTOPIC
GR_SUB_COURSE_051_M6_S4,SUB_COURSE_051_M6_S4,GOVERNS_SUBTOPIC
GR_SUB_COURSE_051_M6_S5,SUB_COURSE_051_M6_S5,GOVERNS_SUBTOPIC
GR_SUB_COURSE_051_M7_S1,SUB_COURSE_051_M7_S1,GOVERNS_SUBTOPIC
GR_SUB_COURSE_051_M7_S2,SUB_COURSE_051_M7_S2,GOVERNS_SUBTOPIC
GR_SUB_COURSE_051_M7_S3,SUB_COURSE_051_M7_S3,GOVERNS_SUBTOPIC
GR_SUB_COURSE_051_M7_S4,SUB_COURSE_051_M7_S4,GOVERNS_SUBTOPIC
GR_SUB_COURSE_052_M1_S1,SUB_COURSE_052_M1_S1,GOVERNS_SUBTOPIC
GR_SUB_COURSE_052_M1_S2,SUB_COURSE_052_M1_S2,GOVERNS_SUBTOPIC
GR_SUB_COURSE_052_M1_S3,SUB_COURSE_052_M1_S3,GOVERNS_SUBTOPIC
GR_SUB_COURSE_052_M1_S4,SUB_COURSE_052_M1_S4,GOVERNS_SUBTOPIC
GR_SUB_COURSE_052_M2_S1,SUB_COURSE_052_M2_S1,GOVERNS_SUBTOPIC
GR_SUB_COURSE_052_M2_S2,SUB_COURSE_052_M2_S2,GOVERNS_SUBTOPIC
GR_SUB_COURSE_052_M2_S3,SUB_COURSE_052_M2_S3,GOVERNS_SUBTOPIC
GR_SUB_COURSE_052_M2_S4,SUB_COURSE_052_M2_S4,GOVERNS_SUBTOPIC
GR_SUB_COURSE_052_M3_S1,SUB_COURSE_052_M3_S1,GOVERNS_SUBTOPIC
GR_SUB_COURSE_052_M3_S2,SUB_COURSE_052_M3_S2,GOVERNS_SUBTOPIC
GR_SUB_COURSE_052_M3_S3,SUB_COURSE_052_M3_S3,GOVERNS_SUBTOPIC
GR_SUB_COURSE_052_M3_S4,SUB_COURSE_052_M3_S4,GOVERNS_SUBTOPIC
GR_SUB_COURSE_052_M4_S1,SUB_COURSE_052_M4_S1,GOVERNS_SUBTOPIC
GR_SUB_COURSE_052_M4_S2,SUB_COURSE_052_M4_S2,GOVERNS_SUBTOPIC
GR_SUB_COURSE_052_M4_S3,SUB_COURSE_052_M4_S3,GOVERNS_SUBTOPIC
GR_SUB_COURSE_052_M4_S4,SUB_COURSE_052_M4_S4,GOVERNS_SUBTOPIC
GR_SUB_COURSE_052_M5_S1,SUB_COURSE_052_M5_S1,GOVERNS_SUBTOPIC
GR_SUB_COURSE_052_M5_S2,SUB_COURSE_052_M5_S2,GOVERNS_SUBTOPIC
GR_SUB_COURSE_052_M5_S3,SUB_COURSE_052_M5_S3,GOVERNS_SUBTOPIC
GR_SUB_COURSE_052_M5_S4,SUB_COURSE_052_M5_S4,GOVERNS_SUBTOPIC
GR_SUB_COURSE_052_M6_S1,SUB_COURSE_052_M6_S1,GOVERNS_SUBTOPIC
GR_SUB_COURSE_052_M6_S2,SUB_COURSE_052_M6_S2,GOVERNS_SUBTOPIC
GR_SUB_COURSE_052_M6_S3,SUB_COURSE_052_M6_S3,GOVERNS_SUBTOPIC
GR_SUB_COURSE_052_M6_S4,SUB_COURSE_052_M6_S4,GOVERNS_SUBTOPIC
GR_SUB_COURSE_052_M7_S1,SUB_COURSE_052_M7_S1,GOVERNS_SUBTOPIC
GR_SUB_COURSE_052_M7_S2,SUB_COURSE_052_M7_S2,GOVERNS_SUBTOPIC
GR_SUB_COURSE_052_M7_S3,SUB_COURSE_052_M7_S3,GOVERNS_SUBTOPIC
GR_SUB_COURSE_052_M7_S4,SUB_COURSE_052_M7_S4,GOVERNS_SUBTOPIC
GR_SUB_COURSE_053_M1_S1,SUB_COURSE_053_M1_S1,GOVERNS_SUBTOPIC
GR_SUB_COURSE_053_M1_S2,SUB_COURSE_053_M1_S2,GOVERNS_SUBTOPIC
GR_SUB_COURSE_053_M1_S3,SUB_COURSE_053_M1_S3,GOVERNS_SUBTOPIC
GR_SUB_COURSE_053_M1_S4,SUB_COURSE_053_M1_S4,GOVERNS_SUBTOPIC
GR_SUB_COURSE_053_M1_S5,SUB_COURSE_053_M1_S5,GOVERNS_SUBTOPIC
GR_SUB_COURSE_053_M1_S6,SUB_COURSE_053_M1_S6,GOVERNS_SUBTOPIC
GR_SUB_COURSE_053_M2_S1,SUB_COURSE_053_M2_S1,GOVERNS_SUBTOPIC
GR_SUB_COURSE_053_M2_S2,SUB_COURSE_053_M2_S2,GOVERNS_SUBTOPIC
GR_SUB_COURSE_053_M2_S3,SUB_COURSE_053_M2_S3,GOVERNS_SUBTOPIC
GR_SUB_COURSE_053_M2_S4,SUB_COURSE_053_M2_S4,GOVERNS_SUBTOPIC
GR_SUB_COURSE_053_M2_S5,SUB_COURSE_053_M2_S5,GOVERNS_SUBTOPIC
GR_SUB_COURSE_053_M3_S1,SUB_COURSE_053_M3_S1,GOVERNS_SUBTOPIC
GR_SUB_COURSE_053_M3_S2,SUB_COURSE_053_M3_S2,GOVERNS_SUBTOPIC
GR_SUB_COURSE_053_M3_S3,SUB_COURSE_053_M3_S3,GOVERNS_SUBTOPIC
GR_SUB_COURSE_053_M3_S4,SUB_COURSE_053_M3_S4,GOVERNS_SUBTOPIC
GR_SUB_COURSE_053_M3_S5,SUB_COURSE_053_M3_S5,GOVERNS_SUBTOPIC
GR_SUB_COURSE_053_M4_S1,SUB_COURSE_053_M4_S1,GOVERNS_SUBTOPIC
GR_SUB_COURSE_053_M4_S2,SUB_COURSE_053_M4_S2,GOVERNS_SUBTOPIC
GR_SUB_COURSE_053_M4_S3,SUB_COURSE_053_M4_S3,GOVERNS_SUBTOPIC
GR_SUB_COURSE_053_M4_S4,SUB_COURSE_053_M4_S4,GOVERNS_SUBTOPIC
GR_SUB_COURSE_053_M4_S5,SUB_COURSE_053_M4_S5,GOVERNS_SUBTOPIC
GR_SUB_COURSE_053_M5_S1,SUB_COURSE_053_M5_S1,GOVERNS_SUBTOPIC
GR_SUB_COURSE_053_M5_S2,SUB_COURSE_053_M5_S2,GOVERNS_SUBTOPIC
GR_SUB_COURSE_053_M5_S3,SUB_COURSE_053_M5_S3,GOVERNS_SUBTOPIC
GR_SUB_COURSE_053_M5_S4,SUB_COURSE_053_M5_S4,GOVERNS_SUBTOPIC
GR_SUB_COURSE_053_M5_S5,SUB_COURSE_053_M5_S5,GOVERNS_SUBTOPIC
GR_SUB_COURSE_053_M6_S1,SUB_COURSE_053_M6_S1,GOVERNS_SUBTOPIC
GR_SUB_COURSE_053_M6_S2,SUB_COURSE_053_M6_S2,GOVERNS_SUBTOPIC
GR_SUB_COURSE_053_M6_S3,SUB_COURSE_053_M6_S3,GOVERNS_SUBTOPIC
GR_SUB_COURSE_053_M6_S4,SUB_COURSE_053_M6_S4,GOVERNS_SUBTOPIC
GR_SUB_COURSE_053_M6_S5,SUB_COURSE_053_M6_S5,GOVERNS_SUBTOPIC
GR_SUB_COURSE_053_M7_S1,SUB_COURSE_053_M7_S1,GOVERNS_SUBTOPIC
GR_SUB_COURSE_053_M7_S2,SUB_COURSE_053_M7_S2,GOVERNS_SUBTOPIC
GR_SUB_COURSE_053_M7_S3,SUB_COURSE_053_M7_S3,GOVERNS_SUBTOPIC
GR_SUB_COURSE_053_M7_S4,SUB_COURSE_053_M7_S4,GOVERNS_SUBTOPIC
GR_SUB_COURSE_053_M7_S5,SUB_COURSE_053_M7_S5,GOVERNS_SUBTOPIC
GR_SUB_COURSE_054_M1_S1,SUB_COURSE_054_M1_S1,GOVERNS_SUBTOPIC
GR_SUB_COURSE_054_M1_S2,SUB_COURSE_054_M1_S2,GOVERNS_SUBTOPIC
GR_SUB_COURSE_054_M1_S3,SUB_COURSE_054_M1_S3,GOVERNS_SUBTOPIC
GR_SUB_COURSE_054_M1_S4,SUB_COURSE_054_M1_S4,GOVERNS_SUBTOPIC
GR_SUB_COURSE_054_M2_S1,SUB_COURSE_054_M2_S1,GOVERNS_SUBTOPIC
GR_SUB_COURSE_054_M2_S2,SUB_COURSE_054_M2_S2,GOVERNS_SUBTOPIC
GR_SUB_COURSE_054_M2_S3,SUB_COURSE_054_M2_S3,GOVERNS_SUBTOPIC
GR_SUB_COURSE_054_M2_S4,SUB_COURSE_054_M2_S4,GOVERNS_SUBTOPIC
GR_SUB_COURSE_054_M2_S5,SUB_COURSE_054_M2_S5,GOVERNS_SUBTOPIC
GR_SUB_COURSE_054_M3_S1,SUB_COURSE_054_M3_S1,GOVERNS_SUBTOPIC
GR_SUB_COURSE_054_M3_S2,SUB_COURSE_054_M3_S2,GOVERNS_SUBTOPIC
GR_SUB_COURSE_054_M3_S3,SUB_COURSE_054_M3_S3,GOVERNS_SUBTOPIC
GR_SUB_COURSE_054_M3_S4,SUB_COURSE_054_M3_S4,GOVERNS_SUBTOPIC
GR_SUB_COURSE_054_M4_S1,SUB_COURSE_054_M4_S1,GOVERNS_SUBTOPIC
GR_SUB_COURSE_054_M4_S2,SUB_COURSE_054_M4_S2,GOVERNS_SUBTOPIC
GR_SUB_COURSE_054_M4_S3,SUB_COURSE_054_M4_S3,GOVERNS_SUBTOPIC
GR_SUB_COURSE_054_M4_S4,SUB_COURSE_054_M4_S4,GOVERNS_SUBTOPIC
GR_SUB_COURSE_054_M5_S1,SUB_COURSE_054_M5_S1,GOVERNS_SUBTOPIC
GR_SUB_COURSE_054_M5_S2,SUB_COURSE_054_M5_S2,GOVERNS_SUBTOPIC
GR_SUB_COURSE_054_M5_S3,SUB_COURSE_054_M5_S3,GOVERNS_SUBTOPIC
GR_SUB_COURSE_054_M5_S4,SUB_COURSE_054_M5_S4,GOVERNS_SUBTOPIC
GR_SUB_COURSE_054_M6_S1,SUB_COURSE_054_M6_S1,GOVERNS_SUBTOPIC
GR_SUB_COURSE_054_M6_S2,SUB_COURSE_054_M6_S2,GOVERNS_SUBTOPIC
GR_SUB_COURSE_054_M6_S3,SUB_COURSE_054_M6_S3,GOVERNS_SUBTOPIC
GR_SUB_COURSE_054_M6_S4,SUB_COURSE_054_M6_S4,GOVERNS_SUBTOPIC
GR_SUB_COURSE_054_M7_S1,SUB_COURSE_054_M7_S1,GOVERNS_SUBTOPIC
GR_SUB_COURSE_054_M7_S2,SUB_COURSE_054_M7_S2,GOVERNS_SUBTOPIC
GR_SUB_COURSE_054_M7_S3,SUB_COURSE_054_M7_S3,GOVERNS_SUBTOPIC
GR_SUB_COURSE_054_M7_S4,SUB_COURSE_054_M7_S4,GOVERNS_SUBTOPIC
GR_SUB_COURSE_054_M7_S5,SUB_COURSE_054_M7_S5,GOVERNS_SUBTOPIC
GR_SUB_COURSE_055_M1_S1,SUB_COURSE_055_M1_S1,GOVERNS_SUBTOPIC
GR_SUB_COURSE_055_M1_S2,SUB_COURSE_055_M1_S2,GOVERNS_SUBTOPIC
GR_SUB_COURSE_055_M1_S3,SUB_COURSE_055_M1_S3,GOVERNS_SUBTOPIC
GR_SUB_COURSE_055_M1_S4,SUB_COURSE_055_M1_S4,GOVERNS_SUBTOPIC
GR_SUB_COURSE_055_M2_S1,SUB_COURSE_055_M2_S1,GOVERNS_SUBTOPIC
GR_SUB_COURSE_055_M2_S2,SUB_COURSE_055_M2_S2,GOVERNS_SUBTOPIC
GR_SUB_COURSE_055_M2_S3,SUB_COURSE_055_M2_S3,GOVERNS_SUBTOPIC
GR_SUB_COURSE_055_M2_S4,SUB_COURSE_055_M2_S4,GOVERNS_SUBTOPIC
GR_SUB_COURSE_055_M3_S1,SUB_COURSE_055_M3_S1,GOVERNS_SUBTOPIC
GR_SUB_COURSE_055_M3_S2,SUB_COURSE_055_M3_S2,GOVERNS_SUBTOPIC
GR_SUB_COURSE_055_M3_S3,SUB_COURSE_055_M3_S3,GOVERNS_SUBTOPIC
GR_SUB_COURSE_055_M3_S4,SUB_COURSE_055_M3_S4,GOVERNS_SUBTOPIC
GR_SUB_COURSE_055_M4_S1,SUB_COURSE_055_M4_S1,GOVERNS_SUBTOPIC
GR_SUB_COURSE_055_M4_S2,SUB_COURSE_055_M4_S2,GOVERNS_SUBTOPIC
GR_SUB_COURSE_055_M4_S3,SUB_COURSE_055_M4_S3,GOVERNS_SUBTOPIC
GR_SUB_COURSE_055_M4_S4,SUB_COURSE_055_M4_S4,GOVERNS_SUBTOPIC
GR_SUB_COURSE_055_M5_S1,SUB_COURSE_055_M5_S1,GOVERNS_SUBTOPIC
GR_SUB_COURSE_055_M5_S2,SUB_COURSE_055_M5_S2,GOVERNS_SUBTOPIC
GR_SUB_COURSE_055_M5_S3,SUB_COURSE_055_M5_S3,GOVERNS_SUBTOPIC
GR_SUB_COURSE_055_M5_S4,SUB_COURSE_055_M5_S4,GOVERNS_SUBTOPIC
GR_SUB_COURSE_055_M6_S1,SUB_COURSE_055_M6_S1,GOVERNS_SUBTOPIC
GR_SUB_COURSE_055_M6_S2,SUB_COURSE_055_M6_S2,GOVERNS_SUBTOPIC
GR_SUB_COURSE_055_M6_S3,SUB_COURSE_055_M6_S3,GOVERNS_SUBTOPIC
GR_SUB_COURSE_055_M6_S4,SUB_COURSE_055_M6_S4,GOVERNS_SUBTOPIC
GR_SUB_COURSE_055_M7_S1,SUB_COURSE_055_M7_S1,GOVERNS_SUBTOPIC
GR_SUB_COURSE_055_M7_S2,SUB_COURSE_055_M7_S2,GOVERNS_SUBTOPIC
GR_SUB_COURSE_055_M7_S3,SUB_COURSE_055_M7_S3,GOVERNS_SUBTOPIC
GR_SUB_COURSE_055_M7_S4,SUB_COURSE_055_M7_S4,GOVERNS_SUBTOPIC
GR_SUB_COURSE_056_M1_S1,SUB_COURSE_056_M1_S1,GOVERNS_SUBTOPIC
GR_SUB_COURSE_056_M1_S2,SUB_COURSE_056_M1_S2,GOVERNS_SUBTOPIC
GR_SUB_COURSE_056_M1_S3,SUB_COURSE_056_M1_S3,GOVERNS_SUBTOPIC
GR_SUB_COURSE_056_M1_S4,SUB_COURSE_056_M1_S4,GOVERNS_SUBTOPIC
GR_SUB_COURSE_056_M2_S1,SUB_COURSE_056_M2_S1,GOVERNS_SUBTOPIC
GR_SUB_COURSE_056_M2_S2,SUB_COURSE_056_M2_S2,GOVERNS_SUBTOPIC
GR_SUB_COURSE_056_M2_S3,SUB_COURSE_056_M2_S3,GOVERNS_SUBTOPIC
GR_SUB_COURSE_056_M2_S4,SUB_COURSE_056_M2_S4,GOVERNS_SUBTOPIC
GR_SUB_COURSE_056_M2_S5,SUB_COURSE_056_M2_S5,GOVERNS_SUBTOPIC
GR_SUB_COURSE_056_M2_S6,SUB_COURSE_056_M2_S6,GOVERNS_SUBTOPIC
GR_SUB_COURSE_056_M3_S1,SUB_COURSE_056_M3_S1,GOVERNS_SUBTOPIC
GR_SUB_COURSE_056_M3_S2,SUB_COURSE_056_M3_S2,GOVERNS_SUBTOPIC
GR_SUB_COURSE_056_M3_S3,SUB_COURSE_056_M3_S3,GOVERNS_SUBTOPIC
GR_SUB_COURSE_056_M3_S4,SUB_COURSE_056_M3_S4,GOVERNS_SUBTOPIC
GR_SUB_COURSE_056_M3_S5,SUB_COURSE_056_M3_S5,GOVERNS_SUBTOPIC
GR_SUB_COURSE_056_M3_S6,SUB_COURSE_056_M3_S6,GOVERNS_SUBTOPIC
GR_SUB_COURSE_056_M4_S1,SUB_COURSE_056_M4_S1,GOVERNS_SUBTOPIC
GR_SUB_COURSE_056_M4_S2,SUB_COURSE_056_M4_S2,GOVERNS_SUBTOPIC
GR_SUB_COURSE_056_M4_S3,SUB_COURSE_056_M4_S3,GOVERNS_SUBTOPIC
GR_SUB_COURSE_056_M4_S4,SUB_COURSE_056_M4_S4,GOVERNS_SUBTOPIC
GR_SUB_COURSE_056_M4_S5,SUB_COURSE_056_M4_S5,GOVERNS_SUBTOPIC
GR_SUB_COURSE_056_M4_S6,SUB_COURSE_056_M4_S6,GOVERNS_SUBTOPIC
GR_SUB_COURSE_056_M5_S1,SUB_COURSE_056_M5_S1,GOVERNS_SUBTOPIC
GR_SUB_COURSE_056_M5_S2,SUB_COURSE_056_M5_S2,GOVERNS_SUBTOPIC
GR_SUB_COURSE_056_M5_S3,SUB_COURSE_056_M5_S3,GOVERNS_SUBTOPIC
GR_SUB_COURSE_056_M5_S4,SUB_COURSE_056_M5_S4,GOVERNS_SUBTOPIC
GR_SUB_COURSE_056_M6_S1,SUB_COURSE_056_M6_S1,GOVERNS_SUBTOPIC
GR_SUB_COURSE_056_M6_S2,SUB_COURSE_056_M6_S2,GOVERNS_SUBTOPIC
GR_SUB_COURSE_056_M6_S3,SUB_COURSE_056_M6_S3,GOVERNS_SUBTOPIC
GR_SUB_COURSE_056_M6_S4,SUB_COURSE_056_M6_S4,GOVERNS_SUBTOPIC
GR_SUB_COURSE_056_M6_S5,SUB_COURSE_056_M6_S5,GOVERNS_SUBTOPIC
GR_SUB_COURSE_056_M7_S1,SUB_COURSE_056_M7_S1,GOVERNS_SUBTOPIC
GR_SUB_COURSE_056_M7_S2,SUB_COURSE_056_M7_S2,GOVERNS_SUBTOPIC
GR_SUB_COURSE_056_M7_S3,SUB_COURSE_056_M7_S3,GOVERNS_SUBTOPIC
GR_SUB_COURSE_056_M7_S4,SUB_COURSE_056_M7_S4,GOVERNS_SUBTOPIC
GR_SUB_COURSE_057_M1_S1,SUB_COURSE_057_M1_S1,GOVERNS_SUBTOPIC
GR_SUB_COURSE_057_M1_S2,SUB_COURSE_057_M1_S2,GOVERNS_SUBTOPIC
GR_SUB_COURSE_057_M1_S3,SUB_COURSE_057_M1_S3,GOVERNS_SUBTOPIC
GR_SUB_COURSE_057_M1_S4,SUB_COURSE_057_M1_S4,GOVERNS_SUBTOPIC
GR_SUB_COURSE_057_M1_S5,SUB_COURSE_057_M1_S5,GOVERNS_SUBTOPIC
GR_SUB_COURSE_057_M2_S1,SUB_COURSE_057_M2_S1,GOVERNS_SUBTOPIC
GR_SUB_COURSE_057_M2_S2,SUB_COURSE_057_M2_S2,GOVERNS_SUBTOPIC
GR_SUB_COURSE_057_M2_S3,SUB_COURSE_057_M2_S3,GOVERNS_SUBTOPIC
GR_SUB_COURSE_057_M2_S4,SUB_COURSE_057_M2_S4,GOVERNS_SUBTOPIC
GR_SUB_COURSE_057_M3_S1,SUB_COURSE_057_M3_S1,GOVERNS_SUBTOPIC
GR_SUB_COURSE_057_M3_S2,SUB_COURSE_057_M3_S2,GOVERNS_SUBTOPIC
GR_SUB_COURSE_057_M3_S3,SUB_COURSE_057_M3_S3,GOVERNS_SUBTOPIC
GR_SUB_COURSE_057_M3_S4,SUB_COURSE_057_M3_S4,GOVERNS_SUBTOPIC
GR_SUB_COURSE_057_M3_S5,SUB_COURSE_057_M3_S5,GOVERNS_SUBTOPIC
GR_SUB_COURSE_057_M4_S1,SUB_COURSE_057_M4_S1,GOVERNS_SUBTOPIC
GR_SUB_COURSE_057_M4_S2,SUB_COURSE_057_M4_S2,GOVERNS_SUBTOPIC
GR_SUB_COURSE_057_M4_S3,SUB_COURSE_057_M4_S3,GOVERNS_SUBTOPIC
GR_SUB_COURSE_057_M4_S4,SUB_COURSE_057_M4_S4,GOVERNS_SUBTOPIC
GR_SUB_COURSE_057_M4_S5,SUB_COURSE_057_M4_S5,GOVERNS_SUBTOPIC
GR_SUB_COURSE_057_M5_S1,SUB_COURSE_057_M5_S1,GOVERNS_SUBTOPIC
GR_SUB_COURSE_057_M5_S2,SUB_COURSE_057_M5_S2,GOVERNS_SUBTOPIC
GR_SUB_COURSE_057_M5_S3,SUB_COURSE_057_M5_S3,GOVERNS_SUBTOPIC
GR_SUB_COURSE_057_M5_S4,SUB_COURSE_057_M5_S4,GOVERNS_SUBTOPIC
GR_SUB_COURSE_057_M5_S5,SUB_COURSE_057_M5_S5,GOVERNS_SUBTOPIC
GR_SUB_COURSE_057_M6_S1,SUB_COURSE_057_M6_S1,GOVERNS_SUBTOPIC
GR_SUB_COURSE_057_M6_S2,SUB_COURSE_057_M6_S2,GOVERNS_SUBTOPIC
GR_SUB_COURSE_057_M6_S3,SUB_COURSE_057_M6_S3,GOVERNS_SUBTOPIC
GR_SUB_COURSE_057_M6_S4,SUB_COURSE_057_M6_S4,GOVERNS_SUBTOPIC
GR_SUB_COURSE_057_M7_S1,SUB_COURSE_057_M7_S1,GOVERNS_SUBTOPIC
GR_SUB_COURSE_057_M7_S2,SUB_COURSE_057_M7_S2,GOVERNS_SUBTOPIC
GR_SUB_COURSE_057_M7_S3,SUB_COURSE_057_M7_S3,GOVERNS_SUBTOPIC
GR_SUB_COURSE_057_M7_S4,SUB_COURSE_057_M7_S4,GOVERNS_SUBTOPIC
GR_SUB_COURSE_057_M7_S5,SUB_COURSE_057_M7_S5,GOVERNS_SUBTOPIC
GR_SUB_COURSE_058_M1_S1,SUB_COURSE_058_M1_S1,GOVERNS_SUBTOPIC
GR_SUB_COURSE_058_M1_S2,SUB_COURSE_058_M1_S2,GOVERNS_SUBTOPIC
GR_SUB_COURSE_058_M1_S3,SUB_COURSE_058_M1_S3,GOVERNS_SUBTOPIC
GR_SUB_COURSE_058_M1_S4,SUB_COURSE_058_M1_S4,GOVERNS_SUBTOPIC
GR_SUB_COURSE_058_M2_S1,SUB_COURSE_058_M2_S1,GOVERNS_SUBTOPIC
GR_SUB_COURSE_058_M2_S2,SUB_COURSE_058_M2_S2,GOVERNS_SUBTOPIC
GR_SUB_COURSE_058_M2_S3,SUB_COURSE_058_M2_S3,GOVERNS_SUBTOPIC
GR_SUB_COURSE_058_M2_S4,SUB_COURSE_058_M2_S4,GOVERNS_SUBTOPIC
GR_SUB_COURSE_058_M3_S1,SUB_COURSE_058_M3_S1,GOVERNS_SUBTOPIC
GR_SUB_COURSE_058_M3_S2,SUB_COURSE_058_M3_S2,GOVERNS_SUBTOPIC
GR_SUB_COURSE_058_M3_S3,SUB_COURSE_058_M3_S3,GOVERNS_SUBTOPIC
GR_SUB_COURSE_058_M3_S4,SUB_COURSE_058_M3_S4,GOVERNS_SUBTOPIC
GR_SUB_COURSE_058_M4_S1,SUB_COURSE_058_M4_S1,GOVERNS_SUBTOPIC
GR_SUB_COURSE_058_M4_S2,SUB_COURSE_058_M4_S2,GOVERNS_SUBTOPIC
GR_SUB_COURSE_058_M4_S3,SUB_COURSE_058_M4_S3,GOVERNS_SUBTOPIC
GR_SUB_COURSE_058_M4_S4,SUB_COURSE_058_M4_S4,GOVERNS_SUBTOPIC
GR_SUB_COURSE_058_M5_S1,SUB_COURSE_058_M5_S1,GOVERNS_SUBTOPIC
GR_SUB_COURSE_058_M5_S2,SUB_COURSE_058_M5_S2,GOVERNS_SUBTOPIC
GR_SUB_COURSE_058_M5_S3,SUB_COURSE_058_M5_S3,GOVERNS_SUBTOPIC
GR_SUB_COURSE_058_M5_S4,SUB_COURSE_058_M5_S4,GOVERNS_SUBTOPIC
GR_SUB_COURSE_058_M6_S1,SUB_COURSE_058_M6_S1,GOVERNS_SUBTOPIC
GR_SUB_COURSE_058_M6_S2,SUB_COURSE_058_M6_S2,GOVERNS_SUBTOPIC
GR_SUB_COURSE_058_M6_S3,SUB_COURSE_058_M6_S3,GOVERNS_SUBTOPIC
GR_SUB_COURSE_058_M6_S4,SUB_COURSE_058_M6_S4,GOVERNS_SUBTOPIC
GR_SUB_COURSE_058_M7_S1,SUB_COURSE_058_M7_S1,GOVERNS_SUBTOPIC
GR_SUB_COURSE_058_M7_S2,SUB_COURSE_058_M7_S2,GOVERNS_SUBTOPIC
GR_SUB_COURSE_058_M7_S3,SUB_COURSE_058_M7_S3,GOVERNS_SUBTOPIC
GR_SUB_COURSE_058_M7_S4,SUB_COURSE_058_M7_S4,GOVERNS_SUBTOPIC
GR_SUB_COURSE_058_M7_S5,SUB_COURSE_058_M7_S5,GOVERNS_SUBTOPIC
GR_SUB_COURSE_059_M1_S1,SUB_COURSE_059_M1_S1,GOVERNS_SUBTOPIC
GR_SUB_COURSE_059_M1_S2,SUB_COURSE_059_M1_S2,GOVERNS_SUBTOPIC
GR_SUB_COURSE_059_M1_S3,SUB_COURSE_059_M1_S3,GOVERNS_SUBTOPIC
GR_SUB_COURSE_059_M1_S4,SUB_COURSE_059_M1_S4,GOVERNS_SUBTOPIC
GR_SUB_COURSE_059_M2_S1,SUB_COURSE_059_M2_S1,GOVERNS_SUBTOPIC
GR_SUB_COURSE_059_M2_S2,SUB_COURSE_059_M2_S2,GOVERNS_SUBTOPIC
GR_SUB_COURSE_059_M2_S3,SUB_COURSE_059_M2_S3,GOVERNS_SUBTOPIC
GR_SUB_COURSE_059_M2_S4,SUB_COURSE_059_M2_S4,GOVERNS_SUBTOPIC
GR_SUB_COURSE_059_M2_S5,SUB_COURSE_059_M2_S5,GOVERNS_SUBTOPIC
GR_SUB_COURSE_059_M3_S1,SUB_COURSE_059_M3_S1,GOVERNS_SUBTOPIC
GR_SUB_COURSE_059_M3_S2,SUB_COURSE_059_M3_S2,GOVERNS_SUBTOPIC
GR_SUB_COURSE_059_M3_S3,SUB_COURSE_059_M3_S3,GOVERNS_SUBTOPIC
GR_SUB_COURSE_059_M3_S4,SUB_COURSE_059_M3_S4,GOVERNS_SUBTOPIC
GR_SUB_COURSE_059_M4_S1,SUB_COURSE_059_M4_S1,GOVERNS_SUBTOPIC
GR_SUB_COURSE_059_M4_S2,SUB_COURSE_059_M4_S2,GOVERNS_SUBTOPIC
GR_SUB_COURSE_059_M4_S3,SUB_COURSE_059_M4_S3,GOVERNS_SUBTOPIC
GR_SUB_COURSE_059_M4_S4,SUB_COURSE_059_M4_S4,GOVERNS_SUBTOPIC
GR_SUB_COURSE_059_M4_S5,SUB_COURSE_059_M4_S5,GOVERNS_SUBTOPIC
GR_SUB_COURSE_059_M5_S1,SUB_COURSE_059_M5_S1,GOVERNS_SUBTOPIC
GR_SUB_COURSE_059_M5_S2,SUB_COURSE_059_M5_S2,GOVERNS_SUBTOPIC
GR_SUB_COURSE_059_M5_S3,SUB_COURSE_059_M5_S3,GOVERNS_SUBTOPIC
GR_SUB_COURSE_059_M5_S4,SUB_COURSE_059_M5_S4,GOVERNS_SUBTOPIC
GR_SUB_COURSE_059_M5_S5,SUB_COURSE_059_M5_S5,GOVERNS_SUBTOPIC
GR_SUB_COURSE_059_M6_S1,SUB_COURSE_059_M6_S1,GOVERNS_SUBTOPIC
GR_SUB_COURSE_059_M6_S2,SUB_COURSE_059_M6_S2,GOVERNS_SUBTOPIC
GR_SUB_COURSE_059_M6_S3,SUB_COURSE_059_M6_S3,GOVERNS_SUBTOPIC
GR_SUB_COURSE_059_M6_S4,SUB_COURSE_059_M6_S4,GOVERNS_SUBTOPIC
GR_SUB_COURSE_059_M7_S1,SUB_COURSE_059_M7_S1,GOVERNS_SUBTOPIC
GR_SUB_COURSE_059_M7_S2,SUB_COURSE_059_M7_S2,GOVERNS_SUBTOPIC
GR_SUB_COURSE_059_M7_S3,SUB_COURSE_059_M7_S3,GOVERNS_SUBTOPIC
GR_SUB_COURSE_059_M7_S4,SUB_COURSE_059_M7_S4,GOVERNS_SUBTOPIC
GR_SUB_COURSE_060_M1_S1,SUB_COURSE_060_M1_S1,GOVERNS_SUBTOPIC
GR_SUB_COURSE_060_M1_S2,SUB_COURSE_060_M1_S2,GOVERNS_SUBTOPIC
GR_SUB_COURSE_060_M1_S3,SUB_COURSE_060_M1_S3,GOVERNS_SUBTOPIC
GR_SUB_COURSE_060_M2_S1,SUB_COURSE_060_M2_S1,GOVERNS_SUBTOPIC
GR_SUB_COURSE_060_M2_S2,SUB_COURSE_060_M2_S2,GOVERNS_SUBTOPIC
GR_SUB_COURSE_060_M2_S3,SUB_COURSE_060_M2_S3,GOVERNS_SUBTOPIC
GR_SUB_COURSE_060_M2_S4,SUB_COURSE_060_M2_S4,GOVERNS_SUBTOPIC
GR_SUB_COURSE_060_M3_S1,SUB_COURSE_060_M3_S1,GOVERNS_SUBTOPIC
GR_SUB_COURSE_060_M3_S2,SUB_COURSE_060_M3_S2,GOVERNS_SUBTOPIC
GR_SUB_COURSE_060_M3_S3,SUB_COURSE_060_M3_S3,GOVERNS_SUBTOPIC
GR_SUB_COURSE_060_M3_S4,SUB_COURSE_060_M3_S4,GOVERNS_SUBTOPIC
GR_SUB_COURSE_060_M3_S5,SUB_COURSE_060_M3_S5,GOVERNS_SUBTOPIC
GR_SUB_COURSE_060_M4_S1,SUB_COURSE_060_M4_S1,GOVERNS_SUBTOPIC
GR_SUB_COURSE_060_M4_S2,SUB_COURSE_060_M4_S2,GOVERNS_SUBTOPIC
GR_SUB_COURSE_060_M4_S3,SUB_COURSE_060_M4_S3,GOVERNS_SUBTOPIC
GR_SUB_COURSE_060_M4_S4,SUB_COURSE_060_M4_S4,GOVERNS_SUBTOPIC
GR_SUB_COURSE_060_M5_S1,SUB_COURSE_060_M5_S1,GOVERNS_SUBTOPIC
GR_SUB_COURSE_060_M5_S2,SUB_COURSE_060_M5_S2,GOVERNS_SUBTOPIC
GR_SUB_COURSE_060_M5_S3,SUB_COURSE_060_M5_S3,GOVERNS_SUBTOPIC
GR_SUB_COURSE_060_M5_S4,SUB_COURSE_060_M5_S4,GOVERNS_SUBTOPIC
GR_SUB_COURSE_060_M6_S1,SUB_COURSE_060_M6_S1,GOVERNS_SUBTOPIC
GR_SUB_COURSE_060_M6_S2,SUB_COURSE_060_M6_S2,GOVERNS_SUBTOPIC
GR_SUB_COURSE_060_M6_S3,SUB_COURSE_060_M6_S3,GOVERNS_SUBTOPIC
GR_SUB_COURSE_060_M6_S4,SUB_COURSE_060_M6_S4,GOVERNS_SUBTOPIC
GR_SUB_COURSE_060_M6_S5,SUB_COURSE_060_M6_S5,GOVERNS_SUBTOPIC
GR_SUB_COURSE_060_M7_S1,SUB_COURSE_060_M7_S1,GOVERNS_SUBTOPIC
GR_SUB_COURSE_060_M7_S2,SUB_COURSE_060_M7_S2,GOVERNS_SUBTOPIC
GR_SUB_COURSE_060_M7_S3,SUB_COURSE_060_M7_S3,GOVERNS_SUBTOPIC
GR_SUB_COURSE_060_M7_S4,SUB_COURSE_060_M7_S4,GOVERNS_SUBTOPIC
GR_SUB_COURSE_060_M7_S5,SUB_COURSE_060_M7_S5,GOVERNS_SUBTOPIC
KCR_000005,KCR_000014,IS_SUBCONCEPT_OF_KCR
KCR_000006,KCR_000005,IS_SUBCONCEPT_OF_KCR
SUB_COURSE_001_M01_S01,KCR_000001,MAPS_TO_KCR
SUB_COURSE_001_M01_S02,KCR_000002,MAPS_TO_KCR
SUB_COURSE_001_M02_S01,KCR_000003,MAPS_TO_KCR
SUB_COURSE_001_M02_S02,KCR_000004,MAPS_TO_KCR
SUB_COURSE_001_M03_S01,KCR_000005,MAPS_TO_KCR
SUB_COURSE_001_M03_S02,KCR_000006,MAPS_TO_KCR
SUB_COURSE_001_M04_S01,KCR_000007,MAPS_TO_KCR
SUB_COURSE_001_M04_S02,KCR_000008,MAPS_TO_KCR
SUB_COURSE_001_M05_S01,KCR_000009,MAPS_TO_KCR
SUB_COURSE_002_M01_S01,KCR_000010,MAPS_TO_KCR
SUB_COURSE_002_M02_S01,KCR_000011,MAPS_TO_KCR
SUB_COURSE_002_M03_S01,KCR_000012,MAPS_TO_KCR
SUB_COURSE_002_M04_S01,KCR_000013,MAPS_TO_KCR
SUB_COURSE_002_M05_S01,KCR_000014,MAPS_TO_KCR
SUB_COURSE_003_M01_S01,KCR_000015,MAPS_TO_KCR
SUB_COURSE_003_M02_S01,KCR_000016,MAPS_TO_KCR
SUB_COURSE_003_M03_S01,KCR_000017,MAPS_TO_KCR
SUB_COURSE_003_M04_S01,KCR_000018,MAPS_TO_KCR
SUB_COURSE_003_M05_S01,KCR_000019,MAPS_TO_KCR
SUB_COURSE_004_M01_S01,KCR_000020,MAPS_TO_KCR
SUB_COURSE_004_M02_S01,KCR_000021,MAPS_TO_KCR
SUB_COURSE_004_M03_S01,KCR_000022,MAPS_TO_KCR
SUB_COURSE_004_M04_S01,KCR_000023,MAPS_TO_KCR
SUB_COURSE_004_M05_S01,KCR_000024,MAPS_TO_KCR
SUB_COURSE_005_M01_S01,KCR_000025,MAPS_TO_KCR
SUB_COURSE_005_M02_S01,KCR_000026,MAPS_TO_KCR
SUB_COURSE_005_M03_S01,KCR_000027,MAPS_TO_KCR
SUB_COURSE_005_M04_S01,KCR_000028,MAPS_TO_KCR
SUB_COURSE_005_M05_S01,KCR_000029,MAPS_TO_KCR
SUB_COURSE_006_M01_S01,KCR_000030,MAPS_TO_KCR
SUB_COURSE_006_M02_S01,KCR_000031,MAPS_TO_KCR
SUB_COURSE_006_M03_S01,KCR_000032,MAPS_TO_KCR
SUB_COURSE_006_M04_S01,KCR_000033,MAPS_TO_KCR
SUB_COURSE_006_M05_S01,KCR_000034,MAPS_TO_KCR
SUB_COURSE_007_M01_S01,KCR_000035,MAPS_TO_KCR
SUB_COURSE_007_M02_S01,KCR_000036,MAPS_TO_KCR
SUB_COURSE_007_M03_S01,KCR_000037,MAPS_TO_KCR
SUB_COURSE_007_M04_S01,KCR_000038,MAPS_TO_KCR
SUB_COURSE_007_M05_S01,KCR_000039,MAPS_TO_KCR
SUB_COURSE_008_M01_S01,KCR_000040,MAPS_TO_KCR
SUB_COURSE_008_M02_S01,KCR_000041,MAPS_TO_KCR
SUB_COURSE_008_M03_S01,KCR_000042,MAPS_TO_KCR
SUB_COURSE_008_M04_S01,KCR_000043,MAPS_TO_KCR
SUB_COURSE_008_M05_S01,KCR_000044,MAPS_TO_KCR
SUB_COURSE_009_M01_S01,KCR_000045,MAPS_TO_KCR
SUB_COURSE_009_M02_S01,KCR_000046,MAPS_TO_KCR
SUB_COURSE_009_M03_S01,KCR_000047,MAPS_TO_KCR
SUB_COURSE_009_M04_S01,KCR_000048,MAPS_TO_KCR
SUB_COURSE_009_M05_S01,KCR_000049,MAPS_TO_KCR
SUB_COURSE_010_M01_S01,KCR_000050,MAPS_TO_KCR
SUB_COURSE_010_M02_S01,KCR_000051,MAPS_TO_KCR
SUB_COURSE_010_M03_S01,KCR_000052,MAPS_TO_KCR
SUB_COURSE_010_M04_S01,KCR_000053,MAPS_TO_KCR
SUB_COURSE_010_M05_S01,KCR_000054,MAPS_TO_KCR
SUB_COURSE_011_M01_S01,KCR_000055,MAPS_TO_KCR
SUB_COURSE_011_M02_S01,KCR_000056,MAPS_TO_KCR
SUB_COURSE_011_M03_S01,KCR_000057,MAPS_TO_KCR
SUB_COURSE_011_M04_S01,KCR_000058,MAPS_TO_KCR
SUB_COURSE_011_M05_S01,KCR_000059,MAPS_TO_KCR
SUB_COURSE_012_M01_S01,KCR_000060,MAPS_TO_KCR
SUB_COURSE_012_M02_S01,KCR_000061,MAPS_TO_KCR
SUB_COURSE_012_M03_S01,KCR_000062,MAPS_TO_KCR
SUB_COURSE_012_M04_S01,KCR_000063,MAPS_TO_KCR
SUB_COURSE_012_M05_S01,KCR_000064,MAPS_TO_KCR
SUB_COURSE_013_M01_S01,KCR_000065,MAPS_TO_KCR
SUB_COURSE_013_M02_S01,KCR_000066,MAPS_TO_KCR
SUB_COURSE_013_M03_S01,KCR_000067,MAPS_TO_KCR
SUB_COURSE_013_M04_S01,KCR_000068,MAPS_TO_KCR
SUB_COURSE_013_M05_S01,KCR_000069,MAPS_TO_KCR
SUB_COURSE_014_M01_S01,KCR_000070,MAPS_TO_KCR
SUB_COURSE_014_M02_S01,KCR_000071,MAPS_TO_KCR
SUB_COURSE_014_M03_S01,KCR_000072,MAPS_TO_KCR
SUB_COURSE_014_M04_S01,KCR_000073,MAPS_TO_KCR
SUB_COURSE_014_M05_S01,KCR_000074,MAPS_TO_KCR
SUB_COURSE_015_M01_S01,KCR_000075,MAPS_TO_KCR
SUB_COURSE_015_M02_S01,KCR_000076,MAPS_TO_KCR
SUB_COURSE_015_M03_S01,KCR_000077,MAPS_TO_KCR
SUB_COURSE_015_M04_S01,KCR_000078,MAPS_TO_KCR
SUB_COURSE_015_M05_S01,KCR_000079,MAPS_TO_KCR
SUB_COURSE_016_M01_S01,KCR_000080,MAPS_TO_KCR
SUB_COURSE_016_M02_S01,KCR_000081,MAPS_TO_KCR
SUB_COURSE_016_M03_S01,KCR_000082,MAPS_TO_KCR
SUB_COURSE_016_M04_S01,KCR_000083,MAPS_TO_KCR
SUB_COURSE_016_M05_S01,KCR_000084,MAPS_TO_KCR
SUB_COURSE_017_M01_S01,KCR_000085,MAPS_TO_KCR
SUB_COURSE_017_M02_S01,KCR_000086,MAPS_TO_KCR
SUB_COURSE_017_M03_S01,KCR_000087,MAPS_TO_KCR
SUB_COURSE_017_M04_S01,KCR_000088,MAPS_TO_KCR
SUB_COURSE_017_M05_S01,KCR_000089,MAPS_TO_KCR
SUB_COURSE_018_M01_S01,KCR_000090,MAPS_TO_KCR
SUB_COURSE_018_M02_S01,KCR_000091,MAPS_TO_KCR
SUB_COURSE_018_M03_S01,KCR_000092,MAPS_TO_KCR
SUB_COURSE_018_M04_S01,KCR_000093,MAPS_TO_KCR
SUB_COURSE_018_M05_S01,KCR_000094,MAPS_TO_KCR
SUB_COURSE_019_M01_S01,KCR_000095,MAPS_TO_KCR
SUB_COURSE_019_M02_S01,KCR_000096,MAPS_TO_KCR
SUB_COURSE_019_M03_S01,KCR_000097,MAPS_TO_KCR
SUB_COURSE_019_M04_S01,KCR_000098,MAPS_TO_KCR
SUB_COURSE_019_M05_S01,KCR_000099,MAPS_TO_KCR
SUB_COURSE_020_M01_S01,KCR_000100,MAPS_TO_KCR
SUB_COURSE_020_M02_S01,KCR_000101,MAPS_TO_KCR
SUB_COURSE_020_M03_S01,KCR_000102,MAPS_TO_KCR
SUB_COURSE_020_M04_S01,KCR_000103,MAPS_TO_KCR
SUB_COURSE_020_M05_S01,KCR_000104,MAPS_TO_KCR
SUB_COURSE_021_M01_S01,KCR_000105,MAPS_TO_KCR
SUB_COURSE_021_M02_S01,KCR_000106,MAPS_TO_KCR
SUB_COURSE_021_M03_S01,KCR_000107,MAPS_TO_KCR
SUB_COURSE_021_M04_S01,KCR_000108,MAPS_TO_KCR
SUB_COURSE_021_M05_S01,KCR_000109,MAPS_TO_KCR
SUB_COURSE_022_M01_S01,KCR_000110,MAPS_TO_KCR
SUB_COURSE_022_M02_S01,KCR_000111,MAPS_TO_KCR
SUB_COURSE_022_M03_S01,KCR_000112,MAPS_TO_KCR
SUB_COURSE_022_M04_S01,KCR_000113,MAPS_TO_KCR
SUB_COURSE_022_M05_S01,KCR_000114,MAPS_TO_KCR
SUB_COURSE_023_M01_S01,KCR_000115,MAPS_TO_KCR
SUB_COURSE_023_M02_S01,KCR_000116,MAPS_TO_KCR
SUB_COURSE_023_M03_S01,KCR_000117,MAPS_TO_KCR
SUB_COURSE_023_M04_S01,KCR_000118,MAPS_TO_KCR
SUB_COURSE_023_M05_S01,KCR_000119,MAPS_TO_KCR
SUB_COURSE_024_M01_S01,KCR_000120,MAPS_TO_KCR
SUB_COURSE_024_M02_S01,KCR_000121,MAPS_TO_KCR
SUB_COURSE_024_M03_S01,KCR_000122,MAPS_TO_KCR
SUB_COURSE_024_M04_S01,KCR_000123,MAPS_TO_KCR
SUB_COURSE_024_M05_S01,KCR_000124,MAPS_TO_KCR
SUB_COURSE_025_M1_S1,KCR_000125,MAPS_TO_KCR
SUB_COURSE_025_M1_S2,KCR_000126,MAPS_TO_KCR
SUB_COURSE_025_M1_S3,KCR_000127,MAPS_TO_KCR
SUB_COURSE_025_M1_S4,KCR_000128,MAPS_TO_KCR
SUB_COURSE_025_M2_S1,KCR_000129,MAPS_TO_KCR
SUB_COURSE_025_M2_S2,KCR_000130,MAPS_TO_KCR
SUB_COURSE_025_M2_S3,KCR_000131,MAPS_TO_KCR
SUB_COURSE_025_M2_S4,KCR_000132,MAPS_TO_KCR
SUB_COURSE_025_M2_S5,KCR_000133,MAPS_TO_KCR
SUB_COURSE_025_M3_S1,KCR_000134,MAPS_TO_KCR
SUB_COURSE_025_M3_S2,KCR_000135,MAPS_TO_KCR
SUB_COURSE_025_M3_S3,KCR_000136,MAPS_TO_KCR
SUB_COURSE_025_M3_S4,KCR_000137,MAPS_TO_KCR
SUB_COURSE_025_M3_S5,KCR_000138,MAPS_TO_KCR
SUB_COURSE_025_M3_S6,KCR_000139,MAPS_TO_KCR
SUB_COURSE_025_M4_S1,KCR_000140,MAPS_TO_KCR
SUB_COURSE_025_M4_S2,KCR_000141,MAPS_TO_KCR
SUB_COURSE_025_M4_S3,KCR_000142,MAPS_TO_KCR
SUB_COURSE_025_M4_S4,KCR_000143,MAPS_TO_KCR
SUB_COURSE_025_M4_S5,KCR_000144,MAPS_TO_KCR
SUB_COURSE_025_M5_S1,KCR_000145,MAPS_TO_KCR
SUB_COURSE_025_M5_S2,KCR_000146,MAPS_TO_KCR
SUB_COURSE_025_M5_S3,KCR_000147,MAPS_TO_KCR
SUB_COURSE_025_M5_S4,KCR_000148,MAPS_TO_KCR
SUB_COURSE_025_M5_S5,KCR_000149,MAPS_TO_KCR
SUB_COURSE_025_M5_S6,KCR_000150,MAPS_TO_KCR
SUB_COURSE_025_M6_S1,KCR_000151,MAPS_TO_KCR
SUB_COURSE_025_M6_S2,KCR_000152,MAPS_TO_KCR
SUB_COURSE_025_M6_S3,KCR_000153,MAPS_TO_KCR
SUB_COURSE_025_M6_S4,KCR_000154,MAPS_TO_KCR
SUB_COURSE_025_M6_S5,KCR_000155,MAPS_TO_KCR
SUB_COURSE_025_M6_S6,KCR_000156,MAPS_TO_KCR
SUB_COURSE_025_M7_S1,KCR_000157,MAPS_TO_KCR
SUB_COURSE_025_M7_S2,KCR_000158,MAPS_TO_KCR
SUB_COURSE_025_M7_S3,KCR_000159,MAPS_TO_KCR
SUB_COURSE_025_M7_S4,KCR_000160,MAPS_TO_KCR
SUB_COURSE_025_M7_S5,KCR_000161,MAPS_TO_KCR
SUB_COURSE_025_M7_S6,KCR_000156,MAPS_TO_KCR
SUB_COURSE_025_M8_S1,KCR_000162,MAPS_TO_KCR
SUB_COURSE_025_M8_S2,KCR_000163,MAPS_TO_KCR
SUB_COURSE_025_M8_S3,KCR_000164,MAPS_TO_KCR
SUB_COURSE_025_M8_S4,KCR_000165,MAPS_TO_KCR
SUB_COURSE_025_M8_S5,KCR_000166,MAPS_TO_KCR
SUB_COURSE_025_M8_S6,KCR_000167,MAPS_TO_KCR
SUB_COURSE_026_M1_S1,KCR_000168,MAPS_TO_KCR
SUB_COURSE_026_M1_S2,KCR_000169,MAPS_TO_KCR
SUB_COURSE_026_M1_S3,KCR_000170,MAPS_TO_KCR
SUB_COURSE_026_M1_S4,KCR_000171,MAPS_TO_KCR
SUB_COURSE_026_M1_S5,KCR_000172,MAPS_TO_KCR
SUB_COURSE_026_M2_S1,KCR_000173,MAPS_TO_KCR
SUB_COURSE_026_M2_S2,KCR_000174,MAPS_TO_KCR
SUB_COURSE_026_M2_S3,KCR_000175,MAPS_TO_KCR
SUB_COURSE_026_M2_S4,KCR_000176,MAPS_TO_KCR
SUB_COURSE_026_M2_S5,KCR_000177,MAPS_TO_KCR
SUB_COURSE_026_M2_S6,KCR_000178,MAPS_TO_KCR
SUB_COURSE_026_M3_S1,KCR_000179,MAPS_TO_KCR
SUB_COURSE_026_M3_S2,KCR_000180,MAPS_TO_KCR
SUB_COURSE_026_M3_S3,KCR_000181,MAPS_TO_KCR
SUB_COURSE_026_M3_S4,KCR_000182,MAPS_TO_KCR
SUB_COURSE_026_M3_S5,KCR_000183,MAPS_TO_KCR
SUB_COURSE_026_M3_S6,KCR_000184,MAPS_TO_KCR
SUB_COURSE_026_M4_S1,KCR_000185,MAPS_TO_KCR
SUB_COURSE_026_M4_S2,KCR_000186,MAPS_TO_KCR
SUB_COURSE_026_M4_S3,KCR_000187,MAPS_TO_KCR
SUB_COURSE_026_M4_S4,KCR_000188,MAPS_TO_KCR
SUB_COURSE_026_M4_S5,KCR_000189,MAPS_TO_KCR
SUB_COURSE_026_M4_S6,KCR_000190,MAPS_TO_KCR
SUB_COURSE_026_M5_S1,KCR_000191,MAPS_TO_KCR
SUB_COURSE_026_M5_S2,KCR_000192,MAPS_TO_KCR
SUB_COURSE_026_M5_S3,KCR_000193,MAPS_TO_KCR
SUB_COURSE_026_M5_S4,KCR_000194,MAPS_TO_KCR
SUB_COURSE_026_M5_S5,KCR_000195,MAPS_TO_KCR
SUB_COURSE_026_M6_S1,KCR_000196,MAPS_TO_KCR
SUB_COURSE_026_M6_S2,KCR_000197,MAPS_TO_KCR
SUB_COURSE_026_M6_S3,KCR_000198,MAPS_TO_KCR
SUB_COURSE_026_M6_S4,KCR_000199,MAPS_TO_KCR
SUB_COURSE_026_M6_S5,KCR_000200,MAPS_TO_KCR
SUB_COURSE_026_M6_S6,KCR_000201,MAPS_TO_KCR
SUB_COURSE_026_M7_S1,KCR_000202,MAPS_TO_KCR
SUB_COURSE_026_M7_S2,KCR_000203,MAPS_TO_KCR
SUB_COURSE_026_M7_S3,KCR_000204,MAPS_TO_KCR
SUB_COURSE_026_M7_S4,KCR_000205,MAPS_TO_KCR
SUB_COURSE_026_M7_S5,KCR_000206,MAPS_TO_KCR
SUB_COURSE_026_M7_S6,KCR_000207,MAPS_TO_KCR
SUB_COURSE_027_M1_S1,KCR_000208,MAPS_TO_KCR
SUB_COURSE_027_M1_S2,KCR_000209,MAPS_TO_KCR
SUB_COURSE_027_M1_S3,KCR_000210,MAPS_TO_KCR
SUB_COURSE_027_M1_S4,KCR_000211,MAPS_TO_KCR
SUB_COURSE_027_M1_S5,KCR_000212,MAPS_TO_KCR
SUB_COURSE_027_M2_S1,KCR_000213,MAPS_TO_KCR
SUB_COURSE_027_M2_S2,KCR_000214,MAPS_TO_KCR
SUB_COURSE_027_M2_S3,KCR_000215,MAPS_TO_KCR
SUB_COURSE_027_M2_S4,KCR_000216,MAPS_TO_KCR
SUB_COURSE_027_M2_S5,KCR_000217,MAPS_TO_KCR
SUB_COURSE_027_M2_S6,KCR_000218,MAPS_TO_KCR
SUB_COURSE_027_M3_S1,KCR_000219,MAPS_TO_KCR
SUB_COURSE_027_M3_S2,KCR_000220,MAPS_TO_KCR
SUB_COURSE_027_M3_S3,KCR_000221,MAPS_TO_KCR
SUB_COURSE_027_M3_S4,KCR_000222,MAPS_TO_KCR
SUB_COURSE_027_M3_S5,KCR_000223,MAPS_TO_KCR
SUB_COURSE_027_M4_S1,KCR_000224,MAPS_TO_KCR
SUB_COURSE_027_M4_S2,KCR_000225,MAPS_TO_KCR
SUB_COURSE_027_M4_S3,KCR_000226,MAPS_TO_KCR
SUB_COURSE_027_M4_S4,KCR_000227,MAPS_TO_KCR
SUB_COURSE_027_M4_S5,KCR_000228,MAPS_TO_KCR
SUB_COURSE_027_M5_S1,KCR_000229,MAPS_TO_KCR
SUB_COURSE_027_M5_S2,KCR_000230,MAPS_TO_KCR
SUB_COURSE_027_M5_S3,KCR_000231,MAPS_TO_KCR
SUB_COURSE_027_M5_S4,KCR_000232,MAPS_TO_KCR
SUB_COURSE_027_M5_S5,KCR_000233,MAPS_TO_KCR
SUB_COURSE_027_M6_S1,KCR_000234,MAPS_TO_KCR
SUB_COURSE_027_M6_S2,KCR_000235,MAPS_TO_KCR
SUB_COURSE_027_M6_S3,KCR_000236,MAPS_TO_KCR
SUB_COURSE_027_M6_S4,KCR_000237,MAPS_TO_KCR
SUB_COURSE_027_M6_S5,KCR_000238,MAPS_TO_KCR
SUB_COURSE_027_M7_S1,KCR_000239,MAPS_TO_KCR
SUB_COURSE_027_M7_S2,KCR_000240,MAPS_TO_KCR
SUB_COURSE_027_M7_S3,KCR_000241,MAPS_TO_KCR
SUB_COURSE_027_M7_S4,KCR_000242,MAPS_TO_KCR
SUB_COURSE_027_M7_S5,KCR_000243,MAPS_TO_KCR
SUB_COURSE_028_M1_S1,KCR_000244,MAPS_TO_KCR
SUB_COURSE_028_M1_S2,KCR_000245,MAPS_TO_KCR
SUB_COURSE_028_M1_S3,KCR_000246,MAPS_TO_KCR
SUB_COURSE_028_M1_S4,KCR_000247,MAPS_TO_KCR
SUB_COURSE_028_M1_S5,KCR_000248,MAPS_TO_KCR
SUB_COURSE_028_M2_S1,KCR_000249,MAPS_TO_KCR
SUB_COURSE_028_M2_S2,KCR_000250,MAPS_TO_KCR
SUB_COURSE_028_M2_S3,KCR_000251,MAPS_TO_KCR
SUB_COURSE_028_M2_S4,KCR_000252,MAPS_TO_KCR
SUB_COURSE_028_M2_S5,KCR_000253,MAPS_TO_KCR
SUB_COURSE_028_M3_S1,KCR_000254,MAPS_TO_KCR
SUB_COURSE_028_M3_S2,KCR_000255,MAPS_TO_KCR
SUB_COURSE_028_M3_S3,KCR_000256,MAPS_TO_KCR
SUB_COURSE_028_M3_S4,KCR_000257,MAPS_TO_KCR
SUB_COURSE_028_M3_S5,KCR_000258,MAPS_TO_KCR
SUB_COURSE_028_M4_S1,KCR_000232,MAPS_TO_KCR
SUB_COURSE_028_M4_S2,KCR_000259,MAPS_TO_KCR
SUB_COURSE_028_M4_S3,KCR_000260,MAPS_TO_KCR
SUB_COURSE_028_M4_S4,KCR_000261,MAPS_TO_KCR
SUB_COURSE_028_M4_S5,KCR_000262,MAPS_TO_KCR
SUB_COURSE_028_M5_S1,KCR_000263,MAPS_TO_KCR
SUB_COURSE_028_M5_S2,KCR_000264,MAPS_TO_KCR
SUB_COURSE_028_M5_S3,KCR_000265,MAPS_TO_KCR
SUB_COURSE_028_M5_S4,KCR_000241,MAPS_TO_KCR
SUB_COURSE_028_M5_S5,KCR_000266,MAPS_TO_KCR
SUB_COURSE_028_M5_S6,KCR_000267,MAPS_TO_KCR
SUB_COURSE_028_M6_S1,KCR_000268,MAPS_TO_KCR
SUB_COURSE_028_M6_S2,KCR_000269,MAPS_TO_KCR
SUB_COURSE_028_M6_S3,KCR_000270,MAPS_TO_KCR
SUB_COURSE_028_M6_S4,KCR_000271,MAPS_TO_KCR
SUB_COURSE_028_M6_S5,KCR_000272,MAPS_TO_KCR
SUB_COURSE_028_M7_S1,KCR_000273,MAPS_TO_KCR
SUB_COURSE_028_M7_S2,KCR_000274,MAPS_TO_KCR
SUB_COURSE_028_M7_S3,KCR_000275,MAPS_TO_KCR
SUB_COURSE_028_M7_S4,KCR_000276,MAPS_TO_KCR
SUB_COURSE_028_M7_S5,KCR_000277,MAPS_TO_KCR
SUB_COURSE_029_M1_S1,KCR_000278,MAPS_TO_KCR
SUB_COURSE_029_M1_S2,KCR_000279,MAPS_TO_KCR
SUB_COURSE_029_M1_S3,KCR_000280,MAPS_TO_KCR
SUB_COURSE_029_M1_S4,KCR_000281,MAPS_TO_KCR
SUB_COURSE_029_M1_S5,KCR_000282,MAPS_TO_KCR
SUB_COURSE_029_M2_S1,KCR_000283,MAPS_TO_KCR
SUB_COURSE_029_M2_S2,KCR_000284,MAPS_TO_KCR
SUB_COURSE_029_M2_S3,KCR_000285,MAPS_TO_KCR
SUB_COURSE_029_M2_S4,KCR_000286,MAPS_TO_KCR
SUB_COURSE_029_M2_S5,KCR_000287,MAPS_TO_KCR
SUB_COURSE_029_M2_S6,KCR_000288,MAPS_TO_KCR
SUB_COURSE_029_M3_S1,KCR_000289,MAPS_TO_KCR
SUB_COURSE_029_M3_S2,KCR_000290,MAPS_TO_KCR
SUB_COURSE_029_M3_S3,KCR_000291,MAPS_TO_KCR
SUB_COURSE_029_M3_S4,KCR_000232,MAPS_TO_KCR
SUB_COURSE_029_M3_S5,KCR_000292,MAPS_TO_KCR
SUB_COURSE_029_M3_S6,KCR_000293,MAPS_TO_KCR
SUB_COURSE_029_M4_S1,KCR_000294,MAPS_TO_KCR
SUB_COURSE_029_M4_S2,KCR_000295,MAPS_TO_KCR
SUB_COURSE_029_M4_S3,KCR_000265,MAPS_TO_KCR
SUB_COURSE_029_M4_S4,KCR_000241,MAPS_TO_KCR
SUB_COURSE_029_M4_S5,KCR_000296,MAPS_TO_KCR
SUB_COURSE_029_M4_S6,KCR_000297,MAPS_TO_KCR
SUB_COURSE_029_M5_S1,KCR_000298,MAPS_TO_KCR
SUB_COURSE_029_M5_S2,KCR_000299,MAPS_TO_KCR
SUB_COURSE_029_M5_S3,KCR_000280,MAPS_TO_KCR
SUB_COURSE_029_M5_S4,KCR_000300,MAPS_TO_KCR
SUB_COURSE_029_M5_S5,KCR_000301,MAPS_TO_KCR
SUB_COURSE_029_M5_S6,KCR_000302,MAPS_TO_KCR
SUB_COURSE_029_M6_S1,KCR_000303,MAPS_TO_KCR
SUB_COURSE_029_M6_S2,KCR_000304,MAPS_TO_KCR
SUB_COURSE_029_M6_S3,KCR_000305,MAPS_TO_KCR
SUB_COURSE_029_M6_S4,KCR_000306,MAPS_TO_KCR
SUB_COURSE_029_M6_S5,KCR_000307,MAPS_TO_KCR
SUB_COURSE_029_M7_S1,KCR_000249,MAPS_TO_KCR
SUB_COURSE_029_M7_S2,KCR_000251,MAPS_TO_KCR
SUB_COURSE_029_M7_S3,KCR_000308,MAPS_TO_KCR
SUB_COURSE_029_M7_S4,KCR_000309,MAPS_TO_KCR
SUB_COURSE_029_M7_S5,KCR_000310,MAPS_TO_KCR
SUB_COURSE_029_M8_S1,KCR_000311,MAPS_TO_KCR
SUB_COURSE_029_M8_S2,KCR_000312,MAPS_TO_KCR
SUB_COURSE_029_M8_S3,KCR_000313,MAPS_TO_KCR
SUB_COURSE_029_M8_S4,KCR_000235,MAPS_TO_KCR
SUB_COURSE_029_M8_S5,KCR_000314,MAPS_TO_KCR
SUB_COURSE_029_M8_S6,KCR_000315,MAPS_TO_KCR
SUB_COURSE_030_M1_S1,KCR_000316,MAPS_TO_KCR
SUB_COURSE_030_M1_S2,KCR_000317,MAPS_TO_KCR
SUB_COURSE_030_M1_S3,KCR_000318,MAPS_TO_KCR
SUB_COURSE_030_M1_S4,KCR_000319,MAPS_TO_KCR
SUB_COURSE_030_M2_S1,KCR_000320,MAPS_TO_KCR
SUB_COURSE_030_M2_S2,KCR_000321,MAPS_TO_KCR
SUB_COURSE_030_M2_S3,KCR_000322,MAPS_TO_KCR
SUB_COURSE_030_M2_S4,KCR_000323,MAPS_TO_KCR
SUB_COURSE_030_M2_S5,KCR_000324,MAPS_TO_KCR
SUB_COURSE_030_M3_S1,KCR_000325,MAPS_TO_KCR
SUB_COURSE_030_M3_S2,KCR_000326,MAPS_TO_KCR
SUB_COURSE_030_M3_S3,KCR_000327,MAPS_TO_KCR
SUB_COURSE_030_M3_S4,KCR_000328,MAPS_TO_KCR
SUB_COURSE_030_M3_S5,KCR_000329,MAPS_TO_KCR
SUB_COURSE_030_M4_S1,KCR_000328,MAPS_TO_KCR
SUB_COURSE_030_M4_S2,KCR_000330,MAPS_TO_KCR
SUB_COURSE_030_M4_S3,KCR_000331,MAPS_TO_KCR
SUB_COURSE_030_M4_S4,KCR_000332,MAPS_TO_KCR
SUB_COURSE_030_M4_S5,KCR_000333,MAPS_TO_KCR
SUB_COURSE_030_M4_S6,KCR_000334,MAPS_TO_KCR
SUB_COURSE_030_M5_S1,KCR_000335,MAPS_TO_KCR
SUB_COURSE_030_M5_S2,KCR_000336,MAPS_TO_KCR
SUB_COURSE_030_M5_S3,KCR_000337,MAPS_TO_KCR
SUB_COURSE_030_M5_S4,KCR_000338,MAPS_TO_KCR
SUB_COURSE_030_M5_S5,KCR_000339,MAPS_TO_KCR
SUB_COURSE_030_M5_S6,KCR_000340,MAPS_TO_KCR
SUB_COURSE_030_M6_S1,KCR_000341,MAPS_TO_KCR
SUB_COURSE_030_M6_S2,KCR_000342,MAPS_TO_KCR
SUB_COURSE_030_M6_S3,KCR_000343,MAPS_TO_KCR
SUB_COURSE_030_M6_S4,KCR_000344,MAPS_TO_KCR
SUB_COURSE_030_M6_S5,KCR_000345,MAPS_TO_KCR
SUB_COURSE_030_M7_S1,KCR_000346,MAPS_TO_KCR
SUB_COURSE_030_M7_S2,KCR_000347,MAPS_TO_KCR
SUB_COURSE_030_M7_S3,KCR_000348,MAPS_TO_KCR
SUB_COURSE_030_M7_S4,KCR_000349,MAPS_TO_KCR
SUB_COURSE_030_M7_S5,KCR_000350,MAPS_TO_KCR
SUB_COURSE_031_M1_S1,KCR_000351,MAPS_TO_KCR
SUB_COURSE_031_M1_S2,KCR_001259,MAPS_TO_KCR
SUB_COURSE_031_M1_S3,KCR_000352,MAPS_TO_KCR
SUB_COURSE_031_M1_S4,KCR_000353,MAPS_TO_KCR
SUB_COURSE_031_M1_S5,KCR_000354,MAPS_TO_KCR
SUB_COURSE_031_M2_S1,KCR_000355,MAPS_TO_KCR
SUB_COURSE_031_M2_S2,KCR_000356,MAPS_TO_KCR
SUB_COURSE_031_M2_S3,KCR_000357,MAPS_TO_KCR
SUB_COURSE_031_M2_S4,KCR_001256,MAPS_TO_KCR
SUB_COURSE_031_M2_S5,KCR_000358,MAPS_TO_KCR
SUB_COURSE_031_M3_S1,KCR_000359,MAPS_TO_KCR
SUB_COURSE_031_M3_S2,KCR_000360,MAPS_TO_KCR
SUB_COURSE_031_M3_S3,KCR_000361,MAPS_TO_KCR
SUB_COURSE_031_M3_S4,KCR_000362,MAPS_TO_KCR
SUB_COURSE_031_M3_S5,KCR_000363,MAPS_TO_KCR
SUB_COURSE_031_M4_S1,KCR_000364,MAPS_TO_KCR
SUB_COURSE_031_M4_S2,KCR_000365,MAPS_TO_KCR
SUB_COURSE_031_M4_S3,KCR_000366,MAPS_TO_KCR
SUB_COURSE_031_M4_S4,KCR_000367,MAPS_TO_KCR
SUB_COURSE_031_M4_S5,KCR_000368,MAPS_TO_KCR
SUB_COURSE_031_M5_S1,KCR_000369,MAPS_TO_KCR
SUB_COURSE_031_M5_S2,KCR_000062,MAPS_TO_KCR
SUB_COURSE_031_M5_S3,KCR_000370,MAPS_TO_KCR
SUB_COURSE_031_M5_S4,KCR_000371,MAPS_TO_KCR
SUB_COURSE_031_M6_S1,KCR_000372,MAPS_TO_KCR
SUB_COURSE_031_M6_S2,KCR_000373,MAPS_TO_KCR
SUB_COURSE_031_M6_S3,KCR_000374,MAPS_TO_KCR
SUB_COURSE_031_M6_S4,KCR_000375,MAPS_TO_KCR
SUB_COURSE_031_M6_S5,KCR_000376,MAPS_TO_KCR
SUB_COURSE_031_M7_S1,KCR_000377,MAPS_TO_KCR
SUB_COURSE_031_M7_S2,KCR_000378,MAPS_TO_KCR
SUB_COURSE_031_M7_S3,KCR_000379,MAPS_TO_KCR
SUB_COURSE_031_M7_S4,KCR_000380,MAPS_TO_KCR
SUB_COURSE_032_M1_S1,KCR_000381,MAPS_TO_KCR
SUB_COURSE_032_M1_S2,KCR_000382,MAPS_TO_KCR
SUB_COURSE_032_M1_S3,KCR_000383,MAPS_TO_KCR
SUB_COURSE_032_M1_S4,KCR_000384,MAPS_TO_KCR
SUB_COURSE_032_M1_S5,KCR_000385,MAPS_TO_KCR
SUB_COURSE_032_M1_S6,KCR_000386,MAPS_TO_KCR
SUB_COURSE_032_M2_S1,KCR_000387,MAPS_TO_KCR
SUB_COURSE_032_M2_S2,KCR_000388,MAPS_TO_KCR
SUB_COURSE_032_M2_S3,KCR_000389,MAPS_TO_KCR
SUB_COURSE_032_M2_S4,KCR_000390,MAPS_TO_KCR
SUB_COURSE_032_M2_S5,KCR_000391,MAPS_TO_KCR
SUB_COURSE_032_M3_S1,KCR_000392,MAPS_TO_KCR
SUB_COURSE_032_M3_S2,KCR_000393,MAPS_TO_KCR
SUB_COURSE_032_M3_S3,KCR_000394,MAPS_TO_KCR
SUB_COURSE_032_M3_S4,KCR_000395,MAPS_TO_KCR
SUB_COURSE_032_M4_S1,KCR_000396,MAPS_TO_KCR
SUB_COURSE_032_M4_S2,KCR_000397,MAPS_TO_KCR
SUB_COURSE_032_M4_S3,KCR_000398,MAPS_TO_KCR
SUB_COURSE_032_M4_S4,KCR_000399,MAPS_TO_KCR
SUB_COURSE_032_M5_S1,KCR_000400,MAPS_TO_KCR
SUB_COURSE_032_M5_S2,KCR_000401,MAPS_TO_KCR
SUB_COURSE_032_M5_S3,KCR_000401,MAPS_TO_KCR
SUB_COURSE_032_M5_S4,KCR_000402,MAPS_TO_KCR
SUB_COURSE_032_M5_S5,KCR_000403,MAPS_TO_KCR
SUB_COURSE_032_M6_S1,KCR_000404,MAPS_TO_KCR
SUB_COURSE_032_M6_S2,KCR_000065,MAPS_TO_KCR
SUB_COURSE_032_M6_S3,KCR_000405,MAPS_TO_KCR
SUB_COURSE_032_M6_S4,KCR_000201,MAPS_TO_KCR
SUB_COURSE_032_M6_S5,KCR_000406,MAPS_TO_KCR
SUB_COURSE_032_M7_S1,KCR_000407,MAPS_TO_KCR
SUB_COURSE_032_M7_S2,KCR_000408,MAPS_TO_KCR
SUB_COURSE_032_M7_S3,KCR_000409,MAPS_TO_KCR
SUB_COURSE_032_M7_S4,KCR_000410,MAPS_TO_KCR
SUB_COURSE_032_M7_S5,KCR_000411,MAPS_TO_KCR
SUB_COURSE_033_M1_S1,KCR_000412,MAPS_TO_KCR
SUB_COURSE_033_M1_S2,KCR_000050,MAPS_TO_KCR
SUB_COURSE_033_M1_S3,KCR_000413,MAPS_TO_KCR
SUB_COURSE_033_M1_S4,KCR_000414,MAPS_TO_KCR
SUB_COURSE_033_M1_S5,KCR_000085,MAPS_TO_KCR
SUB_COURSE_033_M2_S1,KCR_000415,MAPS_TO_KCR
SUB_COURSE_033_M2_S2,KCR_000416,MAPS_TO_KCR
SUB_COURSE_033_M2_S3,KCR_000417,MAPS_TO_KCR
SUB_COURSE_033_M2_S4,KCR_000418,MAPS_TO_KCR
SUB_COURSE_033_M2_S5,KCR_000419,MAPS_TO_KCR
SUB_COURSE_033_M3_S1,KCR_000420,MAPS_TO_KCR
SUB_COURSE_033_M3_S2,KCR_000421,MAPS_TO_KCR
SUB_COURSE_033_M3_S3,KCR_000422,MAPS_TO_KCR
SUB_COURSE_033_M3_S4,KCR_000423,MAPS_TO_KCR
SUB_COURSE_033_M3_S5,KCR_000424,MAPS_TO_KCR
SUB_COURSE_033_M4_S1,KCR_000094,MAPS_TO_KCR
SUB_COURSE_033_M4_S2,KCR_000425,MAPS_TO_KCR
SUB_COURSE_033_M4_S3,KCR_000426,MAPS_TO_KCR
SUB_COURSE_033_M4_S4,KCR_000427,MAPS_TO_KCR
SUB_COURSE_033_M4_S5,KCR_000428,MAPS_TO_KCR
SUB_COURSE_033_M5_S1,KCR_000429,MAPS_TO_KCR
SUB_COURSE_033_M5_S2,KCR_000430,MAPS_TO_KCR
SUB_COURSE_033_M5_S3,KCR_000431,MAPS_TO_KCR
SUB_COURSE_033_M5_S4,KCR_000432,MAPS_TO_KCR
SUB_COURSE_033_M5_S5,KCR_000433,MAPS_TO_KCR
SUB_COURSE_033_M6_S1,KCR_000434,MAPS_TO_KCR
SUB_COURSE_033_M6_S2,KCR_000435,MAPS_TO_KCR
SUB_COURSE_033_M6_S3,KCR_000436,MAPS_TO_KCR
SUB_COURSE_033_M6_S4,KCR_000437,MAPS_TO_KCR
SUB_COURSE_033_M7_S1,KCR_000438,MAPS_TO_KCR
SUB_COURSE_033_M7_S2,KCR_000439,MAPS_TO_KCR
SUB_COURSE_033_M7_S3,KCR_000440,MAPS_TO_KCR
SUB_COURSE_033_M7_S4,KCR_000441,MAPS_TO_KCR
SUB_COURSE_034_M1_S1,KCR_000442,MAPS_TO_KCR
SUB_COURSE_034_M1_S2,KCR_000443,MAPS_TO_KCR
SUB_COURSE_034_M1_S3,KCR_000444,MAPS_TO_KCR
SUB_COURSE_034_M1_S4,KCR_000445,MAPS_TO_KCR
SUB_COURSE_034_M2_S1,KCR_000446,MAPS_TO_KCR
SUB_COURSE_034_M2_S2,KCR_000447,MAPS_TO_KCR
SUB_COURSE_034_M2_S3,KCR_000448,MAPS_TO_KCR
SUB_COURSE_034_M2_S4,KCR_000449,MAPS_TO_KCR
SUB_COURSE_034_M3_S1,KCR_000450,MAPS_TO_KCR
SUB_COURSE_034_M3_S2,KCR_000451,MAPS_TO_KCR
SUB_COURSE_034_M3_S3,KCR_000452,MAPS_TO_KCR
SUB_COURSE_034_M3_S4,KCR_000453,MAPS_TO_KCR
SUB_COURSE_034_M3_S5,KCR_000454,MAPS_TO_KCR
SUB_COURSE_034_M4_S1,KCR_000455,MAPS_TO_KCR
SUB_COURSE_034_M4_S2,KCR_000456,MAPS_TO_KCR
SUB_COURSE_034_M4_S3,KCR_000457,MAPS_TO_KCR
SUB_COURSE_034_M4_S4,KCR_000458,MAPS_TO_KCR
SUB_COURSE_034_M5_S1,KCR_000459,MAPS_TO_KCR
SUB_COURSE_034_M5_S2,KCR_000460,MAPS_TO_KCR
SUB_COURSE_034_M5_S3,KCR_000461,MAPS_TO_KCR
SUB_COURSE_034_M5_S4,KCR_000462,MAPS_TO_KCR
SUB_COURSE_034_M5_S5,KCR_000463,MAPS_TO_KCR
SUB_COURSE_034_M6_S1,KCR_000464,MAPS_TO_KCR
SUB_COURSE_034_M6_S2,KCR_000465,MAPS_TO_KCR
SUB_COURSE_034_M6_S3,KCR_000466,MAPS_TO_KCR
SUB_COURSE_034_M6_S4,KCR_000467,MAPS_TO_KCR
SUB_COURSE_034_M7_S1,KCR_000468,MAPS_TO_KCR
SUB_COURSE_034_M7_S2,KCR_000469,MAPS_TO_KCR
SUB_COURSE_034_M7_S3,KCR_000470,MAPS_TO_KCR
SUB_COURSE_034_M7_S4,KCR_000353,MAPS_TO_KCR
SUB_COURSE_034_M7_S5,KCR_000471,MAPS_TO_KCR
SUB_COURSE_035_M1_S1,KCR_000472,MAPS_TO_KCR
SUB_COURSE_035_M1_S2,KCR_000473,MAPS_TO_KCR
SUB_COURSE_035_M1_S3,KCR_000474,MAPS_TO_KCR
SUB_COURSE_035_M1_S4,KCR_000475,MAPS_TO_KCR
SUB_COURSE_035_M1_S5,KCR_000476,MAPS_TO_KCR
SUB_COURSE_035_M2_S1,KCR_000477,MAPS_TO_KCR
SUB_COURSE_035_M2_S2,KCR_000478,MAPS_TO_KCR
SUB_COURSE_035_M2_S3,KCR_000479,MAPS_TO_KCR
SUB_COURSE_035_M2_S4,KCR_000480,MAPS_TO_KCR
SUB_COURSE_035_M2_S5,KCR_000481,MAPS_TO_KCR
SUB_COURSE_035_M3_S1,KCR_000482,MAPS_TO_KCR
SUB_COURSE_035_M3_S2,KCR_000483,MAPS_TO_KCR
SUB_COURSE_035_M3_S3,KCR_000484,MAPS_TO_KCR
SUB_COURSE_035_M3_S4,KCR_000485,MAPS_TO_KCR
SUB_COURSE_035_M4_S1,KCR_000486,MAPS_TO_KCR
SUB_COURSE_035_M4_S2,KCR_001253,MAPS_TO_KCR
SUB_COURSE_035_M4_S3,KCR_000487,MAPS_TO_KCR
SUB_COURSE_035_M4_S4,KCR_000488,MAPS_TO_KCR
SUB_COURSE_035_M4_S5,KCR_000489,MAPS_TO_KCR
SUB_COURSE_035_M5_S1,KCR_000490,MAPS_TO_KCR
SUB_COURSE_035_M5_S2,KCR_000491,MAPS_TO_KCR
SUB_COURSE_035_M5_S3,KCR_000492,MAPS_TO_KCR
SUB_COURSE_035_M5_S4,KCR_000493,MAPS_TO_KCR
SUB_COURSE_035_M5_S5,KCR_000494,MAPS_TO_KCR
SUB_COURSE_035_M6_S1,KCR_000495,MAPS_TO_KCR
SUB_COURSE_035_M6_S2,KCR_000496,MAPS_TO_KCR
SUB_COURSE_035_M6_S3,KCR_000497,MAPS_TO_KCR
SUB_COURSE_035_M6_S4,KCR_000498,MAPS_TO_KCR
SUB_COURSE_035_M6_S5,KCR_000499,MAPS_TO_KCR
SUB_COURSE_035_M7_S1,KCR_000500,MAPS_TO_KCR
SUB_COURSE_035_M7_S2,KCR_000501,MAPS_TO_KCR
SUB_COURSE_035_M7_S3,KCR_000502,MAPS_TO_KCR
SUB_COURSE_035_M7_S4,KCR_000503,MAPS_TO_KCR
SUB_COURSE_035_M7_S5,KCR_000504,MAPS_TO_KCR
SUB_COURSE_036_M1_S1,KCR_000505,MAPS_TO_KCR
SUB_COURSE_036_M1_S2,KCR_000506,MAPS_TO_KCR
SUB_COURSE_036_M1_S3,KCR_000507,MAPS_TO_KCR
SUB_COURSE_036_M1_S4,KCR_000508,MAPS_TO_KCR
SUB_COURSE_036_M1_S5,KCR_000412,MAPS_TO_KCR
SUB_COURSE_036_M1_S6,KCR_000509,MAPS_TO_KCR
SUB_COURSE_036_M2_S1,KCR_000510,MAPS_TO_KCR
SUB_COURSE_036_M2_S2,KCR_000511,MAPS_TO_KCR
SUB_COURSE_036_M2_S3,KCR_000512,MAPS_TO_KCR
SUB_COURSE_036_M2_S4,KCR_000513,MAPS_TO_KCR
SUB_COURSE_036_M2_S5,KCR_000514,MAPS_TO_KCR
SUB_COURSE_036_M3_S1,KCR_000515,MAPS_TO_KCR
SUB_COURSE_036_M3_S2,KCR_000516,MAPS_TO_KCR
SUB_COURSE_036_M3_S3,KCR_000517,MAPS_TO_KCR
SUB_COURSE_036_M3_S4,KCR_000518,MAPS_TO_KCR
SUB_COURSE_036_M3_S5,KCR_000519,MAPS_TO_KCR
SUB_COURSE_036_M3_S6,KCR_000520,MAPS_TO_KCR
SUB_COURSE_036_M4_S1,KCR_000521,MAPS_TO_KCR
SUB_COURSE_036_M4_S2,KCR_000522,MAPS_TO_KCR
SUB_COURSE_036_M4_S3,KCR_001254,MAPS_TO_KCR
SUB_COURSE_036_M4_S4,KCR_001260,MAPS_TO_KCR
SUB_COURSE_036_M4_S5,KCR_000523,MAPS_TO_KCR
SUB_COURSE_036_M5_S1,KCR_000524,MAPS_TO_KCR
SUB_COURSE_036_M5_S2,KCR_000525,MAPS_TO_KCR
SUB_COURSE_036_M5_S3,KCR_000526,MAPS_TO_KCR
SUB_COURSE_036_M5_S4,KCR_000527,MAPS_TO_KCR
SUB_COURSE_036_M5_S5,KCR_000124,MAPS_TO_KCR
SUB_COURSE_036_M6_S1,KCR_000528,MAPS_TO_KCR
SUB_COURSE_036_M6_S2,KCR_000529,MAPS_TO_KCR
SUB_COURSE_036_M6_S3,KCR_000530,MAPS_TO_KCR
SUB_COURSE_036_M6_S4,KCR_000531,MAPS_TO_KCR
SUB_COURSE_036_M7_S1,KCR_000497,MAPS_TO_KCR
SUB_COURSE_036_M7_S2,KCR_000532,MAPS_TO_KCR
SUB_COURSE_036_M7_S3,KCR_000533,MAPS_TO_KCR
SUB_COURSE_036_M7_S4,KCR_001250,MAPS_TO_KCR
SUB_COURSE_036_M7_S5,KCR_000534,MAPS_TO_KCR
SUB_COURSE_037_M1_S1,KCR_000535,MAPS_TO_KCR
SUB_COURSE_037_M1_S2,KCR_000536,MAPS_TO_KCR
SUB_COURSE_037_M1_S3,KCR_000537,MAPS_TO_KCR
SUB_COURSE_037_M1_S4,KCR_000538,MAPS_TO_KCR
SUB_COURSE_037_M2_S1,KCR_000539,MAPS_TO_KCR
SUB_COURSE_037_M2_S2,KCR_001248,MAPS_TO_KCR
SUB_COURSE_037_M2_S3,KCR_000540,MAPS_TO_KCR
SUB_COURSE_037_M2_S4,KCR_000541,MAPS_TO_KCR
SUB_COURSE_037_M3_S1,KCR_000542,MAPS_TO_KCR
SUB_COURSE_037_M3_S2,KCR_000543,MAPS_TO_KCR
SUB_COURSE_037_M3_S3,KCR_000544,MAPS_TO_KCR
SUB_COURSE_037_M3_S4,KCR_000545,MAPS_TO_KCR
SUB_COURSE_037_M3_S5,KCR_000546,MAPS_TO_KCR
SUB_COURSE_037_M4_S1,KCR_000547,MAPS_TO_KCR
SUB_COURSE_037_M4_S2,KCR_000548,MAPS_TO_KCR
SUB_COURSE_037_M4_S3,KCR_000549,MAPS_TO_KCR
SUB_COURSE_037_M4_S4,KCR_000550,MAPS_TO_KCR
SUB_COURSE_037_M4_S5,KCR_000551,MAPS_TO_KCR
SUB_COURSE_037_M5_S1,KCR_000552,MAPS_TO_KCR
SUB_COURSE_037_M5_S2,KCR_000553,MAPS_TO_KCR
SUB_COURSE_037_M5_S3,KCR_000554,MAPS_TO_KCR
SUB_COURSE_037_M5_S4,KCR_001261,MAPS_TO_KCR
SUB_COURSE_037_M5_S5,KCR_000555,MAPS_TO_KCR
SUB_COURSE_037_M6_S1,KCR_000556,MAPS_TO_KCR
SUB_COURSE_037_M6_S2,KCR_000557,MAPS_TO_KCR
SUB_COURSE_037_M6_S3,KCR_000558,MAPS_TO_KCR
SUB_COURSE_037_M6_S4,KCR_000559,MAPS_TO_KCR
SUB_COURSE_037_M7_S1,KCR_000560,MAPS_TO_KCR
SUB_COURSE_037_M7_S2,KCR_000561,MAPS_TO_KCR
SUB_COURSE_037_M7_S3,KCR_000562,MAPS_TO_KCR
SUB_COURSE_037_M7_S4,KCR_000533,MAPS_TO_KCR
SUB_COURSE_037_M7_S5,KCR_000563,MAPS_TO_KCR
SUB_COURSE_038_M1_S1,KCR_000564,MAPS_TO_KCR
SUB_COURSE_038_M1_S2,KCR_000565,MAPS_TO_KCR
SUB_COURSE_038_M1_S3,KCR_000566,MAPS_TO_KCR
SUB_COURSE_038_M1_S4,KCR_000567,MAPS_TO_KCR
SUB_COURSE_038_M1_S5,KCR_000568,MAPS_TO_KCR
SUB_COURSE_038_M2_S1,KCR_000569,MAPS_TO_KCR
SUB_COURSE_038_M2_S2,KCR_000570,MAPS_TO_KCR
SUB_COURSE_038_M2_S3,KCR_000571,MAPS_TO_KCR
SUB_COURSE_038_M2_S4,KCR_000572,MAPS_TO_KCR
SUB_COURSE_038_M2_S5,KCR_000573,MAPS_TO_KCR
SUB_COURSE_038_M2_S6,KCR_000574,MAPS_TO_KCR
SUB_COURSE_038_M3_S1,KCR_000575,MAPS_TO_KCR
SUB_COURSE_038_M3_S2,KCR_000576,MAPS_TO_KCR
SUB_COURSE_038_M3_S3,KCR_000577,MAPS_TO_KCR
SUB_COURSE_038_M3_S4,KCR_000578,MAPS_TO_KCR
SUB_COURSE_038_M3_S5,KCR_000579,MAPS_TO_KCR
SUB_COURSE_038_M4_S1,KCR_000580,MAPS_TO_KCR
SUB_COURSE_038_M4_S2,KCR_000581,MAPS_TO_KCR
SUB_COURSE_038_M4_S3,KCR_000582,MAPS_TO_KCR
SUB_COURSE_038_M4_S4,KCR_000583,MAPS_TO_KCR
SUB_COURSE_038_M4_S5,KCR_000584,MAPS_TO_KCR
SUB_COURSE_038_M5_S1,KCR_000585,MAPS_TO_KCR
SUB_COURSE_038_M5_S2,KCR_000586,MAPS_TO_KCR
SUB_COURSE_038_M5_S3,KCR_000587,MAPS_TO_KCR
SUB_COURSE_038_M5_S4,KCR_000588,MAPS_TO_KCR
SUB_COURSE_038_M5_S5,KCR_000589,MAPS_TO_KCR
SUB_COURSE_038_M6_S1,KCR_000590,MAPS_TO_KCR
SUB_COURSE_038_M6_S2,KCR_000591,MAPS_TO_KCR
SUB_COURSE_038_M6_S3,KCR_000592,MAPS_TO_KCR
SUB_COURSE_038_M6_S4,KCR_000593,MAPS_TO_KCR
SUB_COURSE_038_M6_S5,KCR_000594,MAPS_TO_KCR
SUB_COURSE_038_M6_S6,KCR_000595,MAPS_TO_KCR
SUB_COURSE_038_M7_S1,KCR_000596,MAPS_TO_KCR
SUB_COURSE_038_M7_S2,KCR_000597,MAPS_TO_KCR
SUB_COURSE_038_M7_S3,KCR_000598,MAPS_TO_KCR
SUB_COURSE_038_M7_S4,KCR_000599,MAPS_TO_KCR
SUB_COURSE_038_M7_S5,KCR_001267,MAPS_TO_KCR
SUB_COURSE_039_M1_S1,KCR_000600,MAPS_TO_KCR
SUB_COURSE_039_M1_S2,KCR_000601,MAPS_TO_KCR
SUB_COURSE_039_M1_S3,KCR_000602,MAPS_TO_KCR
SUB_COURSE_039_M1_S4,KCR_000603,MAPS_TO_KCR
SUB_COURSE_039_M1_S5,KCR_000604,MAPS_TO_KCR
SUB_COURSE_039_M2_S1,KCR_000605,MAPS_TO_KCR
SUB_COURSE_039_M2_S2,KCR_000606,MAPS_TO_KCR
SUB_COURSE_039_M2_S3,KCR_000607,MAPS_TO_KCR
SUB_COURSE_039_M2_S4,KCR_000608,MAPS_TO_KCR
SUB_COURSE_039_M2_S5,KCR_000609,MAPS_TO_KCR
SUB_COURSE_039_M3_S1,KCR_000610,MAPS_TO_KCR
SUB_COURSE_039_M3_S2,KCR_000611,MAPS_TO_KCR
SUB_COURSE_039_M3_S3,KCR_000612,MAPS_TO_KCR
SUB_COURSE_039_M3_S4,KCR_000613,MAPS_TO_KCR
SUB_COURSE_039_M3_S5,KCR_000614,MAPS_TO_KCR
SUB_COURSE_039_M4_S1,KCR_000615,MAPS_TO_KCR
SUB_COURSE_039_M4_S2,KCR_000616,MAPS_TO_KCR
SUB_COURSE_039_M4_S3,KCR_000617,MAPS_TO_KCR
SUB_COURSE_039_M4_S4,KCR_000618,MAPS_TO_KCR
SUB_COURSE_039_M4_S5,KCR_000619,MAPS_TO_KCR
SUB_COURSE_039_M5_S1,KCR_000620,MAPS_TO_KCR
SUB_COURSE_039_M5_S2,KCR_000621,MAPS_TO_KCR
SUB_COURSE_039_M5_S3,KCR_000622,MAPS_TO_KCR
SUB_COURSE_039_M5_S4,KCR_000623,MAPS_TO_KCR
SUB_COURSE_039_M5_S5,KCR_000624,MAPS_TO_KCR
SUB_COURSE_039_M6_S1,KCR_000625,MAPS_TO_KCR
SUB_COURSE_039_M6_S2,KCR_000626,MAPS_TO_KCR
SUB_COURSE_039_M6_S3,KCR_000627,MAPS_TO_KCR
SUB_COURSE_039_M6_S4,KCR_000628,MAPS_TO_KCR
SUB_COURSE_039_M6_S5,KCR_000629,MAPS_TO_KCR
SUB_COURSE_039_M7_S1,KCR_000630,MAPS_TO_KCR
SUB_COURSE_039_M7_S2,KCR_000631,MAPS_TO_KCR
SUB_COURSE_039_M7_S3,KCR_000632,MAPS_TO_KCR
SUB_COURSE_039_M7_S4,KCR_000633,MAPS_TO_KCR
SUB_COURSE_039_M7_S5,KCR_000634,MAPS_TO_KCR
SUB_COURSE_039_M7_S6,KCR_000635,MAPS_TO_KCR
SUB_COURSE_040_M1_S1,KCR_000636,MAPS_TO_KCR
SUB_COURSE_040_M1_S2,KCR_000637,MAPS_TO_KCR
SUB_COURSE_040_M1_S3,KCR_000638,MAPS_TO_KCR
SUB_COURSE_040_M1_S4,KCR_000639,MAPS_TO_KCR
SUB_COURSE_040_M1_S5,KCR_000412,MAPS_TO_KCR
SUB_COURSE_040_M1_S6,KCR_000640,MAPS_TO_KCR
SUB_COURSE_040_M2_S1,KCR_000641,MAPS_TO_KCR
SUB_COURSE_040_M2_S2,KCR_000642,MAPS_TO_KCR
SUB_COURSE_040_M2_S3,KCR_000643,MAPS_TO_KCR
SUB_COURSE_040_M2_S4,KCR_000644,MAPS_TO_KCR
SUB_COURSE_040_M2_S5,KCR_000645,MAPS_TO_KCR
SUB_COURSE_040_M3_S1,KCR_000646,MAPS_TO_KCR
SUB_COURSE_040_M3_S2,KCR_000647,MAPS_TO_KCR
SUB_COURSE_040_M3_S3,KCR_000648,MAPS_TO_KCR
SUB_COURSE_040_M3_S4,KCR_000649,MAPS_TO_KCR
SUB_COURSE_040_M3_S5,KCR_000650,MAPS_TO_KCR
SUB_COURSE_040_M4_S1,KCR_000651,MAPS_TO_KCR
SUB_COURSE_040_M4_S2,KCR_000652,MAPS_TO_KCR
SUB_COURSE_040_M4_S3,KCR_000653,MAPS_TO_KCR
SUB_COURSE_040_M4_S4,KCR_000654,MAPS_TO_KCR
SUB_COURSE_040_M4_S5,KCR_000655,MAPS_TO_KCR
SUB_COURSE_040_M5_S1,KCR_000656,MAPS_TO_KCR
SUB_COURSE_040_M5_S2,KCR_000657,MAPS_TO_KCR
SUB_COURSE_040_M5_S3,KCR_000658,MAPS_TO_KCR
SUB_COURSE_040_M5_S4,KCR_000659,MAPS_TO_KCR
SUB_COURSE_040_M6_S1,KCR_000660,MAPS_TO_KCR
SUB_COURSE_040_M6_S2,KCR_000661,MAPS_TO_KCR
SUB_COURSE_040_M6_S3,KCR_000662,MAPS_TO_KCR
SUB_COURSE_040_M6_S4,KCR_000663,MAPS_TO_KCR
SUB_COURSE_040_M6_S5,KCR_000664,MAPS_TO_KCR
SUB_COURSE_041_M1_S1,KCR_000665,MAPS_TO_KCR
SUB_COURSE_041_M1_S2,KCR_000050,MAPS_TO_KCR
SUB_COURSE_041_M1_S3,KCR_000666,MAPS_TO_KCR
SUB_COURSE_041_M1_S4,KCR_000413,MAPS_TO_KCR
SUB_COURSE_041_M1_S5,KCR_000667,MAPS_TO_KCR
SUB_COURSE_041_M2_S1,KCR_000415,MAPS_TO_KCR
SUB_COURSE_041_M2_S2,KCR_000416,MAPS_TO_KCR
SUB_COURSE_041_M2_S3,KCR_000668,MAPS_TO_KCR
SUB_COURSE_041_M2_S4,KCR_000669,MAPS_TO_KCR
SUB_COURSE_041_M2_S5,KCR_000670,MAPS_TO_KCR
SUB_COURSE_041_M3_S1,KCR_000671,MAPS_TO_KCR
SUB_COURSE_041_M3_S2,KCR_000092,MAPS_TO_KCR
SUB_COURSE_041_M3_S3,KCR_000672,MAPS_TO_KCR
SUB_COURSE_041_M3_S4,KCR_000673,MAPS_TO_KCR
SUB_COURSE_041_M4_S1,KCR_000674,MAPS_TO_KCR
SUB_COURSE_041_M4_S2,KCR_000675,MAPS_TO_KCR
SUB_COURSE_041_M4_S3,KCR_000676,MAPS_TO_KCR
SUB_COURSE_041_M4_S4,KCR_000677,MAPS_TO_KCR
SUB_COURSE_041_M5_S1,KCR_000678,MAPS_TO_KCR
SUB_COURSE_041_M5_S2,KCR_000679,MAPS_TO_KCR
SUB_COURSE_041_M5_S3,KCR_000680,MAPS_TO_KCR
SUB_COURSE_041_M5_S4,KCR_000681,MAPS_TO_KCR
SUB_COURSE_041_M6_S1,KCR_000103,MAPS_TO_KCR
SUB_COURSE_041_M6_S2,KCR_000682,MAPS_TO_KCR
SUB_COURSE_041_M6_S3,KCR_000683,MAPS_TO_KCR
SUB_COURSE_041_M6_S4,KCR_000684,MAPS_TO_KCR
SUB_COURSE_041_M6_S5,KCR_000685,MAPS_TO_KCR
SUB_COURSE_041_M7_S1,KCR_000686,MAPS_TO_KCR
SUB_COURSE_041_M7_S2,KCR_000687,MAPS_TO_KCR
SUB_COURSE_041_M7_S3,KCR_000688,MAPS_TO_KCR
SUB_COURSE_041_M7_S4,KCR_000689,MAPS_TO_KCR
SUB_COURSE_041_M7_S5,KCR_000690,MAPS_TO_KCR
SUB_COURSE_042_M1_S1,KCR_000691,MAPS_TO_KCR
SUB_COURSE_042_M1_S2,KCR_000692,MAPS_TO_KCR
SUB_COURSE_042_M1_S3,KCR_000693,MAPS_TO_KCR
SUB_COURSE_042_M1_S4,KCR_000694,MAPS_TO_KCR
SUB_COURSE_042_M2_S1,KCR_000695,MAPS_TO_KCR
SUB_COURSE_042_M2_S2,KCR_000696,MAPS_TO_KCR
SUB_COURSE_042_M2_S3,KCR_000697,MAPS_TO_KCR
SUB_COURSE_042_M2_S4,KCR_000698,MAPS_TO_KCR
SUB_COURSE_042_M3_S1,KCR_000699,MAPS_TO_KCR
SUB_COURSE_042_M3_S2,KCR_000700,MAPS_TO_KCR
SUB_COURSE_042_M3_S3,KCR_000701,MAPS_TO_KCR
SUB_COURSE_042_M3_S4,KCR_000702,MAPS_TO_KCR
SUB_COURSE_042_M3_S5,KCR_000703,MAPS_TO_KCR
SUB_COURSE_042_M4_S1,KCR_000704,MAPS_TO_KCR
SUB_COURSE_042_M4_S2,KCR_000705,MAPS_TO_KCR
SUB_COURSE_042_M4_S3,KCR_000706,MAPS_TO_KCR
SUB_COURSE_042_M4_S4,KCR_000707,MAPS_TO_KCR
SUB_COURSE_042_M5_S1,KCR_000708,MAPS_TO_KCR
SUB_COURSE_042_M5_S2,KCR_000709,MAPS_TO_KCR
SUB_COURSE_042_M5_S3,KCR_000710,MAPS_TO_KCR
SUB_COURSE_042_M5_S4,KCR_000711,MAPS_TO_KCR
SUB_COURSE_042_M6_S1,KCR_000712,MAPS_TO_KCR
SUB_COURSE_042_M6_S2,KCR_000713,MAPS_TO_KCR
SUB_COURSE_042_M6_S3,KCR_000714,MAPS_TO_KCR
SUB_COURSE_042_M6_S4,KCR_001263,MAPS_TO_KCR
SUB_COURSE_042_M6_S5,KCR_001257,MAPS_TO_KCR
SUB_COURSE_042_M7_S1,KCR_000715,MAPS_TO_KCR
SUB_COURSE_042_M7_S2,KCR_000716,MAPS_TO_KCR
SUB_COURSE_042_M7_S3,KCR_000673,MAPS_TO_KCR
SUB_COURSE_042_M7_S4,KCR_000677,MAPS_TO_KCR
SUB_COURSE_042_M7_S5,KCR_000717,MAPS_TO_KCR
SUB_COURSE_043_M1_S1,KCR_000718,MAPS_TO_KCR
SUB_COURSE_043_M1_S2,KCR_000719,MAPS_TO_KCR
SUB_COURSE_043_M1_S3,KCR_000720,MAPS_TO_KCR
SUB_COURSE_043_M1_S4,KCR_000721,MAPS_TO_KCR
SUB_COURSE_043_M1_S5,KCR_000722,MAPS_TO_KCR
SUB_COURSE_043_M2_S1,KCR_000723,MAPS_TO_KCR
SUB_COURSE_043_M2_S2,KCR_000724,MAPS_TO_KCR
SUB_COURSE_043_M2_S3,KCR_000725,MAPS_TO_KCR
SUB_COURSE_043_M2_S4,KCR_000726,MAPS_TO_KCR
SUB_COURSE_043_M2_S5,KCR_000727,MAPS_TO_KCR
SUB_COURSE_043_M3_S1,KCR_000728,MAPS_TO_KCR
SUB_COURSE_043_M3_S2,KCR_000729,MAPS_TO_KCR
SUB_COURSE_043_M3_S3,KCR_000649,MAPS_TO_KCR
SUB_COURSE_043_M3_S4,KCR_000648,MAPS_TO_KCR
SUB_COURSE_043_M3_S5,KCR_000730,MAPS_TO_KCR
SUB_COURSE_043_M4_S1,KCR_000731,MAPS_TO_KCR
SUB_COURSE_043_M4_S2,KCR_000732,MAPS_TO_KCR
SUB_COURSE_043_M4_S3,KCR_000733,MAPS_TO_KCR
SUB_COURSE_043_M4_S4,KCR_001262,MAPS_TO_KCR
SUB_COURSE_043_M4_S5,KCR_000734,MAPS_TO_KCR
SUB_COURSE_043_M5_S1,KCR_000735,MAPS_TO_KCR
SUB_COURSE_043_M5_S2,KCR_000736,MAPS_TO_KCR
SUB_COURSE_043_M5_S3,KCR_000737,MAPS_TO_KCR
SUB_COURSE_043_M5_S4,KCR_001255,MAPS_TO_KCR
SUB_COURSE_043_M5_S5,KCR_000738,MAPS_TO_KCR
SUB_COURSE_043_M6_S1,KCR_000739,MAPS_TO_KCR
SUB_COURSE_043_M6_S2,KCR_000740,MAPS_TO_KCR
SUB_COURSE_043_M6_S3,KCR_000741,MAPS_TO_KCR
SUB_COURSE_043_M6_S4,KCR_000742,MAPS_TO_KCR
SUB_COURSE_043_M7_S1,KCR_000743,MAPS_TO_KCR
SUB_COURSE_043_M7_S2,KCR_001258,MAPS_TO_KCR
SUB_COURSE_043_M7_S3,KCR_000744,MAPS_TO_KCR
SUB_COURSE_043_M7_S4,KCR_000540,MAPS_TO_KCR
SUB_COURSE_043_M7_S5,KCR_000745,MAPS_TO_KCR
SUB_COURSE_044_M1_S1,KCR_000640,MAPS_TO_KCR
SUB_COURSE_044_M1_S2,KCR_000412,MAPS_TO_KCR
SUB_COURSE_044_M1_S3,KCR_000746,MAPS_TO_KCR
SUB_COURSE_044_M1_S4,KCR_000747,MAPS_TO_KCR
SUB_COURSE_044_M1_S5,KCR_000748,MAPS_TO_KCR
SUB_COURSE_044_M1_S6,KCR_000749,MAPS_TO_KCR
SUB_COURSE_044_M2_S1,KCR_000750,MAPS_TO_KCR
SUB_COURSE_044_M2_S2,KCR_000751,MAPS_TO_KCR
SUB_COURSE_044_M2_S3,KCR_000598,MAPS_TO_KCR
SUB_COURSE_044_M2_S4,KCR_000752,MAPS_TO_KCR
SUB_COURSE_044_M2_S5,KCR_000753,MAPS_TO_KCR
SUB_COURSE_044_M3_S1,KCR_000754,MAPS_TO_KCR
SUB_COURSE_044_M3_S2,KCR_000755,MAPS_TO_KCR
SUB_COURSE_044_M3_S3,KCR_000756,MAPS_TO_KCR
SUB_COURSE_044_M3_S4,KCR_000757,MAPS_TO_KCR
SUB_COURSE_044_M4_S1,KCR_000758,MAPS_TO_KCR
SUB_COURSE_044_M4_S2,KCR_000759,MAPS_TO_KCR
SUB_COURSE_044_M4_S3,KCR_000760,MAPS_TO_KCR
SUB_COURSE_044_M4_S4,KCR_000761,MAPS_TO_KCR
SUB_COURSE_044_M4_S5,KCR_000762,MAPS_TO_KCR
SUB_COURSE_044_M5_S1,KCR_000763,MAPS_TO_KCR
SUB_COURSE_044_M5_S2,KCR_000764,MAPS_TO_KCR
SUB_COURSE_044_M5_S3,KCR_000765,MAPS_TO_KCR
SUB_COURSE_044_M5_S4,KCR_001249,MAPS_TO_KCR
SUB_COURSE_044_M5_S5,KCR_000766,MAPS_TO_KCR
SUB_COURSE_044_M6_S1,KCR_000767,MAPS_TO_KCR
SUB_COURSE_044_M6_S2,KCR_000768,MAPS_TO_KCR
SUB_COURSE_044_M6_S3,KCR_000769,MAPS_TO_KCR
SUB_COURSE_044_M6_S4,KCR_000770,MAPS_TO_KCR
SUB_COURSE_044_M6_S5,KCR_000771,MAPS_TO_KCR
SUB_COURSE_044_M7_S1,KCR_000772,MAPS_TO_KCR
SUB_COURSE_044_M7_S2,KCR_000773,MAPS_TO_KCR
SUB_COURSE_044_M7_S3,KCR_000774,MAPS_TO_KCR
SUB_COURSE_044_M7_S4,KCR_000775,MAPS_TO_KCR
SUB_COURSE_044_M7_S5,KCR_000776,MAPS_TO_KCR
SUB_COURSE_044_M7_S6,KCR_000777,MAPS_TO_KCR
SUB_COURSE_045_M1_S1,KCR_000778,MAPS_TO_KCR
SUB_COURSE_045_M1_S2,KCR_000779,MAPS_TO_KCR
SUB_COURSE_045_M1_S3,KCR_000780,MAPS_TO_KCR
SUB_COURSE_045_M1_S4,KCR_000781,MAPS_TO_KCR
SUB_COURSE_045_M2_S1,KCR_000782,MAPS_TO_KCR
SUB_COURSE_045_M2_S2,KCR_000783,MAPS_TO_KCR
SUB_COURSE_045_M2_S3,KCR_000784,MAPS_TO_KCR
SUB_COURSE_045_M2_S4,KCR_000785,MAPS_TO_KCR
SUB_COURSE_045_M2_S5,KCR_000786,MAPS_TO_KCR
SUB_COURSE_045_M3_S1,KCR_000787,MAPS_TO_KCR
SUB_COURSE_045_M3_S2,KCR_000788,MAPS_TO_KCR
SUB_COURSE_045_M3_S3,KCR_000789,MAPS_TO_KCR
SUB_COURSE_045_M3_S4,KCR_000790,MAPS_TO_KCR
SUB_COURSE_045_M3_S5,KCR_000791,MAPS_TO_KCR
SUB_COURSE_045_M4_S1,KCR_000792,MAPS_TO_KCR
SUB_COURSE_045_M4_S2,KCR_000783,MAPS_TO_KCR
SUB_COURSE_045_M4_S3,KCR_000793,MAPS_TO_KCR
SUB_COURSE_045_M4_S4,KCR_000794,MAPS_TO_KCR
SUB_COURSE_045_M4_S5,KCR_000791,MAPS_TO_KCR
SUB_COURSE_045_M5_S1,KCR_000795,MAPS_TO_KCR
SUB_COURSE_045_M5_S2,KCR_000796,MAPS_TO_KCR
SUB_COURSE_045_M5_S3,KCR_000797,MAPS_TO_KCR
SUB_COURSE_045_M5_S4,KCR_000798,MAPS_TO_KCR
SUB_COURSE_045_M5_S5,KCR_000799,MAPS_TO_KCR
SUB_COURSE_045_M6_S1,KCR_000800,MAPS_TO_KCR
SUB_COURSE_045_M6_S2,KCR_000587,MAPS_TO_KCR
SUB_COURSE_045_M6_S3,KCR_000801,MAPS_TO_KCR
SUB_COURSE_045_M6_S4,KCR_000802,MAPS_TO_KCR
SUB_COURSE_045_M6_S5,KCR_000803,MAPS_TO_KCR
SUB_COURSE_045_M7_S1,KCR_000804,MAPS_TO_KCR
SUB_COURSE_045_M7_S2,KCR_000805,MAPS_TO_KCR
SUB_COURSE_045_M7_S3,KCR_000806,MAPS_TO_KCR
SUB_COURSE_045_M7_S4,KCR_000807,MAPS_TO_KCR
SUB_COURSE_045_M7_S5,KCR_000808,MAPS_TO_KCR
SUB_COURSE_046_M1_S1,KCR_000299,MAPS_TO_KCR
SUB_COURSE_046_M1_S2,KCR_000809,MAPS_TO_KCR
SUB_COURSE_046_M1_S3,KCR_000810,MAPS_TO_KCR
SUB_COURSE_046_M1_S4,KCR_000811,MAPS_TO_KCR
SUB_COURSE_046_M1_S5,KCR_000812,MAPS_TO_KCR
SUB_COURSE_046_M1_S6,KCR_000813,MAPS_TO_KCR
SUB_COURSE_046_M2_S1,KCR_000814,MAPS_TO_KCR
SUB_COURSE_046_M2_S2,KCR_000815,MAPS_TO_KCR
SUB_COURSE_046_M2_S3,KCR_000816,MAPS_TO_KCR
SUB_COURSE_046_M2_S4,KCR_000817,MAPS_TO_KCR
SUB_COURSE_046_M3_S1,KCR_000818,MAPS_TO_KCR
SUB_COURSE_046_M3_S2,KCR_000819,MAPS_TO_KCR
SUB_COURSE_046_M3_S3,KCR_000820,MAPS_TO_KCR
SUB_COURSE_046_M3_S4,KCR_000821,MAPS_TO_KCR
SUB_COURSE_046_M3_S5,KCR_000822,MAPS_TO_KCR
SUB_COURSE_046_M4_S1,KCR_000823,MAPS_TO_KCR
SUB_COURSE_046_M4_S2,KCR_000824,MAPS_TO_KCR
SUB_COURSE_046_M4_S3,KCR_000825,MAPS_TO_KCR
SUB_COURSE_046_M4_S4,KCR_000826,MAPS_TO_KCR
SUB_COURSE_046_M5_S1,KCR_000827,MAPS_TO_KCR
SUB_COURSE_046_M5_S2,KCR_000828,MAPS_TO_KCR
SUB_COURSE_046_M5_S3,KCR_000829,MAPS_TO_KCR
SUB_COURSE_046_M5_S4,KCR_000830,MAPS_TO_KCR
SUB_COURSE_046_M5_S5,KCR_000831,MAPS_TO_KCR
SUB_COURSE_046_M6_S1,KCR_000832,MAPS_TO_KCR
SUB_COURSE_046_M6_S2,KCR_000833,MAPS_TO_KCR
SUB_COURSE_046_M6_S3,KCR_000834,MAPS_TO_KCR
SUB_COURSE_046_M6_S4,KCR_000835,MAPS_TO_KCR
SUB_COURSE_046_M7_S1,KCR_000836,MAPS_TO_KCR
SUB_COURSE_046_M7_S2,KCR_000837,MAPS_TO_KCR
SUB_COURSE_046_M7_S3,KCR_000838,MAPS_TO_KCR
SUB_COURSE_046_M7_S4,KCR_000839,MAPS_TO_KCR
SUB_COURSE_046_M7_S5,KCR_000840,MAPS_TO_KCR
SUB_COURSE_047_M1_S1,KCR_000841,MAPS_TO_KCR
SUB_COURSE_047_M1_S2,KCR_000842,MAPS_TO_KCR
SUB_COURSE_047_M1_S3,KCR_000843,MAPS_TO_KCR
SUB_COURSE_047_M1_S4,KCR_000844,MAPS_TO_KCR
SUB_COURSE_047_M1_S5,KCR_000845,MAPS_TO_KCR
SUB_COURSE_047_M2_S1,KCR_000846,MAPS_TO_KCR
SUB_COURSE_047_M2_S2,KCR_000847,MAPS_TO_KCR
SUB_COURSE_047_M2_S3,KCR_000848,MAPS_TO_KCR
SUB_COURSE_047_M2_S4,KCR_000849,MAPS_TO_KCR
SUB_COURSE_047_M3_S1,KCR_000850,MAPS_TO_KCR
SUB_COURSE_047_M3_S2,KCR_000851,MAPS_TO_KCR
SUB_COURSE_047_M3_S3,KCR_000852,MAPS_TO_KCR
SUB_COURSE_047_M3_S4,KCR_000853,MAPS_TO_KCR
SUB_COURSE_047_M3_S5,KCR_000854,MAPS_TO_KCR
SUB_COURSE_047_M4_S1,KCR_000855,MAPS_TO_KCR
SUB_COURSE_047_M4_S2,KCR_000856,MAPS_TO_KCR
SUB_COURSE_047_M4_S3,KCR_000857,MAPS_TO_KCR
SUB_COURSE_047_M4_S4,KCR_000858,MAPS_TO_KCR
SUB_COURSE_047_M5_S1,KCR_000859,MAPS_TO_KCR
SUB_COURSE_047_M5_S2,KCR_000860,MAPS_TO_KCR
SUB_COURSE_047_M5_S3,KCR_000861,MAPS_TO_KCR
SUB_COURSE_047_M5_S4,KCR_000862,MAPS_TO_KCR
SUB_COURSE_047_M6_S1,KCR_000849,MAPS_TO_KCR
SUB_COURSE_047_M6_S2,KCR_000863,MAPS_TO_KCR
SUB_COURSE_047_M6_S3,KCR_000864,MAPS_TO_KCR
SUB_COURSE_047_M6_S4,KCR_000865,MAPS_TO_KCR
SUB_COURSE_047_M6_S5,KCR_000866,MAPS_TO_KCR
SUB_COURSE_047_M7_S1,KCR_000867,MAPS_TO_KCR
SUB_COURSE_047_M7_S2,KCR_000868,MAPS_TO_KCR
SUB_COURSE_047_M7_S3,KCR_000298,MAPS_TO_KCR
SUB_COURSE_047_M7_S4,KCR_000869,MAPS_TO_KCR
SUB_COURSE_047_M7_S5,KCR_000870,MAPS_TO_KCR
SUB_COURSE_048_M1_S1,KCR_000871,MAPS_TO_KCR
SUB_COURSE_048_M1_S2,KCR_000872,MAPS_TO_KCR
SUB_COURSE_048_M1_S3,KCR_001264,MAPS_TO_KCR
SUB_COURSE_048_M1_S4,KCR_000873,MAPS_TO_KCR
SUB_COURSE_048_M1_S5,KCR_000874,MAPS_TO_KCR
SUB_COURSE_048_M2_S1,KCR_000875,MAPS_TO_KCR
SUB_COURSE_048_M2_S2,KCR_000876,MAPS_TO_KCR
SUB_COURSE_048_M2_S3,KCR_000877,MAPS_TO_KCR
SUB_COURSE_048_M2_S4,KCR_000878,MAPS_TO_KCR
SUB_COURSE_048_M2_S5,KCR_000879,MAPS_TO_KCR
SUB_COURSE_048_M3_S1,KCR_000880,MAPS_TO_KCR
SUB_COURSE_048_M3_S2,KCR_000881,MAPS_TO_KCR
SUB_COURSE_048_M3_S3,KCR_000882,MAPS_TO_KCR
SUB_COURSE_048_M3_S4,KCR_000883,MAPS_TO_KCR
SUB_COURSE_048_M3_S5,KCR_000884,MAPS_TO_KCR
SUB_COURSE_048_M3_S6,KCR_000885,MAPS_TO_KCR
SUB_COURSE_048_M4_S1,KCR_000521,MAPS_TO_KCR
SUB_COURSE_048_M4_S2,KCR_000522,MAPS_TO_KCR
SUB_COURSE_048_M4_S3,KCR_001254,MAPS_TO_KCR
SUB_COURSE_048_M4_S4,KCR_000519,MAPS_TO_KCR
SUB_COURSE_048_M4_S5,KCR_001260,MAPS_TO_KCR
SUB_COURSE_048_M4_S6,KCR_000886,MAPS_TO_KCR
SUB_COURSE_048_M5_S1,KCR_000887,MAPS_TO_KCR
SUB_COURSE_048_M5_S2,KCR_000888,MAPS_TO_KCR
SUB_COURSE_048_M5_S3,KCR_000889,MAPS_TO_KCR
SUB_COURSE_048_M5_S4,KCR_000890,MAPS_TO_KCR
SUB_COURSE_048_M6_S1,KCR_000891,MAPS_TO_KCR
SUB_COURSE_048_M6_S2,KCR_000892,MAPS_TO_KCR
SUB_COURSE_048_M6_S3,KCR_000893,MAPS_TO_KCR
SUB_COURSE_048_M6_S4,KCR_001251,MAPS_TO_KCR
SUB_COURSE_048_M6_S5,KCR_000894,MAPS_TO_KCR
SUB_COURSE_048_M7_S1,KCR_000895,MAPS_TO_KCR
SUB_COURSE_048_M7_S2,KCR_000896,MAPS_TO_KCR
SUB_COURSE_048_M7_S3,KCR_000897,MAPS_TO_KCR
SUB_COURSE_048_M7_S4,KCR_000898,MAPS_TO_KCR
SUB_COURSE_048_M7_S5,KCR_000899,MAPS_TO_KCR
SUB_COURSE_049_M1_S1,KCR_000900,MAPS_TO_KCR
SUB_COURSE_049_M1_S2,KCR_000901,MAPS_TO_KCR
SUB_COURSE_049_M1_S3,KCR_000902,MAPS_TO_KCR
SUB_COURSE_049_M1_S4,KCR_000903,MAPS_TO_KCR
SUB_COURSE_049_M2_S1,KCR_000904,MAPS_TO_KCR
SUB_COURSE_049_M2_S2,KCR_000905,MAPS_TO_KCR
SUB_COURSE_049_M2_S3,KCR_000906,MAPS_TO_KCR
SUB_COURSE_049_M2_S4,KCR_000907,MAPS_TO_KCR
SUB_COURSE_049_M2_S5,KCR_000908,MAPS_TO_KCR
SUB_COURSE_049_M3_S1,KCR_000909,MAPS_TO_KCR
SUB_COURSE_049_M3_S2,KCR_000910,MAPS_TO_KCR
SUB_COURSE_049_M3_S3,KCR_000911,MAPS_TO_KCR
SUB_COURSE_049_M3_S4,KCR_000912,MAPS_TO_KCR
SUB_COURSE_049_M3_S5,KCR_000522,MAPS_TO_KCR
SUB_COURSE_049_M4_S1,KCR_000914,MAPS_TO_KCR
SUB_COURSE_049_M4_S2,KCR_000525,MAPS_TO_KCR
SUB_COURSE_049_M4_S3,KCR_000913,MAPS_TO_KCR
SUB_COURSE_049_M4_S4,KCR_000760,MAPS_TO_KCR
SUB_COURSE_049_M5_S1,KCR_000914,MAPS_TO_KCR
SUB_COURSE_049_M5_S2,KCR_000915,MAPS_TO_KCR
SUB_COURSE_049_M5_S3,KCR_000916,MAPS_TO_KCR
SUB_COURSE_049_M5_S4,KCR_000917,MAPS_TO_KCR
SUB_COURSE_049_M6_S1,KCR_000918,MAPS_TO_KCR
SUB_COURSE_049_M6_S2,KCR_000919,MAPS_TO_KCR
SUB_COURSE_049_M6_S3,KCR_000920,MAPS_TO_KCR
SUB_COURSE_049_M6_S4,KCR_000921,MAPS_TO_KCR
SUB_COURSE_049_M7_S1,KCR_000922,MAPS_TO_KCR
SUB_COURSE_049_M7_S2,KCR_000923,MAPS_TO_KCR
SUB_COURSE_049_M7_S3,KCR_000924,MAPS_TO_KCR
SUB_COURSE_049_M7_S4,KCR_000925,MAPS_TO_KCR
SUB_COURSE_050_M1_S1,KCR_000926,MAPS_TO_KCR
SUB_COURSE_050_M1_S2,KCR_000927,MAPS_TO_KCR
SUB_COURSE_050_M1_S3,KCR_000928,MAPS_TO_KCR
SUB_COURSE_050_M1_S4,KCR_000929,MAPS_TO_KCR
SUB_COURSE_050_M1_S5,KCR_000930,MAPS_TO_KCR
SUB_COURSE_050_M2_S1,KCR_000931,MAPS_TO_KCR
SUB_COURSE_050_M2_S2,KCR_000932,MAPS_TO_KCR
SUB_COURSE_050_M2_S3,KCR_000933,MAPS_TO_KCR
SUB_COURSE_050_M2_S4,KCR_000934,MAPS_TO_KCR
SUB_COURSE_050_M3_S1,KCR_000935,MAPS_TO_KCR
SUB_COURSE_050_M3_S2,KCR_000936,MAPS_TO_KCR
SUB_COURSE_050_M3_S3,KCR_000937,MAPS_TO_KCR
SUB_COURSE_050_M3_S4,KCR_000938,MAPS_TO_KCR
SUB_COURSE_050_M4_S1,KCR_000939,MAPS_TO_KCR
SUB_COURSE_050_M4_S2,KCR_000940,MAPS_TO_KCR
SUB_COURSE_050_M4_S3,KCR_000941,MAPS_TO_KCR
SUB_COURSE_050_M4_S4,KCR_000942,MAPS_TO_KCR
SUB_COURSE_050_M4_S5,KCR_000943,MAPS_TO_KCR
SUB_COURSE_050_M5_S1,KCR_000944,MAPS_TO_KCR
SUB_COURSE_050_M5_S2,KCR_000945,MAPS_TO_KCR
SUB_COURSE_050_M5_S3,KCR_000946,MAPS_TO_KCR
SUB_COURSE_050_M5_S4,KCR_000947,MAPS_TO_KCR
SUB_COURSE_050_M5_S5,KCR_000948,MAPS_TO_KCR
SUB_COURSE_050_M6_S1,KCR_000949,MAPS_TO_KCR
SUB_COURSE_050_M6_S2,KCR_000950,MAPS_TO_KCR
SUB_COURSE_050_M6_S3,KCR_000951,MAPS_TO_KCR
SUB_COURSE_050_M6_S4,KCR_000952,MAPS_TO_KCR
SUB_COURSE_050_M6_S5,KCR_000953,MAPS_TO_KCR
SUB_COURSE_050_M7_S1,KCR_000954,MAPS_TO_KCR
SUB_COURSE_050_M7_S2,KCR_000955,MAPS_TO_KCR
SUB_COURSE_050_M7_S3,KCR_000956,MAPS_TO_KCR
SUB_COURSE_050_M7_S4,KCR_000957,MAPS_TO_KCR
SUB_COURSE_050_M7_S5,KCR_000958,MAPS_TO_KCR
SUB_COURSE_051_M1_S1,KCR_000959,MAPS_TO_KCR
SUB_COURSE_051_M1_S2,KCR_000960,MAPS_TO_KCR
SUB_COURSE_051_M1_S3,KCR_000961,MAPS_TO_KCR
SUB_COURSE_051_M1_S4,KCR_000962,MAPS_TO_KCR
SUB_COURSE_051_M2_S1,KCR_000963,MAPS_TO_KCR
SUB_COURSE_051_M2_S2,KCR_000964,MAPS_TO_KCR
SUB_COURSE_051_M2_S3,KCR_000965,MAPS_TO_KCR
SUB_COURSE_051_M2_S4,KCR_000966,MAPS_TO_KCR
SUB_COURSE_051_M3_S1,KCR_000967,MAPS_TO_KCR
SUB_COURSE_051_M3_S2,KCR_000968,MAPS_TO_KCR
SUB_COURSE_051_M3_S3,KCR_000969,MAPS_TO_KCR
SUB_COURSE_051_M3_S4,KCR_000970,MAPS_TO_KCR
SUB_COURSE_051_M4_S1,KCR_000971,MAPS_TO_KCR
SUB_COURSE_051_M4_S2,KCR_000972,MAPS_TO_KCR
SUB_COURSE_051_M4_S3,KCR_000973,MAPS_TO_KCR
SUB_COURSE_051_M4_S4,KCR_000974,MAPS_TO_KCR
SUB_COURSE_051_M4_S5,KCR_000975,MAPS_TO_KCR
SUB_COURSE_051_M5_S1,KCR_000976,MAPS_TO_KCR
SUB_COURSE_051_M5_S2,KCR_000977,MAPS_TO_KCR
SUB_COURSE_051_M5_S3,KCR_000978,MAPS_TO_KCR
SUB_COURSE_051_M5_S4,KCR_000950,MAPS_TO_KCR
SUB_COURSE_051_M6_S1,KCR_000977,MAPS_TO_KCR
SUB_COURSE_051_M6_S2,KCR_000956,MAPS_TO_KCR
SUB_COURSE_051_M6_S3,KCR_000957,MAPS_TO_KCR
SUB_COURSE_051_M6_S4,KCR_000979,MAPS_TO_KCR
SUB_COURSE_051_M6_S5,KCR_000980,MAPS_TO_KCR
SUB_COURSE_051_M7_S1,KCR_000981,MAPS_TO_KCR
SUB_COURSE_051_M7_S2,KCR_000982,MAPS_TO_KCR
SUB_COURSE_051_M7_S3,KCR_000983,MAPS_TO_KCR
SUB_COURSE_051_M7_S4,KCR_000984,MAPS_TO_KCR
SUB_COURSE_052_M1_S1,KCR_000985,MAPS_TO_KCR
SUB_COURSE_052_M1_S2,KCR_000986,MAPS_TO_KCR
SUB_COURSE_052_M1_S3,KCR_000987,MAPS_TO_KCR
SUB_COURSE_052_M1_S4,KCR_000988,MAPS_TO_KCR
SUB_COURSE_052_M2_S1,KCR_000989,MAPS_TO_KCR
SUB_COURSE_052_M2_S2,KCR_000990,MAPS_TO_KCR
SUB_COURSE_052_M2_S3,KCR_000991,MAPS_TO_KCR
SUB_COURSE_052_M2_S4,KCR_000992,MAPS_TO_KCR
SUB_COURSE_052_M3_S1,KCR_000993,MAPS_TO_KCR
SUB_COURSE_052_M3_S2,KCR_000994,MAPS_TO_KCR
SUB_COURSE_052_M3_S3,KCR_000995,MAPS_TO_KCR
SUB_COURSE_052_M3_S4,KCR_000996,MAPS_TO_KCR
SUB_COURSE_052_M4_S1,KCR_000997,MAPS_TO_KCR
SUB_COURSE_052_M4_S2,KCR_000998,MAPS_TO_KCR
SUB_COURSE_052_M4_S3,KCR_000999,MAPS_TO_KCR
SUB_COURSE_052_M4_S4,KCR_000957,MAPS_TO_KCR
SUB_COURSE_052_M5_S1,KCR_001000,MAPS_TO_KCR
SUB_COURSE_052_M5_S2,KCR_001001,MAPS_TO_KCR
SUB_COURSE_052_M5_S3,KCR_001002,MAPS_TO_KCR
SUB_COURSE_052_M5_S4,KCR_001003,MAPS_TO_KCR
SUB_COURSE_052_M6_S1,KCR_001004,MAPS_TO_KCR
SUB_COURSE_052_M6_S2,KCR_001005,MAPS_TO_KCR
SUB_COURSE_052_M6_S3,KCR_001006,MAPS_TO_KCR
SUB_COURSE_052_M6_S4,KCR_001007,MAPS_TO_KCR
SUB_COURSE_052_M7_S1,KCR_001008,MAPS_TO_KCR
SUB_COURSE_052_M7_S2,KCR_001009,MAPS_TO_KCR
SUB_COURSE_052_M7_S3,KCR_000956,MAPS_TO_KCR
SUB_COURSE_052_M7_S4,KCR_001247,MAPS_TO_KCR
SUB_COURSE_053_M1_S1,KCR_001010,MAPS_TO_KCR
SUB_COURSE_053_M1_S2,KCR_001011,MAPS_TO_KCR
SUB_COURSE_053_M1_S3,KCR_001012,MAPS_TO_KCR
SUB_COURSE_053_M1_S4,KCR_001013,MAPS_TO_KCR
SUB_COURSE_053_M1_S5,KCR_001014,MAPS_TO_KCR
SUB_COURSE_053_M1_S6,KCR_001015,MAPS_TO_KCR
SUB_COURSE_053_M2_S1,KCR_001016,MAPS_TO_KCR
SUB_COURSE_053_M2_S2,KCR_001017,MAPS_TO_KCR
SUB_COURSE_053_M2_S3,KCR_001018,MAPS_TO_KCR
SUB_COURSE_053_M2_S4,KCR_001019,MAPS_TO_KCR
SUB_COURSE_053_M2_S5,KCR_001020,MAPS_TO_KCR
SUB_COURSE_053_M3_S1,KCR_001021,MAPS_TO_KCR
SUB_COURSE_053_M3_S2,KCR_001022,MAPS_TO_KCR
SUB_COURSE_053_M3_S3,KCR_001023,MAPS_TO_KCR
SUB_COURSE_053_M3_S4,KCR_001024,MAPS_TO_KCR
SUB_COURSE_053_M3_S5,KCR_001025,MAPS_TO_KCR
SUB_COURSE_053_M4_S1,KCR_001026,MAPS_TO_KCR
SUB_COURSE_053_M4_S2,KCR_001027,MAPS_TO_KCR
SUB_COURSE_053_M4_S3,KCR_001028,MAPS_TO_KCR
SUB_COURSE_053_M4_S4,KCR_000952,MAPS_TO_KCR
SUB_COURSE_053_M4_S5,KCR_001029,MAPS_TO_KCR
SUB_COURSE_053_M5_S1,KCR_001030,MAPS_TO_KCR
SUB_COURSE_053_M5_S2,KCR_001031,MAPS_TO_KCR
SUB_COURSE_053_M5_S3,KCR_001032,MAPS_TO_KCR
SUB_COURSE_053_M5_S4,KCR_001033,MAPS_TO_KCR
SUB_COURSE_053_M5_S5,KCR_001034,MAPS_TO_KCR
SUB_COURSE_053_M6_S1,KCR_001035,MAPS_TO_KCR
SUB_COURSE_053_M6_S2,KCR_001036,MAPS_TO_KCR
SUB_COURSE_053_M6_S3,KCR_001037,MAPS_TO_KCR
SUB_COURSE_053_M6_S4,KCR_001038,MAPS_TO_KCR
SUB_COURSE_053_M6_S5,KCR_001039,MAPS_TO_KCR
SUB_COURSE_053_M7_S1,KCR_001040,MAPS_TO_KCR
SUB_COURSE_053_M7_S2,KCR_001041,MAPS_TO_KCR
SUB_COURSE_053_M7_S3,KCR_001042,MAPS_TO_KCR
SUB_COURSE_053_M7_S4,KCR_001043,MAPS_TO_KCR
SUB_COURSE_053_M7_S5,KCR_001044,MAPS_TO_KCR
SUB_COURSE_054_M1_S1,KCR_001045,MAPS_TO_KCR
SUB_COURSE_054_M1_S2,KCR_001046,MAPS_TO_KCR
SUB_COURSE_054_M1_S3,KCR_001047,MAPS_TO_KCR
SUB_COURSE_054_M1_S4,KCR_001048,MAPS_TO_KCR
SUB_COURSE_054_M2_S1,KCR_001049,MAPS_TO_KCR
SUB_COURSE_054_M2_S2,KCR_001050,MAPS_TO_KCR
SUB_COURSE_054_M2_S3,KCR_001051,MAPS_TO_KCR
SUB_COURSE_054_M2_S4,KCR_001052,MAPS_TO_KCR
SUB_COURSE_054_M2_S5,KCR_001053,MAPS_TO_KCR
SUB_COURSE_054_M3_S1,KCR_001054,MAPS_TO_KCR
SUB_COURSE_054_M3_S2,KCR_001055,MAPS_TO_KCR
SUB_COURSE_054_M3_S3,KCR_001056,MAPS_TO_KCR
SUB_COURSE_054_M3_S4,KCR_001057,MAPS_TO_KCR
SUB_COURSE_054_M4_S1,KCR_001058,MAPS_TO_KCR
SUB_COURSE_054_M4_S2,KCR_001059,MAPS_TO_KCR
SUB_COURSE_054_M4_S3,KCR_001060,MAPS_TO_KCR
SUB_COURSE_054_M4_S4,KCR_001061,MAPS_TO_KCR
SUB_COURSE_054_M5_S1,KCR_001062,MAPS_TO_KCR
SUB_COURSE_054_M5_S2,KCR_001063,MAPS_TO_KCR
SUB_COURSE_054_M5_S3,KCR_001064,MAPS_TO_KCR
SUB_COURSE_054_M5_S4,KCR_001065,MAPS_TO_KCR
SUB_COURSE_054_M6_S1,KCR_001066,MAPS_TO_KCR
SUB_COURSE_054_M6_S2,KCR_001067,MAPS_TO_KCR
SUB_COURSE_054_M6_S3,KCR_000949,MAPS_TO_KCR
SUB_COURSE_054_M6_S4,KCR_001068,MAPS_TO_KCR
SUB_COURSE_054_M7_S1,KCR_001069,MAPS_TO_KCR
SUB_COURSE_054_M7_S2,KCR_001070,MAPS_TO_KCR
SUB_COURSE_054_M7_S3,KCR_001071,MAPS_TO_KCR
SUB_COURSE_054_M7_S4,KCR_001072,MAPS_TO_KCR
SUB_COURSE_054_M7_S5,KCR_000955,MAPS_TO_KCR
SUB_COURSE_055_M1_S1,KCR_001073,MAPS_TO_KCR
SUB_COURSE_055_M1_S2,KCR_001074,MAPS_TO_KCR
SUB_COURSE_055_M1_S3,KCR_001075,MAPS_TO_KCR
SUB_COURSE_055_M1_S4,KCR_000972,MAPS_TO_KCR
SUB_COURSE_055_M2_S1,KCR_001076,MAPS_TO_KCR
SUB_COURSE_055_M2_S2,KCR_001077,MAPS_TO_KCR
SUB_COURSE_055_M2_S3,KCR_001078,MAPS_TO_KCR
SUB_COURSE_055_M2_S4,KCR_001079,MAPS_TO_KCR
SUB_COURSE_055_M3_S1,KCR_001080,MAPS_TO_KCR
SUB_COURSE_055_M3_S2,KCR_001081,MAPS_TO_KCR
SUB_COURSE_055_M3_S3,KCR_001082,MAPS_TO_KCR
SUB_COURSE_055_M3_S4,KCR_001083,MAPS_TO_KCR
SUB_COURSE_055_M4_S1,KCR_001084,MAPS_TO_KCR
SUB_COURSE_055_M4_S2,KCR_001085,MAPS_TO_KCR
SUB_COURSE_055_M4_S3,KCR_001086,MAPS_TO_KCR
SUB_COURSE_055_M4_S4,KCR_001087,MAPS_TO_KCR
SUB_COURSE_055_M5_S1,KCR_001088,MAPS_TO_KCR
SUB_COURSE_055_M5_S2,KCR_001089,MAPS_TO_KCR
SUB_COURSE_055_M5_S3,KCR_001090,MAPS_TO_KCR
SUB_COURSE_055_M5_S4,KCR_001091,MAPS_TO_KCR
SUB_COURSE_055_M6_S1,KCR_001092,MAPS_TO_KCR
SUB_COURSE_055_M6_S2,KCR_001093,MAPS_TO_KCR
SUB_COURSE_055_M6_S3,KCR_001094,MAPS_TO_KCR
SUB_COURSE_055_M6_S4,KCR_001095,MAPS_TO_KCR
SUB_COURSE_055_M7_S1,KCR_001096,MAPS_TO_KCR
SUB_COURSE_055_M7_S2,KCR_001097,MAPS_TO_KCR
SUB_COURSE_055_M7_S3,KCR_001098,MAPS_TO_KCR
SUB_COURSE_055_M7_S4,KCR_001099,MAPS_TO_KCR
SUB_COURSE_056_M1_S1,KCR_001100,MAPS_TO_KCR
SUB_COURSE_056_M1_S2,KCR_001101,MAPS_TO_KCR
SUB_COURSE_056_M1_S3,KCR_001102,MAPS_TO_KCR
SUB_COURSE_056_M1_S4,KCR_001103,MAPS_TO_KCR
SUB_COURSE_056_M2_S1,KCR_001104,MAPS_TO_KCR
SUB_COURSE_056_M2_S2,KCR_001105,MAPS_TO_KCR
SUB_COURSE_056_M2_S3,KCR_001106,MAPS_TO_KCR
SUB_COURSE_056_M2_S4,KCR_001107,MAPS_TO_KCR
SUB_COURSE_056_M2_S5,KCR_001108,MAPS_TO_KCR
SUB_COURSE_056_M2_S6,KCR_001109,MAPS_TO_KCR
SUB_COURSE_056_M3_S1,KCR_001110,MAPS_TO_KCR
SUB_COURSE_056_M3_S2,KCR_001111,MAPS_TO_KCR
SUB_COURSE_056_M3_S3,KCR_001112,MAPS_TO_KCR
SUB_COURSE_056_M3_S4,KCR_001113,MAPS_TO_KCR
SUB_COURSE_056_M3_S5,KCR_001114,MAPS_TO_KCR
SUB_COURSE_056_M3_S6,KCR_001115,MAPS_TO_KCR
SUB_COURSE_056_M4_S1,KCR_001116,MAPS_TO_KCR
SUB_COURSE_056_M4_S2,KCR_001117,MAPS_TO_KCR
SUB_COURSE_056_M4_S3,KCR_001118,MAPS_TO_KCR
SUB_COURSE_056_M4_S4,KCR_001119,MAPS_TO_KCR
SUB_COURSE_056_M4_S5,KCR_001120,MAPS_TO_KCR
SUB_COURSE_056_M4_S6,KCR_001121,MAPS_TO_KCR
SUB_COURSE_056_M5_S1,KCR_001122,MAPS_TO_KCR
SUB_COURSE_056_M5_S2,KCR_001123,MAPS_TO_KCR
SUB_COURSE_056_M5_S3,KCR_001124,MAPS_TO_KCR
SUB_COURSE_056_M5_S4,KCR_001125,MAPS_TO_KCR
SUB_COURSE_056_M6_S1,KCR_001126,MAPS_TO_KCR
SUB_COURSE_056_M6_S2,KCR_001127,MAPS_TO_KCR
SUB_COURSE_056_M6_S3,KCR_001128,MAPS_TO_KCR
SUB_COURSE_056_M6_S4,KCR_001129,MAPS_TO_KCR
SUB_COURSE_056_M6_S5,KCR_001130,MAPS_TO_KCR
SUB_COURSE_056_M7_S1,KCR_001131,MAPS_TO_KCR
SUB_COURSE_056_M7_S2,KCR_001132,MAPS_TO_KCR
SUB_COURSE_056_M7_S3,KCR_001133,MAPS_TO_KCR
SUB_COURSE_056_M7_S4,KCR_001134,MAPS_TO_KCR
SUB_COURSE_057_M1_S1,KCR_001135,MAPS_TO_KCR
SUB_COURSE_057_M1_S2,KCR_001136,MAPS_TO_KCR
SUB_COURSE_057_M1_S3,KCR_001137,MAPS_TO_KCR
SUB_COURSE_057_M1_S4,KCR_001138,MAPS_TO_KCR
SUB_COURSE_057_M1_S5,KCR_001139,MAPS_TO_KCR
SUB_COURSE_057_M2_S1,KCR_001140,MAPS_TO_KCR
SUB_COURSE_057_M2_S2,KCR_001141,MAPS_TO_KCR
SUB_COURSE_057_M2_S3,KCR_001142,MAPS_TO_KCR
SUB_COURSE_057_M2_S4,KCR_001143,MAPS_TO_KCR
SUB_COURSE_057_M3_S1,KCR_001144,MAPS_TO_KCR
SUB_COURSE_057_M3_S2,KCR_001145,MAPS_TO_KCR
SUB_COURSE_057_M3_S3,KCR_001146,MAPS_TO_KCR
SUB_COURSE_057_M3_S4,KCR_001147,MAPS_TO_KCR
SUB_COURSE_057_M3_S5,KCR_001148,MAPS_TO_KCR
SUB_COURSE_057_M4_S1,KCR_001149,MAPS_TO_KCR
SUB_COURSE_057_M4_S2,KCR_001150,MAPS_TO_KCR
SUB_COURSE_057_M4_S3,KCR_001151,MAPS_TO_KCR
SUB_COURSE_057_M4_S4,KCR_001152,MAPS_TO_KCR
SUB_COURSE_057_M4_S5,KCR_001153,MAPS_TO_KCR
SUB_COURSE_057_M5_S1,KCR_001154,MAPS_TO_KCR
SUB_COURSE_057_M5_S2,KCR_001155,MAPS_TO_KCR
SUB_COURSE_057_M5_S3,KCR_001156,MAPS_TO_KCR
SUB_COURSE_057_M5_S4,KCR_001157,MAPS_TO_KCR
SUB_COURSE_057_M5_S5,KCR_001158,MAPS_TO_KCR
SUB_COURSE_057_M6_S1,KCR_001159,MAPS_TO_KCR
SUB_COURSE_057_M6_S2,KCR_001160,MAPS_TO_KCR
SUB_COURSE_057_M6_S3,KCR_001161,MAPS_TO_KCR
SUB_COURSE_057_M6_S4,KCR_001162,MAPS_TO_KCR
SUB_COURSE_057_M7_S1,KCR_001163,MAPS_TO_KCR
SUB_COURSE_057_M7_S2,KCR_001123,MAPS_TO_KCR
SUB_COURSE_057_M7_S3,KCR_001105,MAPS_TO_KCR
SUB_COURSE_057_M7_S4,KCR_001164,MAPS_TO_KCR
SUB_COURSE_057_M7_S5,KCR_001165,MAPS_TO_KCR
SUB_COURSE_058_M1_S1,KCR_001166,MAPS_TO_KCR
SUB_COURSE_058_M1_S2,KCR_001167,MAPS_TO_KCR
SUB_COURSE_058_M1_S3,KCR_001168,MAPS_TO_KCR
SUB_COURSE_058_M1_S4,KCR_001169,MAPS_TO_KCR
SUB_COURSE_058_M2_S1,KCR_001170,MAPS_TO_KCR
SUB_COURSE_058_M2_S2,KCR_001171,MAPS_TO_KCR
SUB_COURSE_058_M2_S3,KCR_001172,MAPS_TO_KCR
SUB_COURSE_058_M2_S4,KCR_001173,MAPS_TO_KCR
SUB_COURSE_058_M3_S1,KCR_001105,MAPS_TO_KCR
SUB_COURSE_058_M3_S2,KCR_001163,MAPS_TO_KCR
SUB_COURSE_058_M3_S3,KCR_001174,MAPS_TO_KCR
SUB_COURSE_058_M3_S4,KCR_001175,MAPS_TO_KCR
SUB_COURSE_058_M4_S1,KCR_001176,MAPS_TO_KCR
SUB_COURSE_058_M4_S2,KCR_001177,MAPS_TO_KCR
SUB_COURSE_058_M4_S3,KCR_001178,MAPS_TO_KCR
SUB_COURSE_058_M4_S4,KCR_001179,MAPS_TO_KCR
SUB_COURSE_058_M5_S1,KCR_001180,MAPS_TO_KCR
SUB_COURSE_058_M5_S2,KCR_001181,MAPS_TO_KCR
SUB_COURSE_058_M5_S3,KCR_001182,MAPS_TO_KCR
SUB_COURSE_058_M5_S4,KCR_001183,MAPS_TO_KCR
SUB_COURSE_058_M6_S1,KCR_001184,MAPS_TO_KCR
SUB_COURSE_058_M6_S2,KCR_001185,MAPS_TO_KCR
SUB_COURSE_058_M6_S3,KCR_001186,MAPS_TO_KCR
SUB_COURSE_058_M6_S4,KCR_001187,MAPS_TO_KCR
SUB_COURSE_058_M7_S1,KCR_001188,MAPS_TO_KCR
SUB_COURSE_058_M7_S2,KCR_001189,MAPS_TO_KCR
SUB_COURSE_058_M7_S3,KCR_001127,MAPS_TO_KCR
SUB_COURSE_058_M7_S4,KCR_001190,MAPS_TO_KCR
SUB_COURSE_058_M7_S5,KCR_001191,MAPS_TO_KCR
SUB_COURSE_059_M1_S1,KCR_001192,MAPS_TO_KCR
SUB_COURSE_059_M1_S2,KCR_001193,MAPS_TO_KCR
SUB_COURSE_059_M1_S3,KCR_001194,MAPS_TO_KCR
SUB_COURSE_059_M1_S4,KCR_001008,MAPS_TO_KCR
SUB_COURSE_059_M2_S1,KCR_001195,MAPS_TO_KCR
SUB_COURSE_059_M2_S2,KCR_001196,MAPS_TO_KCR
SUB_COURSE_059_M2_S3,KCR_001197,MAPS_TO_KCR
SUB_COURSE_059_M2_S4,KCR_001198,MAPS_TO_KCR
SUB_COURSE_059_M2_S5,KCR_001199,MAPS_TO_KCR
SUB_COURSE_059_M3_S1,KCR_001200,MAPS_TO_KCR
SUB_COURSE_059_M3_S2,KCR_001201,MAPS_TO_KCR
SUB_COURSE_059_M3_S3,KCR_001202,MAPS_TO_KCR
SUB_COURSE_059_M3_S4,KCR_001265,MAPS_TO_KCR
SUB_COURSE_059_M4_S1,KCR_001203,MAPS_TO_KCR
SUB_COURSE_059_M4_S2,KCR_001204,MAPS_TO_KCR
SUB_COURSE_059_M4_S3,KCR_001205,MAPS_TO_KCR
SUB_COURSE_059_M4_S4,KCR_001206,MAPS_TO_KCR
SUB_COURSE_059_M4_S5,KCR_001207,MAPS_TO_KCR
SUB_COURSE_059_M5_S1,KCR_001208,MAPS_TO_KCR
SUB_COURSE_059_M5_S2,KCR_001209,MAPS_TO_KCR
SUB_COURSE_059_M5_S3,KCR_001210,MAPS_TO_KCR
SUB_COURSE_059_M5_S4,KCR_001211,MAPS_TO_KCR
SUB_COURSE_059_M5_S5,KCR_001252,MAPS_TO_KCR
SUB_COURSE_059_M6_S1,KCR_001212,MAPS_TO_KCR
SUB_COURSE_059_M6_S2,KCR_001213,MAPS_TO_KCR
SUB_COURSE_059_M6_S3,KCR_001186,MAPS_TO_KCR
SUB_COURSE_059_M6_S4,KCR_001214,MAPS_TO_KCR
SUB_COURSE_059_M7_S1,KCR_001215,MAPS_TO_KCR
SUB_COURSE_059_M7_S2,KCR_001216,MAPS_TO_KCR
SUB_COURSE_059_M7_S3,KCR_001217,MAPS_TO_KCR
SUB_COURSE_059_M7_S4,KCR_001218,MAPS_TO_KCR
SUB_COURSE_060_M1_S1,KCR_001219,MAPS_TO_KCR
SUB_COURSE_060_M1_S2,KCR_001220,MAPS_TO_KCR
SUB_COURSE_060_M1_S3,KCR_001221,MAPS_TO_KCR
SUB_COURSE_060_M2_S1,KCR_001222,MAPS_TO_KCR
SUB_COURSE_060_M2_S2,KCR_001223,MAPS_TO_KCR
SUB_COURSE_060_M2_S3,KCR_001224,MAPS_TO_KCR
SUB_COURSE_060_M2_S4,KCR_001225,MAPS_TO_KCR
SUB_COURSE_060_M3_S1,KCR_001226,MAPS_TO_KCR
SUB_COURSE_060_M3_S2,KCR_001227,MAPS_TO_KCR
SUB_COURSE_060_M3_S3,KCR_001228,MAPS_TO_KCR
SUB_COURSE_060_M3_S4,KCR_001229,MAPS_TO_KCR
SUB_COURSE_060_M3_S5,KCR_001230,MAPS_TO_KCR
SUB_COURSE_060_M4_S1,KCR_001231,MAPS_TO_KCR
SUB_COURSE_060_M4_S2,KCR_001232,MAPS_TO_KCR
SUB_COURSE_060_M4_S3,KCR_001233,MAPS_TO_KCR
SUB_COURSE_060_M4_S4,KCR_001234,MAPS_TO_KCR
SUB_COURSE_060_M5_S1,KCR_001235,MAPS_TO_KCR
SUB_COURSE_060_M5_S2,KCR_001236,MAPS_TO_KCR
SUB_COURSE_060_M5_S3,KCR_001237,MAPS_TO_KCR
SUB_COURSE_060_M5_S4,KCR_001238,MAPS_TO_KCR
SUB_COURSE_060_M6_S1,KCR_001239,MAPS_TO_KCR
SUB_COURSE_060_M6_S2,KCR_001240,MAPS_TO_KCR
SUB_COURSE_060_M6_S3,KCR_001241,MAPS_TO_KCR
SUB_COURSE_060_M6_S4,KCR_001242,MAPS_TO_KCR
SUB_COURSE_060_M6_S5,KCR_001243,MAPS_TO_KCR
SUB_COURSE_060_M7_S1,KCR_001244,MAPS_TO_KCR
SUB_COURSE_060_M7_S2,KCR_001266,MAPS_TO_KCR
SUB_COURSE_060_M7_S3,KCR_001245,MAPS_TO_KCR
SUB_COURSE_060_M7_S4,KCR_001246,MAPS_TO_KCR
SUB_COURSE_060_M7_S5,KCR_000207,MAPS_TO_KCR
SDG_INDICATOR_10_1_1,SDG_TARGET_10_1,MEASURES_TARGET
SDG_INDICATOR_10_2_1,SDG_TARGET_10_2,MEASURES_TARGET
SDG_INDICATOR_10_3_1,SDG_TARGET_10_3,MEASURES_TARGET
SDG_INDICATOR_10_4_1,SDG_TARGET_10_4,MEASURES_TARGET
SDG_INDICATOR_10_4_2,SDG_TARGET_10_4,MEASURES_TARGET
SDG_INDICATOR_10_5_1,SDG_TARGET_10_5,MEASURES_TARGET
SDG_INDICATOR_10_6_1,SDG_TARGET_10_6,MEASURES_TARGET
SDG_INDICATOR_10_7_1,SDG_TARGET_10_7,MEASURES_TARGET
SDG_INDICATOR_10_7_2,SDG_TARGET_10_7,MEASURES_TARGET
SDG_INDICATOR_10_7_3,SDG_TARGET_10_7,MEASURES_TARGET
SDG_INDICATOR_10_7_4,SDG_TARGET_10_7,MEASURES_TARGET
SDG_INDICATOR_10_a_1,SDG_TARGET_10_a,MEASURES_TARGET
SDG_INDICATOR_10_b_1,SDG_TARGET_10_b,MEASURES_TARGET
SDG_INDICATOR_10_c_1,SDG_TARGET_10_c,MEASURES_TARGET
SDG_INDICATOR_11_1_1,SDG_TARGET_11_1,MEASURES_TARGET
SDG_INDICATOR_11_2_1,SDG_TARGET_11_2,MEASURES_TARGET
SDG_INDICATOR_11_3_1,SDG_TARGET_11_3,MEASURES_TARGET
SDG_INDICATOR_11_3_2,SDG_TARGET_11_3,MEASURES_TARGET
SDG_INDICATOR_11_4_1,SDG_TARGET_11_4,MEASURES_TARGET
SDG_INDICATOR_11_5_1,SDG_TARGET_11_5,MEASURES_TARGET
SDG_INDICATOR_11_5_2,SDG_TARGET_11_5,MEASURES_TARGET
SDG_INDICATOR_11_5_3,SDG_TARGET_11_5,MEASURES_TARGET
SDG_INDICATOR_11_6_1,SDG_TARGET_11_6,MEASURES_TARGET
SDG_INDICATOR_11_6_2,SDG_TARGET_11_6,MEASURES_TARGET
SDG_INDICATOR_11_7_1,SDG_TARGET_11_7,MEASURES_TARGET
SDG_INDICATOR_11_7_2,SDG_TARGET_11_7,MEASURES_TARGET
SDG_INDICATOR_11_a_1,SDG_TARGET_11_a,MEASURES_TARGET
SDG_INDICATOR_11_b_1,SDG_TARGET_11_b,MEASURES_TARGET
SDG_INDICATOR_11_b_2,SDG_TARGET_11_b,MEASURES_TARGET
SDG_INDICATOR_11_c_1,SDG_TARGET_11_c,MEASURES_TARGET
SDG_INDICATOR_12_1_1,SDG_TARGET_12_1,MEASURES_TARGET
SDG_INDICATOR_12_2_1,SDG_TARGET_12_2,MEASURES_TARGET
SDG_INDICATOR_12_2_2,SDG_TARGET_12_2,MEASURES_TARGET
SDG_INDICATOR_12_3_1,SDG_TARGET_12_3,MEASURES_TARGET
SDG_INDICATOR_12_4_1,SDG_TARGET_12_4,MEASURES_TARGET
SDG_INDICATOR_12_4_2,SDG_TARGET_12_4,MEASURES_TARGET
SDG_INDICATOR_12_5_1,SDG_TARGET_12_5,MEASURES_TARGET
SDG_INDICATOR_12_6_1,SDG_TARGET_12_6,MEASURES_TARGET
SDG_INDICATOR_12_7_1,SDG_TARGET_12_7,MEASURES_TARGET
SDG_INDICATOR_12_8_1,SDG_TARGET_12_8,MEASURES_TARGET
SDG_INDICATOR_12_a_1,SDG_TARGET_12_a,MEASURES_TARGET
SDG_INDICATOR_12_b_1,SDG_TARGET_12_b,MEASURES_TARGET
SDG_INDICATOR_12_c_1,SDG_TARGET_12_c,MEASURES_TARGET
SDG_INDICATOR_13_1_1,SDG_TARGET_13_1,MEASURES_TARGET
SDG_INDICATOR_13_1_2,SDG_TARGET_13_1,MEASURES_TARGET
SDG_INDICATOR_13_1_3,SDG_TARGET_13_1,MEASURES_TARGET
SDG_INDICATOR_13_2_1,SDG_TARGET_13_2,MEASURES_TARGET
SDG_INDICATOR_13_2_2,SDG_TARGET_13_2,MEASURES_TARGET
SDG_INDICATOR_13_3_1,SDG_TARGET_13_3,MEASURES_TARGET
SDG_INDICATOR_13_a_1,SDG_TARGET_13_a,MEASURES_TARGET
SDG_INDICATOR_13_b_1,SDG_TARGET_13_b,MEASURES_TARGET
SDG_INDICATOR_14_1_1,SDG_TARGET_14_1,MEASURES_TARGET
SDG_INDICATOR_14_2_1,SDG_TARGET_14_2,MEASURES_TARGET
SDG_INDICATOR_14_3_1,SDG_TARGET_14_3,MEASURES_TARGET
SDG_INDICATOR_14_4_1,SDG_TARGET_14_4,MEASURES_TARGET
SDG_INDICATOR_14_5_1,SDG_TARGET_14_5,MEASURES_TARGET
SDG_INDICATOR_14_6_1,SDG_TARGET_14_6,MEASURES_TARGET
SDG_INDICATOR_14_7_1,SDG_TARGET_14_7,MEASURES_TARGET
SDG_INDICATOR_14_a_1,SDG_TARGET_14_a,MEASURES_TARGET
SDG_INDICATOR_14_b_1,SDG_TARGET_14_b,MEASURES_TARGET
SDG_INDICATOR_14_c_1,SDG_TARGET_14_c,MEASURES_TARGET
SDG_INDICATOR_15_1_1,SDG_TARGET_15_1,MEASURES_TARGET
SDG_INDICATOR_15_1_2,SDG_TARGET_15_1,MEASURES_TARGET
SDG_INDICATOR_15_2_1,SDG_TARGET_15_2,MEASURES_TARGET
SDG_INDICATOR_15_3_1,SDG_TARGET_15_3,MEASURES_TARGET
SDG_INDICATOR_15_4_1,SDG_TARGET_15_4,MEASURES_TARGET
SDG_INDICATOR_15_4_2,SDG_TARGET_15_4,MEASURES_TARGET
SDG_INDICATOR_15_5_1,SDG_TARGET_15_5,MEASURES_TARGET
SDG_INDICATOR_15_6_1,SDG_TARGET_15_6,MEASURES_TARGET
SDG_INDICATOR_15_7_1,SDG_TARGET_15_7,MEASURES_TARGET
SDG_INDICATOR_15_8_1,SDG_TARGET_15_8,MEASURES_TARGET
SDG_INDICATOR_15_9_1,SDG_TARGET_15_9,MEASURES_TARGET
SDG_INDICATOR_15_a_1,SDG_TARGET_15_a,MEASURES_TARGET
SDG_INDICATOR_15_b_1,SDG_TARGET_15_b,MEASURES_TARGET
SDG_INDICATOR_15_c_1,SDG_TARGET_15_c,MEASURES_TARGET
SDG_INDICATOR_16_10_1,SDG_TARGET_16_10,MEASURES_TARGET
SDG_INDICATOR_16_10_2,SDG_TARGET_16_10,MEASURES_TARGET
SDG_INDICATOR_16_1_1,SDG_TARGET_16_1,MEASURES_TARGET
SDG_INDICATOR_16_1_2,SDG_TARGET_16_1,MEASURES_TARGET
SDG_INDICATOR_16_1_3,SDG_TARGET_16_1,MEASURES_TARGET
SDG_INDICATOR_16_1_4,SDG_TARGET_16_1,MEASURES_TARGET
SDG_INDICATOR_16_2_1,SDG_TARGET_16_2,MEASURES_TARGET
SDG_INDICATOR_16_2_2,SDG_TARGET_16_2,MEASURES_TARGET
SDG_INDICATOR_16_2_3,SDG_TARGET_16_2,MEASURES_TARGET
SDG_INDICATOR_16_3_1,SDG_TARGET_16_3,MEASURES_TARGET
SDG_INDICATOR_16_3_2,SDG_TARGET_16_3,MEASURES_TARGET
SDG_INDICATOR_16_3_3,SDG_TARGET_16_3,MEASURES_TARGET
SDG_INDICATOR_16_4_1,SDG_TARGET_16_4,MEASURES_TARGET
SDG_INDICATOR_16_4_2,SDG_TARGET_16_4,MEASURES_TARGET
SDG_INDICATOR_16_5_1,SDG_TARGET_16_5,MEASURES_TARGET
SDG_INDICATOR_16_5_2,SDG_TARGET_16_5,MEASURES_TARGET
SDG_INDICATOR_16_6_1,SDG_TARGET_16_6,MEASURES_TARGET
SDG_INDICATOR_16_6_2,SDG_TARGET_16_6,MEASURES_TARGET
SDG_INDICATOR_16_7_1,SDG_TARGET_16_7,MEASURES_TARGET
SDG_INDICATOR_16_7_2,SDG_TARGET_16_7,MEASURES_TARGET
SDG_INDICATOR_16_8_1,SDG_TARGET_16_8,MEASURES_TARGET
SDG_INDICATOR_16_9_1,SDG_TARGET_16_9,MEASURES_TARGET
SDG_INDICATOR_16_a_1,SDG_TARGET_16_a,MEASURES_TARGET
SDG_INDICATOR_16_b_1,SDG_TARGET_16_b,MEASURES_TARGET
SDG_INDICATOR_17_10_1,SDG_TARGET_17_10,MEASURES_TARGET
SDG_INDICATOR_17_11_1,SDG_TARGET_17_11,MEASURES_TARGET
SDG_INDICATOR_17_12_1,SDG_TARGET_17_12,MEASURES_TARGET
SDG_INDICATOR_17_13_1,SDG_TARGET_17_13,MEASURES_TARGET
SDG_INDICATOR_17_14_1,SDG_TARGET_17_14,MEASURES_TARGET
SDG_INDICATOR_17_15_1,SDG_TARGET_17_15,MEASURES_TARGET
SDG_INDICATOR_17_16_1,SDG_TARGET_17_16,MEASURES_TARGET
SDG_INDICATOR_17_17_1,SDG_TARGET_17_17,MEASURES_TARGET
SDG_INDICATOR_17_18_1,SDG_TARGET_17_18,MEASURES_TARGET
SDG_INDICATOR_17_18_2,SDG_TARGET_17_18,MEASURES_TARGET
SDG_INDICATOR_17_18_3,SDG_TARGET_17_18,MEASURES_TARGET
SDG_INDICATOR_17_19_1,SDG_TARGET_17_19,MEASURES_TARGET
SDG_INDICATOR_17_19_2,SDG_TARGET_17_19,MEASURES_TARGET
SDG_INDICATOR_17_1_1,SDG_TARGET_17_1,MEASURES_TARGET
SDG_INDICATOR_17_1_2,SDG_TARGET_17_1,MEASURES_TARGET
SDG_INDICATOR_17_2_1,SDG_TARGET_17_2,MEASURES_TARGET
SDG_INDICATOR_17_3_1,SDG_TARGET_17_3,MEASURES_TARGET
SDG_INDICATOR_17_3_2,SDG_TARGET_17_3,MEASURES_TARGET
SDG_INDICATOR_17_4_1,SDG_TARGET_17_4,MEASURES_TARGET
SDG_INDICATOR_17_5_1,SDG_TARGET_17_5,MEASURES_TARGET
SDG_INDICATOR_17_6_1,SDG_TARGET_17_6,MEASURES_TARGET
SDG_INDICATOR_17_7_1,SDG_TARGET_17_7,MEASURES_TARGET
SDG_INDICATOR_17_8_1,SDG_TARGET_17_8,MEASURES_TARGET
SDG_INDICATOR_17_9_1,SDG_TARGET_17_9,MEASURES_TARGET
SDG_INDICATOR_1_1_1,SDG_TARGET_1_1,MEASURES_TARGET
SDG_INDICATOR_1_2_1,SDG_TARGET_1_2,MEASURES_TARGET
SDG_INDICATOR_1_2_2,SDG_TARGET_1_2,MEASURES_TARGET
SDG_INDICATOR_1_3_1,SDG_TARGET_1_3,MEASURES_TARGET
SDG_INDICATOR_1_4_1,SDG_TARGET_1_4,MEASURES_TARGET
SDG_INDICATOR_1_4_2,SDG_TARGET_1_4,MEASURES_TARGET
SDG_INDICATOR_1_5_1,SDG_TARGET_1_5,MEASURES_TARGET
SDG_INDICATOR_1_5_2,SDG_TARGET_1_5,MEASURES_TARGET
SDG_INDICATOR_1_5_3,SDG_TARGET_1_5,MEASURES_TARGET
SDG_INDICATOR_1_5_4,SDG_TARGET_1_5,MEASURES_TARGET
SDG_INDICATOR_1_a_1,SDG_TARGET_1_a,MEASURES_TARGET
SDG_INDICATOR_1_a_2,SDG_TARGET_1_a,MEASURES_TARGET
SDG_INDICATOR_1_b_1,SDG_TARGET_1_b,MEASURES_TARGET
SDG_INDICATOR_2_1_1,SDG_TARGET_2_1,MEASURES_TARGET
SDG_INDICATOR_2_1_2,SDG_TARGET_2_1,MEASURES_TARGET
SDG_INDICATOR_2_2_1,SDG_TARGET_2_2,MEASURES_TARGET
SDG_INDICATOR_2_2_2,SDG_TARGET_2_2,MEASURES_TARGET
SDG_INDICATOR_2_2_3,SDG_TARGET_2_2,MEASURES_TARGET
SDG_INDICATOR_2_2_4,SDG_TARGET_2_2,MEASURES_TARGET
SDG_INDICATOR_2_3_1,SDG_TARGET_2_3,MEASURES_TARGET
SDG_INDICATOR_2_3_2,SDG_TARGET_2_3,MEASURES_TARGET
SDG_INDICATOR_2_4_1,SDG_TARGET_2_4,MEASURES_TARGET
SDG_INDICATOR_2_5_1,SDG_TARGET_2_5,MEASURES_TARGET
SDG_INDICATOR_2_5_2,SDG_TARGET_2_5,MEASURES_TARGET
SDG_INDICATOR_2_a_1,SDG_TARGET_2_a,MEASURES_TARGET
SDG_INDICATOR_2_a_2,SDG_TARGET_2_a,MEASURES_TARGET
SDG_INDICATOR_2_b_1,SDG_TARGET_2_b,MEASURES_TARGET
SDG_INDICATOR_2_c_1,SDG_TARGET_2_c,MEASURES_TARGET
SDG_INDICATOR_3_1_1,SDG_TARGET_3_1,MEASURES_TARGET
SDG_INDICATOR_3_1_2,SDG_TARGET_3_1,MEASURES_TARGET
SDG_INDICATOR_3_2_1,SDG_TARGET_3_2,MEASURES_TARGET
SDG_INDICATOR_3_2_2,SDG_TARGET_3_2,MEASURES_TARGET
SDG_INDICATOR_3_3_1,SDG_TARGET_3_3,MEASURES_TARGET
SDG_INDICATOR_3_3_2,SDG_TARGET_3_3,MEASURES_TARGET
SDG_INDICATOR_3_3_3,SDG_TARGET_3_3,MEASURES_TARGET
SDG_INDICATOR_3_3_4,SDG_TARGET_3_3,MEASURES_TARGET
SDG_INDICATOR_3_3_5,SDG_TARGET_3_3,MEASURES_TARGET
SDG_INDICATOR_3_4_1,SDG_TARGET_3_4,MEASURES_TARGET
SDG_INDICATOR_3_4_2,SDG_TARGET_3_4,MEASURES_TARGET
SDG_INDICATOR_3_5_1,SDG_TARGET_3_5,MEASURES_TARGET
SDG_INDICATOR_3_5_2,SDG_TARGET_3_5,MEASURES_TARGET
SDG_INDICATOR_3_6_1,SDG_TARGET_3_6,MEASURES_TARGET
SDG_INDICATOR_3_7_1,SDG_TARGET_3_7,MEASURES_TARGET
SDG_INDICATOR_3_7_2,SDG_TARGET_3_7,MEASURES_TARGET
SDG_INDICATOR_3_8_1,SDG_TARGET_3_8,MEASURES_TARGET
SDG_INDICATOR_3_8_2,SDG_TARGET_3_8,MEASURES_TARGET
SDG_INDICATOR_3_9_1,SDG_TARGET_3_9,MEASURES_TARGET
SDG_INDICATOR_3_9_2,SDG_TARGET_3_9,MEASURES_TARGET
SDG_INDICATOR_3_9_3,SDG_TARGET_3_9,MEASURES_TARGET
SDG_INDICATOR_3_a_1,SDG_TARGET_3_a,MEASURES_TARGET
SDG_INDICATOR_3_b_1,SDG_TARGET_3_b,MEASURES_TARGET
SDG_INDICATOR_3_b_2,SDG_TARGET_3_b,MEASURES_TARGET
SDG_INDICATOR_3_b_3,SDG_TARGET_3_b,MEASURES_TARGET
SDG_INDICATOR_3_c_1,SDG_TARGET_3_c,MEASURES_TARGET
SDG_INDICATOR_3_d_1,SDG_TARGET_3_d,MEASURES_TARGET
SDG_INDICATOR_3_d_2,SDG_TARGET_3_d,MEASURES_TARGET
SDG_INDICATOR_4_1_1,SDG_TARGET_4_1,MEASURES_TARGET
SDG_INDICATOR_4_1_2,SDG_TARGET_4_1,MEASURES_TARGET
SDG_INDICATOR_4_2_1,SDG_TARGET_4_2,MEASURES_TARGET
SDG_INDICATOR_4_2_2,SDG_TARGET_4_2,MEASURES_TARGET
SDG_INDICATOR_4_3_1,SDG_TARGET_4_3,MEASURES_TARGET
SDG_INDICATOR_4_4_1,SDG_TARGET_4_4,MEASURES_TARGET
SDG_INDICATOR_4_5_1,SDG_TARGET_4_5,MEASURES_TARGET
SDG_INDICATOR_4_6_1,SDG_TARGET_4_6,MEASURES_TARGET
SDG_INDICATOR_4_7_1,SDG_TARGET_4_7,MEASURES_TARGET
SDG_INDICATOR_4_a_1,SDG_TARGET_4_a,MEASURES_TARGET
SDG_INDICATOR_4_b_1,SDG_TARGET_4_b,MEASURES_TARGET
SDG_INDICATOR_4_c_1,SDG_TARGET_4_c,MEASURES_TARGET
SDG_INDICATOR_5_1_1,SDG_TARGET_5_1,MEASURES_TARGET
SDG_INDICATOR_5_2_1,SDG_TARGET_5_2,MEASURES_TARGET
SDG_INDICATOR_5_2_2,SDG_TARGET_5_2,MEASURES_TARGET
SDG_INDICATOR_5_3_1,SDG_TARGET_5_3,MEASURES_TARGET
SDG_INDICATOR_5_3_2,SDG_TARGET_5_3,MEASURES_TARGET
SDG_INDICATOR_5_4_1,SDG_TARGET_5_4,MEASURES_TARGET
SDG_INDICATOR_5_5_1,SDG_TARGET_5_5,MEASURES_TARGET
SDG_INDICATOR_5_5_2,SDG_TARGET_5_5,MEASURES_TARGET
SDG_INDICATOR_5_6_1,SDG_TARGET_5_6,MEASURES_TARGET
SDG_INDICATOR_5_6_2,SDG_TARGET_5_6,MEASURES_TARGET
SDG_INDICATOR_5_a_1,SDG_TARGET_5_a,MEASURES_TARGET
SDG_INDICATOR_5_a_2,SDG_TARGET_5_a,MEASURES_TARGET
SDG_INDICATOR_5_b_1,SDG_TARGET_5_b,MEASURES_TARGET
SDG_INDICATOR_5_c_1,SDG_TARGET_5_c,MEASURES_TARGET
SDG_INDICATOR_6_1_1,SDG_TARGET_6_1,MEASURES_TARGET
SDG_INDICATOR_6_2_1,SDG_TARGET_6_2,MEASURES_TARGET
SDG_INDICATOR_6_3_1,SDG_TARGET_6_3,MEASURES_TARGET
SDG_INDICATOR_6_3_2,SDG_TARGET_6_3,MEASURES_TARGET
SDG_INDICATOR_6_4_1,SDG_TARGET_6_4,MEASURES_TARGET
SDG_INDICATOR_6_4_2,SDG_TARGET_6_4,MEASURES_TARGET
SDG_INDICATOR_6_5_1,SDG_TARGET_6_5,MEASURES_TARGET
SDG_INDICATOR_6_5_2,SDG_TARGET_6_5,MEASURES_TARGET
SDG_INDICATOR_6_6_1,SDG_TARGET_6_6,MEASURES_TARGET
SDG_INDICATOR_6_a_1,SDG_TARGET_6_a,MEASURES_TARGET
SDG_INDICATOR_6_b_1,SDG_TARGET_6_b,MEASURES_TARGET
SDG_INDICATOR_7_1_1,SDG_TARGET_7_1,MEASURES_TARGET
SDG_INDICATOR_7_1_2,SDG_TARGET_7_1,MEASURES_TARGET
SDG_INDICATOR_7_2_1,SDG_TARGET_7_2,MEASURES_TARGET
SDG_INDICATOR_7_3_1,SDG_TARGET_7_3,MEASURES_TARGET
SDG_INDICATOR_7_a_1,SDG_TARGET_7_a,MEASURES_TARGET
SDG_INDICATOR_7_b_1,SDG_TARGET_7_b,MEASURES_TARGET
SDG_INDICATOR_8_10_1,SDG_TARGET_8_10,MEASURES_TARGET
SDG_INDICATOR_8_10_2,SDG_TARGET_8_10,MEASURES_TARGET
SDG_INDICATOR_8_1_1,SDG_TARGET_8_1,MEASURES_TARGET
SDG_INDICATOR_8_2_1,SDG_TARGET_8_2,MEASURES_TARGET
SDG_INDICATOR_8_3_1,SDG_TARGET_8_3,MEASURES_TARGET
SDG_INDICATOR_8_4_1,SDG_TARGET_8_4,MEASURES_TARGET
SDG_INDICATOR_8_4_2,SDG_TARGET_8_4,MEASURES_TARGET
SDG_INDICATOR_8_5_1,SDG_TARGET_8_5,MEASURES_TARGET
SDG_INDICATOR_8_5_2,SDG_TARGET_8_5,MEASURES_TARGET
SDG_INDICATOR_8_6_1,SDG_TARGET_8_6,MEASURES_TARGET
SDG_INDICATOR_8_7_1,SDG_TARGET_8_7,MEASURES_TARGET
SDG_INDICATOR_8_8_1,SDG_TARGET_8_8,MEASURES_TARGET
SDG_INDICATOR_8_8_2,SDG_TARGET_8_8,MEASURES_TARGET
SDG_INDICATOR_8_9_1,SDG_TARGET_8_9,MEASURES_TARGET
SDG_INDICATOR_8_9_2,SDG_TARGET_8_9,MEASURES_TARGET
SDG_INDICATOR_8_a_1,SDG_TARGET_8_a,MEASURES_TARGET
SDG_INDICATOR_8_b_1,SDG_TARGET_8_b,MEASURES_TARGET
SDG_INDICATOR_9_1_1,SDG_TARGET_9_1,MEASURES_TARGET
SDG_INDICATOR_9_1_2,SDG_TARGET_9_1,MEASURES_TARGET
SDG_INDICATOR_9_2_1,SDG_TARGET_9_2,MEASURES_TARGET
SDG_INDICATOR_9_2_2,SDG_TARGET_9_2,MEASURES_TARGET
SDG_INDICATOR_9_3_1,SDG_TARGET_9_3,MEASURES_TARGET
SDG_INDICATOR_9_3_2,SDG_TARGET_9_3,MEASURES_TARGET
SDG_INDICATOR_9_4_1,SDG_TARGET_9_4,MEASURES_TARGET
SDG_INDICATOR_9_5_1,SDG_TARGET_9_5,MEASURES_TARGET
SDG_INDICATOR_9_5_2,SDG_TARGET_9_5,MEASURES_TARGET
SDG_INDICATOR_9_a_1,SDG_TARGET_9_a,MEASURES_TARGET
SDG_INDICATOR_9_b_1,SDG_TARGET_9_b,MEASURES_TARGET
SDG_INDICATOR_9_c_1,SDG_TARGET_9_c,MEASURES_TARGET
SCR_0056,SCR_0090,MERGED_INTO
ESD_SDG01_BEH_01,SDG_GOAL_01,OBJECTIVE_FOR_SDG
ESD_SDG01_BEH_02,SDG_GOAL_01,OBJECTIVE_FOR_SDG
ESD_SDG01_BEH_03,SDG_GOAL_01,OBJECTIVE_FOR_SDG
ESD_SDG01_BEH_04,SDG_GOAL_01,OBJECTIVE_FOR_SDG
ESD_SDG01_BEH_05,SDG_GOAL_01,OBJECTIVE_FOR_SDG
ESD_SDG01_COG_01,SDG_GOAL_01,OBJECTIVE_FOR_SDG
ESD_SDG01_COG_02,SDG_GOAL_01,OBJECTIVE_FOR_SDG
ESD_SDG01_COG_03,SDG_GOAL_01,OBJECTIVE_FOR_SDG
ESD_SDG01_COG_04,SDG_GOAL_01,OBJECTIVE_FOR_SDG
ESD_SDG01_COG_05,SDG_GOAL_01,OBJECTIVE_FOR_SDG
ESD_SDG01_SOC_01,SDG_GOAL_01,OBJECTIVE_FOR_SDG
ESD_SDG01_SOC_02,SDG_GOAL_01,OBJECTIVE_FOR_SDG
ESD_SDG01_SOC_03,SDG_GOAL_01,OBJECTIVE_FOR_SDG
ESD_SDG01_SOC_04,SDG_GOAL_01,OBJECTIVE_FOR_SDG
ESD_SDG01_SOC_05,SDG_GOAL_01,OBJECTIVE_FOR_SDG
ESD_SDG02_BEH_01,SDG_GOAL_02,OBJECTIVE_FOR_SDG
ESD_SDG02_BEH_02,SDG_GOAL_02,OBJECTIVE_FOR_SDG
ESD_SDG02_BEH_03,SDG_GOAL_02,OBJECTIVE_FOR_SDG
ESD_SDG02_BEH_04,SDG_GOAL_02,OBJECTIVE_FOR_SDG
ESD_SDG02_BEH_05,SDG_GOAL_02,OBJECTIVE_FOR_SDG
ESD_SDG02_COG_01,SDG_GOAL_02,OBJECTIVE_FOR_SDG
ESD_SDG02_COG_02,SDG_GOAL_02,OBJECTIVE_FOR_SDG
ESD_SDG02_COG_03,SDG_GOAL_02,OBJECTIVE_FOR_SDG
ESD_SDG02_COG_04,SDG_GOAL_02,OBJECTIVE_FOR_SDG
ESD_SDG02_COG_05,SDG_GOAL_02,OBJECTIVE_FOR_SDG
ESD_SDG02_SOC_01,SDG_GOAL_02,OBJECTIVE_FOR_SDG
ESD_SDG02_SOC_02,SDG_GOAL_02,OBJECTIVE_FOR_SDG
ESD_SDG02_SOC_03,SDG_GOAL_02,OBJECTIVE_FOR_SDG
ESD_SDG02_SOC_04,SDG_GOAL_02,OBJECTIVE_FOR_SDG
ESD_SDG02_SOC_05,SDG_GOAL_02,OBJECTIVE_FOR_SDG
ESD_SDG03_BEH_01,SDG_GOAL_03,OBJECTIVE_FOR_SDG
ESD_SDG03_BEH_02,SDG_GOAL_03,OBJECTIVE_FOR_SDG
ESD_SDG03_BEH_03,SDG_GOAL_03,OBJECTIVE_FOR_SDG
ESD_SDG03_BEH_04,SDG_GOAL_03,OBJECTIVE_FOR_SDG
ESD_SDG03_BEH_05,SDG_GOAL_03,OBJECTIVE_FOR_SDG
ESD_SDG03_COG_01,SDG_GOAL_03,OBJECTIVE_FOR_SDG
ESD_SDG03_COG_02,SDG_GOAL_03,OBJECTIVE_FOR_SDG
ESD_SDG03_COG_03,SDG_GOAL_03,OBJECTIVE_FOR_SDG
ESD_SDG03_COG_04,SDG_GOAL_03,OBJECTIVE_FOR_SDG
ESD_SDG03_COG_05,SDG_GOAL_03,OBJECTIVE_FOR_SDG
ESD_SDG03_SOC_01,SDG_GOAL_03,OBJECTIVE_FOR_SDG
ESD_SDG03_SOC_02,SDG_GOAL_03,OBJECTIVE_FOR_SDG
ESD_SDG03_SOC_03,SDG_GOAL_03,OBJECTIVE_FOR_SDG
ESD_SDG03_SOC_04,SDG_GOAL_03,OBJECTIVE_FOR_SDG
ESD_SDG03_SOC_05,SDG_GOAL_03,OBJECTIVE_FOR_SDG
ESD_SDG04_BEH_01,SDG_GOAL_04,OBJECTIVE_FOR_SDG
ESD_SDG04_BEH_02,SDG_GOAL_04,OBJECTIVE_FOR_SDG
ESD_SDG04_BEH_03,SDG_GOAL_04,OBJECTIVE_FOR_SDG
ESD_SDG04_BEH_04,SDG_GOAL_04,OBJECTIVE_FOR_SDG
ESD_SDG04_BEH_05,SDG_GOAL_04,OBJECTIVE_FOR_SDG
ESD_SDG04_COG_01,SDG_GOAL_04,OBJECTIVE_FOR_SDG
ESD_SDG04_COG_02,SDG_GOAL_04,OBJECTIVE_FOR_SDG
ESD_SDG04_COG_03,SDG_GOAL_04,OBJECTIVE_FOR_SDG
ESD_SDG04_COG_04,SDG_GOAL_04,OBJECTIVE_FOR_SDG
ESD_SDG04_COG_05,SDG_GOAL_04,OBJECTIVE_FOR_SDG
ESD_SDG04_SOC_01,SDG_GOAL_04,OBJECTIVE_FOR_SDG
ESD_SDG04_SOC_02,SDG_GOAL_04,OBJECTIVE_FOR_SDG
ESD_SDG04_SOC_03,SDG_GOAL_04,OBJECTIVE_FOR_SDG
ESD_SDG04_SOC_04,SDG_GOAL_04,OBJECTIVE_FOR_SDG
ESD_SDG04_SOC_05,SDG_GOAL_04,OBJECTIVE_FOR_SDG
ESD_SDG05_BEH_01,SDG_GOAL_05,OBJECTIVE_FOR_SDG
ESD_SDG05_BEH_02,SDG_GOAL_05,OBJECTIVE_FOR_SDG
ESD_SDG05_BEH_03,SDG_GOAL_05,OBJECTIVE_FOR_SDG
ESD_SDG05_BEH_04,SDG_GOAL_05,OBJECTIVE_FOR_SDG
ESD_SDG05_BEH_05,SDG_GOAL_05,OBJECTIVE_FOR_SDG
ESD_SDG05_COG_01,SDG_GOAL_05,OBJECTIVE_FOR_SDG
ESD_SDG05_COG_02,SDG_GOAL_05,OBJECTIVE_FOR_SDG
ESD_SDG05_COG_03,SDG_GOAL_05,OBJECTIVE_FOR_SDG
ESD_SDG05_COG_04,SDG_GOAL_05,OBJECTIVE_FOR_SDG
ESD_SDG05_COG_05,SDG_GOAL_05,OBJECTIVE_FOR_SDG
ESD_SDG05_SOC_01,SDG_GOAL_05,OBJECTIVE_FOR_SDG
ESD_SDG05_SOC_02,SDG_GOAL_05,OBJECTIVE_FOR_SDG
ESD_SDG05_SOC_03,SDG_GOAL_05,OBJECTIVE_FOR_SDG
ESD_SDG05_SOC_04,SDG_GOAL_05,OBJECTIVE_FOR_SDG
ESD_SDG05_SOC_05,SDG_GOAL_05,OBJECTIVE_FOR_SDG
ESD_SDG06_BEH_01,SDG_GOAL_06,OBJECTIVE_FOR_SDG
ESD_SDG06_BEH_02,SDG_GOAL_06,OBJECTIVE_FOR_SDG
ESD_SDG06_BEH_03,SDG_GOAL_06,OBJECTIVE_FOR_SDG
ESD_SDG06_BEH_04,SDG_GOAL_06,OBJECTIVE_FOR_SDG
ESD_SDG06_BEH_05,SDG_GOAL_06,OBJECTIVE_FOR_SDG
ESD_SDG06_COG_01,SDG_GOAL_06,OBJECTIVE_FOR_SDG
ESD_SDG06_COG_02,SDG_GOAL_06,OBJECTIVE_FOR_SDG
ESD_SDG06_COG_03,SDG_GOAL_06,OBJECTIVE_FOR_SDG
ESD_SDG06_COG_04,SDG_GOAL_06,OBJECTIVE_FOR_SDG
ESD_SDG06_COG_05,SDG_GOAL_06,OBJECTIVE_FOR_SDG
ESD_SDG06_SOC_01,SDG_GOAL_06,OBJECTIVE_FOR_SDG
ESD_SDG06_SOC_02,SDG_GOAL_06,OBJECTIVE_FOR_SDG
ESD_SDG06_SOC_03,SDG_GOAL_06,OBJECTIVE_FOR_SDG
ESD_SDG06_SOC_04,SDG_GOAL_06,OBJECTIVE_FOR_SDG
ESD_SDG06_SOC_05,SDG_GOAL_06,OBJECTIVE_FOR_SDG
ESD_SDG07_BEH_01,SDG_GOAL_07,OBJECTIVE_FOR_SDG
ESD_SDG07_BEH_02,SDG_GOAL_07,OBJECTIVE_FOR_SDG
ESD_SDG07_BEH_03,SDG_GOAL_07,OBJECTIVE_FOR_SDG
ESD_SDG07_BEH_04,SDG_GOAL_07,OBJECTIVE_FOR_SDG
ESD_SDG07_BEH_05,SDG_GOAL_07,OBJECTIVE_FOR_SDG
ESD_SDG07_COG_01,SDG_GOAL_07,OBJECTIVE_FOR_SDG
ESD_SDG07_COG_02,SDG_GOAL_07,OBJECTIVE_FOR_SDG
ESD_SDG07_COG_03,SDG_GOAL_07,OBJECTIVE_FOR_SDG
ESD_SDG07_COG_04,SDG_GOAL_07,OBJECTIVE_FOR_SDG
ESD_SDG07_COG_05,SDG_GOAL_07,OBJECTIVE_FOR_SDG
ESD_SDG07_SOC_01,SDG_GOAL_07,OBJECTIVE_FOR_SDG
ESD_SDG07_SOC_02,SDG_GOAL_07,OBJECTIVE_FOR_SDG
ESD_SDG07_SOC_03,SDG_GOAL_07,OBJECTIVE_FOR_SDG
ESD_SDG07_SOC_04,SDG_GOAL_07,OBJECTIVE_FOR_SDG
ESD_SDG07_SOC_05,SDG_GOAL_07,OBJECTIVE_FOR_SDG
ESD_SDG08_BEH_01,SDG_GOAL_08,OBJECTIVE_FOR_SDG
ESD_SDG08_BEH_02,SDG_GOAL_08,OBJECTIVE_FOR_SDG
ESD_SDG08_BEH_03,SDG_GOAL_08,OBJECTIVE_FOR_SDG
ESD_SDG08_BEH_04,SDG_GOAL_08,OBJECTIVE_FOR_SDG
ESD_SDG08_BEH_05,SDG_GOAL_08,OBJECTIVE_FOR_SDG
ESD_SDG08_COG_01,SDG_GOAL_08,OBJECTIVE_FOR_SDG
ESD_SDG08_COG_02,SDG_GOAL_08,OBJECTIVE_FOR_SDG
ESD_SDG08_COG_03,SDG_GOAL_08,OBJECTIVE_FOR_SDG
ESD_SDG08_COG_04,SDG_GOAL_08,OBJECTIVE_FOR_SDG
ESD_SDG08_COG_05,SDG_GOAL_08,OBJECTIVE_FOR_SDG
ESD_SDG08_SOC_01,SDG_GOAL_08,OBJECTIVE_FOR_SDG
ESD_SDG08_SOC_02,SDG_GOAL_08,OBJECTIVE_FOR_SDG
ESD_SDG08_SOC_03,SDG_GOAL_08,OBJECTIVE_FOR_SDG
ESD_SDG08_SOC_04,SDG_GOAL_08,OBJECTIVE_FOR_SDG
ESD_SDG08_SOC_05,SDG_GOAL_08,OBJECTIVE_FOR_SDG
ESD_SDG09_BEH_01,SDG_GOAL_09,OBJECTIVE_FOR_SDG
ESD_SDG09_BEH_02,SDG_GOAL_09,OBJECTIVE_FOR_SDG
ESD_SDG09_BEH_03,SDG_GOAL_09,OBJECTIVE_FOR_SDG
ESD_SDG09_BEH_04,SDG_GOAL_09,OBJECTIVE_FOR_SDG
ESD_SDG09_BEH_05,SDG_GOAL_09,OBJECTIVE_FOR_SDG
ESD_SDG09_COG_01,SDG_GOAL_09,OBJECTIVE_FOR_SDG
ESD_SDG09_COG_02,SDG_GOAL_09,OBJECTIVE_FOR_SDG
ESD_SDG09_COG_03,SDG_GOAL_09,OBJECTIVE_FOR_SDG
ESD_SDG09_COG_04,SDG_GOAL_09,OBJECTIVE_FOR_SDG
ESD_SDG09_COG_05,SDG_GOAL_09,OBJECTIVE_FOR_SDG
ESD_SDG09_SOC_01,SDG_GOAL_09,OBJECTIVE_FOR_SDG
ESD_SDG09_SOC_02,SDG_GOAL_09,OBJECTIVE_FOR_SDG
ESD_SDG09_SOC_03,SDG_GOAL_09,OBJECTIVE_FOR_SDG
ESD_SDG09_SOC_04,SDG_GOAL_09,OBJECTIVE_FOR_SDG
ESD_SDG09_SOC_05,SDG_GOAL_09,OBJECTIVE_FOR_SDG
ESD_SDG10_BEH_01,SDG_GOAL_10,OBJECTIVE_FOR_SDG
ESD_SDG10_BEH_02,SDG_GOAL_10,OBJECTIVE_FOR_SDG
ESD_SDG10_BEH_03,SDG_GOAL_10,OBJECTIVE_FOR_SDG
ESD_SDG10_BEH_04,SDG_GOAL_10,OBJECTIVE_FOR_SDG
ESD_SDG10_BEH_05,SDG_GOAL_10,OBJECTIVE_FOR_SDG
ESD_SDG10_COG_01,SDG_GOAL_10,OBJECTIVE_FOR_SDG
ESD_SDG10_COG_02,SDG_GOAL_10,OBJECTIVE_FOR_SDG
ESD_SDG10_COG_03,SDG_GOAL_10,OBJECTIVE_FOR_SDG
ESD_SDG10_COG_04,SDG_GOAL_10,OBJECTIVE_FOR_SDG
ESD_SDG10_COG_05,SDG_GOAL_10,OBJECTIVE_FOR_SDG
ESD_SDG10_SOC_01,SDG_GOAL_10,OBJECTIVE_FOR_SDG
ESD_SDG10_SOC_02,SDG_GOAL_10,OBJECTIVE_FOR_SDG
ESD_SDG10_SOC_03,SDG_GOAL_10,OBJECTIVE_FOR_SDG
ESD_SDG10_SOC_04,SDG_GOAL_10,OBJECTIVE_FOR_SDG
ESD_SDG10_SOC_05,SDG_GOAL_10,OBJECTIVE_FOR_SDG
ESD_SDG11_BEH_01,SDG_GOAL_11,OBJECTIVE_FOR_SDG
ESD_SDG11_BEH_02,SDG_GOAL_11,OBJECTIVE_FOR_SDG
ESD_SDG11_BEH_03,SDG_GOAL_11,OBJECTIVE_FOR_SDG
ESD_SDG11_BEH_04,SDG_GOAL_11,OBJECTIVE_FOR_SDG
ESD_SDG11_BEH_05,SDG_GOAL_11,OBJECTIVE_FOR_SDG
ESD_SDG11_COG_01,SDG_GOAL_11,OBJECTIVE_FOR_SDG
ESD_SDG11_COG_02,SDG_GOAL_11,OBJECTIVE_FOR_SDG
ESD_SDG11_COG_03,SDG_GOAL_11,OBJECTIVE_FOR_SDG
ESD_SDG11_COG_04,SDG_GOAL_11,OBJECTIVE_FOR_SDG
ESD_SDG11_COG_05,SDG_GOAL_11,OBJECTIVE_FOR_SDG
ESD_SDG11_SOC_01,SDG_GOAL_11,OBJECTIVE_FOR_SDG
ESD_SDG11_SOC_02,SDG_GOAL_11,OBJECTIVE_FOR_SDG
ESD_SDG11_SOC_03,SDG_GOAL_11,OBJECTIVE_FOR_SDG
ESD_SDG11_SOC_04,SDG_GOAL_11,OBJECTIVE_FOR_SDG
ESD_SDG11_SOC_05,SDG_GOAL_11,OBJECTIVE_FOR_SDG
ESD_SDG12_BEH_01,SDG_GOAL_12,OBJECTIVE_FOR_SDG
ESD_SDG12_BEH_02,SDG_GOAL_12,OBJECTIVE_FOR_SDG
ESD_SDG12_BEH_03,SDG_GOAL_12,OBJECTIVE_FOR_SDG
ESD_SDG12_BEH_04,SDG_GOAL_12,OBJECTIVE_FOR_SDG
ESD_SDG12_BEH_05,SDG_GOAL_12,OBJECTIVE_FOR_SDG
ESD_SDG12_COG_01,SDG_GOAL_12,OBJECTIVE_FOR_SDG
ESD_SDG12_COG_02,SDG_GOAL_12,OBJECTIVE_FOR_SDG
ESD_SDG12_COG_03,SDG_GOAL_12,OBJECTIVE_FOR_SDG
ESD_SDG12_COG_04,SDG_GOAL_12,OBJECTIVE_FOR_SDG
ESD_SDG12_COG_05,SDG_GOAL_12,OBJECTIVE_FOR_SDG
ESD_SDG12_SOC_01,SDG_GOAL_12,OBJECTIVE_FOR_SDG
ESD_SDG12_SOC_02,SDG_GOAL_12,OBJECTIVE_FOR_SDG
ESD_SDG12_SOC_03,SDG_GOAL_12,OBJECTIVE_FOR_SDG
ESD_SDG12_SOC_04,SDG_GOAL_12,OBJECTIVE_FOR_SDG
ESD_SDG12_SOC_05,SDG_GOAL_12,OBJECTIVE_FOR_SDG
ESD_SDG13_BEH_01,SDG_GOAL_13,OBJECTIVE_FOR_SDG
ESD_SDG13_BEH_02,SDG_GOAL_13,OBJECTIVE_FOR_SDG
ESD_SDG13_BEH_03,SDG_GOAL_13,OBJECTIVE_FOR_SDG
ESD_SDG13_BEH_04,SDG_GOAL_13,OBJECTIVE_FOR_SDG
ESD_SDG13_BEH_05,SDG_GOAL_13,OBJECTIVE_FOR_SDG
ESD_SDG13_COG_01,SDG_GOAL_13,OBJECTIVE_FOR_SDG
ESD_SDG13_COG_02,SDG_GOAL_13,OBJECTIVE_FOR_SDG
ESD_SDG13_COG_03,SDG_GOAL_13,OBJECTIVE_FOR_SDG
ESD_SDG13_COG_04,SDG_GOAL_13,OBJECTIVE_FOR_SDG
ESD_SDG13_COG_05,SDG_GOAL_13,OBJECTIVE_FOR_SDG
ESD_SDG13_SOC_01,SDG_GOAL_13,OBJECTIVE_FOR_SDG
ESD_SDG13_SOC_02,SDG_GOAL_13,OBJECTIVE_FOR_SDG
ESD_SDG13_SOC_03,SDG_GOAL_13,OBJECTIVE_FOR_SDG
ESD_SDG13_SOC_04,SDG_GOAL_13,OBJECTIVE_FOR_SDG
ESD_SDG13_SOC_05,SDG_GOAL_13,OBJECTIVE_FOR_SDG
ESD_SDG14_BEH_01,SDG_GOAL_14,OBJECTIVE_FOR_SDG
ESD_SDG14_BEH_02,SDG_GOAL_14,OBJECTIVE_FOR_SDG
ESD_SDG14_BEH_03,SDG_GOAL_14,OBJECTIVE_FOR_SDG
ESD_SDG14_BEH_04,SDG_GOAL_14,OBJECTIVE_FOR_SDG
ESD_SDG14_BEH_05,SDG_GOAL_14,OBJECTIVE_FOR_SDG
ESD_SDG14_COG_01,SDG_GOAL_14,OBJECTIVE_FOR_SDG
ESD_SDG14_COG_02,SDG_GOAL_14,OBJECTIVE_FOR_SDG
ESD_SDG14_COG_03,SDG_GOAL_14,OBJECTIVE_FOR_SDG
ESD_SDG14_COG_04,SDG_GOAL_14,OBJECTIVE_FOR_SDG
ESD_SDG14_COG_05,SDG_GOAL_14,OBJECTIVE_FOR_SDG
ESD_SDG14_SOC_01,SDG_GOAL_14,OBJECTIVE_FOR_SDG
ESD_SDG14_SOC_02,SDG_GOAL_14,OBJECTIVE_FOR_SDG
ESD_SDG14_SOC_03,SDG_GOAL_14,OBJECTIVE_FOR_SDG
ESD_SDG14_SOC_04,SDG_GOAL_14,OBJECTIVE_FOR_SDG
ESD_SDG14_SOC_05,SDG_GOAL_14,OBJECTIVE_FOR_SDG
ESD_SDG15_BEH_01,SDG_GOAL_15,OBJECTIVE_FOR_SDG
ESD_SDG15_BEH_02,SDG_GOAL_15,OBJECTIVE_FOR_SDG
ESD_SDG15_BEH_03,SDG_GOAL_15,OBJECTIVE_FOR_SDG
ESD_SDG15_BEH_04,SDG_GOAL_15,OBJECTIVE_FOR_SDG
ESD_SDG15_BEH_05,SDG_GOAL_15,OBJECTIVE_FOR_SDG
ESD_SDG15_COG_01,SDG_GOAL_15,OBJECTIVE_FOR_SDG
ESD_SDG15_COG_02,SDG_GOAL_15,OBJECTIVE_FOR_SDG
ESD_SDG15_COG_03,SDG_GOAL_15,OBJECTIVE_FOR_SDG
ESD_SDG15_COG_04,SDG_GOAL_15,OBJECTIVE_FOR_SDG
ESD_SDG15_COG_05,SDG_GOAL_15,OBJECTIVE_FOR_SDG
ESD_SDG15_SOC_01,SDG_GOAL_15,OBJECTIVE_FOR_SDG
ESD_SDG15_SOC_02,SDG_GOAL_15,OBJECTIVE_FOR_SDG
ESD_SDG15_SOC_03,SDG_GOAL_15,OBJECTIVE_FOR_SDG
ESD_SDG15_SOC_04,SDG_GOAL_15,OBJECTIVE_FOR_SDG
ESD_SDG15_SOC_05,SDG_GOAL_15,OBJECTIVE_FOR_SDG
ESD_SDG16_BEH_01,SDG_GOAL_16,OBJECTIVE_FOR_SDG
ESD_SDG16_BEH_02,SDG_GOAL_16,OBJECTIVE_FOR_SDG
ESD_SDG16_BEH_03,SDG_GOAL_16,OBJECTIVE_FOR_SDG
ESD_SDG16_BEH_04,SDG_GOAL_16,OBJECTIVE_FOR_SDG
ESD_SDG16_BEH_05,SDG_GOAL_16,OBJECTIVE_FOR_SDG
ESD_SDG16_COG_01,SDG_GOAL_16,OBJECTIVE_FOR_SDG
ESD_SDG16_COG_02,SDG_GOAL_16,OBJECTIVE_FOR_SDG
ESD_SDG16_COG_03,SDG_GOAL_16,OBJECTIVE_FOR_SDG
ESD_SDG16_COG_04,SDG_GOAL_16,OBJECTIVE_FOR_SDG
ESD_SDG16_COG_05,SDG_GOAL_16,OBJECTIVE_FOR_SDG
ESD_SDG16_SOC_01,SDG_GOAL_16,OBJECTIVE_FOR_SDG
ESD_SDG16_SOC_02,SDG_GOAL_16,OBJECTIVE_FOR_SDG
ESD_SDG16_SOC_03,SDG_GOAL_16,OBJECTIVE_FOR_SDG
ESD_SDG16_SOC_04,SDG_GOAL_16,OBJECTIVE_FOR_SDG
ESD_SDG16_SOC_05,SDG_GOAL_16,OBJECTIVE_FOR_SDG
ESD_SDG17_BEH_01,SDG_GOAL_17,OBJECTIVE_FOR_SDG
ESD_SDG17_BEH_02,SDG_GOAL_17,OBJECTIVE_FOR_SDG
ESD_SDG17_BEH_03,SDG_GOAL_17,OBJECTIVE_FOR_SDG
ESD_SDG17_BEH_04,SDG_GOAL_17,OBJECTIVE_FOR_SDG
ESD_SDG17_BEH_05,SDG_GOAL_17,OBJECTIVE_FOR_SDG
ESD_SDG17_COG_01,SDG_GOAL_17,OBJECTIVE_FOR_SDG
ESD_SDG17_COG_02,SDG_GOAL_17,OBJECTIVE_FOR_SDG
ESD_SDG17_COG_03,SDG_GOAL_17,OBJECTIVE_FOR_SDG
ESD_SDG17_COG_04,SDG_GOAL_17,OBJECTIVE_FOR_SDG
ESD_SDG17_COG_05,SDG_GOAL_17,OBJECTIVE_FOR_SDG
ESD_SDG17_SOC_01,SDG_GOAL_17,OBJECTIVE_FOR_SDG
ESD_SDG17_SOC_02,SDG_GOAL_17,OBJECTIVE_FOR_SDG
ESD_SDG17_SOC_03,SDG_GOAL_17,OBJECTIVE_FOR_SDG
ESD_SDG17_SOC_04,SDG_GOAL_17,OBJECTIVE_FOR_SDG
ESD_SDG17_SOC_05,SDG_GOAL_17,OBJECTIVE_FOR_SDG
KFR_000001,KPR_000001,OPERATIONALIZES
KFR_000002,KPR_000002,OPERATIONALIZES
KFR_000003,KPR_000003,OPERATIONALIZES
KFR_000004,KPR_000004,OPERATIONALIZES
KFR_000005,KPR_000005,OPERATIONALIZES
KFR_000006,KPR_000006,OPERATIONALIZES
KFR_000007,KPR_000007,OPERATIONALIZES
KFR_000008,KPR_000008,OPERATIONALIZES
KFR_000009,KPR_000009,OPERATIONALIZES
KFR_000010,KPR_000010,OPERATIONALIZES
KFR_000011,KPR_000011,OPERATIONALIZES
KFR_000012,KPR_000012,OPERATIONALIZES
KFR_000013,KPR_000013,OPERATIONALIZES
KFR_000014,KPR_000014,OPERATIONALIZES
KFR_000015,KPR_000015,OPERATIONALIZES
KFR_000016,KPR_000016,OPERATIONALIZES
KFR_000017,KPR_000017,OPERATIONALIZES
KFR_000018,KPR_000018,OPERATIONALIZES
KFR_000019,KPR_000019,OPERATIONALIZES
KFR_000020,KPR_000020,OPERATIONALIZES
KFR_000021,KPR_000021,OPERATIONALIZES
KFR_000022,KPR_000023,OPERATIONALIZES
KFR_000023,KPR_000024,OPERATIONALIZES
KFR_000024,KPR_000025,OPERATIONALIZES
KFR_000025,KPR_000026,OPERATIONALIZES
KFR_000026,KPR_000027,OPERATIONALIZES
KFR_000027,KPR_000028,OPERATIONALIZES
KFR_000028,KPR_000029,OPERATIONALIZES
KFR_000029,KPR_000030,OPERATIONALIZES
KFR_000030,KPR_000031,OPERATIONALIZES
KFR_000031,KPR_000033,OPERATIONALIZES
KFR_000032,KPR_000036,OPERATIONALIZES
KFR_000033,KPR_000038,OPERATIONALIZES
KFR_000034,KPR_000039,OPERATIONALIZES
KFR_000035,KPR_000040,OPERATIONALIZES
KFR_000036,KPR_000041,OPERATIONALIZES
KFR_000037,KPR_000043,OPERATIONALIZES
KFR_000038,KPR_000044,OPERATIONALIZES
KFR_000039,KPR_000045,OPERATIONALIZES
KFR_000040,KPR_000046,OPERATIONALIZES
KFR_000041,KPR_000047,OPERATIONALIZES
KFR_000042,KPR_000048,OPERATIONALIZES
KFR_000043,KPR_000051,OPERATIONALIZES
KFR_000044,KPR_000052,OPERATIONALIZES
KFR_000045,KPR_000053,OPERATIONALIZES
KFR_000046,KPR_000055,OPERATIONALIZES
KFR_000047,KPR_000056,OPERATIONALIZES
KFR_000048,KPR_000057,OPERATIONALIZES
KFR_000049,KPR_000058,OPERATIONALIZES
KFR_000050,KPR_000059,OPERATIONALIZES
KFR_000051,KPR_000062,OPERATIONALIZES
KFR_000052,KPR_000063,OPERATIONALIZES
KFR_000053,KPR_000064,OPERATIONALIZES
KFR_000054,KPR_000069,OPERATIONALIZES
KFR_000055,KPR_000070,OPERATIONALIZES
KFR_000056,KPR_000071,OPERATIONALIZES
KFR_000057,KPR_000074,OPERATIONALIZES
KFR_000058,KPR_000075,OPERATIONALIZES
KFR_000059,KPR_000076,OPERATIONALIZES
KFR_000060,KPR_000077,OPERATIONALIZES
KFR_000061,KPR_000078,OPERATIONALIZES
KFR_000062,KPR_000079,OPERATIONALIZES
KFR_000063,KPR_000080,OPERATIONALIZES
KFR_000064,KPR_000081,OPERATIONALIZES
KFR_000065,KPR_000082,OPERATIONALIZES
KFR_000066,KPR_000085,OPERATIONALIZES
KFR_000067,KPR_000086,OPERATIONALIZES
KFR_000068,KPR_000087,OPERATIONALIZES
KFR_000069,KPR_000088,OPERATIONALIZES
KFR_000070,KPR_000089,OPERATIONALIZES
KFR_000071,KPR_000090,OPERATIONALIZES
KFR_000072,KPR_000091,OPERATIONALIZES
KFR_000073,KPR_000092,OPERATIONALIZES
KFR_000074,KPR_000094,OPERATIONALIZES
KFR_000075,KPR_000098,OPERATIONALIZES
KFR_000076,KPR_000099,OPERATIONALIZES
KFR_000077,KPR_000102,OPERATIONALIZES
KFR_000078,KPR_000103,OPERATIONALIZES
KFR_000079,KPR_000104,OPERATIONALIZES
KFR_000080,KPR_000105,OPERATIONALIZES
KFR_000081,KPR_000106,OPERATIONALIZES
KFR_000082,KPR_000109,OPERATIONALIZES
KFR_000083,KPR_000111,OPERATIONALIZES
KFR_000084,KPR_000115,OPERATIONALIZES
KFR_000085,KPR_000116,OPERATIONALIZES
KFR_000086,KPR_000117,OPERATIONALIZES
KFR_000087,KPR_000119,OPERATIONALIZES
KFR_000088,KPR_000120,OPERATIONALIZES
KFR_000089,KPR_000121,OPERATIONALIZES
KFR_000090,KPR_000122,OPERATIONALIZES
KFR_000091,KPR_000123,OPERATIONALIZES
KFR_000092,KPR_000124,OPERATIONALIZES
KFR_000093,KPR_000125,OPERATIONALIZES
KFR_000094,KPR_000126,OPERATIONALIZES
KFR_000095,KPR_000127,OPERATIONALIZES
KFR_000096,KPR_000128,OPERATIONALIZES
KFR_000097,KPR_000129,OPERATIONALIZES
KFR_000098,KPR_000130,OPERATIONALIZES
KFR_000099,KPR_000131,OPERATIONALIZES
KFR_000100,KPR_000132,OPERATIONALIZES
KFR_000101,KPR_000133,OPERATIONALIZES
KFR_000102,KPR_000136,OPERATIONALIZES
KFR_000103,KPR_000137,OPERATIONALIZES
KFR_000104,KPR_000138,OPERATIONALIZES
KFR_000105,KPR_000140,OPERATIONALIZES
KFR_000106,KPR_000141,OPERATIONALIZES
KFR_000107,KPR_000142,OPERATIONALIZES
KFR_000108,KPR_000143,OPERATIONALIZES
KFR_000109,KPR_000145,OPERATIONALIZES
KFR_000110,KPR_000146,OPERATIONALIZES
KFR_000111,KPR_000147,OPERATIONALIZES
KFR_000112,KPR_000148,OPERATIONALIZES
KFR_000113,KPR_000149,OPERATIONALIZES
KFR_000114,KPR_000150,OPERATIONALIZES
KFR_000115,KPR_000151,OPERATIONALIZES
KFR_000116,KPR_000153,OPERATIONALIZES
KFR_000117,KPR_000155,OPERATIONALIZES
KFR_000118,KPR_000158,OPERATIONALIZES
KFR_000119,KPR_000159,OPERATIONALIZES
KFR_000120,KPR_000032,OPERATIONALIZES
KFR_000121,KPR_000034,OPERATIONALIZES
KFR_000122,KPR_000037,OPERATIONALIZES
KFR_000123,KPR_000042,OPERATIONALIZES
KFR_000124,KPR_000049,OPERATIONALIZES
KFR_000125,KPR_000050,OPERATIONALIZES
KFR_000126,KPR_000060,OPERATIONALIZES
KFR_000127,KPR_000066,OPERATIONALIZES
KFR_000128,KPR_000067,OPERATIONALIZES
KFR_000129,KPR_000068,OPERATIONALIZES
KFR_000130,KPR_000072,OPERATIONALIZES
KFR_000131,KPR_000073,OPERATIONALIZES
KFR_000132,KPR_000100,OPERATIONALIZES
KFR_000133,KPR_000139,OPERATIONALIZES
KFR_000134,KPR_000144,OPERATIONALIZES
KFR_000135,KPR_000156,OPERATIONALIZES
KFR_000136,KPR_000157,OPERATIONALIZES
CFK_SDG01_ADULT_001,SDG_GOAL_01,OUTCOME_FOR_SDG
CFK_SDG01_ADULT_002,SDG_GOAL_01,OUTCOME_FOR_SDG
CFK_SDG01_ADULT_003,SDG_GOAL_01,OUTCOME_FOR_SDG
CFK_SDG01_ADULT_004,SDG_GOAL_01,OUTCOME_FOR_SDG
CFK_SDG01_ADULT_005,SDG_GOAL_01,OUTCOME_FOR_SDG
CFK_SDG01_ADULT_006,SDG_GOAL_01,OUTCOME_FOR_SDG
CFK_SDG01_ADULT_007,SDG_GOAL_01,OUTCOME_FOR_SDG
CFK_SDG01_ADULT_008,SDG_GOAL_01,OUTCOME_FOR_SDG
CFK_SDG01_ADULT_009,SDG_GOAL_01,OUTCOME_FOR_SDG
CFK_SDG01_ADULT_010,SDG_GOAL_01,OUTCOME_FOR_SDG
CFK_SDG01_ADULT_011,SDG_GOAL_01,OUTCOME_FOR_SDG
CFK_SDG01_ADULT_012,SDG_GOAL_01,OUTCOME_FOR_SDG
CFK_SDG01_ADULT_013,SDG_GOAL_01,OUTCOME_FOR_SDG
CFK_SDG01_ADULT_014,SDG_GOAL_01,OUTCOME_FOR_SDG
CFK_SDG01_SEC_001,SDG_GOAL_01,OUTCOME_FOR_SDG
CFK_SDG01_SEC_002,SDG_GOAL_01,OUTCOME_FOR_SDG
CFK_SDG01_SEC_003,SDG_GOAL_01,OUTCOME_FOR_SDG
CFK_SDG01_SEC_004,SDG_GOAL_01,OUTCOME_FOR_SDG
CFK_SDG01_SEC_005,SDG_GOAL_01,OUTCOME_FOR_SDG
CFK_SDG01_SEC_006,SDG_GOAL_01,OUTCOME_FOR_SDG
CFK_SDG01_SEC_007,SDG_GOAL_01,OUTCOME_FOR_SDG
CFK_SDG01_SEC_008,SDG_GOAL_01,OUTCOME_FOR_SDG
CFK_SDG01_SEC_009,SDG_GOAL_01,OUTCOME_FOR_SDG
CFK_SDG01_SEC_010,SDG_GOAL_01,OUTCOME_FOR_SDG
CFK_SDG01_SEC_011,SDG_GOAL_01,OUTCOME_FOR_SDG
CFK_SDG01_SEC_012,SDG_GOAL_01,OUTCOME_FOR_SDG
CFK_SDG01_SEC_013,SDG_GOAL_01,OUTCOME_FOR_SDG
CFK_SDG01_SEC_014,SDG_GOAL_01,OUTCOME_FOR_SDG
CFK_SDG01_SEC_015,SDG_GOAL_01,OUTCOME_FOR_SDG
CFK_SDG01_SEC_016,SDG_GOAL_01,OUTCOME_FOR_SDG
CFK_SDG01_SEC_017,SDG_GOAL_01,OUTCOME_FOR_SDG
CFK_SDG01_SEC_018,SDG_GOAL_01,OUTCOME_FOR_SDG
CFK_SDG01_TER_001,SDG_GOAL_01,OUTCOME_FOR_SDG
CFK_SDG01_TER_002,SDG_GOAL_01,OUTCOME_FOR_SDG
CFK_SDG01_TER_003,SDG_GOAL_01,OUTCOME_FOR_SDG
CFK_SDG01_TER_004,SDG_GOAL_01,OUTCOME_FOR_SDG
CFK_SDG01_TER_005,SDG_GOAL_01,OUTCOME_FOR_SDG
CFK_SDG01_TER_006,SDG_GOAL_01,OUTCOME_FOR_SDG
CFK_SDG01_TER_007,SDG_GOAL_01,OUTCOME_FOR_SDG
CFK_SDG01_TER_008,SDG_GOAL_01,OUTCOME_FOR_SDG
CFK_SDG01_TER_009,SDG_GOAL_01,OUTCOME_FOR_SDG
CFK_SDG01_TER_010,SDG_GOAL_01,OUTCOME_FOR_SDG
CFK_SDG01_TER_011,SDG_GOAL_01,OUTCOME_FOR_SDG
CFK_SDG01_TER_012,SDG_GOAL_01,OUTCOME_FOR_SDG
CFK_SDG01_TER_013,SDG_GOAL_01,OUTCOME_FOR_SDG
CFK_SDG01_TER_014,SDG_GOAL_01,OUTCOME_FOR_SDG
CFK_SDG01_TER_015,SDG_GOAL_01,OUTCOME_FOR_SDG
CFK_SDG01_TVET_001,SDG_GOAL_01,OUTCOME_FOR_SDG
CFK_SDG01_TVET_002,SDG_GOAL_01,OUTCOME_FOR_SDG
CFK_SDG01_TVET_003,SDG_GOAL_01,OUTCOME_FOR_SDG
CFK_SDG01_TVET_004,SDG_GOAL_01,OUTCOME_FOR_SDG
CFK_SDG01_TVET_005,SDG_GOAL_01,OUTCOME_FOR_SDG
CFK_SDG01_TVET_006,SDG_GOAL_01,OUTCOME_FOR_SDG
CFK_SDG01_TVET_007,SDG_GOAL_01,OUTCOME_FOR_SDG
CFK_SDG01_TVET_008,SDG_GOAL_01,OUTCOME_FOR_SDG
CFK_SDG01_TVET_009,SDG_GOAL_01,OUTCOME_FOR_SDG
CFK_SDG01_TVET_010,SDG_GOAL_01,OUTCOME_FOR_SDG
CFK_SDG01_TVET_011,SDG_GOAL_01,OUTCOME_FOR_SDG
CFK_SDG01_TVET_012,SDG_GOAL_01,OUTCOME_FOR_SDG
CFK_SDG01_TVET_013,SDG_GOAL_01,OUTCOME_FOR_SDG
CFK_SDG01_TVET_014,SDG_GOAL_01,OUTCOME_FOR_SDG
CFK_SDG01_TVET_015,SDG_GOAL_01,OUTCOME_FOR_SDG
CFK_SDG01_TVET_016,SDG_GOAL_01,OUTCOME_FOR_SDG
CFK_SDG01_TVET_017,SDG_GOAL_01,OUTCOME_FOR_SDG
CFK_SDG01_TVET_018,SDG_GOAL_01,OUTCOME_FOR_SDG
CFK_SDG01_TVET_019,SDG_GOAL_01,OUTCOME_FOR_SDG
CFK_SDG02_ADULT_001,SDG_GOAL_02,OUTCOME_FOR_SDG
CFK_SDG02_ADULT_002,SDG_GOAL_02,OUTCOME_FOR_SDG
CFK_SDG02_ADULT_003,SDG_GOAL_02,OUTCOME_FOR_SDG
CFK_SDG02_ADULT_004,SDG_GOAL_02,OUTCOME_FOR_SDG
CFK_SDG02_ADULT_005,SDG_GOAL_02,OUTCOME_FOR_SDG
CFK_SDG02_ADULT_006,SDG_GOAL_02,OUTCOME_FOR_SDG
CFK_SDG02_ADULT_007,SDG_GOAL_02,OUTCOME_FOR_SDG
CFK_SDG02_ADULT_008,SDG_GOAL_02,OUTCOME_FOR_SDG
CFK_SDG02_ADULT_009,SDG_GOAL_02,OUTCOME_FOR_SDG
CFK_SDG02_ADULT_010,SDG_GOAL_02,OUTCOME_FOR_SDG
CFK_SDG02_ADULT_011,SDG_GOAL_02,OUTCOME_FOR_SDG
CFK_SDG02_SEC_001,SDG_GOAL_02,OUTCOME_FOR_SDG
CFK_SDG02_SEC_002,SDG_GOAL_02,OUTCOME_FOR_SDG
CFK_SDG02_SEC_003,SDG_GOAL_02,OUTCOME_FOR_SDG
CFK_SDG02_SEC_004,SDG_GOAL_02,OUTCOME_FOR_SDG
CFK_SDG02_SEC_005,SDG_GOAL_02,OUTCOME_FOR_SDG
CFK_SDG02_SEC_006,SDG_GOAL_02,OUTCOME_FOR_SDG
CFK_SDG02_SEC_007,SDG_GOAL_02,OUTCOME_FOR_SDG
CFK_SDG02_SEC_008,SDG_GOAL_02,OUTCOME_FOR_SDG
CFK_SDG02_SEC_009,SDG_GOAL_02,OUTCOME_FOR_SDG
CFK_SDG02_SEC_010,SDG_GOAL_02,OUTCOME_FOR_SDG
CFK_SDG02_SEC_011,SDG_GOAL_02,OUTCOME_FOR_SDG
CFK_SDG02_SEC_012,SDG_GOAL_02,OUTCOME_FOR_SDG
CFK_SDG02_TER_001,SDG_GOAL_02,OUTCOME_FOR_SDG
CFK_SDG02_TER_002,SDG_GOAL_02,OUTCOME_FOR_SDG
CFK_SDG02_TER_003,SDG_GOAL_02,OUTCOME_FOR_SDG
CFK_SDG02_TER_004,SDG_GOAL_02,OUTCOME_FOR_SDG
CFK_SDG02_TER_005,SDG_GOAL_02,OUTCOME_FOR_SDG
CFK_SDG02_TER_006,SDG_GOAL_02,OUTCOME_FOR_SDG
CFK_SDG02_TER_007,SDG_GOAL_02,OUTCOME_FOR_SDG
CFK_SDG02_TER_008,SDG_GOAL_02,OUTCOME_FOR_SDG
CFK_SDG02_TER_009,SDG_GOAL_02,OUTCOME_FOR_SDG
CFK_SDG02_TER_010,SDG_GOAL_02,OUTCOME_FOR_SDG
CFK_SDG02_TER_011,SDG_GOAL_02,OUTCOME_FOR_SDG
CFK_SDG02_TER_012,SDG_GOAL_02,OUTCOME_FOR_SDG
CFK_SDG02_TVET_001,SDG_GOAL_02,OUTCOME_FOR_SDG
CFK_SDG02_TVET_002,SDG_GOAL_02,OUTCOME_FOR_SDG
CFK_SDG02_TVET_003,SDG_GOAL_02,OUTCOME_FOR_SDG
CFK_SDG02_TVET_004,SDG_GOAL_02,OUTCOME_FOR_SDG
CFK_SDG02_TVET_005,SDG_GOAL_02,OUTCOME_FOR_SDG
CFK_SDG02_TVET_006,SDG_GOAL_02,OUTCOME_FOR_SDG
CFK_SDG02_TVET_007,SDG_GOAL_02,OUTCOME_FOR_SDG
CFK_SDG02_TVET_008,SDG_GOAL_02,OUTCOME_FOR_SDG
CFK_SDG02_TVET_009,SDG_GOAL_02,OUTCOME_FOR_SDG
CFK_SDG02_TVET_010,SDG_GOAL_02,OUTCOME_FOR_SDG
CFK_SDG02_TVET_011,SDG_GOAL_02,OUTCOME_FOR_SDG
CFK_SDG03_ADULT_001,SDG_GOAL_03,OUTCOME_FOR_SDG
CFK_SDG03_ADULT_002,SDG_GOAL_03,OUTCOME_FOR_SDG
CFK_SDG03_ADULT_003,SDG_GOAL_03,OUTCOME_FOR_SDG
CFK_SDG03_ADULT_004,SDG_GOAL_03,OUTCOME_FOR_SDG
CFK_SDG03_ADULT_005,SDG_GOAL_03,OUTCOME_FOR_SDG
CFK_SDG03_ADULT_006,SDG_GOAL_03,OUTCOME_FOR_SDG
CFK_SDG03_ADULT_007,SDG_GOAL_03,OUTCOME_FOR_SDG
CFK_SDG03_ADULT_008,SDG_GOAL_03,OUTCOME_FOR_SDG
CFK_SDG03_ADULT_009,SDG_GOAL_03,OUTCOME_FOR_SDG
CFK_SDG03_ADULT_010,SDG_GOAL_03,OUTCOME_FOR_SDG
CFK_SDG03_ADULT_011,SDG_GOAL_03,OUTCOME_FOR_SDG
CFK_SDG03_SEC_001,SDG_GOAL_03,OUTCOME_FOR_SDG
CFK_SDG03_SEC_002,SDG_GOAL_03,OUTCOME_FOR_SDG
CFK_SDG03_SEC_003,SDG_GOAL_03,OUTCOME_FOR_SDG
CFK_SDG03_SEC_004,SDG_GOAL_03,OUTCOME_FOR_SDG
CFK_SDG03_SEC_005,SDG_GOAL_03,OUTCOME_FOR_SDG
CFK_SDG03_SEC_006,SDG_GOAL_03,OUTCOME_FOR_SDG
CFK_SDG03_SEC_007,SDG_GOAL_03,OUTCOME_FOR_SDG
CFK_SDG03_SEC_008,SDG_GOAL_03,OUTCOME_FOR_SDG
CFK_SDG03_SEC_009,SDG_GOAL_03,OUTCOME_FOR_SDG
CFK_SDG03_SEC_010,SDG_GOAL_03,OUTCOME_FOR_SDG
CFK_SDG03_SEC_011,SDG_GOAL_03,OUTCOME_FOR_SDG
CFK_SDG03_SEC_012,SDG_GOAL_03,OUTCOME_FOR_SDG
CFK_SDG03_SEC_013,SDG_GOAL_03,OUTCOME_FOR_SDG
CFK_SDG03_SEC_014,SDG_GOAL_03,OUTCOME_FOR_SDG
CFK_SDG03_TER_001,SDG_GOAL_03,OUTCOME_FOR_SDG
CFK_SDG03_TER_002,SDG_GOAL_03,OUTCOME_FOR_SDG
CFK_SDG03_TER_003,SDG_GOAL_03,OUTCOME_FOR_SDG
CFK_SDG03_TER_004,SDG_GOAL_03,OUTCOME_FOR_SDG
CFK_SDG03_TER_005,SDG_GOAL_03,OUTCOME_FOR_SDG
CFK_SDG03_TER_006,SDG_GOAL_03,OUTCOME_FOR_SDG
CFK_SDG03_TER_007,SDG_GOAL_03,OUTCOME_FOR_SDG
CFK_SDG03_TER_008,SDG_GOAL_03,OUTCOME_FOR_SDG
CFK_SDG03_TER_009,SDG_GOAL_03,OUTCOME_FOR_SDG
CFK_SDG03_TER_010,SDG_GOAL_03,OUTCOME_FOR_SDG
CFK_SDG03_TER_011,SDG_GOAL_03,OUTCOME_FOR_SDG
CFK_SDG03_TER_012,SDG_GOAL_03,OUTCOME_FOR_SDG
CFK_SDG03_TER_013,SDG_GOAL_03,OUTCOME_FOR_SDG
CFK_SDG03_TER_014,SDG_GOAL_03,OUTCOME_FOR_SDG
CFK_SDG03_TER_015,SDG_GOAL_03,OUTCOME_FOR_SDG
CFK_SDG03_TER_016,SDG_GOAL_03,OUTCOME_FOR_SDG
CFK_SDG03_TER_017,SDG_GOAL_03,OUTCOME_FOR_SDG
CFK_SDG03_TER_018,SDG_GOAL_03,OUTCOME_FOR_SDG
CFK_SDG03_TER_019,SDG_GOAL_03,OUTCOME_FOR_SDG
CFK_SDG03_TER_020,SDG_GOAL_03,OUTCOME_FOR_SDG
CFK_SDG03_TER_021,SDG_GOAL_03,OUTCOME_FOR_SDG
CFK_SDG03_TER_022,SDG_GOAL_03,OUTCOME_FOR_SDG
CFK_SDG03_TER_023,SDG_GOAL_03,OUTCOME_FOR_SDG
CFK_SDG03_TVET_001,SDG_GOAL_03,OUTCOME_FOR_SDG
CFK_SDG03_TVET_002,SDG_GOAL_03,OUTCOME_FOR_SDG
CFK_SDG03_TVET_003,SDG_GOAL_03,OUTCOME_FOR_SDG
CFK_SDG03_TVET_004,SDG_GOAL_03,OUTCOME_FOR_SDG
CFK_SDG03_TVET_005,SDG_GOAL_03,OUTCOME_FOR_SDG
CFK_SDG03_TVET_006,SDG_GOAL_03,OUTCOME_FOR_SDG
CFK_SDG03_TVET_007,SDG_GOAL_03,OUTCOME_FOR_SDG
CFK_SDG03_TVET_008,SDG_GOAL_03,OUTCOME_FOR_SDG
CFK_SDG03_TVET_009,SDG_GOAL_03,OUTCOME_FOR_SDG
CFK_SDG03_TVET_010,SDG_GOAL_03,OUTCOME_FOR_SDG
CFK_SDG03_TVET_011,SDG_GOAL_03,OUTCOME_FOR_SDG
CFK_SDG03_TVET_012,SDG_GOAL_03,OUTCOME_FOR_SDG
CFK_SDG03_TVET_013,SDG_GOAL_03,OUTCOME_FOR_SDG
CFK_SDG03_TVET_014,SDG_GOAL_03,OUTCOME_FOR_SDG
CFK_SDG03_TVET_015,SDG_GOAL_03,OUTCOME_FOR_SDG
CFK_SDG03_TVET_016,SDG_GOAL_03,OUTCOME_FOR_SDG
CFK_SDG03_TVET_017,SDG_GOAL_03,OUTCOME_FOR_SDG
CFK_SDG04_ADULT_001,SDG_GOAL_04,OUTCOME_FOR_SDG
CFK_SDG04_ADULT_002,SDG_GOAL_04,OUTCOME_FOR_SDG
CFK_SDG04_ADULT_003,SDG_GOAL_04,OUTCOME_FOR_SDG
CFK_SDG04_ADULT_004,SDG_GOAL_04,OUTCOME_FOR_SDG
CFK_SDG04_ADULT_005,SDG_GOAL_04,OUTCOME_FOR_SDG
CFK_SDG04_ADULT_006,SDG_GOAL_04,OUTCOME_FOR_SDG
CFK_SDG04_ADULT_007,SDG_GOAL_04,OUTCOME_FOR_SDG
CFK_SDG04_ADULT_008,SDG_GOAL_04,OUTCOME_FOR_SDG
CFK_SDG04_ADULT_009,SDG_GOAL_04,OUTCOME_FOR_SDG
CFK_SDG04_ADULT_010,SDG_GOAL_04,OUTCOME_FOR_SDG
CFK_SDG04_SEC_001,SDG_GOAL_04,OUTCOME_FOR_SDG
CFK_SDG04_SEC_002,SDG_GOAL_04,OUTCOME_FOR_SDG
CFK_SDG04_SEC_003,SDG_GOAL_04,OUTCOME_FOR_SDG
CFK_SDG04_SEC_004,SDG_GOAL_04,OUTCOME_FOR_SDG
CFK_SDG04_SEC_005,SDG_GOAL_04,OUTCOME_FOR_SDG
CFK_SDG04_SEC_006,SDG_GOAL_04,OUTCOME_FOR_SDG
CFK_SDG04_SEC_007,SDG_GOAL_04,OUTCOME_FOR_SDG
CFK_SDG04_SEC_008,SDG_GOAL_04,OUTCOME_FOR_SDG
CFK_SDG04_SEC_009,SDG_GOAL_04,OUTCOME_FOR_SDG
CFK_SDG04_TER_001,SDG_GOAL_04,OUTCOME_FOR_SDG
CFK_SDG04_TER_002,SDG_GOAL_04,OUTCOME_FOR_SDG
CFK_SDG04_TER_003,SDG_GOAL_04,OUTCOME_FOR_SDG
CFK_SDG04_TER_004,SDG_GOAL_04,OUTCOME_FOR_SDG
CFK_SDG04_TER_005,SDG_GOAL_04,OUTCOME_FOR_SDG
CFK_SDG04_TER_006,SDG_GOAL_04,OUTCOME_FOR_SDG
CFK_SDG04_TER_007,SDG_GOAL_04,OUTCOME_FOR_SDG
CFK_SDG04_TER_008,SDG_GOAL_04,OUTCOME_FOR_SDG
CFK_SDG04_TER_009,SDG_GOAL_04,OUTCOME_FOR_SDG
CFK_SDG04_TER_010,SDG_GOAL_04,OUTCOME_FOR_SDG
CFK_SDG04_TER_011,SDG_GOAL_04,OUTCOME_FOR_SDG
CFK_SDG04_TER_012,SDG_GOAL_04,OUTCOME_FOR_SDG
CFK_SDG04_TER_013,SDG_GOAL_04,OUTCOME_FOR_SDG
CFK_SDG04_TER_014,SDG_GOAL_04,OUTCOME_FOR_SDG
CFK_SDG04_TVET_001,SDG_GOAL_04,OUTCOME_FOR_SDG
CFK_SDG04_TVET_002,SDG_GOAL_04,OUTCOME_FOR_SDG
CFK_SDG04_TVET_003,SDG_GOAL_04,OUTCOME_FOR_SDG
CFK_SDG04_TVET_004,SDG_GOAL_04,OUTCOME_FOR_SDG
CFK_SDG04_TVET_005,SDG_GOAL_04,OUTCOME_FOR_SDG
CFK_SDG04_TVET_006,SDG_GOAL_04,OUTCOME_FOR_SDG
CFK_SDG04_TVET_007,SDG_GOAL_04,OUTCOME_FOR_SDG
CFK_SDG04_TVET_008,SDG_GOAL_04,OUTCOME_FOR_SDG
CFK_SDG04_TVET_009,SDG_GOAL_04,OUTCOME_FOR_SDG
CFK_SDG04_TVET_010,SDG_GOAL_04,OUTCOME_FOR_SDG
CFK_SDG04_TVET_011,SDG_GOAL_04,OUTCOME_FOR_SDG
CFK_SDG04_TVET_012,SDG_GOAL_04,OUTCOME_FOR_SDG
CFK_SDG04_TVET_013,SDG_GOAL_04,OUTCOME_FOR_SDG
CFK_SDG04_TVET_014,SDG_GOAL_04,OUTCOME_FOR_SDG
CFK_SDG04_TVET_015,SDG_GOAL_04,OUTCOME_FOR_SDG
CFK_SDG04_TVET_016,SDG_GOAL_04,OUTCOME_FOR_SDG
CFK_SDG05_ADULT_001,SDG_GOAL_05,OUTCOME_FOR_SDG
CFK_SDG05_ADULT_002,SDG_GOAL_05,OUTCOME_FOR_SDG
CFK_SDG05_ADULT_003,SDG_GOAL_05,OUTCOME_FOR_SDG
CFK_SDG05_ADULT_004,SDG_GOAL_05,OUTCOME_FOR_SDG
CFK_SDG05_ADULT_005,SDG_GOAL_05,OUTCOME_FOR_SDG
CFK_SDG05_ADULT_006,SDG_GOAL_05,OUTCOME_FOR_SDG
CFK_SDG05_ADULT_007,SDG_GOAL_05,OUTCOME_FOR_SDG
CFK_SDG05_ADULT_008,SDG_GOAL_05,OUTCOME_FOR_SDG
CFK_SDG05_ADULT_009,SDG_GOAL_05,OUTCOME_FOR_SDG
CFK_SDG05_ADULT_010,SDG_GOAL_05,OUTCOME_FOR_SDG
CFK_SDG05_ADULT_011,SDG_GOAL_05,OUTCOME_FOR_SDG
CFK_SDG05_ADULT_012,SDG_GOAL_05,OUTCOME_FOR_SDG
CFK_SDG05_ADULT_013,SDG_GOAL_05,OUTCOME_FOR_SDG
CFK_SDG05_ADULT_014,SDG_GOAL_05,OUTCOME_FOR_SDG
CFK_SDG05_ADULT_015,SDG_GOAL_05,OUTCOME_FOR_SDG
CFK_SDG05_ADULT_016,SDG_GOAL_05,OUTCOME_FOR_SDG
CFK_SDG05_ADULT_017,SDG_GOAL_05,OUTCOME_FOR_SDG
CFK_SDG05_ADULT_018,SDG_GOAL_05,OUTCOME_FOR_SDG
CFK_SDG05_ADULT_019,SDG_GOAL_05,OUTCOME_FOR_SDG
CFK_SDG05_ADULT_020,SDG_GOAL_05,OUTCOME_FOR_SDG
CFK_SDG05_SEC_001,SDG_GOAL_05,OUTCOME_FOR_SDG
CFK_SDG05_SEC_002,SDG_GOAL_05,OUTCOME_FOR_SDG
CFK_SDG05_SEC_003,SDG_GOAL_05,OUTCOME_FOR_SDG
CFK_SDG05_SEC_004,SDG_GOAL_05,OUTCOME_FOR_SDG
CFK_SDG05_SEC_005,SDG_GOAL_05,OUTCOME_FOR_SDG
CFK_SDG05_SEC_006,SDG_GOAL_05,OUTCOME_FOR_SDG
CFK_SDG05_SEC_007,SDG_GOAL_05,OUTCOME_FOR_SDG
CFK_SDG05_SEC_008,SDG_GOAL_05,OUTCOME_FOR_SDG
CFK_SDG05_SEC_009,SDG_GOAL_05,OUTCOME_FOR_SDG
CFK_SDG05_SEC_010,SDG_GOAL_05,OUTCOME_FOR_SDG
CFK_SDG05_SEC_011,SDG_GOAL_05,OUTCOME_FOR_SDG
CFK_SDG05_SEC_012,SDG_GOAL_05,OUTCOME_FOR_SDG
CFK_SDG05_SEC_013,SDG_GOAL_05,OUTCOME_FOR_SDG
CFK_SDG05_SEC_014,SDG_GOAL_05,OUTCOME_FOR_SDG
CFK_SDG05_SEC_015,SDG_GOAL_05,OUTCOME_FOR_SDG
CFK_SDG05_SEC_016,SDG_GOAL_05,OUTCOME_FOR_SDG
CFK_SDG05_SEC_017,SDG_GOAL_05,OUTCOME_FOR_SDG
CFK_SDG05_SEC_018,SDG_GOAL_05,OUTCOME_FOR_SDG
CFK_SDG05_SEC_019,SDG_GOAL_05,OUTCOME_FOR_SDG
CFK_SDG05_SEC_020,SDG_GOAL_05,OUTCOME_FOR_SDG
CFK_SDG05_SEC_021,SDG_GOAL_05,OUTCOME_FOR_SDG
CFK_SDG05_SEC_022,SDG_GOAL_05,OUTCOME_FOR_SDG
CFK_SDG05_TER_001,SDG_GOAL_05,OUTCOME_FOR_SDG
CFK_SDG05_TER_002,SDG_GOAL_05,OUTCOME_FOR_SDG
CFK_SDG05_TER_003,SDG_GOAL_05,OUTCOME_FOR_SDG
CFK_SDG05_TER_004,SDG_GOAL_05,OUTCOME_FOR_SDG
CFK_SDG05_TER_005,SDG_GOAL_05,OUTCOME_FOR_SDG
CFK_SDG05_TER_006,SDG_GOAL_05,OUTCOME_FOR_SDG
CFK_SDG05_TER_007,SDG_GOAL_05,OUTCOME_FOR_SDG
CFK_SDG05_TER_008,SDG_GOAL_05,OUTCOME_FOR_SDG
CFK_SDG05_TER_009,SDG_GOAL_05,OUTCOME_FOR_SDG
CFK_SDG05_TER_010,SDG_GOAL_05,OUTCOME_FOR_SDG
CFK_SDG05_TER_011,SDG_GOAL_05,OUTCOME_FOR_SDG
CFK_SDG05_TER_012,SDG_GOAL_05,OUTCOME_FOR_SDG
CFK_SDG05_TER_013,SDG_GOAL_05,OUTCOME_FOR_SDG
CFK_SDG05_TER_014,SDG_GOAL_05,OUTCOME_FOR_SDG
CFK_SDG05_TER_015,SDG_GOAL_05,OUTCOME_FOR_SDG
CFK_SDG05_TER_016,SDG_GOAL_05,OUTCOME_FOR_SDG
CFK_SDG05_TER_017,SDG_GOAL_05,OUTCOME_FOR_SDG
CFK_SDG05_TER_018,SDG_GOAL_05,OUTCOME_FOR_SDG
CFK_SDG05_TER_019,SDG_GOAL_05,OUTCOME_FOR_SDG
CFK_SDG05_TER_020,SDG_GOAL_05,OUTCOME_FOR_SDG
CFK_SDG05_TER_021,SDG_GOAL_05,OUTCOME_FOR_SDG
CFK_SDG05_TER_022,SDG_GOAL_05,OUTCOME_FOR_SDG
CFK_SDG05_TER_023,SDG_GOAL_05,OUTCOME_FOR_SDG
CFK_SDG05_TER_024,SDG_GOAL_05,OUTCOME_FOR_SDG
CFK_SDG05_TER_025,SDG_GOAL_05,OUTCOME_FOR_SDG
CFK_SDG05_TER_026,SDG_GOAL_05,OUTCOME_FOR_SDG
CFK_SDG05_TER_027,SDG_GOAL_05,OUTCOME_FOR_SDG
CFK_SDG05_TER_028,SDG_GOAL_05,OUTCOME_FOR_SDG
CFK_SDG05_TVET_001,SDG_GOAL_05,OUTCOME_FOR_SDG
CFK_SDG05_TVET_002,SDG_GOAL_05,OUTCOME_FOR_SDG
CFK_SDG05_TVET_003,SDG_GOAL_05,OUTCOME_FOR_SDG
CFK_SDG05_TVET_004,SDG_GOAL_05,OUTCOME_FOR_SDG
CFK_SDG05_TVET_005,SDG_GOAL_05,OUTCOME_FOR_SDG
CFK_SDG05_TVET_006,SDG_GOAL_05,OUTCOME_FOR_SDG
CFK_SDG05_TVET_007,SDG_GOAL_05,OUTCOME_FOR_SDG
CFK_SDG05_TVET_008,SDG_GOAL_05,OUTCOME_FOR_SDG
CFK_SDG05_TVET_009,SDG_GOAL_05,OUTCOME_FOR_SDG
CFK_SDG05_TVET_010,SDG_GOAL_05,OUTCOME_FOR_SDG
CFK_SDG05_TVET_011,SDG_GOAL_05,OUTCOME_FOR_SDG
CFK_SDG05_TVET_012,SDG_GOAL_05,OUTCOME_FOR_SDG
CFK_SDG05_TVET_013,SDG_GOAL_05,OUTCOME_FOR_SDG
CFK_SDG05_TVET_014,SDG_GOAL_05,OUTCOME_FOR_SDG
CFK_SDG05_TVET_015,SDG_GOAL_05,OUTCOME_FOR_SDG
CFK_SDG05_TVET_016,SDG_GOAL_05,OUTCOME_FOR_SDG
CFK_SDG05_TVET_017,SDG_GOAL_05,OUTCOME_FOR_SDG
CFK_SDG05_TVET_018,SDG_GOAL_05,OUTCOME_FOR_SDG
CFK_SDG05_TVET_019,SDG_GOAL_05,OUTCOME_FOR_SDG
CFK_SDG06_ADULT_001,SDG_GOAL_06,OUTCOME_FOR_SDG
CFK_SDG06_ADULT_002,SDG_GOAL_06,OUTCOME_FOR_SDG
CFK_SDG06_ADULT_003,SDG_GOAL_06,OUTCOME_FOR_SDG
CFK_SDG06_ADULT_004,SDG_GOAL_06,OUTCOME_FOR_SDG
CFK_SDG06_ADULT_005,SDG_GOAL_06,OUTCOME_FOR_SDG
CFK_SDG06_ADULT_006,SDG_GOAL_06,OUTCOME_FOR_SDG
CFK_SDG06_ADULT_007,SDG_GOAL_06,OUTCOME_FOR_SDG
CFK_SDG06_ADULT_008,SDG_GOAL_06,OUTCOME_FOR_SDG
CFK_SDG06_ADULT_009,SDG_GOAL_06,OUTCOME_FOR_SDG
CFK_SDG06_ADULT_010,SDG_GOAL_06,OUTCOME_FOR_SDG
CFK_SDG06_ADULT_011,SDG_GOAL_06,OUTCOME_FOR_SDG
CFK_SDG06_ADULT_012,SDG_GOAL_06,OUTCOME_FOR_SDG
CFK_SDG06_ADULT_013,SDG_GOAL_06,OUTCOME_FOR_SDG
CFK_SDG06_ADULT_014,SDG_GOAL_06,OUTCOME_FOR_SDG
CFK_SDG06_ADULT_015,SDG_GOAL_06,OUTCOME_FOR_SDG
CFK_SDG06_ADULT_016,SDG_GOAL_06,OUTCOME_FOR_SDG
CFK_SDG06_ADULT_017,SDG_GOAL_06,OUTCOME_FOR_SDG
CFK_SDG06_ADULT_018,SDG_GOAL_06,OUTCOME_FOR_SDG
CFK_SDG06_ADULT_019,SDG_GOAL_06,OUTCOME_FOR_SDG
CFK_SDG06_ADULT_020,SDG_GOAL_06,OUTCOME_FOR_SDG
CFK_SDG06_SEC_001,SDG_GOAL_06,OUTCOME_FOR_SDG
CFK_SDG06_SEC_002,SDG_GOAL_06,OUTCOME_FOR_SDG
CFK_SDG06_SEC_003,SDG_GOAL_06,OUTCOME_FOR_SDG
CFK_SDG06_SEC_004,SDG_GOAL_06,OUTCOME_FOR_SDG
CFK_SDG06_SEC_005,SDG_GOAL_06,OUTCOME_FOR_SDG
CFK_SDG06_SEC_006,SDG_GOAL_06,OUTCOME_FOR_SDG
CFK_SDG06_SEC_007,SDG_GOAL_06,OUTCOME_FOR_SDG
CFK_SDG06_SEC_008,SDG_GOAL_06,OUTCOME_FOR_SDG
CFK_SDG06_SEC_009,SDG_GOAL_06,OUTCOME_FOR_SDG
CFK_SDG06_SEC_010,SDG_GOAL_06,OUTCOME_FOR_SDG
CFK_SDG06_SEC_011,SDG_GOAL_06,OUTCOME_FOR_SDG
CFK_SDG06_SEC_012,SDG_GOAL_06,OUTCOME_FOR_SDG
CFK_SDG06_SEC_013,SDG_GOAL_06,OUTCOME_FOR_SDG
CFK_SDG06_SEC_014,SDG_GOAL_06,OUTCOME_FOR_SDG
CFK_SDG06_SEC_015,SDG_GOAL_06,OUTCOME_FOR_SDG
CFK_SDG06_SEC_016,SDG_GOAL_06,OUTCOME_FOR_SDG
CFK_SDG06_SEC_017,SDG_GOAL_06,OUTCOME_FOR_SDG
CFK_SDG06_SEC_018,SDG_GOAL_06,OUTCOME_FOR_SDG
CFK_SDG06_SEC_019,SDG_GOAL_06,OUTCOME_FOR_SDG
CFK_SDG06_SEC_020,SDG_GOAL_06,OUTCOME_FOR_SDG
CFK_SDG06_SEC_021,SDG_GOAL_06,OUTCOME_FOR_SDG
CFK_SDG06_SEC_022,SDG_GOAL_06,OUTCOME_FOR_SDG
CFK_SDG06_SEC_023,SDG_GOAL_06,OUTCOME_FOR_SDG
CFK_SDG06_SEC_024,SDG_GOAL_06,OUTCOME_FOR_SDG
CFK_SDG06_SEC_025,SDG_GOAL_06,OUTCOME_FOR_SDG
CFK_SDG06_TER_001,SDG_GOAL_06,OUTCOME_FOR_SDG
CFK_SDG06_TER_002,SDG_GOAL_06,OUTCOME_FOR_SDG
CFK_SDG06_TER_003,SDG_GOAL_06,OUTCOME_FOR_SDG
CFK_SDG06_TER_004,SDG_GOAL_06,OUTCOME_FOR_SDG
CFK_SDG06_TER_005,SDG_GOAL_06,OUTCOME_FOR_SDG
CFK_SDG06_TER_006,SDG_GOAL_06,OUTCOME_FOR_SDG
CFK_SDG06_TER_007,SDG_GOAL_06,OUTCOME_FOR_SDG
CFK_SDG06_TER_008,SDG_GOAL_06,OUTCOME_FOR_SDG
CFK_SDG06_TER_009,SDG_GOAL_06,OUTCOME_FOR_SDG
CFK_SDG06_TER_010,SDG_GOAL_06,OUTCOME_FOR_SDG
CFK_SDG06_TER_011,SDG_GOAL_06,OUTCOME_FOR_SDG
CFK_SDG06_TER_012,SDG_GOAL_06,OUTCOME_FOR_SDG
CFK_SDG06_TER_013,SDG_GOAL_06,OUTCOME_FOR_SDG
CFK_SDG06_TER_014,SDG_GOAL_06,OUTCOME_FOR_SDG
CFK_SDG06_TER_015,SDG_GOAL_06,OUTCOME_FOR_SDG
CFK_SDG06_TER_016,SDG_GOAL_06,OUTCOME_FOR_SDG
CFK_SDG06_TER_017,SDG_GOAL_06,OUTCOME_FOR_SDG
CFK_SDG06_TER_018,SDG_GOAL_06,OUTCOME_FOR_SDG
CFK_SDG06_TER_019,SDG_GOAL_06,OUTCOME_FOR_SDG
CFK_SDG06_TER_020,SDG_GOAL_06,OUTCOME_FOR_SDG
CFK_SDG06_TER_021,SDG_GOAL_06,OUTCOME_FOR_SDG
CFK_SDG06_TER_022,SDG_GOAL_06,OUTCOME_FOR_SDG
CFK_SDG06_TVET_001,SDG_GOAL_06,OUTCOME_FOR_SDG
CFK_SDG06_TVET_002,SDG_GOAL_06,OUTCOME_FOR_SDG
CFK_SDG06_TVET_003,SDG_GOAL_06,OUTCOME_FOR_SDG
CFK_SDG06_TVET_004,SDG_GOAL_06,OUTCOME_FOR_SDG
CFK_SDG06_TVET_005,SDG_GOAL_06,OUTCOME_FOR_SDG
CFK_SDG06_TVET_006,SDG_GOAL_06,OUTCOME_FOR_SDG
CFK_SDG06_TVET_007,SDG_GOAL_06,OUTCOME_FOR_SDG
CFK_SDG06_TVET_008,SDG_GOAL_06,OUTCOME_FOR_SDG
CFK_SDG06_TVET_009,SDG_GOAL_06,OUTCOME_FOR_SDG
CFK_SDG06_TVET_010,SDG_GOAL_06,OUTCOME_FOR_SDG
CFK_SDG06_TVET_011,SDG_GOAL_06,OUTCOME_FOR_SDG
CFK_SDG06_TVET_012,SDG_GOAL_06,OUTCOME_FOR_SDG
CFK_SDG06_TVET_013,SDG_GOAL_06,OUTCOME_FOR_SDG
CFK_SDG06_TVET_014,SDG_GOAL_06,OUTCOME_FOR_SDG
CFK_SDG06_TVET_015,SDG_GOAL_06,OUTCOME_FOR_SDG
CFK_SDG06_TVET_016,SDG_GOAL_06,OUTCOME_FOR_SDG
CFK_SDG07_ADULT_001,SDG_GOAL_07,OUTCOME_FOR_SDG
CFK_SDG07_ADULT_002,SDG_GOAL_07,OUTCOME_FOR_SDG
CFK_SDG07_ADULT_003,SDG_GOAL_07,OUTCOME_FOR_SDG
CFK_SDG07_ADULT_004,SDG_GOAL_07,OUTCOME_FOR_SDG
CFK_SDG07_ADULT_005,SDG_GOAL_07,OUTCOME_FOR_SDG
CFK_SDG07_ADULT_006,SDG_GOAL_07,OUTCOME_FOR_SDG
CFK_SDG07_ADULT_007,SDG_GOAL_07,OUTCOME_FOR_SDG
CFK_SDG07_ADULT_008,SDG_GOAL_07,OUTCOME_FOR_SDG
CFK_SDG07_ADULT_009,SDG_GOAL_07,OUTCOME_FOR_SDG
CFK_SDG07_ADULT_010,SDG_GOAL_07,OUTCOME_FOR_SDG
CFK_SDG07_ADULT_011,SDG_GOAL_07,OUTCOME_FOR_SDG
CFK_SDG07_ADULT_012,SDG_GOAL_07,OUTCOME_FOR_SDG
CFK_SDG07_SEC_001,SDG_GOAL_07,OUTCOME_FOR_SDG
CFK_SDG07_SEC_002,SDG_GOAL_07,OUTCOME_FOR_SDG
CFK_SDG07_SEC_003,SDG_GOAL_07,OUTCOME_FOR_SDG
CFK_SDG07_SEC_004,SDG_GOAL_07,OUTCOME_FOR_SDG
CFK_SDG07_SEC_005,SDG_GOAL_07,OUTCOME_FOR_SDG
CFK_SDG07_SEC_006,SDG_GOAL_07,OUTCOME_FOR_SDG
CFK_SDG07_SEC_007,SDG_GOAL_07,OUTCOME_FOR_SDG
CFK_SDG07_SEC_008,SDG_GOAL_07,OUTCOME_FOR_SDG
CFK_SDG07_SEC_009,SDG_GOAL_07,OUTCOME_FOR_SDG
CFK_SDG07_SEC_010,SDG_GOAL_07,OUTCOME_FOR_SDG
CFK_SDG07_TER_001,SDG_GOAL_07,OUTCOME_FOR_SDG
CFK_SDG07_TER_002,SDG_GOAL_07,OUTCOME_FOR_SDG
CFK_SDG07_TER_003,SDG_GOAL_07,OUTCOME_FOR_SDG
CFK_SDG07_TER_004,SDG_GOAL_07,OUTCOME_FOR_SDG
CFK_SDG07_TER_005,SDG_GOAL_07,OUTCOME_FOR_SDG
CFK_SDG07_TER_006,SDG_GOAL_07,OUTCOME_FOR_SDG
CFK_SDG07_TER_007,SDG_GOAL_07,OUTCOME_FOR_SDG
CFK_SDG07_TER_008,SDG_GOAL_07,OUTCOME_FOR_SDG
CFK_SDG07_TER_009,SDG_GOAL_07,OUTCOME_FOR_SDG
CFK_SDG07_TER_010,SDG_GOAL_07,OUTCOME_FOR_SDG
CFK_SDG07_TVET_001,SDG_GOAL_07,OUTCOME_FOR_SDG
CFK_SDG07_TVET_002,SDG_GOAL_07,OUTCOME_FOR_SDG
CFK_SDG07_TVET_003,SDG_GOAL_07,OUTCOME_FOR_SDG
CFK_SDG07_TVET_004,SDG_GOAL_07,OUTCOME_FOR_SDG
CFK_SDG07_TVET_005,SDG_GOAL_07,OUTCOME_FOR_SDG
CFK_SDG07_TVET_006,SDG_GOAL_07,OUTCOME_FOR_SDG
CFK_SDG07_TVET_007,SDG_GOAL_07,OUTCOME_FOR_SDG
CFK_SDG07_TVET_008,SDG_GOAL_07,OUTCOME_FOR_SDG
CFK_SDG07_TVET_009,SDG_GOAL_07,OUTCOME_FOR_SDG
CFK_SDG07_TVET_010,SDG_GOAL_07,OUTCOME_FOR_SDG
CFK_SDG08_ADULT_001,SDG_GOAL_08,OUTCOME_FOR_SDG
CFK_SDG08_ADULT_002,SDG_GOAL_08,OUTCOME_FOR_SDG
CFK_SDG08_ADULT_003,SDG_GOAL_08,OUTCOME_FOR_SDG
CFK_SDG08_ADULT_004,SDG_GOAL_08,OUTCOME_FOR_SDG
CFK_SDG08_ADULT_005,SDG_GOAL_08,OUTCOME_FOR_SDG
CFK_SDG08_ADULT_006,SDG_GOAL_08,OUTCOME_FOR_SDG
CFK_SDG08_ADULT_007,SDG_GOAL_08,OUTCOME_FOR_SDG
CFK_SDG08_ADULT_008,SDG_GOAL_08,OUTCOME_FOR_SDG
CFK_SDG08_ADULT_009,SDG_GOAL_08,OUTCOME_FOR_SDG
CFK_SDG08_ADULT_010,SDG_GOAL_08,OUTCOME_FOR_SDG
CFK_SDG08_ADULT_011,SDG_GOAL_08,OUTCOME_FOR_SDG
CFK_SDG08_ADULT_012,SDG_GOAL_08,OUTCOME_FOR_SDG
CFK_SDG08_ADULT_013,SDG_GOAL_08,OUTCOME_FOR_SDG
CFK_SDG08_ADULT_014,SDG_GOAL_08,OUTCOME_FOR_SDG
CFK_SDG08_ADULT_015,SDG_GOAL_08,OUTCOME_FOR_SDG
CFK_SDG08_ADULT_016,SDG_GOAL_08,OUTCOME_FOR_SDG
CFK_SDG08_ADULT_017,SDG_GOAL_08,OUTCOME_FOR_SDG
CFK_SDG08_ADULT_018,SDG_GOAL_08,OUTCOME_FOR_SDG
CFK_SDG08_ADULT_019,SDG_GOAL_08,OUTCOME_FOR_SDG
CFK_SDG08_ADULT_020,SDG_GOAL_08,OUTCOME_FOR_SDG
CFK_SDG08_ADULT_021,SDG_GOAL_08,OUTCOME_FOR_SDG
CFK_SDG08_SEC_001,SDG_GOAL_08,OUTCOME_FOR_SDG
CFK_SDG08_SEC_002,SDG_GOAL_08,OUTCOME_FOR_SDG
CFK_SDG08_SEC_003,SDG_GOAL_08,OUTCOME_FOR_SDG
CFK_SDG08_SEC_004,SDG_GOAL_08,OUTCOME_FOR_SDG
CFK_SDG08_SEC_005,SDG_GOAL_08,OUTCOME_FOR_SDG
CFK_SDG08_SEC_006,SDG_GOAL_08,OUTCOME_FOR_SDG
CFK_SDG08_SEC_007,SDG_GOAL_08,OUTCOME_FOR_SDG
CFK_SDG08_SEC_008,SDG_GOAL_08,OUTCOME_FOR_SDG
CFK_SDG08_SEC_009,SDG_GOAL_08,OUTCOME_FOR_SDG
CFK_SDG08_SEC_010,SDG_GOAL_08,OUTCOME_FOR_SDG
CFK_SDG08_SEC_011,SDG_GOAL_08,OUTCOME_FOR_SDG
CFK_SDG08_SEC_012,SDG_GOAL_08,OUTCOME_FOR_SDG
CFK_SDG08_SEC_013,SDG_GOAL_08,OUTCOME_FOR_SDG
CFK_SDG08_SEC_014,SDG_GOAL_08,OUTCOME_FOR_SDG
CFK_SDG08_SEC_015,SDG_GOAL_08,OUTCOME_FOR_SDG
CFK_SDG08_SEC_016,SDG_GOAL_08,OUTCOME_FOR_SDG
CFK_SDG08_SEC_017,SDG_GOAL_08,OUTCOME_FOR_SDG
CFK_SDG08_SEC_018,SDG_GOAL_08,OUTCOME_FOR_SDG
CFK_SDG08_SEC_019,SDG_GOAL_08,OUTCOME_FOR_SDG
CFK_SDG08_SEC_020,SDG_GOAL_08,OUTCOME_FOR_SDG
CFK_SDG08_SEC_021,SDG_GOAL_08,OUTCOME_FOR_SDG
CFK_SDG08_SEC_022,SDG_GOAL_08,OUTCOME_FOR_SDG
CFK_SDG08_SEC_023,SDG_GOAL_08,OUTCOME_FOR_SDG
CFK_SDG08_SEC_024,SDG_GOAL_08,OUTCOME_FOR_SDG
CFK_SDG08_SEC_025,SDG_GOAL_08,OUTCOME_FOR_SDG
CFK_SDG08_SEC_026,SDG_GOAL_08,OUTCOME_FOR_SDG
CFK_SDG08_SEC_027,SDG_GOAL_08,OUTCOME_FOR_SDG
CFK_SDG08_SEC_028,SDG_GOAL_08,OUTCOME_FOR_SDG
CFK_SDG08_SEC_029,SDG_GOAL_08,OUTCOME_FOR_SDG
CFK_SDG08_SEC_030,SDG_GOAL_08,OUTCOME_FOR_SDG
CFK_SDG08_TER_001,SDG_GOAL_08,OUTCOME_FOR_SDG
CFK_SDG08_TER_002,SDG_GOAL_08,OUTCOME_FOR_SDG
CFK_SDG08_TER_003,SDG_GOAL_08,OUTCOME_FOR_SDG
CFK_SDG08_TER_004,SDG_GOAL_08,OUTCOME_FOR_SDG
CFK_SDG08_TER_005,SDG_GOAL_08,OUTCOME_FOR_SDG
CFK_SDG08_TER_006,SDG_GOAL_08,OUTCOME_FOR_SDG
CFK_SDG08_TER_007,SDG_GOAL_08,OUTCOME_FOR_SDG
CFK_SDG08_TER_008,SDG_GOAL_08,OUTCOME_FOR_SDG
CFK_SDG08_TER_009,SDG_GOAL_08,OUTCOME_FOR_SDG
CFK_SDG08_TER_010,SDG_GOAL_08,OUTCOME_FOR_SDG
CFK_SDG08_TER_011,SDG_GOAL_08,OUTCOME_FOR_SDG
CFK_SDG08_TER_012,SDG_GOAL_08,OUTCOME_FOR_SDG
CFK_SDG08_TER_013,SDG_GOAL_08,OUTCOME_FOR_SDG
CFK_SDG08_TER_014,SDG_GOAL_08,OUTCOME_FOR_SDG
CFK_SDG08_TER_015,SDG_GOAL_08,OUTCOME_FOR_SDG
CFK_SDG08_TER_016,SDG_GOAL_08,OUTCOME_FOR_SDG
CFK_SDG08_TER_017,SDG_GOAL_08,OUTCOME_FOR_SDG
CFK_SDG08_TER_018,SDG_GOAL_08,OUTCOME_FOR_SDG
CFK_SDG08_TER_019,SDG_GOAL_08,OUTCOME_FOR_SDG
CFK_SDG08_TER_020,SDG_GOAL_08,OUTCOME_FOR_SDG
CFK_SDG08_TER_021,SDG_GOAL_08,OUTCOME_FOR_SDG
CFK_SDG08_TER_022,SDG_GOAL_08,OUTCOME_FOR_SDG
CFK_SDG08_TER_023,SDG_GOAL_08,OUTCOME_FOR_SDG
CFK_SDG08_TER_024,SDG_GOAL_08,OUTCOME_FOR_SDG
CFK_SDG08_TER_025,SDG_GOAL_08,OUTCOME_FOR_SDG
CFK_SDG08_TER_026,SDG_GOAL_08,OUTCOME_FOR_SDG
CFK_SDG08_TER_027,SDG_GOAL_08,OUTCOME_FOR_SDG
CFK_SDG08_TER_028,SDG_GOAL_08,OUTCOME_FOR_SDG
CFK_SDG08_TER_029,SDG_GOAL_08,OUTCOME_FOR_SDG
CFK_SDG08_TER_030,SDG_GOAL_08,OUTCOME_FOR_SDG
CFK_SDG08_TER_031,SDG_GOAL_08,OUTCOME_FOR_SDG
CFK_SDG08_TER_032,SDG_GOAL_08,OUTCOME_FOR_SDG
CFK_SDG08_TER_033,SDG_GOAL_08,OUTCOME_FOR_SDG
CFK_SDG08_TVET_001,SDG_GOAL_08,OUTCOME_FOR_SDG
CFK_SDG08_TVET_002,SDG_GOAL_08,OUTCOME_FOR_SDG
CFK_SDG08_TVET_003,SDG_GOAL_08,OUTCOME_FOR_SDG
CFK_SDG08_TVET_004,SDG_GOAL_08,OUTCOME_FOR_SDG
CFK_SDG08_TVET_005,SDG_GOAL_08,OUTCOME_FOR_SDG
CFK_SDG08_TVET_006,SDG_GOAL_08,OUTCOME_FOR_SDG
CFK_SDG08_TVET_007,SDG_GOAL_08,OUTCOME_FOR_SDG
CFK_SDG08_TVET_008,SDG_GOAL_08,OUTCOME_FOR_SDG
CFK_SDG08_TVET_009,SDG_GOAL_08,OUTCOME_FOR_SDG
CFK_SDG08_TVET_010,SDG_GOAL_08,OUTCOME_FOR_SDG
CFK_SDG08_TVET_011,SDG_GOAL_08,OUTCOME_FOR_SDG
CFK_SDG08_TVET_012,SDG_GOAL_08,OUTCOME_FOR_SDG
CFK_SDG08_TVET_013,SDG_GOAL_08,OUTCOME_FOR_SDG
CFK_SDG08_TVET_014,SDG_GOAL_08,OUTCOME_FOR_SDG
CFK_SDG08_TVET_015,SDG_GOAL_08,OUTCOME_FOR_SDG
CFK_SDG08_TVET_016,SDG_GOAL_08,OUTCOME_FOR_SDG
CFK_SDG08_TVET_017,SDG_GOAL_08,OUTCOME_FOR_SDG
CFK_SDG08_TVET_018,SDG_GOAL_08,OUTCOME_FOR_SDG
CFK_SDG08_TVET_019,SDG_GOAL_08,OUTCOME_FOR_SDG
CFK_SDG08_TVET_020,SDG_GOAL_08,OUTCOME_FOR_SDG
CFK_SDG08_TVET_021,SDG_GOAL_08,OUTCOME_FOR_SDG
CFK_SDG08_TVET_022,SDG_GOAL_08,OUTCOME_FOR_SDG
CFK_SDG08_TVET_023,SDG_GOAL_08,OUTCOME_FOR_SDG
CFK_SDG08_TVET_024,SDG_GOAL_08,OUTCOME_FOR_SDG
CFK_SDG08_TVET_025,SDG_GOAL_08,OUTCOME_FOR_SDG
CFK_SDG08_TVET_026,SDG_GOAL_08,OUTCOME_FOR_SDG
CFK_SDG08_TVET_027,SDG_GOAL_08,OUTCOME_FOR_SDG
CFK_SDG09_ADULT_001,SDG_GOAL_09,OUTCOME_FOR_SDG
CFK_SDG09_ADULT_002,SDG_GOAL_09,OUTCOME_FOR_SDG
CFK_SDG09_ADULT_003,SDG_GOAL_09,OUTCOME_FOR_SDG
CFK_SDG09_ADULT_004,SDG_GOAL_09,OUTCOME_FOR_SDG
CFK_SDG09_ADULT_005,SDG_GOAL_09,OUTCOME_FOR_SDG
CFK_SDG09_ADULT_006,SDG_GOAL_09,OUTCOME_FOR_SDG
CFK_SDG09_ADULT_007,SDG_GOAL_09,OUTCOME_FOR_SDG
CFK_SDG09_ADULT_008,SDG_GOAL_09,OUTCOME_FOR_SDG
CFK_SDG09_ADULT_009,SDG_GOAL_09,OUTCOME_FOR_SDG
CFK_SDG09_ADULT_010,SDG_GOAL_09,OUTCOME_FOR_SDG
CFK_SDG09_ADULT_011,SDG_GOAL_09,OUTCOME_FOR_SDG
CFK_SDG09_ADULT_012,SDG_GOAL_09,OUTCOME_FOR_SDG
CFK_SDG09_SEC_001,SDG_GOAL_09,OUTCOME_FOR_SDG
CFK_SDG09_SEC_002,SDG_GOAL_09,OUTCOME_FOR_SDG
CFK_SDG09_SEC_003,SDG_GOAL_09,OUTCOME_FOR_SDG
CFK_SDG09_SEC_004,SDG_GOAL_09,OUTCOME_FOR_SDG
CFK_SDG09_SEC_005,SDG_GOAL_09,OUTCOME_FOR_SDG
CFK_SDG09_SEC_006,SDG_GOAL_09,OUTCOME_FOR_SDG
CFK_SDG09_SEC_007,SDG_GOAL_09,OUTCOME_FOR_SDG
CFK_SDG09_SEC_008,SDG_GOAL_09,OUTCOME_FOR_SDG
CFK_SDG09_SEC_009,SDG_GOAL_09,OUTCOME_FOR_SDG
CFK_SDG09_SEC_010,SDG_GOAL_09,OUTCOME_FOR_SDG
CFK_SDG09_SEC_011,SDG_GOAL_09,OUTCOME_FOR_SDG
CFK_SDG09_SEC_012,SDG_GOAL_09,OUTCOME_FOR_SDG
CFK_SDG09_SEC_013,SDG_GOAL_09,OUTCOME_FOR_SDG
CFK_SDG09_SEC_014,SDG_GOAL_09,OUTCOME_FOR_SDG
CFK_SDG09_TER_001,SDG_GOAL_09,OUTCOME_FOR_SDG
CFK_SDG09_TER_002,SDG_GOAL_09,OUTCOME_FOR_SDG
CFK_SDG09_TER_003,SDG_GOAL_09,OUTCOME_FOR_SDG
CFK_SDG09_TER_004,SDG_GOAL_09,OUTCOME_FOR_SDG
CFK_SDG09_TER_005,SDG_GOAL_09,OUTCOME_FOR_SDG
CFK_SDG09_TER_006,SDG_GOAL_09,OUTCOME_FOR_SDG
CFK_SDG09_TER_007,SDG_GOAL_09,OUTCOME_FOR_SDG
CFK_SDG09_TER_008,SDG_GOAL_09,OUTCOME_FOR_SDG
CFK_SDG09_TER_009,SDG_GOAL_09,OUTCOME_FOR_SDG
CFK_SDG09_TER_010,SDG_GOAL_09,OUTCOME_FOR_SDG
CFK_SDG09_TER_011,SDG_GOAL_09,OUTCOME_FOR_SDG
CFK_SDG09_TER_012,SDG_GOAL_09,OUTCOME_FOR_SDG
CFK_SDG09_TVET_001,SDG_GOAL_09,OUTCOME_FOR_SDG
CFK_SDG09_TVET_002,SDG_GOAL_09,OUTCOME_FOR_SDG
CFK_SDG09_TVET_003,SDG_GOAL_09,OUTCOME_FOR_SDG
CFK_SDG09_TVET_004,SDG_GOAL_09,OUTCOME_FOR_SDG
CFK_SDG09_TVET_005,SDG_GOAL_09,OUTCOME_FOR_SDG
CFK_SDG09_TVET_006,SDG_GOAL_09,OUTCOME_FOR_SDG
CFK_SDG09_TVET_007,SDG_GOAL_09,OUTCOME_FOR_SDG
CFK_SDG09_TVET_008,SDG_GOAL_09,OUTCOME_FOR_SDG
CFK_SDG09_TVET_009,SDG_GOAL_09,OUTCOME_FOR_SDG
CFK_SDG09_TVET_010,SDG_GOAL_09,OUTCOME_FOR_SDG
CFK_SDG09_TVET_011,SDG_GOAL_09,OUTCOME_FOR_SDG
CFK_SDG09_TVET_012,SDG_GOAL_09,OUTCOME_FOR_SDG
CFK_SDG10_ADULT_001,SDG_GOAL_10,OUTCOME_FOR_SDG
CFK_SDG10_ADULT_002,SDG_GOAL_10,OUTCOME_FOR_SDG
CFK_SDG10_ADULT_003,SDG_GOAL_10,OUTCOME_FOR_SDG
CFK_SDG10_ADULT_004,SDG_GOAL_10,OUTCOME_FOR_SDG
CFK_SDG10_SEC_001,SDG_GOAL_10,OUTCOME_FOR_SDG
CFK_SDG10_SEC_002,SDG_GOAL_10,OUTCOME_FOR_SDG
CFK_SDG10_SEC_003,SDG_GOAL_10,OUTCOME_FOR_SDG
CFK_SDG10_SEC_004,SDG_GOAL_10,OUTCOME_FOR_SDG
CFK_SDG10_SEC_005,SDG_GOAL_10,OUTCOME_FOR_SDG
CFK_SDG10_SEC_006,SDG_GOAL_10,OUTCOME_FOR_SDG
CFK_SDG10_SEC_007,SDG_GOAL_10,OUTCOME_FOR_SDG
CFK_SDG10_SEC_008,SDG_GOAL_10,OUTCOME_FOR_SDG
CFK_SDG10_SEC_009,SDG_GOAL_10,OUTCOME_FOR_SDG
CFK_SDG10_SEC_010,SDG_GOAL_10,OUTCOME_FOR_SDG
CFK_SDG10_SEC_011,SDG_GOAL_10,OUTCOME_FOR_SDG
CFK_SDG10_TER_001,SDG_GOAL_10,OUTCOME_FOR_SDG
CFK_SDG10_TER_002,SDG_GOAL_10,OUTCOME_FOR_SDG
CFK_SDG10_TER_003,SDG_GOAL_10,OUTCOME_FOR_SDG
CFK_SDG10_TER_004,SDG_GOAL_10,OUTCOME_FOR_SDG
CFK_SDG10_TER_005,SDG_GOAL_10,OUTCOME_FOR_SDG
CFK_SDG10_TER_006,SDG_GOAL_10,OUTCOME_FOR_SDG
CFK_SDG10_TVET_001,SDG_GOAL_10,OUTCOME_FOR_SDG
CFK_SDG10_TVET_002,SDG_GOAL_10,OUTCOME_FOR_SDG
CFK_SDG10_TVET_003,SDG_GOAL_10,OUTCOME_FOR_SDG
CFK_SDG10_TVET_004,SDG_GOAL_10,OUTCOME_FOR_SDG
CFK_SDG10_TVET_005,SDG_GOAL_10,OUTCOME_FOR_SDG
CFK_SDG10_TVET_006,SDG_GOAL_10,OUTCOME_FOR_SDG
CFK_SDG10_TVET_007,SDG_GOAL_10,OUTCOME_FOR_SDG
CFK_SDG11_ADULT_001,SDG_GOAL_11,OUTCOME_FOR_SDG
CFK_SDG11_ADULT_002,SDG_GOAL_11,OUTCOME_FOR_SDG
CFK_SDG11_ADULT_003,SDG_GOAL_11,OUTCOME_FOR_SDG
CFK_SDG11_ADULT_004,SDG_GOAL_11,OUTCOME_FOR_SDG
CFK_SDG11_ADULT_005,SDG_GOAL_11,OUTCOME_FOR_SDG
CFK_SDG11_ADULT_006,SDG_GOAL_11,OUTCOME_FOR_SDG
CFK_SDG11_ADULT_007,SDG_GOAL_11,OUTCOME_FOR_SDG
CFK_SDG11_ADULT_008,SDG_GOAL_11,OUTCOME_FOR_SDG
CFK_SDG11_ADULT_009,SDG_GOAL_11,OUTCOME_FOR_SDG
CFK_SDG11_ADULT_010,SDG_GOAL_11,OUTCOME_FOR_SDG
CFK_SDG11_ADULT_011,SDG_GOAL_11,OUTCOME_FOR_SDG
CFK_SDG11_ADULT_012,SDG_GOAL_11,OUTCOME_FOR_SDG
CFK_SDG11_ADULT_013,SDG_GOAL_11,OUTCOME_FOR_SDG
CFK_SDG11_ADULT_014,SDG_GOAL_11,OUTCOME_FOR_SDG
CFK_SDG11_ADULT_015,SDG_GOAL_11,OUTCOME_FOR_SDG
CFK_SDG11_ADULT_016,SDG_GOAL_11,OUTCOME_FOR_SDG
CFK_SDG11_ADULT_017,SDG_GOAL_11,OUTCOME_FOR_SDG
CFK_SDG11_ADULT_018,SDG_GOAL_11,OUTCOME_FOR_SDG
CFK_SDG11_ADULT_019,SDG_GOAL_11,OUTCOME_FOR_SDG
CFK_SDG11_ADULT_020,SDG_GOAL_11,OUTCOME_FOR_SDG
CFK_SDG11_ADULT_021,SDG_GOAL_11,OUTCOME_FOR_SDG
CFK_SDG11_ADULT_022,SDG_GOAL_11,OUTCOME_FOR_SDG
CFK_SDG11_ADULT_023,SDG_GOAL_11,OUTCOME_FOR_SDG
CFK_SDG11_SEC_001,SDG_GOAL_11,OUTCOME_FOR_SDG
CFK_SDG11_SEC_002,SDG_GOAL_11,OUTCOME_FOR_SDG
CFK_SDG11_SEC_003,SDG_GOAL_11,OUTCOME_FOR_SDG
CFK_SDG11_SEC_004,SDG_GOAL_11,OUTCOME_FOR_SDG
CFK_SDG11_SEC_005,SDG_GOAL_11,OUTCOME_FOR_SDG
CFK_SDG11_SEC_006,SDG_GOAL_11,OUTCOME_FOR_SDG
CFK_SDG11_SEC_007,SDG_GOAL_11,OUTCOME_FOR_SDG
CFK_SDG11_SEC_008,SDG_GOAL_11,OUTCOME_FOR_SDG
CFK_SDG11_SEC_009,SDG_GOAL_11,OUTCOME_FOR_SDG
CFK_SDG11_SEC_010,SDG_GOAL_11,OUTCOME_FOR_SDG
CFK_SDG11_SEC_011,SDG_GOAL_11,OUTCOME_FOR_SDG
CFK_SDG11_SEC_012,SDG_GOAL_11,OUTCOME_FOR_SDG
CFK_SDG11_SEC_013,SDG_GOAL_11,OUTCOME_FOR_SDG
CFK_SDG11_SEC_014,SDG_GOAL_11,OUTCOME_FOR_SDG
CFK_SDG11_SEC_015,SDG_GOAL_11,OUTCOME_FOR_SDG
CFK_SDG11_SEC_016,SDG_GOAL_11,OUTCOME_FOR_SDG
CFK_SDG11_SEC_017,SDG_GOAL_11,OUTCOME_FOR_SDG
CFK_SDG11_SEC_018,SDG_GOAL_11,OUTCOME_FOR_SDG
CFK_SDG11_SEC_019,SDG_GOAL_11,OUTCOME_FOR_SDG
CFK_SDG11_SEC_020,SDG_GOAL_11,OUTCOME_FOR_SDG
CFK_SDG11_SEC_021,SDG_GOAL_11,OUTCOME_FOR_SDG
CFK_SDG11_SEC_022,SDG_GOAL_11,OUTCOME_FOR_SDG
CFK_SDG11_SEC_023,SDG_GOAL_11,OUTCOME_FOR_SDG
CFK_SDG11_SEC_024,SDG_GOAL_11,OUTCOME_FOR_SDG
CFK_SDG11_SEC_025,SDG_GOAL_11,OUTCOME_FOR_SDG
CFK_SDG11_SEC_026,SDG_GOAL_11,OUTCOME_FOR_SDG
CFK_SDG11_SEC_027,SDG_GOAL_11,OUTCOME_FOR_SDG
CFK_SDG11_SEC_028,SDG_GOAL_11,OUTCOME_FOR_SDG
CFK_SDG11_SEC_029,SDG_GOAL_11,OUTCOME_FOR_SDG
CFK_SDG11_SEC_030,SDG_GOAL_11,OUTCOME_FOR_SDG
CFK_SDG11_TER_001,SDG_GOAL_11,OUTCOME_FOR_SDG
CFK_SDG11_TER_002,SDG_GOAL_11,OUTCOME_FOR_SDG
CFK_SDG11_TER_003,SDG_GOAL_11,OUTCOME_FOR_SDG
CFK_SDG11_TER_004,SDG_GOAL_11,OUTCOME_FOR_SDG
CFK_SDG11_TER_005,SDG_GOAL_11,OUTCOME_FOR_SDG
CFK_SDG11_TER_006,SDG_GOAL_11,OUTCOME_FOR_SDG
CFK_SDG11_TER_007,SDG_GOAL_11,OUTCOME_FOR_SDG
CFK_SDG11_TER_008,SDG_GOAL_11,OUTCOME_FOR_SDG
CFK_SDG11_TER_009,SDG_GOAL_11,OUTCOME_FOR_SDG
CFK_SDG11_TER_010,SDG_GOAL_11,OUTCOME_FOR_SDG
CFK_SDG11_TER_011,SDG_GOAL_11,OUTCOME_FOR_SDG
CFK_SDG11_TER_012,SDG_GOAL_11,OUTCOME_FOR_SDG
CFK_SDG11_TER_013,SDG_GOAL_11,OUTCOME_FOR_SDG
CFK_SDG11_TER_014,SDG_GOAL_11,OUTCOME_FOR_SDG
CFK_SDG11_TER_015,SDG_GOAL_11,OUTCOME_FOR_SDG
CFK_SDG11_TER_016,SDG_GOAL_11,OUTCOME_FOR_SDG
CFK_SDG11_TER_017,SDG_GOAL_11,OUTCOME_FOR_SDG
CFK_SDG11_TER_018,SDG_GOAL_11,OUTCOME_FOR_SDG
CFK_SDG11_TER_019,SDG_GOAL_11,OUTCOME_FOR_SDG
CFK_SDG11_TER_020,SDG_GOAL_11,OUTCOME_FOR_SDG
CFK_SDG11_TER_021,SDG_GOAL_11,OUTCOME_FOR_SDG
CFK_SDG11_TER_022,SDG_GOAL_11,OUTCOME_FOR_SDG
CFK_SDG11_TER_023,SDG_GOAL_11,OUTCOME_FOR_SDG
CFK_SDG11_TER_024,SDG_GOAL_11,OUTCOME_FOR_SDG
CFK_SDG11_TER_025,SDG_GOAL_11,OUTCOME_FOR_SDG
CFK_SDG11_TER_026,SDG_GOAL_11,OUTCOME_FOR_SDG
CFK_SDG11_TER_027,SDG_GOAL_11,OUTCOME_FOR_SDG
CFK_SDG11_TER_028,SDG_GOAL_11,OUTCOME_FOR_SDG
CFK_SDG11_TER_029,SDG_GOAL_11,OUTCOME_FOR_SDG
CFK_SDG11_TER_030,SDG_GOAL_11,OUTCOME_FOR_SDG
CFK_SDG11_TER_031,SDG_GOAL_11,OUTCOME_FOR_SDG
CFK_SDG11_TVET_001,SDG_GOAL_11,OUTCOME_FOR_SDG
CFK_SDG11_TVET_002,SDG_GOAL_11,OUTCOME_FOR_SDG
CFK_SDG11_TVET_003,SDG_GOAL_11,OUTCOME_FOR_SDG
CFK_SDG11_TVET_004,SDG_GOAL_11,OUTCOME_FOR_SDG
CFK_SDG11_TVET_005,SDG_GOAL_11,OUTCOME_FOR_SDG
CFK_SDG11_TVET_006,SDG_GOAL_11,OUTCOME_FOR_SDG
CFK_SDG11_TVET_007,SDG_GOAL_11,OUTCOME_FOR_SDG
CFK_SDG11_TVET_008,SDG_GOAL_11,OUTCOME_FOR_SDG
CFK_SDG11_TVET_009,SDG_GOAL_11,OUTCOME_FOR_SDG
CFK_SDG11_TVET_010,SDG_GOAL_11,OUTCOME_FOR_SDG
CFK_SDG11_TVET_011,SDG_GOAL_11,OUTCOME_FOR_SDG
CFK_SDG11_TVET_012,SDG_GOAL_11,OUTCOME_FOR_SDG
CFK_SDG11_TVET_013,SDG_GOAL_11,OUTCOME_FOR_SDG
CFK_SDG11_TVET_014,SDG_GOAL_11,OUTCOME_FOR_SDG
CFK_SDG11_TVET_015,SDG_GOAL_11,OUTCOME_FOR_SDG
CFK_SDG11_TVET_016,SDG_GOAL_11,OUTCOME_FOR_SDG
CFK_SDG11_TVET_017,SDG_GOAL_11,OUTCOME_FOR_SDG
CFK_SDG11_TVET_018,SDG_GOAL_11,OUTCOME_FOR_SDG
CFK_SDG11_TVET_019,SDG_GOAL_11,OUTCOME_FOR_SDG
CFK_SDG12_ADULT_001,SDG_GOAL_12,OUTCOME_FOR_SDG
CFK_SDG12_ADULT_002,SDG_GOAL_12,OUTCOME_FOR_SDG
CFK_SDG12_ADULT_003,SDG_GOAL_12,OUTCOME_FOR_SDG
CFK_SDG12_ADULT_004,SDG_GOAL_12,OUTCOME_FOR_SDG
CFK_SDG12_ADULT_005,SDG_GOAL_12,OUTCOME_FOR_SDG
CFK_SDG12_ADULT_006,SDG_GOAL_12,OUTCOME_FOR_SDG
CFK_SDG12_SEC_001,SDG_GOAL_12,OUTCOME_FOR_SDG
CFK_SDG12_SEC_002,SDG_GOAL_12,OUTCOME_FOR_SDG
CFK_SDG12_SEC_003,SDG_GOAL_12,OUTCOME_FOR_SDG
CFK_SDG12_SEC_004,SDG_GOAL_12,OUTCOME_FOR_SDG
CFK_SDG12_SEC_005,SDG_GOAL_12,OUTCOME_FOR_SDG
CFK_SDG12_SEC_006,SDG_GOAL_12,OUTCOME_FOR_SDG
CFK_SDG12_SEC_007,SDG_GOAL_12,OUTCOME_FOR_SDG
CFK_SDG12_SEC_008,SDG_GOAL_12,OUTCOME_FOR_SDG
CFK_SDG12_TER_001,SDG_GOAL_12,OUTCOME_FOR_SDG
CFK_SDG12_TER_002,SDG_GOAL_12,OUTCOME_FOR_SDG
CFK_SDG12_TER_003,SDG_GOAL_12,OUTCOME_FOR_SDG
CFK_SDG12_TER_004,SDG_GOAL_12,OUTCOME_FOR_SDG
CFK_SDG12_TER_005,SDG_GOAL_12,OUTCOME_FOR_SDG
CFK_SDG12_TER_006,SDG_GOAL_12,OUTCOME_FOR_SDG
CFK_SDG12_TER_007,SDG_GOAL_12,OUTCOME_FOR_SDG
CFK_SDG12_TER_008,SDG_GOAL_12,OUTCOME_FOR_SDG
CFK_SDG12_TER_009,SDG_GOAL_12,OUTCOME_FOR_SDG
CFK_SDG12_TVET_001,SDG_GOAL_12,OUTCOME_FOR_SDG
CFK_SDG12_TVET_002,SDG_GOAL_12,OUTCOME_FOR_SDG
CFK_SDG12_TVET_003,SDG_GOAL_12,OUTCOME_FOR_SDG
CFK_SDG12_TVET_004,SDG_GOAL_12,OUTCOME_FOR_SDG
CFK_SDG12_TVET_005,SDG_GOAL_12,OUTCOME_FOR_SDG
CFK_SDG12_TVET_006,SDG_GOAL_12,OUTCOME_FOR_SDG
CFK_SDG12_TVET_007,SDG_GOAL_12,OUTCOME_FOR_SDG
CFK_SDG12_TVET_008,SDG_GOAL_12,OUTCOME_FOR_SDG
CFK_SDG12_TVET_009,SDG_GOAL_12,OUTCOME_FOR_SDG
CFK_SDG13_ADULT_001,SDG_GOAL_13,OUTCOME_FOR_SDG
CFK_SDG13_ADULT_002,SDG_GOAL_13,OUTCOME_FOR_SDG
CFK_SDG13_ADULT_003,SDG_GOAL_13,OUTCOME_FOR_SDG
CFK_SDG13_ADULT_004,SDG_GOAL_13,OUTCOME_FOR_SDG
CFK_SDG13_ADULT_005,SDG_GOAL_13,OUTCOME_FOR_SDG
CFK_SDG13_ADULT_006,SDG_GOAL_13,OUTCOME_FOR_SDG
CFK_SDG13_ADULT_007,SDG_GOAL_13,OUTCOME_FOR_SDG
CFK_SDG13_ADULT_008,SDG_GOAL_13,OUTCOME_FOR_SDG
CFK_SDG13_ADULT_009,SDG_GOAL_13,OUTCOME_FOR_SDG
CFK_SDG13_SEC_001,SDG_GOAL_13,OUTCOME_FOR_SDG
CFK_SDG13_SEC_002,SDG_GOAL_13,OUTCOME_FOR_SDG
CFK_SDG13_SEC_003,SDG_GOAL_13,OUTCOME_FOR_SDG
CFK_SDG13_SEC_004,SDG_GOAL_13,OUTCOME_FOR_SDG
CFK_SDG13_SEC_005,SDG_GOAL_13,OUTCOME_FOR_SDG
CFK_SDG13_SEC_006,SDG_GOAL_13,OUTCOME_FOR_SDG
CFK_SDG13_SEC_007,SDG_GOAL_13,OUTCOME_FOR_SDG
CFK_SDG13_SEC_008,SDG_GOAL_13,OUTCOME_FOR_SDG
CFK_SDG13_SEC_009,SDG_GOAL_13,OUTCOME_FOR_SDG
CFK_SDG13_SEC_010,SDG_GOAL_13,OUTCOME_FOR_SDG
CFK_SDG13_SEC_011,SDG_GOAL_13,OUTCOME_FOR_SDG
CFK_SDG13_SEC_012,SDG_GOAL_13,OUTCOME_FOR_SDG
CFK_SDG13_SEC_013,SDG_GOAL_13,OUTCOME_FOR_SDG
CFK_SDG13_SEC_014,SDG_GOAL_13,OUTCOME_FOR_SDG
CFK_SDG13_SEC_015,SDG_GOAL_13,OUTCOME_FOR_SDG
CFK_SDG13_TER_001,SDG_GOAL_13,OUTCOME_FOR_SDG
CFK_SDG13_TER_002,SDG_GOAL_13,OUTCOME_FOR_SDG
CFK_SDG13_TER_003,SDG_GOAL_13,OUTCOME_FOR_SDG
CFK_SDG13_TER_004,SDG_GOAL_13,OUTCOME_FOR_SDG
CFK_SDG13_TER_005,SDG_GOAL_13,OUTCOME_FOR_SDG
CFK_SDG13_TER_006,SDG_GOAL_13,OUTCOME_FOR_SDG
CFK_SDG13_TER_007,SDG_GOAL_13,OUTCOME_FOR_SDG
CFK_SDG13_TER_008,SDG_GOAL_13,OUTCOME_FOR_SDG
CFK_SDG13_TER_009,SDG_GOAL_13,OUTCOME_FOR_SDG
CFK_SDG13_TER_010,SDG_GOAL_13,OUTCOME_FOR_SDG
CFK_SDG13_TER_011,SDG_GOAL_13,OUTCOME_FOR_SDG
CFK_SDG13_TER_012,SDG_GOAL_13,OUTCOME_FOR_SDG
CFK_SDG13_TER_013,SDG_GOAL_13,OUTCOME_FOR_SDG
CFK_SDG13_TER_014,SDG_GOAL_13,OUTCOME_FOR_SDG
CFK_SDG13_TER_015,SDG_GOAL_13,OUTCOME_FOR_SDG
CFK_SDG13_TER_016,SDG_GOAL_13,OUTCOME_FOR_SDG
CFK_SDG13_TVET_001,SDG_GOAL_13,OUTCOME_FOR_SDG
CFK_SDG13_TVET_002,SDG_GOAL_13,OUTCOME_FOR_SDG
CFK_SDG13_TVET_003,SDG_GOAL_13,OUTCOME_FOR_SDG
CFK_SDG13_TVET_004,SDG_GOAL_13,OUTCOME_FOR_SDG
CFK_SDG13_TVET_005,SDG_GOAL_13,OUTCOME_FOR_SDG
CFK_SDG13_TVET_006,SDG_GOAL_13,OUTCOME_FOR_SDG
CFK_SDG13_TVET_007,SDG_GOAL_13,OUTCOME_FOR_SDG
CFK_SDG13_TVET_008,SDG_GOAL_13,OUTCOME_FOR_SDG
CFK_SDG13_TVET_009,SDG_GOAL_13,OUTCOME_FOR_SDG
CFK_SDG13_TVET_010,SDG_GOAL_13,OUTCOME_FOR_SDG
CFK_SDG13_TVET_011,SDG_GOAL_13,OUTCOME_FOR_SDG
CFK_SDG13_TVET_012,SDG_GOAL_13,OUTCOME_FOR_SDG
CFK_SDG13_TVET_013,SDG_GOAL_13,OUTCOME_FOR_SDG
CFK_SDG14_ADULT_001,SDG_GOAL_14,OUTCOME_FOR_SDG
CFK_SDG14_ADULT_002,SDG_GOAL_14,OUTCOME_FOR_SDG
CFK_SDG14_ADULT_003,SDG_GOAL_14,OUTCOME_FOR_SDG
CFK_SDG14_ADULT_004,SDG_GOAL_14,OUTCOME_FOR_SDG
CFK_SDG14_ADULT_005,SDG_GOAL_14,OUTCOME_FOR_SDG
CFK_SDG14_ADULT_006,SDG_GOAL_14,OUTCOME_FOR_SDG
CFK_SDG14_ADULT_007,SDG_GOAL_14,OUTCOME_FOR_SDG
CFK_SDG14_ADULT_008,SDG_GOAL_14,OUTCOME_FOR_SDG
CFK_SDG14_ADULT_009,SDG_GOAL_14,OUTCOME_FOR_SDG
CFK_SDG14_ADULT_010,SDG_GOAL_14,OUTCOME_FOR_SDG
CFK_SDG14_ADULT_011,SDG_GOAL_14,OUTCOME_FOR_SDG
CFK_SDG14_ADULT_012,SDG_GOAL_14,OUTCOME_FOR_SDG
CFK_SDG14_ADULT_013,SDG_GOAL_14,OUTCOME_FOR_SDG
CFK_SDG14_ADULT_014,SDG_GOAL_14,OUTCOME_FOR_SDG
CFK_SDG14_ADULT_015,SDG_GOAL_14,OUTCOME_FOR_SDG
CFK_SDG14_SEC_001,SDG_GOAL_14,OUTCOME_FOR_SDG
CFK_SDG14_SEC_002,SDG_GOAL_14,OUTCOME_FOR_SDG
CFK_SDG14_SEC_003,SDG_GOAL_14,OUTCOME_FOR_SDG
CFK_SDG14_SEC_004,SDG_GOAL_14,OUTCOME_FOR_SDG
CFK_SDG14_SEC_005,SDG_GOAL_14,OUTCOME_FOR_SDG
CFK_SDG14_SEC_006,SDG_GOAL_14,OUTCOME_FOR_SDG
CFK_SDG14_SEC_007,SDG_GOAL_14,OUTCOME_FOR_SDG
CFK_SDG14_SEC_008,SDG_GOAL_14,OUTCOME_FOR_SDG
CFK_SDG14_SEC_009,SDG_GOAL_14,OUTCOME_FOR_SDG
CFK_SDG14_SEC_010,SDG_GOAL_14,OUTCOME_FOR_SDG
CFK_SDG14_SEC_011,SDG_GOAL_14,OUTCOME_FOR_SDG
CFK_SDG14_TER_001,SDG_GOAL_14,OUTCOME_FOR_SDG
CFK_SDG14_TER_002,SDG_GOAL_14,OUTCOME_FOR_SDG
CFK_SDG14_TER_003,SDG_GOAL_14,OUTCOME_FOR_SDG
CFK_SDG14_TER_004,SDG_GOAL_14,OUTCOME_FOR_SDG
CFK_SDG14_TER_005,SDG_GOAL_14,OUTCOME_FOR_SDG
CFK_SDG14_TER_006,SDG_GOAL_14,OUTCOME_FOR_SDG
CFK_SDG14_TER_007,SDG_GOAL_14,OUTCOME_FOR_SDG
CFK_SDG14_TER_008,SDG_GOAL_14,OUTCOME_FOR_SDG
CFK_SDG14_TER_009,SDG_GOAL_14,OUTCOME_FOR_SDG
CFK_SDG14_TER_010,SDG_GOAL_14,OUTCOME_FOR_SDG
CFK_SDG14_TER_011,SDG_GOAL_14,OUTCOME_FOR_SDG
CFK_SDG14_TER_012,SDG_GOAL_14,OUTCOME_FOR_SDG
CFK_SDG14_TER_013,SDG_GOAL_14,OUTCOME_FOR_SDG
CFK_SDG14_TER_014,SDG_GOAL_14,OUTCOME_FOR_SDG
CFK_SDG14_TER_015,SDG_GOAL_14,OUTCOME_FOR_SDG
CFK_SDG14_TER_016,SDG_GOAL_14,OUTCOME_FOR_SDG
CFK_SDG14_TER_017,SDG_GOAL_14,OUTCOME_FOR_SDG
CFK_SDG14_TVET_001,SDG_GOAL_14,OUTCOME_FOR_SDG
CFK_SDG14_TVET_002,SDG_GOAL_14,OUTCOME_FOR_SDG
CFK_SDG14_TVET_003,SDG_GOAL_14,OUTCOME_FOR_SDG
CFK_SDG14_TVET_004,SDG_GOAL_14,OUTCOME_FOR_SDG
CFK_SDG14_TVET_005,SDG_GOAL_14,OUTCOME_FOR_SDG
CFK_SDG14_TVET_006,SDG_GOAL_14,OUTCOME_FOR_SDG
CFK_SDG14_TVET_007,SDG_GOAL_14,OUTCOME_FOR_SDG
CFK_SDG14_TVET_008,SDG_GOAL_14,OUTCOME_FOR_SDG
CFK_SDG14_TVET_009,SDG_GOAL_14,OUTCOME_FOR_SDG
CFK_SDG14_TVET_010,SDG_GOAL_14,OUTCOME_FOR_SDG
CFK_SDG14_TVET_011,SDG_GOAL_14,OUTCOME_FOR_SDG
CFK_SDG14_TVET_012,SDG_GOAL_14,OUTCOME_FOR_SDG
CFK_SDG14_TVET_013,SDG_GOAL_14,OUTCOME_FOR_SDG
CFK_SDG14_TVET_014,SDG_GOAL_14,OUTCOME_FOR_SDG
CFK_SDG14_TVET_015,SDG_GOAL_14,OUTCOME_FOR_SDG
CFK_SDG14_TVET_016,SDG_GOAL_14,OUTCOME_FOR_SDG
CFK_SDG15_ADULT_001,SDG_GOAL_15,OUTCOME_FOR_SDG
CFK_SDG15_ADULT_002,SDG_GOAL_15,OUTCOME_FOR_SDG
CFK_SDG15_ADULT_003,SDG_GOAL_15,OUTCOME_FOR_SDG
CFK_SDG15_ADULT_004,SDG_GOAL_15,OUTCOME_FOR_SDG
CFK_SDG15_ADULT_005,SDG_GOAL_15,OUTCOME_FOR_SDG
CFK_SDG15_ADULT_006,SDG_GOAL_15,OUTCOME_FOR_SDG
CFK_SDG15_ADULT_007,SDG_GOAL_15,OUTCOME_FOR_SDG
CFK_SDG15_ADULT_008,SDG_GOAL_15,OUTCOME_FOR_SDG
CFK_SDG15_ADULT_009,SDG_GOAL_15,OUTCOME_FOR_SDG
CFK_SDG15_ADULT_010,SDG_GOAL_15,OUTCOME_FOR_SDG
CFK_SDG15_ADULT_011,SDG_GOAL_15,OUTCOME_FOR_SDG
CFK_SDG15_ADULT_012,SDG_GOAL_15,OUTCOME_FOR_SDG
CFK_SDG15_ADULT_013,SDG_GOAL_15,OUTCOME_FOR_SDG
CFK_SDG15_ADULT_014,SDG_GOAL_15,OUTCOME_FOR_SDG
CFK_SDG15_ADULT_015,SDG_GOAL_15,OUTCOME_FOR_SDG
CFK_SDG15_ADULT_016,SDG_GOAL_15,OUTCOME_FOR_SDG
CFK_SDG15_ADULT_017,SDG_GOAL_15,OUTCOME_FOR_SDG
CFK_SDG15_ADULT_018,SDG_GOAL_15,OUTCOME_FOR_SDG
CFK_SDG15_ADULT_019,SDG_GOAL_15,OUTCOME_FOR_SDG
CFK_SDG15_ADULT_020,SDG_GOAL_15,OUTCOME_FOR_SDG
CFK_SDG15_ADULT_021,SDG_GOAL_15,OUTCOME_FOR_SDG
CFK_SDG15_ADULT_022,SDG_GOAL_15,OUTCOME_FOR_SDG
CFK_SDG15_ADULT_023,SDG_GOAL_15,OUTCOME_FOR_SDG
CFK_SDG15_ADULT_024,SDG_GOAL_15,OUTCOME_FOR_SDG
CFK_SDG15_SEC_001,SDG_GOAL_15,OUTCOME_FOR_SDG
CFK_SDG15_SEC_002,SDG_GOAL_15,OUTCOME_FOR_SDG
CFK_SDG15_SEC_003,SDG_GOAL_15,OUTCOME_FOR_SDG
CFK_SDG15_SEC_004,SDG_GOAL_15,OUTCOME_FOR_SDG
CFK_SDG15_SEC_005,SDG_GOAL_15,OUTCOME_FOR_SDG
CFK_SDG15_SEC_006,SDG_GOAL_15,OUTCOME_FOR_SDG
CFK_SDG15_SEC_007,SDG_GOAL_15,OUTCOME_FOR_SDG
CFK_SDG15_SEC_008,SDG_GOAL_15,OUTCOME_FOR_SDG
CFK_SDG15_SEC_009,SDG_GOAL_15,OUTCOME_FOR_SDG
CFK_SDG15_SEC_010,SDG_GOAL_15,OUTCOME_FOR_SDG
CFK_SDG15_SEC_011,SDG_GOAL_15,OUTCOME_FOR_SDG
CFK_SDG15_SEC_012,SDG_GOAL_15,OUTCOME_FOR_SDG
CFK_SDG15_SEC_013,SDG_GOAL_15,OUTCOME_FOR_SDG
CFK_SDG15_SEC_014,SDG_GOAL_15,OUTCOME_FOR_SDG
CFK_SDG15_SEC_015,SDG_GOAL_15,OUTCOME_FOR_SDG
CFK_SDG15_SEC_016,SDG_GOAL_15,OUTCOME_FOR_SDG
CFK_SDG15_SEC_017,SDG_GOAL_15,OUTCOME_FOR_SDG
CFK_SDG15_SEC_018,SDG_GOAL_15,OUTCOME_FOR_SDG
CFK_SDG15_SEC_019,SDG_GOAL_15,OUTCOME_FOR_SDG
CFK_SDG15_SEC_020,SDG_GOAL_15,OUTCOME_FOR_SDG
CFK_SDG15_SEC_021,SDG_GOAL_15,OUTCOME_FOR_SDG
CFK_SDG15_SEC_022,SDG_GOAL_15,OUTCOME_FOR_SDG
CFK_SDG15_SEC_023,SDG_GOAL_15,OUTCOME_FOR_SDG
CFK_SDG15_SEC_024,SDG_GOAL_15,OUTCOME_FOR_SDG
CFK_SDG15_SEC_025,SDG_GOAL_15,OUTCOME_FOR_SDG
CFK_SDG15_TER_001,SDG_GOAL_15,OUTCOME_FOR_SDG
CFK_SDG15_TER_002,SDG_GOAL_15,OUTCOME_FOR_SDG
CFK_SDG15_TER_003,SDG_GOAL_15,OUTCOME_FOR_SDG
CFK_SDG15_TER_004,SDG_GOAL_15,OUTCOME_FOR_SDG
CFK_SDG15_TER_005,SDG_GOAL_15,OUTCOME_FOR_SDG
CFK_SDG15_TER_006,SDG_GOAL_15,OUTCOME_FOR_SDG
CFK_SDG15_TER_007,SDG_GOAL_15,OUTCOME_FOR_SDG
CFK_SDG15_TER_008,SDG_GOAL_15,OUTCOME_FOR_SDG
CFK_SDG15_TER_009,SDG_GOAL_15,OUTCOME_FOR_SDG
CFK_SDG15_TER_010,SDG_GOAL_15,OUTCOME_FOR_SDG
CFK_SDG15_TER_011,SDG_GOAL_15,OUTCOME_FOR_SDG
CFK_SDG15_TER_012,SDG_GOAL_15,OUTCOME_FOR_SDG
CFK_SDG15_TER_013,SDG_GOAL_15,OUTCOME_FOR_SDG
CFK_SDG15_TER_014,SDG_GOAL_15,OUTCOME_FOR_SDG
CFK_SDG15_TER_015,SDG_GOAL_15,OUTCOME_FOR_SDG
CFK_SDG15_TER_016,SDG_GOAL_15,OUTCOME_FOR_SDG
CFK_SDG15_TER_017,SDG_GOAL_15,OUTCOME_FOR_SDG
CFK_SDG15_TER_018,SDG_GOAL_15,OUTCOME_FOR_SDG
CFK_SDG15_TER_019,SDG_GOAL_15,OUTCOME_FOR_SDG
CFK_SDG15_TER_020,SDG_GOAL_15,OUTCOME_FOR_SDG
CFK_SDG15_TER_021,SDG_GOAL_15,OUTCOME_FOR_SDG
CFK_SDG15_TER_022,SDG_GOAL_15,OUTCOME_FOR_SDG
CFK_SDG15_TER_023,SDG_GOAL_15,OUTCOME_FOR_SDG
CFK_SDG15_TER_024,SDG_GOAL_15,OUTCOME_FOR_SDG
CFK_SDG15_TVET_001,SDG_GOAL_15,OUTCOME_FOR_SDG
CFK_SDG15_TVET_002,SDG_GOAL_15,OUTCOME_FOR_SDG
CFK_SDG15_TVET_003,SDG_GOAL_15,OUTCOME_FOR_SDG
CFK_SDG15_TVET_004,SDG_GOAL_15,OUTCOME_FOR_SDG
CFK_SDG15_TVET_005,SDG_GOAL_15,OUTCOME_FOR_SDG
CFK_SDG15_TVET_006,SDG_GOAL_15,OUTCOME_FOR_SDG
CFK_SDG15_TVET_007,SDG_GOAL_15,OUTCOME_FOR_SDG
CFK_SDG15_TVET_008,SDG_GOAL_15,OUTCOME_FOR_SDG
CFK_SDG15_TVET_009,SDG_GOAL_15,OUTCOME_FOR_SDG
CFK_SDG15_TVET_010,SDG_GOAL_15,OUTCOME_FOR_SDG
CFK_SDG15_TVET_011,SDG_GOAL_15,OUTCOME_FOR_SDG
CFK_SDG15_TVET_012,SDG_GOAL_15,OUTCOME_FOR_SDG
CFK_SDG15_TVET_013,SDG_GOAL_15,OUTCOME_FOR_SDG
CFK_SDG15_TVET_014,SDG_GOAL_15,OUTCOME_FOR_SDG
CFK_SDG15_TVET_015,SDG_GOAL_15,OUTCOME_FOR_SDG
CFK_SDG15_TVET_016,SDG_GOAL_15,OUTCOME_FOR_SDG
CFK_SDG15_TVET_017,SDG_GOAL_15,OUTCOME_FOR_SDG
CFK_SDG15_TVET_018,SDG_GOAL_15,OUTCOME_FOR_SDG
CFK_SDG15_TVET_019,SDG_GOAL_15,OUTCOME_FOR_SDG
CFK_SDG15_TVET_020,SDG_GOAL_15,OUTCOME_FOR_SDG
CFK_SDG15_TVET_021,SDG_GOAL_15,OUTCOME_FOR_SDG
CFK_SDG15_TVET_022,SDG_GOAL_15,OUTCOME_FOR_SDG
CFK_SDG15_TVET_023,SDG_GOAL_15,OUTCOME_FOR_SDG
CFK_SDG15_TVET_024,SDG_GOAL_15,OUTCOME_FOR_SDG
CFK_SDG16_ADULT_001,SDG_GOAL_16,OUTCOME_FOR_SDG
CFK_SDG16_ADULT_002,SDG_GOAL_16,OUTCOME_FOR_SDG
CFK_SDG16_ADULT_003,SDG_GOAL_16,OUTCOME_FOR_SDG
CFK_SDG16_ADULT_004,SDG_GOAL_16,OUTCOME_FOR_SDG
CFK_SDG16_ADULT_005,SDG_GOAL_16,OUTCOME_FOR_SDG
CFK_SDG16_ADULT_006,SDG_GOAL_16,OUTCOME_FOR_SDG
CFK_SDG16_ADULT_007,SDG_GOAL_16,OUTCOME_FOR_SDG
CFK_SDG16_ADULT_008,SDG_GOAL_16,OUTCOME_FOR_SDG
CFK_SDG16_ADULT_009,SDG_GOAL_16,OUTCOME_FOR_SDG
CFK_SDG16_ADULT_010,SDG_GOAL_16,OUTCOME_FOR_SDG
CFK_SDG16_ADULT_011,SDG_GOAL_16,OUTCOME_FOR_SDG
CFK_SDG16_ADULT_012,SDG_GOAL_16,OUTCOME_FOR_SDG
CFK_SDG16_ADULT_013,SDG_GOAL_16,OUTCOME_FOR_SDG
CFK_SDG16_ADULT_014,SDG_GOAL_16,OUTCOME_FOR_SDG
CFK_SDG16_ADULT_015,SDG_GOAL_16,OUTCOME_FOR_SDG
CFK_SDG16_SEC_001,SDG_GOAL_16,OUTCOME_FOR_SDG
CFK_SDG16_SEC_002,SDG_GOAL_16,OUTCOME_FOR_SDG
CFK_SDG16_SEC_003,SDG_GOAL_16,OUTCOME_FOR_SDG
CFK_SDG16_SEC_004,SDG_GOAL_16,OUTCOME_FOR_SDG
CFK_SDG16_SEC_005,SDG_GOAL_16,OUTCOME_FOR_SDG
CFK_SDG16_SEC_006,SDG_GOAL_16,OUTCOME_FOR_SDG
CFK_SDG16_SEC_007,SDG_GOAL_16,OUTCOME_FOR_SDG
CFK_SDG16_SEC_008,SDG_GOAL_16,OUTCOME_FOR_SDG
CFK_SDG16_SEC_009,SDG_GOAL_16,OUTCOME_FOR_SDG
CFK_SDG16_SEC_010,SDG_GOAL_16,OUTCOME_FOR_SDG
CFK_SDG16_SEC_011,SDG_GOAL_16,OUTCOME_FOR_SDG
CFK_SDG16_SEC_012,SDG_GOAL_16,OUTCOME_FOR_SDG
CFK_SDG16_TER_001,SDG_GOAL_16,OUTCOME_FOR_SDG
CFK_SDG16_TER_002,SDG_GOAL_16,OUTCOME_FOR_SDG
CFK_SDG16_TER_003,SDG_GOAL_16,OUTCOME_FOR_SDG
CFK_SDG16_TER_004,SDG_GOAL_16,OUTCOME_FOR_SDG
CFK_SDG16_TER_005,SDG_GOAL_16,OUTCOME_FOR_SDG
CFK_SDG16_TER_006,SDG_GOAL_16,OUTCOME_FOR_SDG
CFK_SDG16_TER_007,SDG_GOAL_16,OUTCOME_FOR_SDG
CFK_SDG16_TER_008,SDG_GOAL_16,OUTCOME_FOR_SDG
CFK_SDG16_TER_009,SDG_GOAL_16,OUTCOME_FOR_SDG
CFK_SDG16_TER_010,SDG_GOAL_16,OUTCOME_FOR_SDG
CFK_SDG16_TER_011,SDG_GOAL_16,OUTCOME_FOR_SDG
CFK_SDG16_TER_012,SDG_GOAL_16,OUTCOME_FOR_SDG
CFK_SDG16_TER_013,SDG_GOAL_16,OUTCOME_FOR_SDG
CFK_SDG16_TER_014,SDG_GOAL_16,OUTCOME_FOR_SDG
CFK_SDG16_TER_015,SDG_GOAL_16,OUTCOME_FOR_SDG
CFK_SDG16_TVET_001,SDG_GOAL_16,OUTCOME_FOR_SDG
CFK_SDG16_TVET_002,SDG_GOAL_16,OUTCOME_FOR_SDG
CFK_SDG16_TVET_003,SDG_GOAL_16,OUTCOME_FOR_SDG
CFK_SDG16_TVET_004,SDG_GOAL_16,OUTCOME_FOR_SDG
CFK_SDG16_TVET_005,SDG_GOAL_16,OUTCOME_FOR_SDG
CFK_SDG16_TVET_006,SDG_GOAL_16,OUTCOME_FOR_SDG
CFK_SDG16_TVET_007,SDG_GOAL_16,OUTCOME_FOR_SDG
CFK_SDG16_TVET_008,SDG_GOAL_16,OUTCOME_FOR_SDG
CFK_SDG16_TVET_009,SDG_GOAL_16,OUTCOME_FOR_SDG
CFK_SDG16_TVET_010,SDG_GOAL_16,OUTCOME_FOR_SDG
CFK_SDG16_TVET_011,SDG_GOAL_16,OUTCOME_FOR_SDG
CFK_SDG16_TVET_012,SDG_GOAL_16,OUTCOME_FOR_SDG
CFK_SDG16_TVET_013,SDG_GOAL_16,OUTCOME_FOR_SDG
CFK_SDG17_ADULT_001,SDG_GOAL_17,OUTCOME_FOR_SDG
CFK_SDG17_ADULT_002,SDG_GOAL_17,OUTCOME_FOR_SDG
CFK_SDG17_ADULT_003,SDG_GOAL_17,OUTCOME_FOR_SDG
CFK_SDG17_ADULT_004,SDG_GOAL_17,OUTCOME_FOR_SDG
CFK_SDG17_ADULT_005,SDG_GOAL_17,OUTCOME_FOR_SDG
CFK_SDG17_ADULT_006,SDG_GOAL_17,OUTCOME_FOR_SDG
CFK_SDG17_ADULT_007,SDG_GOAL_17,OUTCOME_FOR_SDG
CFK_SDG17_ADULT_008,SDG_GOAL_17,OUTCOME_FOR_SDG
CFK_SDG17_ADULT_009,SDG_GOAL_17,OUTCOME_FOR_SDG
CFK_SDG17_ADULT_010,SDG_GOAL_17,OUTCOME_FOR_SDG
CFK_SDG17_ADULT_011,SDG_GOAL_17,OUTCOME_FOR_SDG
CFK_SDG17_ADULT_012,SDG_GOAL_17,OUTCOME_FOR_SDG
CFK_SDG17_ADULT_013,SDG_GOAL_17,OUTCOME_FOR_SDG
CFK_SDG17_ADULT_014,SDG_GOAL_17,OUTCOME_FOR_SDG
CFK_SDG17_SEC_001,SDG_GOAL_17,OUTCOME_FOR_SDG
CFK_SDG17_SEC_002,SDG_GOAL_17,OUTCOME_FOR_SDG
CFK_SDG17_SEC_003,SDG_GOAL_17,OUTCOME_FOR_SDG
CFK_SDG17_SEC_004,SDG_GOAL_17,OUTCOME_FOR_SDG
CFK_SDG17_SEC_005,SDG_GOAL_17,OUTCOME_FOR_SDG
CFK_SDG17_SEC_006,SDG_GOAL_17,OUTCOME_FOR_SDG
CFK_SDG17_SEC_007,SDG_GOAL_17,OUTCOME_FOR_SDG
CFK_SDG17_SEC_008,SDG_GOAL_17,OUTCOME_FOR_SDG
CFK_SDG17_SEC_009,SDG_GOAL_17,OUTCOME_FOR_SDG
CFK_SDG17_SEC_010,SDG_GOAL_17,OUTCOME_FOR_SDG
CFK_SDG17_SEC_011,SDG_GOAL_17,OUTCOME_FOR_SDG
CFK_SDG17_SEC_012,SDG_GOAL_17,OUTCOME_FOR_SDG
CFK_SDG17_SEC_013,SDG_GOAL_17,OUTCOME_FOR_SDG
CFK_SDG17_SEC_014,SDG_GOAL_17,OUTCOME_FOR_SDG
CFK_SDG17_SEC_015,SDG_GOAL_17,OUTCOME_FOR_SDG
CFK_SDG17_TER_001,SDG_GOAL_17,OUTCOME_FOR_SDG
CFK_SDG17_TER_002,SDG_GOAL_17,OUTCOME_FOR_SDG
CFK_SDG17_TER_003,SDG_GOAL_17,OUTCOME_FOR_SDG
CFK_SDG17_TER_004,SDG_GOAL_17,OUTCOME_FOR_SDG
CFK_SDG17_TER_005,SDG_GOAL_17,OUTCOME_FOR_SDG
CFK_SDG17_TER_006,SDG_GOAL_17,OUTCOME_FOR_SDG
CFK_SDG17_TER_007,SDG_GOAL_17,OUTCOME_FOR_SDG
CFK_SDG17_TER_008,SDG_GOAL_17,OUTCOME_FOR_SDG
CFK_SDG17_TER_009,SDG_GOAL_17,OUTCOME_FOR_SDG
CFK_SDG17_TER_010,SDG_GOAL_17,OUTCOME_FOR_SDG
CFK_SDG17_TER_011,SDG_GOAL_17,OUTCOME_FOR_SDG
CFK_SDG17_TER_012,SDG_GOAL_17,OUTCOME_FOR_SDG
CFK_SDG17_TER_013,SDG_GOAL_17,OUTCOME_FOR_SDG
CFK_SDG17_TER_014,SDG_GOAL_17,OUTCOME_FOR_SDG
CFK_SDG17_TVET_001,SDG_GOAL_17,OUTCOME_FOR_SDG
CFK_SDG17_TVET_002,SDG_GOAL_17,OUTCOME_FOR_SDG
CFK_SDG17_TVET_003,SDG_GOAL_17,OUTCOME_FOR_SDG
CFK_SDG17_TVET_004,SDG_GOAL_17,OUTCOME_FOR_SDG
CFK_SDG17_TVET_005,SDG_GOAL_17,OUTCOME_FOR_SDG
CFK_SDG17_TVET_006,SDG_GOAL_17,OUTCOME_FOR_SDG
CFK_SDG17_TVET_007,SDG_GOAL_17,OUTCOME_FOR_SDG
CFK_SDG17_TVET_008,SDG_GOAL_17,OUTCOME_FOR_SDG
CFK_SDG17_TVET_009,SDG_GOAL_17,OUTCOME_FOR_SDG
CFK_SDG17_TVET_010,SDG_GOAL_17,OUTCOME_FOR_SDG
CFK_SDG17_TVET_011,SDG_GOAL_17,OUTCOME_FOR_SDG
CFK_SDG17_TVET_012,SDG_GOAL_17,OUTCOME_FOR_SDG
CFK_SDG17_TVET_013,SDG_GOAL_17,OUTCOME_FOR_SDG
CFK_SDG17_TVET_014,SDG_GOAL_17,OUTCOME_FOR_SDG
CFK_SDG17_TVET_015,SDG_GOAL_17,OUTCOME_FOR_SDG
CFK_SDG17_TVET_016,SDG_GOAL_17,OUTCOME_FOR_SDG
CFK_SDG17_TVET_017,SDG_GOAL_17,OUTCOME_FOR_SDG
CFK_SDG17_TVET_018,SDG_GOAL_17,OUTCOME_FOR_SDG
CFS_SDG01_ADULT_001,SDG_GOAL_01,OUTCOME_FOR_SDG
CFS_SDG01_ADULT_002,SDG_GOAL_01,OUTCOME_FOR_SDG
CFS_SDG01_ADULT_003,SDG_GOAL_01,OUTCOME_FOR_SDG
CFS_SDG01_ADULT_004,SDG_GOAL_01,OUTCOME_FOR_SDG
CFS_SDG01_ADULT_005,SDG_GOAL_01,OUTCOME_FOR_SDG
CFS_SDG01_ADULT_006,SDG_GOAL_01,OUTCOME_FOR_SDG
CFS_SDG01_ADULT_007,SDG_GOAL_01,OUTCOME_FOR_SDG
CFS_SDG01_ADULT_008,SDG_GOAL_01,OUTCOME_FOR_SDG
CFS_SDG01_ADULT_009,SDG_GOAL_01,OUTCOME_FOR_SDG
CFS_SDG01_ADULT_010,SDG_GOAL_01,OUTCOME_FOR_SDG
CFS_SDG01_ADULT_011,SDG_GOAL_01,OUTCOME_FOR_SDG
CFS_SDG01_ADULT_012,SDG_GOAL_01,OUTCOME_FOR_SDG
CFS_SDG01_ADULT_013,SDG_GOAL_01,OUTCOME_FOR_SDG
CFS_SDG01_ADULT_014,SDG_GOAL_01,OUTCOME_FOR_SDG
CFS_SDG01_SEC_001,SDG_GOAL_01,OUTCOME_FOR_SDG
CFS_SDG01_SEC_002,SDG_GOAL_01,OUTCOME_FOR_SDG
CFS_SDG01_SEC_003,SDG_GOAL_01,OUTCOME_FOR_SDG
CFS_SDG01_SEC_004,SDG_GOAL_01,OUTCOME_FOR_SDG
CFS_SDG01_SEC_005,SDG_GOAL_01,OUTCOME_FOR_SDG
CFS_SDG01_SEC_006,SDG_GOAL_01,OUTCOME_FOR_SDG
CFS_SDG01_SEC_007,SDG_GOAL_01,OUTCOME_FOR_SDG
CFS_SDG01_SEC_008,SDG_GOAL_01,OUTCOME_FOR_SDG
CFS_SDG01_SEC_009,SDG_GOAL_01,OUTCOME_FOR_SDG
CFS_SDG01_SEC_010,SDG_GOAL_01,OUTCOME_FOR_SDG
CFS_SDG01_SEC_011,SDG_GOAL_01,OUTCOME_FOR_SDG
CFS_SDG01_SEC_012,SDG_GOAL_01,OUTCOME_FOR_SDG
CFS_SDG01_SEC_013,SDG_GOAL_01,OUTCOME_FOR_SDG
CFS_SDG01_SEC_014,SDG_GOAL_01,OUTCOME_FOR_SDG
CFS_SDG01_SEC_015,SDG_GOAL_01,OUTCOME_FOR_SDG
CFS_SDG01_SEC_016,SDG_GOAL_01,OUTCOME_FOR_SDG
CFS_SDG01_SEC_017,SDG_GOAL_01,OUTCOME_FOR_SDG
CFS_SDG01_TER_001,SDG_GOAL_01,OUTCOME_FOR_SDG
CFS_SDG01_TER_002,SDG_GOAL_01,OUTCOME_FOR_SDG
CFS_SDG01_TER_003,SDG_GOAL_01,OUTCOME_FOR_SDG
CFS_SDG01_TER_004,SDG_GOAL_01,OUTCOME_FOR_SDG
CFS_SDG01_TER_005,SDG_GOAL_01,OUTCOME_FOR_SDG
CFS_SDG01_TER_006,SDG_GOAL_01,OUTCOME_FOR_SDG
CFS_SDG01_TER_007,SDG_GOAL_01,OUTCOME_FOR_SDG
CFS_SDG01_TER_008,SDG_GOAL_01,OUTCOME_FOR_SDG
CFS_SDG01_TER_009,SDG_GOAL_01,OUTCOME_FOR_SDG
CFS_SDG01_TER_010,SDG_GOAL_01,OUTCOME_FOR_SDG
CFS_SDG01_TER_011,SDG_GOAL_01,OUTCOME_FOR_SDG
CFS_SDG01_TER_012,SDG_GOAL_01,OUTCOME_FOR_SDG
CFS_SDG01_TER_013,SDG_GOAL_01,OUTCOME_FOR_SDG
CFS_SDG01_TER_014,SDG_GOAL_01,OUTCOME_FOR_SDG
CFS_SDG01_TER_015,SDG_GOAL_01,OUTCOME_FOR_SDG
CFS_SDG01_TER_016,SDG_GOAL_01,OUTCOME_FOR_SDG
CFS_SDG01_TVET_001,SDG_GOAL_01,OUTCOME_FOR_SDG
CFS_SDG01_TVET_002,SDG_GOAL_01,OUTCOME_FOR_SDG
CFS_SDG01_TVET_003,SDG_GOAL_01,OUTCOME_FOR_SDG
CFS_SDG01_TVET_004,SDG_GOAL_01,OUTCOME_FOR_SDG
CFS_SDG01_TVET_005,SDG_GOAL_01,OUTCOME_FOR_SDG
CFS_SDG01_TVET_006,SDG_GOAL_01,OUTCOME_FOR_SDG
CFS_SDG01_TVET_007,SDG_GOAL_01,OUTCOME_FOR_SDG
CFS_SDG01_TVET_008,SDG_GOAL_01,OUTCOME_FOR_SDG
CFS_SDG01_TVET_009,SDG_GOAL_01,OUTCOME_FOR_SDG
CFS_SDG01_TVET_010,SDG_GOAL_01,OUTCOME_FOR_SDG
CFS_SDG01_TVET_011,SDG_GOAL_01,OUTCOME_FOR_SDG
CFS_SDG01_TVET_012,SDG_GOAL_01,OUTCOME_FOR_SDG
CFS_SDG01_TVET_013,SDG_GOAL_01,OUTCOME_FOR_SDG
CFS_SDG01_TVET_014,SDG_GOAL_01,OUTCOME_FOR_SDG
CFS_SDG01_TVET_015,SDG_GOAL_01,OUTCOME_FOR_SDG
CFS_SDG01_TVET_016,SDG_GOAL_01,OUTCOME_FOR_SDG
CFS_SDG01_TVET_017,SDG_GOAL_01,OUTCOME_FOR_SDG
CFS_SDG01_TVET_018,SDG_GOAL_01,OUTCOME_FOR_SDG
CFS_SDG02_ADULT_001,SDG_GOAL_02,OUTCOME_FOR_SDG
CFS_SDG02_ADULT_002,SDG_GOAL_02,OUTCOME_FOR_SDG
CFS_SDG02_ADULT_003,SDG_GOAL_02,OUTCOME_FOR_SDG
CFS_SDG02_ADULT_004,SDG_GOAL_02,OUTCOME_FOR_SDG
CFS_SDG02_ADULT_005,SDG_GOAL_02,OUTCOME_FOR_SDG
CFS_SDG02_ADULT_006,SDG_GOAL_02,OUTCOME_FOR_SDG
CFS_SDG02_ADULT_007,SDG_GOAL_02,OUTCOME_FOR_SDG
CFS_SDG02_ADULT_008,SDG_GOAL_02,OUTCOME_FOR_SDG
CFS_SDG02_ADULT_009,SDG_GOAL_02,OUTCOME_FOR_SDG
CFS_SDG02_ADULT_010,SDG_GOAL_02,OUTCOME_FOR_SDG
CFS_SDG02_SEC_001,SDG_GOAL_02,OUTCOME_FOR_SDG
CFS_SDG02_SEC_002,SDG_GOAL_02,OUTCOME_FOR_SDG
CFS_SDG02_SEC_003,SDG_GOAL_02,OUTCOME_FOR_SDG
CFS_SDG02_SEC_004,SDG_GOAL_02,OUTCOME_FOR_SDG
CFS_SDG02_SEC_005,SDG_GOAL_02,OUTCOME_FOR_SDG
CFS_SDG02_SEC_006,SDG_GOAL_02,OUTCOME_FOR_SDG
CFS_SDG02_SEC_007,SDG_GOAL_02,OUTCOME_FOR_SDG
CFS_SDG02_SEC_008,SDG_GOAL_02,OUTCOME_FOR_SDG
CFS_SDG02_SEC_009,SDG_GOAL_02,OUTCOME_FOR_SDG
CFS_SDG02_SEC_010,SDG_GOAL_02,OUTCOME_FOR_SDG
CFS_SDG02_TER_001,SDG_GOAL_02,OUTCOME_FOR_SDG
CFS_SDG02_TER_002,SDG_GOAL_02,OUTCOME_FOR_SDG
CFS_SDG02_TER_003,SDG_GOAL_02,OUTCOME_FOR_SDG
CFS_SDG02_TER_004,SDG_GOAL_02,OUTCOME_FOR_SDG
CFS_SDG02_TER_005,SDG_GOAL_02,OUTCOME_FOR_SDG
CFS_SDG02_TER_006,SDG_GOAL_02,OUTCOME_FOR_SDG
CFS_SDG02_TER_007,SDG_GOAL_02,OUTCOME_FOR_SDG
CFS_SDG02_TER_008,SDG_GOAL_02,OUTCOME_FOR_SDG
CFS_SDG02_TER_009,SDG_GOAL_02,OUTCOME_FOR_SDG
CFS_SDG02_TER_010,SDG_GOAL_02,OUTCOME_FOR_SDG
CFS_SDG02_TER_011,SDG_GOAL_02,OUTCOME_FOR_SDG
CFS_SDG02_TVET_001,SDG_GOAL_02,OUTCOME_FOR_SDG
CFS_SDG02_TVET_002,SDG_GOAL_02,OUTCOME_FOR_SDG
CFS_SDG02_TVET_003,SDG_GOAL_02,OUTCOME_FOR_SDG
CFS_SDG02_TVET_004,SDG_GOAL_02,OUTCOME_FOR_SDG
CFS_SDG02_TVET_005,SDG_GOAL_02,OUTCOME_FOR_SDG
CFS_SDG02_TVET_006,SDG_GOAL_02,OUTCOME_FOR_SDG
CFS_SDG02_TVET_007,SDG_GOAL_02,OUTCOME_FOR_SDG
CFS_SDG02_TVET_008,SDG_GOAL_02,OUTCOME_FOR_SDG
CFS_SDG02_TVET_009,SDG_GOAL_02,OUTCOME_FOR_SDG
CFS_SDG03_ADULT_001,SDG_GOAL_03,OUTCOME_FOR_SDG
CFS_SDG03_ADULT_002,SDG_GOAL_03,OUTCOME_FOR_SDG
CFS_SDG03_ADULT_003,SDG_GOAL_03,OUTCOME_FOR_SDG
CFS_SDG03_ADULT_004,SDG_GOAL_03,OUTCOME_FOR_SDG
CFS_SDG03_ADULT_005,SDG_GOAL_03,OUTCOME_FOR_SDG
CFS_SDG03_ADULT_006,SDG_GOAL_03,OUTCOME_FOR_SDG
CFS_SDG03_ADULT_007,SDG_GOAL_03,OUTCOME_FOR_SDG
CFS_SDG03_ADULT_008,SDG_GOAL_03,OUTCOME_FOR_SDG
CFS_SDG03_ADULT_009,SDG_GOAL_03,OUTCOME_FOR_SDG
CFS_SDG03_ADULT_010,SDG_GOAL_03,OUTCOME_FOR_SDG
CFS_SDG03_ADULT_011,SDG_GOAL_03,OUTCOME_FOR_SDG
CFS_SDG03_SEC_001,SDG_GOAL_03,OUTCOME_FOR_SDG
CFS_SDG03_SEC_002,SDG_GOAL_03,OUTCOME_FOR_SDG
CFS_SDG03_SEC_003,SDG_GOAL_03,OUTCOME_FOR_SDG
CFS_SDG03_SEC_004,SDG_GOAL_03,OUTCOME_FOR_SDG
CFS_SDG03_SEC_005,SDG_GOAL_03,OUTCOME_FOR_SDG
CFS_SDG03_SEC_006,SDG_GOAL_03,OUTCOME_FOR_SDG
CFS_SDG03_SEC_007,SDG_GOAL_03,OUTCOME_FOR_SDG
CFS_SDG03_SEC_008,SDG_GOAL_03,OUTCOME_FOR_SDG
CFS_SDG03_SEC_009,SDG_GOAL_03,OUTCOME_FOR_SDG
CFS_SDG03_SEC_010,SDG_GOAL_03,OUTCOME_FOR_SDG
CFS_SDG03_SEC_011,SDG_GOAL_03,OUTCOME_FOR_SDG
CFS_SDG03_SEC_012,SDG_GOAL_03,OUTCOME_FOR_SDG
CFS_SDG03_TER_001,SDG_GOAL_03,OUTCOME_FOR_SDG
CFS_SDG03_TER_002,SDG_GOAL_03,OUTCOME_FOR_SDG
CFS_SDG03_TER_003,SDG_GOAL_03,OUTCOME_FOR_SDG
CFS_SDG03_TER_004,SDG_GOAL_03,OUTCOME_FOR_SDG
CFS_SDG03_TER_005,SDG_GOAL_03,OUTCOME_FOR_SDG
CFS_SDG03_TER_006,SDG_GOAL_03,OUTCOME_FOR_SDG
CFS_SDG03_TER_007,SDG_GOAL_03,OUTCOME_FOR_SDG
CFS_SDG03_TER_008,SDG_GOAL_03,OUTCOME_FOR_SDG
CFS_SDG03_TER_009,SDG_GOAL_03,OUTCOME_FOR_SDG
CFS_SDG03_TER_010,SDG_GOAL_03,OUTCOME_FOR_SDG
CFS_SDG03_TER_011,SDG_GOAL_03,OUTCOME_FOR_SDG
CFS_SDG03_TER_012,SDG_GOAL_03,OUTCOME_FOR_SDG
CFS_SDG03_TER_013,SDG_GOAL_03,OUTCOME_FOR_SDG
CFS_SDG03_TER_014,SDG_GOAL_03,OUTCOME_FOR_SDG
CFS_SDG03_TER_015,SDG_GOAL_03,OUTCOME_FOR_SDG
CFS_SDG03_TER_016,SDG_GOAL_03,OUTCOME_FOR_SDG
CFS_SDG03_TER_017,SDG_GOAL_03,OUTCOME_FOR_SDG
CFS_SDG03_TER_018,SDG_GOAL_03,OUTCOME_FOR_SDG
CFS_SDG03_TER_019,SDG_GOAL_03,OUTCOME_FOR_SDG
CFS_SDG03_TVET_001,SDG_GOAL_03,OUTCOME_FOR_SDG
CFS_SDG03_TVET_002,SDG_GOAL_03,OUTCOME_FOR_SDG
CFS_SDG03_TVET_003,SDG_GOAL_03,OUTCOME_FOR_SDG
CFS_SDG03_TVET_004,SDG_GOAL_03,OUTCOME_FOR_SDG
CFS_SDG03_TVET_005,SDG_GOAL_03,OUTCOME_FOR_SDG
CFS_SDG03_TVET_006,SDG_GOAL_03,OUTCOME_FOR_SDG
CFS_SDG03_TVET_007,SDG_GOAL_03,OUTCOME_FOR_SDG
CFS_SDG03_TVET_008,SDG_GOAL_03,OUTCOME_FOR_SDG
CFS_SDG03_TVET_009,SDG_GOAL_03,OUTCOME_FOR_SDG
CFS_SDG03_TVET_010,SDG_GOAL_03,OUTCOME_FOR_SDG
CFS_SDG03_TVET_011,SDG_GOAL_03,OUTCOME_FOR_SDG
CFS_SDG03_TVET_012,SDG_GOAL_03,OUTCOME_FOR_SDG
CFS_SDG03_TVET_013,SDG_GOAL_03,OUTCOME_FOR_SDG
CFS_SDG03_TVET_014,SDG_GOAL_03,OUTCOME_FOR_SDG
CFS_SDG03_TVET_015,SDG_GOAL_03,OUTCOME_FOR_SDG
CFS_SDG04_ADULT_001,SDG_GOAL_04,OUTCOME_FOR_SDG
CFS_SDG04_ADULT_002,SDG_GOAL_04,OUTCOME_FOR_SDG
CFS_SDG04_ADULT_003,SDG_GOAL_04,OUTCOME_FOR_SDG
CFS_SDG04_ADULT_004,SDG_GOAL_04,OUTCOME_FOR_SDG
CFS_SDG04_ADULT_005,SDG_GOAL_04,OUTCOME_FOR_SDG
CFS_SDG04_ADULT_006,SDG_GOAL_04,OUTCOME_FOR_SDG
CFS_SDG04_ADULT_007,SDG_GOAL_04,OUTCOME_FOR_SDG
CFS_SDG04_ADULT_008,SDG_GOAL_04,OUTCOME_FOR_SDG
CFS_SDG04_SEC_001,SDG_GOAL_04,OUTCOME_FOR_SDG
CFS_SDG04_SEC_002,SDG_GOAL_04,OUTCOME_FOR_SDG
CFS_SDG04_SEC_003,SDG_GOAL_04,OUTCOME_FOR_SDG
CFS_SDG04_SEC_004,SDG_GOAL_04,OUTCOME_FOR_SDG
CFS_SDG04_SEC_005,SDG_GOAL_04,OUTCOME_FOR_SDG
CFS_SDG04_SEC_006,SDG_GOAL_04,OUTCOME_FOR_SDG
CFS_SDG04_SEC_007,SDG_GOAL_04,OUTCOME_FOR_SDG
CFS_SDG04_SEC_008,SDG_GOAL_04,OUTCOME_FOR_SDG
CFS_SDG04_TER_001,SDG_GOAL_04,OUTCOME_FOR_SDG
CFS_SDG04_TER_002,SDG_GOAL_04,OUTCOME_FOR_SDG
CFS_SDG04_TER_003,SDG_GOAL_04,OUTCOME_FOR_SDG
CFS_SDG04_TER_004,SDG_GOAL_04,OUTCOME_FOR_SDG
CFS_SDG04_TER_005,SDG_GOAL_04,OUTCOME_FOR_SDG
CFS_SDG04_TER_006,SDG_GOAL_04,OUTCOME_FOR_SDG
CFS_SDG04_TER_007,SDG_GOAL_04,OUTCOME_FOR_SDG
CFS_SDG04_TER_008,SDG_GOAL_04,OUTCOME_FOR_SDG
CFS_SDG04_TER_009,SDG_GOAL_04,OUTCOME_FOR_SDG
CFS_SDG04_TER_010,SDG_GOAL_04,OUTCOME_FOR_SDG
CFS_SDG04_TER_011,SDG_GOAL_04,OUTCOME_FOR_SDG
CFS_SDG04_TER_012,SDG_GOAL_04,OUTCOME_FOR_SDG
CFS_SDG04_TVET_001,SDG_GOAL_04,OUTCOME_FOR_SDG
CFS_SDG04_TVET_002,SDG_GOAL_04,OUTCOME_FOR_SDG
CFS_SDG04_TVET_003,SDG_GOAL_04,OUTCOME_FOR_SDG
CFS_SDG04_TVET_004,SDG_GOAL_04,OUTCOME_FOR_SDG
CFS_SDG04_TVET_005,SDG_GOAL_04,OUTCOME_FOR_SDG
CFS_SDG04_TVET_006,SDG_GOAL_04,OUTCOME_FOR_SDG
CFS_SDG04_TVET_007,SDG_GOAL_04,OUTCOME_FOR_SDG
CFS_SDG04_TVET_008,SDG_GOAL_04,OUTCOME_FOR_SDG
CFS_SDG04_TVET_009,SDG_GOAL_04,OUTCOME_FOR_SDG
CFS_SDG04_TVET_010,SDG_GOAL_04,OUTCOME_FOR_SDG
CFS_SDG04_TVET_011,SDG_GOAL_04,OUTCOME_FOR_SDG
CFS_SDG04_TVET_012,SDG_GOAL_04,OUTCOME_FOR_SDG
CFS_SDG04_TVET_013,SDG_GOAL_04,OUTCOME_FOR_SDG
CFS_SDG04_TVET_014,SDG_GOAL_04,OUTCOME_FOR_SDG
CFS_SDG04_TVET_015,SDG_GOAL_04,OUTCOME_FOR_SDG
CFS_SDG04_TVET_016,SDG_GOAL_04,OUTCOME_FOR_SDG
CFS_SDG05_ADULT_001,SDG_GOAL_05,OUTCOME_FOR_SDG
CFS_SDG05_ADULT_002,SDG_GOAL_05,OUTCOME_FOR_SDG
CFS_SDG05_ADULT_003,SDG_GOAL_05,OUTCOME_FOR_SDG
CFS_SDG05_ADULT_004,SDG_GOAL_05,OUTCOME_FOR_SDG
CFS_SDG05_ADULT_005,SDG_GOAL_05,OUTCOME_FOR_SDG
CFS_SDG05_ADULT_006,SDG_GOAL_05,OUTCOME_FOR_SDG
CFS_SDG05_ADULT_007,SDG_GOAL_05,OUTCOME_FOR_SDG
CFS_SDG05_ADULT_008,SDG_GOAL_05,OUTCOME_FOR_SDG
CFS_SDG05_ADULT_009,SDG_GOAL_05,OUTCOME_FOR_SDG
CFS_SDG05_ADULT_010,SDG_GOAL_05,OUTCOME_FOR_SDG
CFS_SDG05_ADULT_011,SDG_GOAL_05,OUTCOME_FOR_SDG
CFS_SDG05_ADULT_012,SDG_GOAL_05,OUTCOME_FOR_SDG
CFS_SDG05_ADULT_013,SDG_GOAL_05,OUTCOME_FOR_SDG
CFS_SDG05_ADULT_014,SDG_GOAL_05,OUTCOME_FOR_SDG
CFS_SDG05_ADULT_015,SDG_GOAL_05,OUTCOME_FOR_SDG
CFS_SDG05_ADULT_016,SDG_GOAL_05,OUTCOME_FOR_SDG
CFS_SDG05_ADULT_017,SDG_GOAL_05,OUTCOME_FOR_SDG
CFS_SDG05_ADULT_018,SDG_GOAL_05,OUTCOME_FOR_SDG
CFS_SDG05_ADULT_019,SDG_GOAL_05,OUTCOME_FOR_SDG
CFS_SDG05_ADULT_020,SDG_GOAL_05,OUTCOME_FOR_SDG
CFS_SDG05_ADULT_021,SDG_GOAL_05,OUTCOME_FOR_SDG
CFS_SDG05_SEC_001,SDG_GOAL_05,OUTCOME_FOR_SDG
CFS_SDG05_SEC_002,SDG_GOAL_05,OUTCOME_FOR_SDG
CFS_SDG05_SEC_003,SDG_GOAL_05,OUTCOME_FOR_SDG
CFS_SDG05_SEC_004,SDG_GOAL_05,OUTCOME_FOR_SDG
CFS_SDG05_SEC_005,SDG_GOAL_05,OUTCOME_FOR_SDG
CFS_SDG05_SEC_006,SDG_GOAL_05,OUTCOME_FOR_SDG
CFS_SDG05_SEC_007,SDG_GOAL_05,OUTCOME_FOR_SDG
CFS_SDG05_SEC_008,SDG_GOAL_05,OUTCOME_FOR_SDG
CFS_SDG05_SEC_009,SDG_GOAL_05,OUTCOME_FOR_SDG
CFS_SDG05_SEC_010,SDG_GOAL_05,OUTCOME_FOR_SDG
CFS_SDG05_SEC_011,SDG_GOAL_05,OUTCOME_FOR_SDG
CFS_SDG05_SEC_012,SDG_GOAL_05,OUTCOME_FOR_SDG
CFS_SDG05_SEC_013,SDG_GOAL_05,OUTCOME_FOR_SDG
CFS_SDG05_SEC_014,SDG_GOAL_05,OUTCOME_FOR_SDG
CFS_SDG05_SEC_015,SDG_GOAL_05,OUTCOME_FOR_SDG
CFS_SDG05_TER_001,SDG_GOAL_05,OUTCOME_FOR_SDG
CFS_SDG05_TER_002,SDG_GOAL_05,OUTCOME_FOR_SDG
CFS_SDG05_TER_003,SDG_GOAL_05,OUTCOME_FOR_SDG
CFS_SDG05_TER_004,SDG_GOAL_05,OUTCOME_FOR_SDG
CFS_SDG05_TER_005,SDG_GOAL_05,OUTCOME_FOR_SDG
CFS_SDG05_TER_006,SDG_GOAL_05,OUTCOME_FOR_SDG
CFS_SDG05_TER_007,SDG_GOAL_05,OUTCOME_FOR_SDG
CFS_SDG05_TER_008,SDG_GOAL_05,OUTCOME_FOR_SDG
CFS_SDG05_TER_009,SDG_GOAL_05,OUTCOME_FOR_SDG
CFS_SDG05_TER_010,SDG_GOAL_05,OUTCOME_FOR_SDG
CFS_SDG05_TER_011,SDG_GOAL_05,OUTCOME_FOR_SDG
CFS_SDG05_TER_012,SDG_GOAL_05,OUTCOME_FOR_SDG
CFS_SDG05_TER_013,SDG_GOAL_05,OUTCOME_FOR_SDG
CFS_SDG05_TER_014,SDG_GOAL_05,OUTCOME_FOR_SDG
CFS_SDG05_TER_015,SDG_GOAL_05,OUTCOME_FOR_SDG
CFS_SDG05_TER_016,SDG_GOAL_05,OUTCOME_FOR_SDG
CFS_SDG05_TER_017,SDG_GOAL_05,OUTCOME_FOR_SDG
CFS_SDG05_TER_018,SDG_GOAL_05,OUTCOME_FOR_SDG
CFS_SDG05_TER_019,SDG_GOAL_05,OUTCOME_FOR_SDG
CFS_SDG05_TER_020,SDG_GOAL_05,OUTCOME_FOR_SDG
CFS_SDG05_TER_021,SDG_GOAL_05,OUTCOME_FOR_SDG
CFS_SDG05_TER_022,SDG_GOAL_05,OUTCOME_FOR_SDG
CFS_SDG05_TER_023,SDG_GOAL_05,OUTCOME_FOR_SDG
CFS_SDG05_TER_024,SDG_GOAL_05,OUTCOME_FOR_SDG
CFS_SDG05_TVET_001,SDG_GOAL_05,OUTCOME_FOR_SDG
CFS_SDG05_TVET_002,SDG_GOAL_05,OUTCOME_FOR_SDG
CFS_SDG05_TVET_003,SDG_GOAL_05,OUTCOME_FOR_SDG
CFS_SDG05_TVET_004,SDG_GOAL_05,OUTCOME_FOR_SDG
CFS_SDG05_TVET_005,SDG_GOAL_05,OUTCOME_FOR_SDG
CFS_SDG05_TVET_006,SDG_GOAL_05,OUTCOME_FOR_SDG
CFS_SDG05_TVET_007,SDG_GOAL_05,OUTCOME_FOR_SDG
CFS_SDG05_TVET_008,SDG_GOAL_05,OUTCOME_FOR_SDG
CFS_SDG05_TVET_009,SDG_GOAL_05,OUTCOME_FOR_SDG
CFS_SDG05_TVET_010,SDG_GOAL_05,OUTCOME_FOR_SDG
CFS_SDG05_TVET_011,SDG_GOAL_05,OUTCOME_FOR_SDG
CFS_SDG06_ADULT_001,SDG_GOAL_06,OUTCOME_FOR_SDG
CFS_SDG06_ADULT_002,SDG_GOAL_06,OUTCOME_FOR_SDG
CFS_SDG06_ADULT_003,SDG_GOAL_06,OUTCOME_FOR_SDG
CFS_SDG06_ADULT_004,SDG_GOAL_06,OUTCOME_FOR_SDG
CFS_SDG06_ADULT_005,SDG_GOAL_06,OUTCOME_FOR_SDG
CFS_SDG06_ADULT_006,SDG_GOAL_06,OUTCOME_FOR_SDG
CFS_SDG06_ADULT_007,SDG_GOAL_06,OUTCOME_FOR_SDG
CFS_SDG06_ADULT_008,SDG_GOAL_06,OUTCOME_FOR_SDG
CFS_SDG06_ADULT_009,SDG_GOAL_06,OUTCOME_FOR_SDG
CFS_SDG06_ADULT_010,SDG_GOAL_06,OUTCOME_FOR_SDG
CFS_SDG06_ADULT_011,SDG_GOAL_06,OUTCOME_FOR_SDG
CFS_SDG06_ADULT_012,SDG_GOAL_06,OUTCOME_FOR_SDG
CFS_SDG06_ADULT_013,SDG_GOAL_06,OUTCOME_FOR_SDG
CFS_SDG06_ADULT_014,SDG_GOAL_06,OUTCOME_FOR_SDG
CFS_SDG06_ADULT_015,SDG_GOAL_06,OUTCOME_FOR_SDG
CFS_SDG06_ADULT_016,SDG_GOAL_06,OUTCOME_FOR_SDG
CFS_SDG06_ADULT_017,SDG_GOAL_06,OUTCOME_FOR_SDG
CFS_SDG06_SEC_001,SDG_GOAL_06,OUTCOME_FOR_SDG
CFS_SDG06_SEC_002,SDG_GOAL_06,OUTCOME_FOR_SDG
CFS_SDG06_SEC_003,SDG_GOAL_06,OUTCOME_FOR_SDG
CFS_SDG06_SEC_004,SDG_GOAL_06,OUTCOME_FOR_SDG
CFS_SDG06_SEC_005,SDG_GOAL_06,OUTCOME_FOR_SDG
CFS_SDG06_SEC_006,SDG_GOAL_06,OUTCOME_FOR_SDG
CFS_SDG06_SEC_007,SDG_GOAL_06,OUTCOME_FOR_SDG
CFS_SDG06_SEC_008,SDG_GOAL_06,OUTCOME_FOR_SDG
CFS_SDG06_SEC_009,SDG_GOAL_06,OUTCOME_FOR_SDG
CFS_SDG06_SEC_010,SDG_GOAL_06,OUTCOME_FOR_SDG
CFS_SDG06_SEC_011,SDG_GOAL_06,OUTCOME_FOR_SDG
CFS_SDG06_SEC_012,SDG_GOAL_06,OUTCOME_FOR_SDG
CFS_SDG06_SEC_013,SDG_GOAL_06,OUTCOME_FOR_SDG
CFS_SDG06_SEC_014,SDG_GOAL_06,OUTCOME_FOR_SDG
CFS_SDG06_SEC_015,SDG_GOAL_06,OUTCOME_FOR_SDG
CFS_SDG06_SEC_016,SDG_GOAL_06,OUTCOME_FOR_SDG
CFS_SDG06_SEC_017,SDG_GOAL_06,OUTCOME_FOR_SDG
CFS_SDG06_SEC_018,SDG_GOAL_06,OUTCOME_FOR_SDG
CFS_SDG06_TER_001,SDG_GOAL_06,OUTCOME_FOR_SDG
CFS_SDG06_TER_002,SDG_GOAL_06,OUTCOME_FOR_SDG
CFS_SDG06_TER_003,SDG_GOAL_06,OUTCOME_FOR_SDG
CFS_SDG06_TER_004,SDG_GOAL_06,OUTCOME_FOR_SDG
CFS_SDG06_TER_005,SDG_GOAL_06,OUTCOME_FOR_SDG
CFS_SDG06_TER_006,SDG_GOAL_06,OUTCOME_FOR_SDG
CFS_SDG06_TER_007,SDG_GOAL_06,OUTCOME_FOR_SDG
CFS_SDG06_TER_008,SDG_GOAL_06,OUTCOME_FOR_SDG
CFS_SDG06_TER_009,SDG_GOAL_06,OUTCOME_FOR_SDG
CFS_SDG06_TER_010,SDG_GOAL_06,OUTCOME_FOR_SDG
CFS_SDG06_TER_011,SDG_GOAL_06,OUTCOME_FOR_SDG
CFS_SDG06_TER_012,SDG_GOAL_06,OUTCOME_FOR_SDG
CFS_SDG06_TER_013,SDG_GOAL_06,OUTCOME_FOR_SDG
CFS_SDG06_TER_014,SDG_GOAL_06,OUTCOME_FOR_SDG
CFS_SDG06_TER_015,SDG_GOAL_06,OUTCOME_FOR_SDG
CFS_SDG06_TER_016,SDG_GOAL_06,OUTCOME_FOR_SDG
CFS_SDG06_TER_017,SDG_GOAL_06,OUTCOME_FOR_SDG
CFS_SDG06_TER_018,SDG_GOAL_06,OUTCOME_FOR_SDG
CFS_SDG06_TER_019,SDG_GOAL_06,OUTCOME_FOR_SDG
CFS_SDG06_TER_020,SDG_GOAL_06,OUTCOME_FOR_SDG
CFS_SDG06_TER_021,SDG_GOAL_06,OUTCOME_FOR_SDG
CFS_SDG06_TER_022,SDG_GOAL_06,OUTCOME_FOR_SDG
CFS_SDG06_TER_023,SDG_GOAL_06,OUTCOME_FOR_SDG
CFS_SDG06_TER_024,SDG_GOAL_06,OUTCOME_FOR_SDG
CFS_SDG06_TER_025,SDG_GOAL_06,OUTCOME_FOR_SDG
CFS_SDG06_TER_026,SDG_GOAL_06,OUTCOME_FOR_SDG
CFS_SDG06_TVET_001,SDG_GOAL_06,OUTCOME_FOR_SDG
CFS_SDG06_TVET_002,SDG_GOAL_06,OUTCOME_FOR_SDG
CFS_SDG06_TVET_003,SDG_GOAL_06,OUTCOME_FOR_SDG
CFS_SDG06_TVET_004,SDG_GOAL_06,OUTCOME_FOR_SDG
CFS_SDG06_TVET_005,SDG_GOAL_06,OUTCOME_FOR_SDG
CFS_SDG06_TVET_006,SDG_GOAL_06,OUTCOME_FOR_SDG
CFS_SDG06_TVET_007,SDG_GOAL_06,OUTCOME_FOR_SDG
CFS_SDG06_TVET_008,SDG_GOAL_06,OUTCOME_FOR_SDG
CFS_SDG06_TVET_009,SDG_GOAL_06,OUTCOME_FOR_SDG
CFS_SDG06_TVET_010,SDG_GOAL_06,OUTCOME_FOR_SDG
CFS_SDG06_TVET_011,SDG_GOAL_06,OUTCOME_FOR_SDG
CFS_SDG06_TVET_012,SDG_GOAL_06,OUTCOME_FOR_SDG
CFS_SDG06_TVET_013,SDG_GOAL_06,OUTCOME_FOR_SDG
CFS_SDG06_TVET_014,SDG_GOAL_06,OUTCOME_FOR_SDG
CFS_SDG06_TVET_015,SDG_GOAL_06,OUTCOME_FOR_SDG
CFS_SDG07_ADULT_001,SDG_GOAL_07,OUTCOME_FOR_SDG
CFS_SDG07_ADULT_002,SDG_GOAL_07,OUTCOME_FOR_SDG
CFS_SDG07_ADULT_003,SDG_GOAL_07,OUTCOME_FOR_SDG
CFS_SDG07_ADULT_004,SDG_GOAL_07,OUTCOME_FOR_SDG
CFS_SDG07_ADULT_005,SDG_GOAL_07,OUTCOME_FOR_SDG
CFS_SDG07_ADULT_006,SDG_GOAL_07,OUTCOME_FOR_SDG
CFS_SDG07_ADULT_007,SDG_GOAL_07,OUTCOME_FOR_SDG
CFS_SDG07_ADULT_008,SDG_GOAL_07,OUTCOME_FOR_SDG
CFS_SDG07_ADULT_009,SDG_GOAL_07,OUTCOME_FOR_SDG
CFS_SDG07_ADULT_010,SDG_GOAL_07,OUTCOME_FOR_SDG
CFS_SDG07_ADULT_011,SDG_GOAL_07,OUTCOME_FOR_SDG
CFS_SDG07_ADULT_012,SDG_GOAL_07,OUTCOME_FOR_SDG
CFS_SDG07_SEC_001,SDG_GOAL_07,OUTCOME_FOR_SDG
CFS_SDG07_SEC_002,SDG_GOAL_07,OUTCOME_FOR_SDG
CFS_SDG07_SEC_003,SDG_GOAL_07,OUTCOME_FOR_SDG
CFS_SDG07_SEC_004,SDG_GOAL_07,OUTCOME_FOR_SDG
CFS_SDG07_SEC_005,SDG_GOAL_07,OUTCOME_FOR_SDG
CFS_SDG07_SEC_006,SDG_GOAL_07,OUTCOME_FOR_SDG
CFS_SDG07_SEC_007,SDG_GOAL_07,OUTCOME_FOR_SDG
CFS_SDG07_SEC_008,SDG_GOAL_07,OUTCOME_FOR_SDG
CFS_SDG07_SEC_009,SDG_GOAL_07,OUTCOME_FOR_SDG
CFS_SDG07_SEC_010,SDG_GOAL_07,OUTCOME_FOR_SDG
CFS_SDG07_SEC_011,SDG_GOAL_07,OUTCOME_FOR_SDG
CFS_SDG07_SEC_012,SDG_GOAL_07,OUTCOME_FOR_SDG
CFS_SDG07_TER_001,SDG_GOAL_07,OUTCOME_FOR_SDG
CFS_SDG07_TER_002,SDG_GOAL_07,OUTCOME_FOR_SDG
CFS_SDG07_TER_003,SDG_GOAL_07,OUTCOME_FOR_SDG
CFS_SDG07_TER_004,SDG_GOAL_07,OUTCOME_FOR_SDG
CFS_SDG07_TER_005,SDG_GOAL_07,OUTCOME_FOR_SDG
CFS_SDG07_TER_006,SDG_GOAL_07,OUTCOME_FOR_SDG
CFS_SDG07_TER_007,SDG_GOAL_07,OUTCOME_FOR_SDG
CFS_SDG07_TER_008,SDG_GOAL_07,OUTCOME_FOR_SDG
CFS_SDG07_TER_009,SDG_GOAL_07,OUTCOME_FOR_SDG
CFS_SDG07_TER_010,SDG_GOAL_07,OUTCOME_FOR_SDG
CFS_SDG07_TER_011,SDG_GOAL_07,OUTCOME_FOR_SDG
CFS_SDG07_TER_012,SDG_GOAL_07,OUTCOME_FOR_SDG
CFS_SDG07_TVET_001,SDG_GOAL_07,OUTCOME_FOR_SDG
CFS_SDG07_TVET_002,SDG_GOAL_07,OUTCOME_FOR_SDG
CFS_SDG07_TVET_003,SDG_GOAL_07,OUTCOME_FOR_SDG
CFS_SDG07_TVET_004,SDG_GOAL_07,OUTCOME_FOR_SDG
CFS_SDG07_TVET_005,SDG_GOAL_07,OUTCOME_FOR_SDG
CFS_SDG07_TVET_006,SDG_GOAL_07,OUTCOME_FOR_SDG
CFS_SDG07_TVET_007,SDG_GOAL_07,OUTCOME_FOR_SDG
CFS_SDG07_TVET_008,SDG_GOAL_07,OUTCOME_FOR_SDG
CFS_SDG07_TVET_009,SDG_GOAL_07,OUTCOME_FOR_SDG
CFS_SDG07_TVET_010,SDG_GOAL_07,OUTCOME_FOR_SDG
CFS_SDG08_ADULT_001,SDG_GOAL_08,OUTCOME_FOR_SDG
CFS_SDG08_ADULT_002,SDG_GOAL_08,OUTCOME_FOR_SDG
CFS_SDG08_ADULT_003,SDG_GOAL_08,OUTCOME_FOR_SDG
CFS_SDG08_ADULT_004,SDG_GOAL_08,OUTCOME_FOR_SDG
CFS_SDG08_ADULT_005,SDG_GOAL_08,OUTCOME_FOR_SDG
CFS_SDG08_ADULT_006,SDG_GOAL_08,OUTCOME_FOR_SDG
CFS_SDG08_ADULT_007,SDG_GOAL_08,OUTCOME_FOR_SDG
CFS_SDG08_ADULT_008,SDG_GOAL_08,OUTCOME_FOR_SDG
CFS_SDG08_ADULT_009,SDG_GOAL_08,OUTCOME_FOR_SDG
CFS_SDG08_ADULT_010,SDG_GOAL_08,OUTCOME_FOR_SDG
CFS_SDG08_ADULT_011,SDG_GOAL_08,OUTCOME_FOR_SDG
CFS_SDG08_ADULT_012,SDG_GOAL_08,OUTCOME_FOR_SDG
CFS_SDG08_ADULT_013,SDG_GOAL_08,OUTCOME_FOR_SDG
CFS_SDG08_ADULT_014,SDG_GOAL_08,OUTCOME_FOR_SDG
CFS_SDG08_ADULT_015,SDG_GOAL_08,OUTCOME_FOR_SDG
CFS_SDG08_ADULT_016,SDG_GOAL_08,OUTCOME_FOR_SDG
CFS_SDG08_ADULT_017,SDG_GOAL_08,OUTCOME_FOR_SDG
CFS_SDG08_ADULT_018,SDG_GOAL_08,OUTCOME_FOR_SDG
CFS_SDG08_ADULT_019,SDG_GOAL_08,OUTCOME_FOR_SDG
CFS_SDG08_ADULT_020,SDG_GOAL_08,OUTCOME_FOR_SDG
CFS_SDG08_ADULT_021,SDG_GOAL_08,OUTCOME_FOR_SDG
CFS_SDG08_ADULT_022,SDG_GOAL_08,OUTCOME_FOR_SDG
CFS_SDG08_ADULT_023,SDG_GOAL_08,OUTCOME_FOR_SDG
CFS_SDG08_ADULT_024,SDG_GOAL_08,OUTCOME_FOR_SDG
CFS_SDG08_SEC_001,SDG_GOAL_08,OUTCOME_FOR_SDG
CFS_SDG08_SEC_002,SDG_GOAL_08,OUTCOME_FOR_SDG
CFS_SDG08_SEC_003,SDG_GOAL_08,OUTCOME_FOR_SDG
CFS_SDG08_SEC_004,SDG_GOAL_08,OUTCOME_FOR_SDG
CFS_SDG08_SEC_005,SDG_GOAL_08,OUTCOME_FOR_SDG
CFS_SDG08_SEC_006,SDG_GOAL_08,OUTCOME_FOR_SDG
CFS_SDG08_SEC_007,SDG_GOAL_08,OUTCOME_FOR_SDG
CFS_SDG08_SEC_008,SDG_GOAL_08,OUTCOME_FOR_SDG
CFS_SDG08_SEC_009,SDG_GOAL_08,OUTCOME_FOR_SDG
CFS_SDG08_SEC_010,SDG_GOAL_08,OUTCOME_FOR_SDG
CFS_SDG08_SEC_011,SDG_GOAL_08,OUTCOME_FOR_SDG
CFS_SDG08_SEC_012,SDG_GOAL_08,OUTCOME_FOR_SDG
CFS_SDG08_SEC_013,SDG_GOAL_08,OUTCOME_FOR_SDG
CFS_SDG08_SEC_014,SDG_GOAL_08,OUTCOME_FOR_SDG
CFS_SDG08_SEC_015,SDG_GOAL_08,OUTCOME_FOR_SDG
CFS_SDG08_SEC_016,SDG_GOAL_08,OUTCOME_FOR_SDG
CFS_SDG08_SEC_017,SDG_GOAL_08,OUTCOME_FOR_SDG
CFS_SDG08_SEC_018,SDG_GOAL_08,OUTCOME_FOR_SDG
CFS_SDG08_SEC_019,SDG_GOAL_08,OUTCOME_FOR_SDG
CFS_SDG08_TER_001,SDG_GOAL_08,OUTCOME_FOR_SDG
CFS_SDG08_TER_002,SDG_GOAL_08,OUTCOME_FOR_SDG
CFS_SDG08_TER_003,SDG_GOAL_08,OUTCOME_FOR_SDG
CFS_SDG08_TER_004,SDG_GOAL_08,OUTCOME_FOR_SDG
CFS_SDG08_TER_005,SDG_GOAL_08,OUTCOME_FOR_SDG
CFS_SDG08_TER_006,SDG_GOAL_08,OUTCOME_FOR_SDG
CFS_SDG08_TER_007,SDG_GOAL_08,OUTCOME_FOR_SDG
CFS_SDG08_TER_008,SDG_GOAL_08,OUTCOME_FOR_SDG
CFS_SDG08_TER_009,SDG_GOAL_08,OUTCOME_FOR_SDG
CFS_SDG08_TER_010,SDG_GOAL_08,OUTCOME_FOR_SDG
CFS_SDG08_TER_011,SDG_GOAL_08,OUTCOME_FOR_SDG
CFS_SDG08_TER_012,SDG_GOAL_08,OUTCOME_FOR_SDG
CFS_SDG08_TER_013,SDG_GOAL_08,OUTCOME_FOR_SDG
CFS_SDG08_TER_014,SDG_GOAL_08,OUTCOME_FOR_SDG
CFS_SDG08_TER_015,SDG_GOAL_08,OUTCOME_FOR_SDG
CFS_SDG08_TER_016,SDG_GOAL_08,OUTCOME_FOR_SDG
CFS_SDG08_TER_017,SDG_GOAL_08,OUTCOME_FOR_SDG
CFS_SDG08_TER_018,SDG_GOAL_08,OUTCOME_FOR_SDG
CFS_SDG08_TER_019,SDG_GOAL_08,OUTCOME_FOR_SDG
CFS_SDG08_TER_020,SDG_GOAL_08,OUTCOME_FOR_SDG
CFS_SDG08_TER_021,SDG_GOAL_08,OUTCOME_FOR_SDG
CFS_SDG08_TER_022,SDG_GOAL_08,OUTCOME_FOR_SDG
CFS_SDG08_TER_023,SDG_GOAL_08,OUTCOME_FOR_SDG
CFS_SDG08_TER_024,SDG_GOAL_08,OUTCOME_FOR_SDG
CFS_SDG08_TER_025,SDG_GOAL_08,OUTCOME_FOR_SDG
CFS_SDG08_TER_026,SDG_GOAL_08,OUTCOME_FOR_SDG
CFS_SDG08_TER_027,SDG_GOAL_08,OUTCOME_FOR_SDG
CFS_SDG08_TER_028,SDG_GOAL_08,OUTCOME_FOR_SDG
CFS_SDG08_TER_029,SDG_GOAL_08,OUTCOME_FOR_SDG
CFS_SDG08_TER_030,SDG_GOAL_08,OUTCOME_FOR_SDG
CFS_SDG08_TER_031,SDG_GOAL_08,OUTCOME_FOR_SDG
CFS_SDG08_TVET_001,SDG_GOAL_08,OUTCOME_FOR_SDG
CFS_SDG08_TVET_002,SDG_GOAL_08,OUTCOME_FOR_SDG
CFS_SDG08_TVET_003,SDG_GOAL_08,OUTCOME_FOR_SDG
CFS_SDG08_TVET_004,SDG_GOAL_08,OUTCOME_FOR_SDG
CFS_SDG08_TVET_005,SDG_GOAL_08,OUTCOME_FOR_SDG
CFS_SDG08_TVET_006,SDG_GOAL_08,OUTCOME_FOR_SDG
CFS_SDG08_TVET_007,SDG_GOAL_08,OUTCOME_FOR_SDG
CFS_SDG08_TVET_008,SDG_GOAL_08,OUTCOME_FOR_SDG
CFS_SDG08_TVET_009,SDG_GOAL_08,OUTCOME_FOR_SDG
CFS_SDG08_TVET_010,SDG_GOAL_08,OUTCOME_FOR_SDG
CFS_SDG08_TVET_011,SDG_GOAL_08,OUTCOME_FOR_SDG
CFS_SDG08_TVET_012,SDG_GOAL_08,OUTCOME_FOR_SDG
CFS_SDG08_TVET_013,SDG_GOAL_08,OUTCOME_FOR_SDG
CFS_SDG08_TVET_014,SDG_GOAL_08,OUTCOME_FOR_SDG
CFS_SDG08_TVET_015,SDG_GOAL_08,OUTCOME_FOR_SDG
CFS_SDG08_TVET_016,SDG_GOAL_08,OUTCOME_FOR_SDG
CFS_SDG08_TVET_017,SDG_GOAL_08,OUTCOME_FOR_SDG
CFS_SDG08_TVET_018,SDG_GOAL_08,OUTCOME_FOR_SDG
CFS_SDG08_TVET_019,SDG_GOAL_08,OUTCOME_FOR_SDG
CFS_SDG08_TVET_020,SDG_GOAL_08,OUTCOME_FOR_SDG
CFS_SDG08_TVET_021,SDG_GOAL_08,OUTCOME_FOR_SDG
CFS_SDG08_TVET_022,SDG_GOAL_08,OUTCOME_FOR_SDG
CFS_SDG08_TVET_023,SDG_GOAL_08,OUTCOME_FOR_SDG
CFS_SDG08_TVET_024,SDG_GOAL_08,OUTCOME_FOR_SDG
CFS_SDG08_TVET_025,SDG_GOAL_08,OUTCOME_FOR_SDG
CFS_SDG08_TVET_026,SDG_GOAL_08,OUTCOME_FOR_SDG
CFS_SDG08_TVET_027,SDG_GOAL_08,OUTCOME_FOR_SDG
CFS_SDG08_TVET_028,SDG_GOAL_08,OUTCOME_FOR_SDG
CFS_SDG08_TVET_029,SDG_GOAL_08,OUTCOME_FOR_SDG
CFS_SDG08_TVET_030,SDG_GOAL_08,OUTCOME_FOR_SDG
CFS_SDG08_TVET_031,SDG_GOAL_08,OUTCOME_FOR_SDG
CFS_SDG08_TVET_032,SDG_GOAL_08,OUTCOME_FOR_SDG
CFS_SDG08_TVET_033,SDG_GOAL_08,OUTCOME_FOR_SDG
CFS_SDG08_TVET_034,SDG_GOAL_08,OUTCOME_FOR_SDG
CFS_SDG08_TVET_035,SDG_GOAL_08,OUTCOME_FOR_SDG
CFS_SDG08_TVET_036,SDG_GOAL_08,OUTCOME_FOR_SDG
CFS_SDG08_TVET_037,SDG_GOAL_08,OUTCOME_FOR_SDG
CFS_SDG08_TVET_038,SDG_GOAL_08,OUTCOME_FOR_SDG
CFS_SDG08_TVET_039,SDG_GOAL_08,OUTCOME_FOR_SDG
CFS_SDG08_TVET_040,SDG_GOAL_08,OUTCOME_FOR_SDG
CFS_SDG08_TVET_041,SDG_GOAL_08,OUTCOME_FOR_SDG
CFS_SDG09_ADULT_001,SDG_GOAL_09,OUTCOME_FOR_SDG
CFS_SDG09_ADULT_002,SDG_GOAL_09,OUTCOME_FOR_SDG
CFS_SDG09_ADULT_003,SDG_GOAL_09,OUTCOME_FOR_SDG
CFS_SDG09_ADULT_004,SDG_GOAL_09,OUTCOME_FOR_SDG
CFS_SDG09_ADULT_005,SDG_GOAL_09,OUTCOME_FOR_SDG
CFS_SDG09_ADULT_006,SDG_GOAL_09,OUTCOME_FOR_SDG
CFS_SDG09_ADULT_007,SDG_GOAL_09,OUTCOME_FOR_SDG
CFS_SDG09_ADULT_008,SDG_GOAL_09,OUTCOME_FOR_SDG
CFS_SDG09_ADULT_009,SDG_GOAL_09,OUTCOME_FOR_SDG
CFS_SDG09_ADULT_010,SDG_GOAL_09,OUTCOME_FOR_SDG
CFS_SDG09_ADULT_011,SDG_GOAL_09,OUTCOME_FOR_SDG
CFS_SDG09_ADULT_012,SDG_GOAL_09,OUTCOME_FOR_SDG
CFS_SDG09_ADULT_013,SDG_GOAL_09,OUTCOME_FOR_SDG
CFS_SDG09_ADULT_014,SDG_GOAL_09,OUTCOME_FOR_SDG
CFS_SDG09_ADULT_015,SDG_GOAL_09,OUTCOME_FOR_SDG
CFS_SDG09_ADULT_016,SDG_GOAL_09,OUTCOME_FOR_SDG
CFS_SDG09_SEC_001,SDG_GOAL_09,OUTCOME_FOR_SDG
CFS_SDG09_SEC_002,SDG_GOAL_09,OUTCOME_FOR_SDG
CFS_SDG09_SEC_003,SDG_GOAL_09,OUTCOME_FOR_SDG
CFS_SDG09_SEC_004,SDG_GOAL_09,OUTCOME_FOR_SDG
CFS_SDG09_SEC_005,SDG_GOAL_09,OUTCOME_FOR_SDG
CFS_SDG09_SEC_006,SDG_GOAL_09,OUTCOME_FOR_SDG
CFS_SDG09_SEC_007,SDG_GOAL_09,OUTCOME_FOR_SDG
CFS_SDG09_SEC_008,SDG_GOAL_09,OUTCOME_FOR_SDG
CFS_SDG09_SEC_009,SDG_GOAL_09,OUTCOME_FOR_SDG
CFS_SDG09_SEC_010,SDG_GOAL_09,OUTCOME_FOR_SDG
CFS_SDG09_SEC_011,SDG_GOAL_09,OUTCOME_FOR_SDG
CFS_SDG09_SEC_012,SDG_GOAL_09,OUTCOME_FOR_SDG
CFS_SDG09_SEC_013,SDG_GOAL_09,OUTCOME_FOR_SDG
CFS_SDG09_SEC_014,SDG_GOAL_09,OUTCOME_FOR_SDG
CFS_SDG09_SEC_015,SDG_GOAL_09,OUTCOME_FOR_SDG
CFS_SDG09_SEC_016,SDG_GOAL_09,OUTCOME_FOR_SDG
CFS_SDG09_SEC_017,SDG_GOAL_09,OUTCOME_FOR_SDG
CFS_SDG09_TER_001,SDG_GOAL_09,OUTCOME_FOR_SDG
CFS_SDG09_TER_002,SDG_GOAL_09,OUTCOME_FOR_SDG
CFS_SDG09_TER_003,SDG_GOAL_09,OUTCOME_FOR_SDG
CFS_SDG09_TER_004,SDG_GOAL_09,OUTCOME_FOR_SDG
CFS_SDG09_TER_005,SDG_GOAL_09,OUTCOME_FOR_SDG
CFS_SDG09_TER_006,SDG_GOAL_09,OUTCOME_FOR_SDG
CFS_SDG09_TER_007,SDG_GOAL_09,OUTCOME_FOR_SDG
CFS_SDG09_TER_008,SDG_GOAL_09,OUTCOME_FOR_SDG
CFS_SDG09_TER_009,SDG_GOAL_09,OUTCOME_FOR_SDG
CFS_SDG09_TER_010,SDG_GOAL_09,OUTCOME_FOR_SDG
CFS_SDG09_TER_011,SDG_GOAL_09,OUTCOME_FOR_SDG
CFS_SDG09_TER_012,SDG_GOAL_09,OUTCOME_FOR_SDG
CFS_SDG09_TER_013,SDG_GOAL_09,OUTCOME_FOR_SDG
CFS_SDG09_TER_014,SDG_GOAL_09,OUTCOME_FOR_SDG
CFS_SDG09_TER_015,SDG_GOAL_09,OUTCOME_FOR_SDG
CFS_SDG09_TVET_001,SDG_GOAL_09,OUTCOME_FOR_SDG
CFS_SDG09_TVET_002,SDG_GOAL_09,OUTCOME_FOR_SDG
CFS_SDG09_TVET_003,SDG_GOAL_09,OUTCOME_FOR_SDG
CFS_SDG09_TVET_004,SDG_GOAL_09,OUTCOME_FOR_SDG
CFS_SDG09_TVET_005,SDG_GOAL_09,OUTCOME_FOR_SDG
CFS_SDG09_TVET_006,SDG_GOAL_09,OUTCOME_FOR_SDG
CFS_SDG09_TVET_007,SDG_GOAL_09,OUTCOME_FOR_SDG
CFS_SDG09_TVET_008,SDG_GOAL_09,OUTCOME_FOR_SDG
CFS_SDG09_TVET_009,SDG_GOAL_09,OUTCOME_FOR_SDG
CFS_SDG09_TVET_010,SDG_GOAL_09,OUTCOME_FOR_SDG
CFS_SDG09_TVET_011,SDG_GOAL_09,OUTCOME_FOR_SDG
CFS_SDG09_TVET_012,SDG_GOAL_09,OUTCOME_FOR_SDG
CFS_SDG09_TVET_013,SDG_GOAL_09,OUTCOME_FOR_SDG
CFS_SDG09_TVET_014,SDG_GOAL_09,OUTCOME_FOR_SDG
CFS_SDG09_TVET_015,SDG_GOAL_09,OUTCOME_FOR_SDG
CFS_SDG10_ADULT_001,SDG_GOAL_10,OUTCOME_FOR_SDG
CFS_SDG10_ADULT_002,SDG_GOAL_10,OUTCOME_FOR_SDG
CFS_SDG10_ADULT_003,SDG_GOAL_10,OUTCOME_FOR_SDG
CFS_SDG10_ADULT_004,SDG_GOAL_10,OUTCOME_FOR_SDG
CFS_SDG10_ADULT_005,SDG_GOAL_10,OUTCOME_FOR_SDG
CFS_SDG10_SEC_001,SDG_GOAL_10,OUTCOME_FOR_SDG
CFS_SDG10_SEC_002,SDG_GOAL_10,OUTCOME_FOR_SDG
CFS_SDG10_SEC_003,SDG_GOAL_10,OUTCOME_FOR_SDG
CFS_SDG10_SEC_004,SDG_GOAL_10,OUTCOME_FOR_SDG
CFS_SDG10_SEC_005,SDG_GOAL_10,OUTCOME_FOR_SDG
CFS_SDG10_SEC_006,SDG_GOAL_10,OUTCOME_FOR_SDG
CFS_SDG10_SEC_007,SDG_GOAL_10,OUTCOME_FOR_SDG
CFS_SDG10_SEC_008,SDG_GOAL_10,OUTCOME_FOR_SDG
CFS_SDG10_SEC_009,SDG_GOAL_10,OUTCOME_FOR_SDG
CFS_SDG10_TER_001,SDG_GOAL_10,OUTCOME_FOR_SDG
CFS_SDG10_TER_002,SDG_GOAL_10,OUTCOME_FOR_SDG
CFS_SDG10_TER_003,SDG_GOAL_10,OUTCOME_FOR_SDG
CFS_SDG10_TER_004,SDG_GOAL_10,OUTCOME_FOR_SDG
CFS_SDG10_TER_005,SDG_GOAL_10,OUTCOME_FOR_SDG
CFS_SDG10_TER_006,SDG_GOAL_10,OUTCOME_FOR_SDG
CFS_SDG10_TVET_001,SDG_GOAL_10,OUTCOME_FOR_SDG
CFS_SDG10_TVET_002,SDG_GOAL_10,OUTCOME_FOR_SDG
CFS_SDG10_TVET_003,SDG_GOAL_10,OUTCOME_FOR_SDG
CFS_SDG10_TVET_004,SDG_GOAL_10,OUTCOME_FOR_SDG
CFS_SDG10_TVET_005,SDG_GOAL_10,OUTCOME_FOR_SDG
CFS_SDG10_TVET_006,SDG_GOAL_10,OUTCOME_FOR_SDG
CFS_SDG10_TVET_007,SDG_GOAL_10,OUTCOME_FOR_SDG
CFS_SDG11_ADULT_001,SDG_GOAL_11,OUTCOME_FOR_SDG
CFS_SDG11_ADULT_002,SDG_GOAL_11,OUTCOME_FOR_SDG
CFS_SDG11_ADULT_003,SDG_GOAL_11,OUTCOME_FOR_SDG
CFS_SDG11_ADULT_004,SDG_GOAL_11,OUTCOME_FOR_SDG
CFS_SDG11_ADULT_005,SDG_GOAL_11,OUTCOME_FOR_SDG
CFS_SDG11_ADULT_006,SDG_GOAL_11,OUTCOME_FOR_SDG
CFS_SDG11_ADULT_007,SDG_GOAL_11,OUTCOME_FOR_SDG
CFS_SDG11_ADULT_008,SDG_GOAL_11,OUTCOME_FOR_SDG
CFS_SDG11_ADULT_009,SDG_GOAL_11,OUTCOME_FOR_SDG
CFS_SDG11_ADULT_010,SDG_GOAL_11,OUTCOME_FOR_SDG
CFS_SDG11_ADULT_011,SDG_GOAL_11,OUTCOME_FOR_SDG
CFS_SDG11_ADULT_012,SDG_GOAL_11,OUTCOME_FOR_SDG
CFS_SDG11_ADULT_013,SDG_GOAL_11,OUTCOME_FOR_SDG
CFS_SDG11_ADULT_014,SDG_GOAL_11,OUTCOME_FOR_SDG
CFS_SDG11_ADULT_015,SDG_GOAL_11,OUTCOME_FOR_SDG
CFS_SDG11_ADULT_016,SDG_GOAL_11,OUTCOME_FOR_SDG
CFS_SDG11_ADULT_017,SDG_GOAL_11,OUTCOME_FOR_SDG
CFS_SDG11_ADULT_018,SDG_GOAL_11,OUTCOME_FOR_SDG
CFS_SDG11_SEC_001,SDG_GOAL_11,OUTCOME_FOR_SDG
CFS_SDG11_SEC_002,SDG_GOAL_11,OUTCOME_FOR_SDG
CFS_SDG11_SEC_003,SDG_GOAL_11,OUTCOME_FOR_SDG
CFS_SDG11_SEC_004,SDG_GOAL_11,OUTCOME_FOR_SDG
CFS_SDG11_SEC_005,SDG_GOAL_11,OUTCOME_FOR_SDG
CFS_SDG11_SEC_006,SDG_GOAL_11,OUTCOME_FOR_SDG
CFS_SDG11_SEC_007,SDG_GOAL_11,OUTCOME_FOR_SDG
CFS_SDG11_SEC_008,SDG_GOAL_11,OUTCOME_FOR_SDG
CFS_SDG11_SEC_009,SDG_GOAL_11,OUTCOME_FOR_SDG
CFS_SDG11_SEC_010,SDG_GOAL_11,OUTCOME_FOR_SDG
CFS_SDG11_SEC_011,SDG_GOAL_11,OUTCOME_FOR_SDG
CFS_SDG11_SEC_012,SDG_GOAL_11,OUTCOME_FOR_SDG
CFS_SDG11_SEC_013,SDG_GOAL_11,OUTCOME_FOR_SDG
CFS_SDG11_SEC_014,SDG_GOAL_11,OUTCOME_FOR_SDG
CFS_SDG11_SEC_015,SDG_GOAL_11,OUTCOME_FOR_SDG
CFS_SDG11_SEC_016,SDG_GOAL_11,OUTCOME_FOR_SDG
CFS_SDG11_SEC_017,SDG_GOAL_11,OUTCOME_FOR_SDG
CFS_SDG11_TER_001,SDG_GOAL_11,OUTCOME_FOR_SDG
CFS_SDG11_TER_002,SDG_GOAL_11,OUTCOME_FOR_SDG
CFS_SDG11_TER_003,SDG_GOAL_11,OUTCOME_FOR_SDG
CFS_SDG11_TER_004,SDG_GOAL_11,OUTCOME_FOR_SDG
CFS_SDG11_TER_005,SDG_GOAL_11,OUTCOME_FOR_SDG
CFS_SDG11_TER_006,SDG_GOAL_11,OUTCOME_FOR_SDG
CFS_SDG11_TER_007,SDG_GOAL_11,OUTCOME_FOR_SDG
CFS_SDG11_TER_008,SDG_GOAL_11,OUTCOME_FOR_SDG
CFS_SDG11_TER_009,SDG_GOAL_11,OUTCOME_FOR_SDG
CFS_SDG11_TER_010,SDG_GOAL_11,OUTCOME_FOR_SDG
CFS_SDG11_TER_011,SDG_GOAL_11,OUTCOME_FOR_SDG
CFS_SDG11_TER_012,SDG_GOAL_11,OUTCOME_FOR_SDG
CFS_SDG11_TER_013,SDG_GOAL_11,OUTCOME_FOR_SDG
CFS_SDG11_TER_014,SDG_GOAL_11,OUTCOME_FOR_SDG
CFS_SDG11_TER_015,SDG_GOAL_11,OUTCOME_FOR_SDG
CFS_SDG11_TER_016,SDG_GOAL_11,OUTCOME_FOR_SDG
CFS_SDG11_TER_017,SDG_GOAL_11,OUTCOME_FOR_SDG
CFS_SDG11_TER_018,SDG_GOAL_11,OUTCOME_FOR_SDG
CFS_SDG11_TER_019,SDG_GOAL_11,OUTCOME_FOR_SDG
CFS_SDG11_TVET_001,SDG_GOAL_11,OUTCOME_FOR_SDG
CFS_SDG11_TVET_002,SDG_GOAL_11,OUTCOME_FOR_SDG
CFS_SDG11_TVET_003,SDG_GOAL_11,OUTCOME_FOR_SDG
CFS_SDG11_TVET_004,SDG_GOAL_11,OUTCOME_FOR_SDG
CFS_SDG11_TVET_005,SDG_GOAL_11,OUTCOME_FOR_SDG
CFS_SDG11_TVET_006,SDG_GOAL_11,OUTCOME_FOR_SDG
CFS_SDG11_TVET_007,SDG_GOAL_11,OUTCOME_FOR_SDG
CFS_SDG11_TVET_008,SDG_GOAL_11,OUTCOME_FOR_SDG
CFS_SDG11_TVET_009,SDG_GOAL_11,OUTCOME_FOR_SDG
CFS_SDG11_TVET_010,SDG_GOAL_11,OUTCOME_FOR_SDG
CFS_SDG11_TVET_011,SDG_GOAL_11,OUTCOME_FOR_SDG
CFS_SDG11_TVET_012,SDG_GOAL_11,OUTCOME_FOR_SDG
CFS_SDG11_TVET_013,SDG_GOAL_11,OUTCOME_FOR_SDG
CFS_SDG11_TVET_014,SDG_GOAL_11,OUTCOME_FOR_SDG
CFS_SDG11_TVET_015,SDG_GOAL_11,OUTCOME_FOR_SDG
CFS_SDG11_TVET_016,SDG_GOAL_11,OUTCOME_FOR_SDG
CFS_SDG11_TVET_017,SDG_GOAL_11,OUTCOME_FOR_SDG
CFS_SDG11_TVET_018,SDG_GOAL_11,OUTCOME_FOR_SDG
CFS_SDG11_TVET_019,SDG_GOAL_11,OUTCOME_FOR_SDG
CFS_SDG11_TVET_020,SDG_GOAL_11,OUTCOME_FOR_SDG
CFS_SDG12_ADULT_001,SDG_GOAL_12,OUTCOME_FOR_SDG
CFS_SDG12_ADULT_002,SDG_GOAL_12,OUTCOME_FOR_SDG
CFS_SDG12_ADULT_003,SDG_GOAL_12,OUTCOME_FOR_SDG
CFS_SDG12_ADULT_004,SDG_GOAL_12,OUTCOME_FOR_SDG
CFS_SDG12_ADULT_005,SDG_GOAL_12,OUTCOME_FOR_SDG
CFS_SDG12_ADULT_006,SDG_GOAL_12,OUTCOME_FOR_SDG
CFS_SDG12_ADULT_007,SDG_GOAL_12,OUTCOME_FOR_SDG
CFS_SDG12_ADULT_008,SDG_GOAL_12,OUTCOME_FOR_SDG
CFS_SDG12_SEC_001,SDG_GOAL_12,OUTCOME_FOR_SDG
CFS_SDG12_SEC_002,SDG_GOAL_12,OUTCOME_FOR_SDG
CFS_SDG12_SEC_003,SDG_GOAL_12,OUTCOME_FOR_SDG
CFS_SDG12_SEC_004,SDG_GOAL_12,OUTCOME_FOR_SDG
CFS_SDG12_SEC_005,SDG_GOAL_12,OUTCOME_FOR_SDG
CFS_SDG12_SEC_006,SDG_GOAL_12,OUTCOME_FOR_SDG
CFS_SDG12_SEC_007,SDG_GOAL_12,OUTCOME_FOR_SDG
CFS_SDG12_SEC_008,SDG_GOAL_12,OUTCOME_FOR_SDG
CFS_SDG12_TER_001,SDG_GOAL_12,OUTCOME_FOR_SDG
CFS_SDG12_TER_002,SDG_GOAL_12,OUTCOME_FOR_SDG
CFS_SDG12_TER_003,SDG_GOAL_12,OUTCOME_FOR_SDG
CFS_SDG12_TER_004,SDG_GOAL_12,OUTCOME_FOR_SDG
CFS_SDG12_TER_005,SDG_GOAL_12,OUTCOME_FOR_SDG
CFS_SDG12_TER_006,SDG_GOAL_12,OUTCOME_FOR_SDG
CFS_SDG12_TER_007,SDG_GOAL_12,OUTCOME_FOR_SDG
CFS_SDG12_TER_008,SDG_GOAL_12,OUTCOME_FOR_SDG
CFS_SDG12_TVET_001,SDG_GOAL_12,OUTCOME_FOR_SDG
CFS_SDG12_TVET_002,SDG_GOAL_12,OUTCOME_FOR_SDG
CFS_SDG12_TVET_003,SDG_GOAL_12,OUTCOME_FOR_SDG
CFS_SDG12_TVET_004,SDG_GOAL_12,OUTCOME_FOR_SDG
CFS_SDG12_TVET_005,SDG_GOAL_12,OUTCOME_FOR_SDG
CFS_SDG12_TVET_006,SDG_GOAL_12,OUTCOME_FOR_SDG
CFS_SDG12_TVET_007,SDG_GOAL_12,OUTCOME_FOR_SDG
CFS_SDG12_TVET_008,SDG_GOAL_12,OUTCOME_FOR_SDG
CFS_SDG13_ADULT_001,SDG_GOAL_13,OUTCOME_FOR_SDG
CFS_SDG13_ADULT_002,SDG_GOAL_13,OUTCOME_FOR_SDG
CFS_SDG13_ADULT_003,SDG_GOAL_13,OUTCOME_FOR_SDG
CFS_SDG13_ADULT_004,SDG_GOAL_13,OUTCOME_FOR_SDG
CFS_SDG13_ADULT_005,SDG_GOAL_13,OUTCOME_FOR_SDG
CFS_SDG13_ADULT_006,SDG_GOAL_13,OUTCOME_FOR_SDG
CFS_SDG13_ADULT_007,SDG_GOAL_13,OUTCOME_FOR_SDG
CFS_SDG13_ADULT_008,SDG_GOAL_13,OUTCOME_FOR_SDG
CFS_SDG13_ADULT_009,SDG_GOAL_13,OUTCOME_FOR_SDG
CFS_SDG13_ADULT_010,SDG_GOAL_13,OUTCOME_FOR_SDG
CFS_SDG13_ADULT_011,SDG_GOAL_13,OUTCOME_FOR_SDG
CFS_SDG13_ADULT_012,SDG_GOAL_13,OUTCOME_FOR_SDG
CFS_SDG13_ADULT_013,SDG_GOAL_13,OUTCOME_FOR_SDG
CFS_SDG13_SEC_001,SDG_GOAL_13,OUTCOME_FOR_SDG
CFS_SDG13_SEC_002,SDG_GOAL_13,OUTCOME_FOR_SDG
CFS_SDG13_SEC_003,SDG_GOAL_13,OUTCOME_FOR_SDG
CFS_SDG13_SEC_004,SDG_GOAL_13,OUTCOME_FOR_SDG
CFS_SDG13_SEC_005,SDG_GOAL_13,OUTCOME_FOR_SDG
CFS_SDG13_SEC_006,SDG_GOAL_13,OUTCOME_FOR_SDG
CFS_SDG13_SEC_007,SDG_GOAL_13,OUTCOME_FOR_SDG
CFS_SDG13_SEC_008,SDG_GOAL_13,OUTCOME_FOR_SDG
CFS_SDG13_SEC_009,SDG_GOAL_13,OUTCOME_FOR_SDG
CFS_SDG13_SEC_010,SDG_GOAL_13,OUTCOME_FOR_SDG
CFS_SDG13_SEC_011,SDG_GOAL_13,OUTCOME_FOR_SDG
CFS_SDG13_SEC_012,SDG_GOAL_13,OUTCOME_FOR_SDG
CFS_SDG13_SEC_013,SDG_GOAL_13,OUTCOME_FOR_SDG
CFS_SDG13_SEC_014,SDG_GOAL_13,OUTCOME_FOR_SDG
CFS_SDG13_SEC_015,SDG_GOAL_13,OUTCOME_FOR_SDG
CFS_SDG13_SEC_016,SDG_GOAL_13,OUTCOME_FOR_SDG
CFS_SDG13_SEC_017,SDG_GOAL_13,OUTCOME_FOR_SDG
CFS_SDG13_TER_001,SDG_GOAL_13,OUTCOME_FOR_SDG
CFS_SDG13_TER_002,SDG_GOAL_13,OUTCOME_FOR_SDG
CFS_SDG13_TER_003,SDG_GOAL_13,OUTCOME_FOR_SDG
CFS_SDG13_TER_004,SDG_GOAL_13,OUTCOME_FOR_SDG
CFS_SDG13_TER_005,SDG_GOAL_13,OUTCOME_FOR_SDG
CFS_SDG13_TER_006,SDG_GOAL_13,OUTCOME_FOR_SDG
CFS_SDG13_TER_007,SDG_GOAL_13,OUTCOME_FOR_SDG
CFS_SDG13_TER_008,SDG_GOAL_13,OUTCOME_FOR_SDG
CFS_SDG13_TER_009,SDG_GOAL_13,OUTCOME_FOR_SDG
CFS_SDG13_TER_010,SDG_GOAL_13,OUTCOME_FOR_SDG
CFS_SDG13_TER_011,SDG_GOAL_13,OUTCOME_FOR_SDG
CFS_SDG13_TER_012,SDG_GOAL_13,OUTCOME_FOR_SDG
CFS_SDG13_TER_013,SDG_GOAL_13,OUTCOME_FOR_SDG
CFS_SDG13_TER_014,SDG_GOAL_13,OUTCOME_FOR_SDG
CFS_SDG13_TER_015,SDG_GOAL_13,OUTCOME_FOR_SDG
CFS_SDG13_TER_016,SDG_GOAL_13,OUTCOME_FOR_SDG
CFS_SDG13_TVET_001,SDG_GOAL_13,OUTCOME_FOR_SDG
CFS_SDG13_TVET_002,SDG_GOAL_13,OUTCOME_FOR_SDG
CFS_SDG13_TVET_003,SDG_GOAL_13,OUTCOME_FOR_SDG
CFS_SDG13_TVET_004,SDG_GOAL_13,OUTCOME_FOR_SDG
CFS_SDG13_TVET_005,SDG_GOAL_13,OUTCOME_FOR_SDG
CFS_SDG13_TVET_006,SDG_GOAL_13,OUTCOME_FOR_SDG
CFS_SDG13_TVET_007,SDG_GOAL_13,OUTCOME_FOR_SDG
CFS_SDG13_TVET_008,SDG_GOAL_13,OUTCOME_FOR_SDG
CFS_SDG13_TVET_009,SDG_GOAL_13,OUTCOME_FOR_SDG
CFS_SDG13_TVET_010,SDG_GOAL_13,OUTCOME_FOR_SDG
CFS_SDG13_TVET_011,SDG_GOAL_13,OUTCOME_FOR_SDG
CFS_SDG13_TVET_012,SDG_GOAL_13,OUTCOME_FOR_SDG
CFS_SDG13_TVET_013,SDG_GOAL_13,OUTCOME_FOR_SDG
CFS_SDG13_TVET_014,SDG_GOAL_13,OUTCOME_FOR_SDG
CFS_SDG14_ADULT_001,SDG_GOAL_14,OUTCOME_FOR_SDG
CFS_SDG14_ADULT_002,SDG_GOAL_14,OUTCOME_FOR_SDG
CFS_SDG14_ADULT_003,SDG_GOAL_14,OUTCOME_FOR_SDG
CFS_SDG14_ADULT_004,SDG_GOAL_14,OUTCOME_FOR_SDG
CFS_SDG14_ADULT_005,SDG_GOAL_14,OUTCOME_FOR_SDG
CFS_SDG14_ADULT_006,SDG_GOAL_14,OUTCOME_FOR_SDG
CFS_SDG14_ADULT_007,SDG_GOAL_14,OUTCOME_FOR_SDG
CFS_SDG14_ADULT_008,SDG_GOAL_14,OUTCOME_FOR_SDG
CFS_SDG14_ADULT_009,SDG_GOAL_14,OUTCOME_FOR_SDG
CFS_SDG14_ADULT_010,SDG_GOAL_14,OUTCOME_FOR_SDG
CFS_SDG14_ADULT_011,SDG_GOAL_14,OUTCOME_FOR_SDG
CFS_SDG14_ADULT_012,SDG_GOAL_14,OUTCOME_FOR_SDG
CFS_SDG14_SEC_001,SDG_GOAL_14,OUTCOME_FOR_SDG
CFS_SDG14_SEC_002,SDG_GOAL_14,OUTCOME_FOR_SDG
CFS_SDG14_SEC_003,SDG_GOAL_14,OUTCOME_FOR_SDG
CFS_SDG14_SEC_004,SDG_GOAL_14,OUTCOME_FOR_SDG
CFS_SDG14_SEC_005,SDG_GOAL_14,OUTCOME_FOR_SDG
CFS_SDG14_SEC_006,SDG_GOAL_14,OUTCOME_FOR_SDG
CFS_SDG14_SEC_007,SDG_GOAL_14,OUTCOME_FOR_SDG
CFS_SDG14_SEC_008,SDG_GOAL_14,OUTCOME_FOR_SDG
CFS_SDG14_SEC_009,SDG_GOAL_14,OUTCOME_FOR_SDG
CFS_SDG14_TER_001,SDG_GOAL_14,OUTCOME_FOR_SDG
CFS_SDG14_TER_002,SDG_GOAL_14,OUTCOME_FOR_SDG
CFS_SDG14_TER_003,SDG_GOAL_14,OUTCOME_FOR_SDG
CFS_SDG14_TER_004,SDG_GOAL_14,OUTCOME_FOR_SDG
CFS_SDG14_TER_005,SDG_GOAL_14,OUTCOME_FOR_SDG
CFS_SDG14_TER_006,SDG_GOAL_14,OUTCOME_FOR_SDG
CFS_SDG14_TER_007,SDG_GOAL_14,OUTCOME_FOR_SDG
CFS_SDG14_TER_008,SDG_GOAL_14,OUTCOME_FOR_SDG
CFS_SDG14_TER_009,SDG_GOAL_14,OUTCOME_FOR_SDG
CFS_SDG14_TER_010,SDG_GOAL_14,OUTCOME_FOR_SDG
CFS_SDG14_TER_011,SDG_GOAL_14,OUTCOME_FOR_SDG
CFS_SDG14_TER_012,SDG_GOAL_14,OUTCOME_FOR_SDG
CFS_SDG14_TER_013,SDG_GOAL_14,OUTCOME_FOR_SDG
CFS_SDG14_TER_014,SDG_GOAL_14,OUTCOME_FOR_SDG
CFS_SDG14_TVET_001,SDG_GOAL_14,OUTCOME_FOR_SDG
CFS_SDG14_TVET_002,SDG_GOAL_14,OUTCOME_FOR_SDG
CFS_SDG14_TVET_003,SDG_GOAL_14,OUTCOME_FOR_SDG
CFS_SDG14_TVET_004,SDG_GOAL_14,OUTCOME_FOR_SDG
CFS_SDG14_TVET_005,SDG_GOAL_14,OUTCOME_FOR_SDG
CFS_SDG14_TVET_006,SDG_GOAL_14,OUTCOME_FOR_SDG
CFS_SDG14_TVET_007,SDG_GOAL_14,OUTCOME_FOR_SDG
CFS_SDG14_TVET_008,SDG_GOAL_14,OUTCOME_FOR_SDG
CFS_SDG14_TVET_009,SDG_GOAL_14,OUTCOME_FOR_SDG
CFS_SDG14_TVET_010,SDG_GOAL_14,OUTCOME_FOR_SDG
CFS_SDG14_TVET_011,SDG_GOAL_14,OUTCOME_FOR_SDG
CFS_SDG14_TVET_012,SDG_GOAL_14,OUTCOME_FOR_SDG
CFS_SDG15_ADULT_001,SDG_GOAL_15,OUTCOME_FOR_SDG
CFS_SDG15_ADULT_002,SDG_GOAL_15,OUTCOME_FOR_SDG
CFS_SDG15_ADULT_003,SDG_GOAL_15,OUTCOME_FOR_SDG
CFS_SDG15_ADULT_004,SDG_GOAL_15,OUTCOME_FOR_SDG
CFS_SDG15_ADULT_005,SDG_GOAL_15,OUTCOME_FOR_SDG
CFS_SDG15_ADULT_006,SDG_GOAL_15,OUTCOME_FOR_SDG
CFS_SDG15_ADULT_007,SDG_GOAL_15,OUTCOME_FOR_SDG
CFS_SDG15_ADULT_008,SDG_GOAL_15,OUTCOME_FOR_SDG
CFS_SDG15_ADULT_009,SDG_GOAL_15,OUTCOME_FOR_SDG
CFS_SDG15_ADULT_010,SDG_GOAL_15,OUTCOME_FOR_SDG
CFS_SDG15_ADULT_011,SDG_GOAL_15,OUTCOME_FOR_SDG
CFS_SDG15_ADULT_012,SDG_GOAL_15,OUTCOME_FOR_SDG
CFS_SDG15_ADULT_013,SDG_GOAL_15,OUTCOME_FOR_SDG
CFS_SDG15_ADULT_014,SDG_GOAL_15,OUTCOME_FOR_SDG
CFS_SDG15_ADULT_015,SDG_GOAL_15,OUTCOME_FOR_SDG
CFS_SDG15_ADULT_016,SDG_GOAL_15,OUTCOME_FOR_SDG
CFS_SDG15_ADULT_017,SDG_GOAL_15,OUTCOME_FOR_SDG
CFS_SDG15_ADULT_018,SDG_GOAL_15,OUTCOME_FOR_SDG
CFS_SDG15_ADULT_019,SDG_GOAL_15,OUTCOME_FOR_SDG
CFS_SDG15_ADULT_020,SDG_GOAL_15,OUTCOME_FOR_SDG
CFS_SDG15_ADULT_021,SDG_GOAL_15,OUTCOME_FOR_SDG
CFS_SDG15_ADULT_022,SDG_GOAL_15,OUTCOME_FOR_SDG
CFS_SDG15_ADULT_023,SDG_GOAL_15,OUTCOME_FOR_SDG
CFS_SDG15_ADULT_024,SDG_GOAL_15,OUTCOME_FOR_SDG
CFS_SDG15_ADULT_025,SDG_GOAL_15,OUTCOME_FOR_SDG
CFS_SDG15_ADULT_026,SDG_GOAL_15,OUTCOME_FOR_SDG
CFS_SDG15_ADULT_027,SDG_GOAL_15,OUTCOME_FOR_SDG
CFS_SDG15_SEC_001,SDG_GOAL_15,OUTCOME_FOR_SDG
CFS_SDG15_SEC_002,SDG_GOAL_15,OUTCOME_FOR_SDG
CFS_SDG15_SEC_003,SDG_GOAL_15,OUTCOME_FOR_SDG
CFS_SDG15_SEC_004,SDG_GOAL_15,OUTCOME_FOR_SDG
CFS_SDG15_SEC_005,SDG_GOAL_15,OUTCOME_FOR_SDG
CFS_SDG15_SEC_006,SDG_GOAL_15,OUTCOME_FOR_SDG
CFS_SDG15_SEC_007,SDG_GOAL_15,OUTCOME_FOR_SDG
CFS_SDG15_SEC_008,SDG_GOAL_15,OUTCOME_FOR_SDG
CFS_SDG15_SEC_009,SDG_GOAL_15,OUTCOME_FOR_SDG
CFS_SDG15_SEC_010,SDG_GOAL_15,OUTCOME_FOR_SDG
CFS_SDG15_SEC_011,SDG_GOAL_15,OUTCOME_FOR_SDG
CFS_SDG15_SEC_012,SDG_GOAL_15,OUTCOME_FOR_SDG
CFS_SDG15_SEC_013,SDG_GOAL_15,OUTCOME_FOR_SDG
CFS_SDG15_SEC_014,SDG_GOAL_15,OUTCOME_FOR_SDG
CFS_SDG15_SEC_015,SDG_GOAL_15,OUTCOME_FOR_SDG
CFS_SDG15_SEC_016,SDG_GOAL_15,OUTCOME_FOR_SDG
CFS_SDG15_SEC_017,SDG_GOAL_15,OUTCOME_FOR_SDG
CFS_SDG15_SEC_018,SDG_GOAL_15,OUTCOME_FOR_SDG
CFS_SDG15_SEC_019,SDG_GOAL_15,OUTCOME_FOR_SDG
CFS_SDG15_SEC_020,SDG_GOAL_15,OUTCOME_FOR_SDG
CFS_SDG15_SEC_021,SDG_GOAL_15,OUTCOME_FOR_SDG
CFS_SDG15_SEC_022,SDG_GOAL_15,OUTCOME_FOR_SDG
CFS_SDG15_SEC_023,SDG_GOAL_15,OUTCOME_FOR_SDG
CFS_SDG15_TER_001,SDG_GOAL_15,OUTCOME_FOR_SDG
CFS_SDG15_TER_002,SDG_GOAL_15,OUTCOME_FOR_SDG
CFS_SDG15_TER_003,SDG_GOAL_15,OUTCOME_FOR_SDG
CFS_SDG15_TER_004,SDG_GOAL_15,OUTCOME_FOR_SDG
CFS_SDG15_TER_005,SDG_GOAL_15,OUTCOME_FOR_SDG
CFS_SDG15_TER_006,SDG_GOAL_15,OUTCOME_FOR_SDG
CFS_SDG15_TER_007,SDG_GOAL_15,OUTCOME_FOR_SDG
CFS_SDG15_TER_008,SDG_GOAL_15,OUTCOME_FOR_SDG
CFS_SDG15_TER_009,SDG_GOAL_15,OUTCOME_FOR_SDG
CFS_SDG15_TER_010,SDG_GOAL_15,OUTCOME_FOR_SDG
CFS_SDG15_TER_011,SDG_GOAL_15,OUTCOME_FOR_SDG
CFS_SDG15_TER_012,SDG_GOAL_15,OUTCOME_FOR_SDG
CFS_SDG15_TER_013,SDG_GOAL_15,OUTCOME_FOR_SDG
CFS_SDG15_TER_014,SDG_GOAL_15,OUTCOME_FOR_SDG
CFS_SDG15_TER_015,SDG_GOAL_15,OUTCOME_FOR_SDG
CFS_SDG15_TER_016,SDG_GOAL_15,OUTCOME_FOR_SDG
CFS_SDG15_TER_017,SDG_GOAL_15,OUTCOME_FOR_SDG
CFS_SDG15_TER_018,SDG_GOAL_15,OUTCOME_FOR_SDG
CFS_SDG15_TER_019,SDG_GOAL_15,OUTCOME_FOR_SDG
CFS_SDG15_TER_020,SDG_GOAL_15,OUTCOME_FOR_SDG
CFS_SDG15_TER_021,SDG_GOAL_15,OUTCOME_FOR_SDG
CFS_SDG15_TER_022,SDG_GOAL_15,OUTCOME_FOR_SDG
CFS_SDG15_TER_023,SDG_GOAL_15,OUTCOME_FOR_SDG
CFS_SDG15_TVET_001,SDG_GOAL_15,OUTCOME_FOR_SDG
CFS_SDG15_TVET_002,SDG_GOAL_15,OUTCOME_FOR_SDG
CFS_SDG15_TVET_003,SDG_GOAL_15,OUTCOME_FOR_SDG
CFS_SDG15_TVET_004,SDG_GOAL_15,OUTCOME_FOR_SDG
CFS_SDG15_TVET_005,SDG_GOAL_15,OUTCOME_FOR_SDG
CFS_SDG15_TVET_006,SDG_GOAL_15,OUTCOME_FOR_SDG
CFS_SDG15_TVET_007,SDG_GOAL_15,OUTCOME_FOR_SDG
CFS_SDG15_TVET_008,SDG_GOAL_15,OUTCOME_FOR_SDG
CFS_SDG15_TVET_009,SDG_GOAL_15,OUTCOME_FOR_SDG
CFS_SDG15_TVET_010,SDG_GOAL_15,OUTCOME_FOR_SDG
CFS_SDG15_TVET_011,SDG_GOAL_15,OUTCOME_FOR_SDG
CFS_SDG15_TVET_012,SDG_GOAL_15,OUTCOME_FOR_SDG
CFS_SDG15_TVET_013,SDG_GOAL_15,OUTCOME_FOR_SDG
CFS_SDG15_TVET_014,SDG_GOAL_15,OUTCOME_FOR_SDG
CFS_SDG15_TVET_015,SDG_GOAL_15,OUTCOME_FOR_SDG
CFS_SDG15_TVET_016,SDG_GOAL_15,OUTCOME_FOR_SDG
CFS_SDG15_TVET_017,SDG_GOAL_15,OUTCOME_FOR_SDG
CFS_SDG15_TVET_018,SDG_GOAL_15,OUTCOME_FOR_SDG
CFS_SDG15_TVET_019,SDG_GOAL_15,OUTCOME_FOR_SDG
CFS_SDG15_TVET_020,SDG_GOAL_15,OUTCOME_FOR_SDG
CFS_SDG16_ADULT_001,SDG_GOAL_16,OUTCOME_FOR_SDG
CFS_SDG16_ADULT_002,SDG_GOAL_16,OUTCOME_FOR_SDG
CFS_SDG16_ADULT_003,SDG_GOAL_16,OUTCOME_FOR_SDG
CFS_SDG16_ADULT_004,SDG_GOAL_16,OUTCOME_FOR_SDG
CFS_SDG16_ADULT_005,SDG_GOAL_16,OUTCOME_FOR_SDG
CFS_SDG16_ADULT_006,SDG_GOAL_16,OUTCOME_FOR_SDG
CFS_SDG16_ADULT_007,SDG_GOAL_16,OUTCOME_FOR_SDG
CFS_SDG16_ADULT_008,SDG_GOAL_16,OUTCOME_FOR_SDG
CFS_SDG16_ADULT_009,SDG_GOAL_16,OUTCOME_FOR_SDG
CFS_SDG16_ADULT_010,SDG_GOAL_16,OUTCOME_FOR_SDG
CFS_SDG16_ADULT_011,SDG_GOAL_16,OUTCOME_FOR_SDG
CFS_SDG16_ADULT_012,SDG_GOAL_16,OUTCOME_FOR_SDG
CFS_SDG16_ADULT_013,SDG_GOAL_16,OUTCOME_FOR_SDG
CFS_SDG16_ADULT_014,SDG_GOAL_16,OUTCOME_FOR_SDG
CFS_SDG16_SEC_001,SDG_GOAL_16,OUTCOME_FOR_SDG
CFS_SDG16_SEC_002,SDG_GOAL_16,OUTCOME_FOR_SDG
CFS_SDG16_SEC_003,SDG_GOAL_16,OUTCOME_FOR_SDG
CFS_SDG16_SEC_004,SDG_GOAL_16,OUTCOME_FOR_SDG
CFS_SDG16_SEC_005,SDG_GOAL_16,OUTCOME_FOR_SDG
CFS_SDG16_SEC_006,SDG_GOAL_16,OUTCOME_FOR_SDG
CFS_SDG16_SEC_007,SDG_GOAL_16,OUTCOME_FOR_SDG
CFS_SDG16_SEC_008,SDG_GOAL_16,OUTCOME_FOR_SDG
CFS_SDG16_SEC_009,SDG_GOAL_16,OUTCOME_FOR_SDG
CFS_SDG16_SEC_010,SDG_GOAL_16,OUTCOME_FOR_SDG
CFS_SDG16_SEC_011,SDG_GOAL_16,OUTCOME_FOR_SDG
CFS_SDG16_SEC_012,SDG_GOAL_16,OUTCOME_FOR_SDG
CFS_SDG16_SEC_013,SDG_GOAL_16,OUTCOME_FOR_SDG
CFS_SDG16_TER_001,SDG_GOAL_16,OUTCOME_FOR_SDG
CFS_SDG16_TER_002,SDG_GOAL_16,OUTCOME_FOR_SDG
CFS_SDG16_TER_003,SDG_GOAL_16,OUTCOME_FOR_SDG
CFS_SDG16_TER_004,SDG_GOAL_16,OUTCOME_FOR_SDG
CFS_SDG16_TER_005,SDG_GOAL_16,OUTCOME_FOR_SDG
CFS_SDG16_TER_006,SDG_GOAL_16,OUTCOME_FOR_SDG
CFS_SDG16_TER_007,SDG_GOAL_16,OUTCOME_FOR_SDG
CFS_SDG16_TER_008,SDG_GOAL_16,OUTCOME_FOR_SDG
CFS_SDG16_TER_009,SDG_GOAL_16,OUTCOME_FOR_SDG
CFS_SDG16_TER_010,SDG_GOAL_16,OUTCOME_FOR_SDG
CFS_SDG16_TER_011,SDG_GOAL_16,OUTCOME_FOR_SDG
CFS_SDG16_TER_012,SDG_GOAL_16,OUTCOME_FOR_SDG
CFS_SDG16_TER_013,SDG_GOAL_16,OUTCOME_FOR_SDG
CFS_SDG16_TVET_001,SDG_GOAL_16,OUTCOME_FOR_SDG
CFS_SDG16_TVET_002,SDG_GOAL_16,OUTCOME_FOR_SDG
CFS_SDG16_TVET_003,SDG_GOAL_16,OUTCOME_FOR_SDG
CFS_SDG16_TVET_004,SDG_GOAL_16,OUTCOME_FOR_SDG
CFS_SDG16_TVET_005,SDG_GOAL_16,OUTCOME_FOR_SDG
CFS_SDG16_TVET_006,SDG_GOAL_16,OUTCOME_FOR_SDG
CFS_SDG16_TVET_007,SDG_GOAL_16,OUTCOME_FOR_SDG
CFS_SDG16_TVET_008,SDG_GOAL_16,OUTCOME_FOR_SDG
CFS_SDG16_TVET_009,SDG_GOAL_16,OUTCOME_FOR_SDG
CFS_SDG16_TVET_010,SDG_GOAL_16,OUTCOME_FOR_SDG
CFS_SDG16_TVET_011,SDG_GOAL_16,OUTCOME_FOR_SDG
CFS_SDG16_TVET_012,SDG_GOAL_16,OUTCOME_FOR_SDG
CFS_SDG17_ADULT_001,SDG_GOAL_17,OUTCOME_FOR_SDG
CFS_SDG17_ADULT_002,SDG_GOAL_17,OUTCOME_FOR_SDG
CFS_SDG17_ADULT_003,SDG_GOAL_17,OUTCOME_FOR_SDG
CFS_SDG17_ADULT_004,SDG_GOAL_17,OUTCOME_FOR_SDG
CFS_SDG17_ADULT_005,SDG_GOAL_17,OUTCOME_FOR_SDG
CFS_SDG17_ADULT_006,SDG_GOAL_17,OUTCOME_FOR_SDG
CFS_SDG17_ADULT_007,SDG_GOAL_17,OUTCOME_FOR_SDG
CFS_SDG17_ADULT_008,SDG_GOAL_17,OUTCOME_FOR_SDG
CFS_SDG17_ADULT_009,SDG_GOAL_17,OUTCOME_FOR_SDG
CFS_SDG17_ADULT_010,SDG_GOAL_17,OUTCOME_FOR_SDG
CFS_SDG17_ADULT_011,SDG_GOAL_17,OUTCOME_FOR_SDG
CFS_SDG17_ADULT_012,SDG_GOAL_17,OUTCOME_FOR_SDG
CFS_SDG17_ADULT_013,SDG_GOAL_17,OUTCOME_FOR_SDG
CFS_SDG17_ADULT_014,SDG_GOAL_17,OUTCOME_FOR_SDG
CFS_SDG17_SEC_001,SDG_GOAL_17,OUTCOME_FOR_SDG
CFS_SDG17_SEC_002,SDG_GOAL_17,OUTCOME_FOR_SDG
CFS_SDG17_SEC_003,SDG_GOAL_17,OUTCOME_FOR_SDG
CFS_SDG17_SEC_004,SDG_GOAL_17,OUTCOME_FOR_SDG
CFS_SDG17_SEC_005,SDG_GOAL_17,OUTCOME_FOR_SDG
CFS_SDG17_SEC_006,SDG_GOAL_17,OUTCOME_FOR_SDG
CFS_SDG17_SEC_007,SDG_GOAL_17,OUTCOME_FOR_SDG
CFS_SDG17_SEC_008,SDG_GOAL_17,OUTCOME_FOR_SDG
CFS_SDG17_SEC_009,SDG_GOAL_17,OUTCOME_FOR_SDG
CFS_SDG17_SEC_010,SDG_GOAL_17,OUTCOME_FOR_SDG
CFS_SDG17_SEC_011,SDG_GOAL_17,OUTCOME_FOR_SDG
CFS_SDG17_SEC_012,SDG_GOAL_17,OUTCOME_FOR_SDG
CFS_SDG17_SEC_013,SDG_GOAL_17,OUTCOME_FOR_SDG
CFS_SDG17_SEC_014,SDG_GOAL_17,OUTCOME_FOR_SDG
CFS_SDG17_SEC_015,SDG_GOAL_17,OUTCOME_FOR_SDG
CFS_SDG17_SEC_016,SDG_GOAL_17,OUTCOME_FOR_SDG
CFS_SDG17_TER_001,SDG_GOAL_17,OUTCOME_FOR_SDG
CFS_SDG17_TER_002,SDG_GOAL_17,OUTCOME_FOR_SDG
CFS_SDG17_TER_003,SDG_GOAL_17,OUTCOME_FOR_SDG
CFS_SDG17_TER_004,SDG_GOAL_17,OUTCOME_FOR_SDG
CFS_SDG17_TER_005,SDG_GOAL_17,OUTCOME_FOR_SDG
CFS_SDG17_TER_006,SDG_GOAL_17,OUTCOME_FOR_SDG
CFS_SDG17_TER_007,SDG_GOAL_17,OUTCOME_FOR_SDG
CFS_SDG17_TER_008,SDG_GOAL_17,OUTCOME_FOR_SDG
CFS_SDG17_TER_009,SDG_GOAL_17,OUTCOME_FOR_SDG
CFS_SDG17_TER_010,SDG_GOAL_17,OUTCOME_FOR_SDG
CFS_SDG17_TER_011,SDG_GOAL_17,OUTCOME_FOR_SDG
CFS_SDG17_TER_012,SDG_GOAL_17,OUTCOME_FOR_SDG
CFS_SDG17_TER_013,SDG_GOAL_17,OUTCOME_FOR_SDG
CFS_SDG17_TER_014,SDG_GOAL_17,OUTCOME_FOR_SDG
CFS_SDG17_TVET_001,SDG_GOAL_17,OUTCOME_FOR_SDG
CFS_SDG17_TVET_002,SDG_GOAL_17,OUTCOME_FOR_SDG
CFS_SDG17_TVET_003,SDG_GOAL_17,OUTCOME_FOR_SDG
CFS_SDG17_TVET_004,SDG_GOAL_17,OUTCOME_FOR_SDG
CFS_SDG17_TVET_005,SDG_GOAL_17,OUTCOME_FOR_SDG
CFS_SDG17_TVET_006,SDG_GOAL_17,OUTCOME_FOR_SDG
CFS_SDG17_TVET_007,SDG_GOAL_17,OUTCOME_FOR_SDG
CFS_SDG17_TVET_008,SDG_GOAL_17,OUTCOME_FOR_SDG
CFS_SDG17_TVET_009,SDG_GOAL_17,OUTCOME_FOR_SDG
CFS_SDG17_TVET_010,SDG_GOAL_17,OUTCOME_FOR_SDG
CFS_SDG17_TVET_011,SDG_GOAL_17,OUTCOME_FOR_SDG
CFS_SDG17_TVET_012,SDG_GOAL_17,OUTCOME_FOR_SDG
CFS_SDG17_TVET_013,SDG_GOAL_17,OUTCOME_FOR_SDG
CFS_SDG17_TVET_014,SDG_GOAL_17,OUTCOME_FOR_SDG
CFS_SDG17_TVET_015,SDG_GOAL_17,OUTCOME_FOR_SDG
CFS_SDG17_TVET_016,SDG_GOAL_17,OUTCOME_FOR_SDG
CFS_SDG17_TVET_017,SDG_GOAL_17,OUTCOME_FOR_SDG
CFS_SDG17_TVET_018,SDG_GOAL_17,OUTCOME_FOR_SDG
CFS_SDG17_TVET_019,SDG_GOAL_17,OUTCOME_FOR_SDG
CFS_SDG17_TVET_020,SDG_GOAL_17,OUTCOME_FOR_SDG
CFV_SDG01_ADULT_001,SDG_GOAL_01,OUTCOME_FOR_SDG
CFV_SDG01_ADULT_002,SDG_GOAL_01,OUTCOME_FOR_SDG
CFV_SDG01_ADULT_003,SDG_GOAL_01,OUTCOME_FOR_SDG
CFV_SDG01_ADULT_004,SDG_GOAL_01,OUTCOME_FOR_SDG
CFV_SDG01_ADULT_005,SDG_GOAL_01,OUTCOME_FOR_SDG
CFV_SDG01_ADULT_006,SDG_GOAL_01,OUTCOME_FOR_SDG
CFV_SDG01_ADULT_007,SDG_GOAL_01,OUTCOME_FOR_SDG
CFV_SDG01_SEC_001,SDG_GOAL_01,OUTCOME_FOR_SDG
CFV_SDG01_SEC_002,SDG_GOAL_01,OUTCOME_FOR_SDG
CFV_SDG01_SEC_003,SDG_GOAL_01,OUTCOME_FOR_SDG
CFV_SDG01_SEC_004,SDG_GOAL_01,OUTCOME_FOR_SDG
CFV_SDG01_SEC_005,SDG_GOAL_01,OUTCOME_FOR_SDG
CFV_SDG01_SEC_006,SDG_GOAL_01,OUTCOME_FOR_SDG
CFV_SDG01_SEC_007,SDG_GOAL_01,OUTCOME_FOR_SDG
CFV_SDG01_SEC_008,SDG_GOAL_01,OUTCOME_FOR_SDG
CFV_SDG01_SEC_009,SDG_GOAL_01,OUTCOME_FOR_SDG
CFV_SDG01_SEC_010,SDG_GOAL_01,OUTCOME_FOR_SDG
CFV_SDG01_SEC_011,SDG_GOAL_01,OUTCOME_FOR_SDG
CFV_SDG01_TER_001,SDG_GOAL_01,OUTCOME_FOR_SDG
CFV_SDG01_TER_002,SDG_GOAL_01,OUTCOME_FOR_SDG
CFV_SDG01_TER_003,SDG_GOAL_01,OUTCOME_FOR_SDG
CFV_SDG01_TER_004,SDG_GOAL_01,OUTCOME_FOR_SDG
CFV_SDG01_TER_005,SDG_GOAL_01,OUTCOME_FOR_SDG
CFV_SDG01_TER_006,SDG_GOAL_01,OUTCOME_FOR_SDG
CFV_SDG01_TER_007,SDG_GOAL_01,OUTCOME_FOR_SDG
CFV_SDG01_TER_008,SDG_GOAL_01,OUTCOME_FOR_SDG
CFV_SDG01_TER_009,SDG_GOAL_01,OUTCOME_FOR_SDG
CFV_SDG01_TER_010,SDG_GOAL_01,OUTCOME_FOR_SDG
CFV_SDG01_TER_011,SDG_GOAL_01,OUTCOME_FOR_SDG
CFV_SDG01_TVET_001,SDG_GOAL_01,OUTCOME_FOR_SDG
CFV_SDG01_TVET_002,SDG_GOAL_01,OUTCOME_FOR_SDG
CFV_SDG01_TVET_003,SDG_GOAL_01,OUTCOME_FOR_SDG
CFV_SDG01_TVET_004,SDG_GOAL_01,OUTCOME_FOR_SDG
CFV_SDG01_TVET_005,SDG_GOAL_01,OUTCOME_FOR_SDG
CFV_SDG01_TVET_006,SDG_GOAL_01,OUTCOME_FOR_SDG
CFV_SDG01_TVET_007,SDG_GOAL_01,OUTCOME_FOR_SDG
CFV_SDG01_TVET_008,SDG_GOAL_01,OUTCOME_FOR_SDG
CFV_SDG01_TVET_009,SDG_GOAL_01,OUTCOME_FOR_SDG
CFV_SDG01_TVET_010,SDG_GOAL_01,OUTCOME_FOR_SDG
CFV_SDG01_TVET_011,SDG_GOAL_01,OUTCOME_FOR_SDG
CFV_SDG02_ADULT_001,SDG_GOAL_02,OUTCOME_FOR_SDG
CFV_SDG02_ADULT_002,SDG_GOAL_02,OUTCOME_FOR_SDG
CFV_SDG02_ADULT_003,SDG_GOAL_02,OUTCOME_FOR_SDG
CFV_SDG02_ADULT_004,SDG_GOAL_02,OUTCOME_FOR_SDG
CFV_SDG02_ADULT_005,SDG_GOAL_02,OUTCOME_FOR_SDG
CFV_SDG02_ADULT_006,SDG_GOAL_02,OUTCOME_FOR_SDG
CFV_SDG02_ADULT_007,SDG_GOAL_02,OUTCOME_FOR_SDG
CFV_SDG02_ADULT_008,SDG_GOAL_02,OUTCOME_FOR_SDG
CFV_SDG02_ADULT_009,SDG_GOAL_02,OUTCOME_FOR_SDG
CFV_SDG02_ADULT_010,SDG_GOAL_02,OUTCOME_FOR_SDG
CFV_SDG02_SEC_001,SDG_GOAL_02,OUTCOME_FOR_SDG
CFV_SDG02_SEC_002,SDG_GOAL_02,OUTCOME_FOR_SDG
CFV_SDG02_SEC_003,SDG_GOAL_02,OUTCOME_FOR_SDG
CFV_SDG02_SEC_004,SDG_GOAL_02,OUTCOME_FOR_SDG
CFV_SDG02_SEC_005,SDG_GOAL_02,OUTCOME_FOR_SDG
CFV_SDG02_SEC_006,SDG_GOAL_02,OUTCOME_FOR_SDG
CFV_SDG02_SEC_007,SDG_GOAL_02,OUTCOME_FOR_SDG
CFV_SDG02_SEC_008,SDG_GOAL_02,OUTCOME_FOR_SDG
CFV_SDG02_SEC_009,SDG_GOAL_02,OUTCOME_FOR_SDG
CFV_SDG02_TER_001,SDG_GOAL_02,OUTCOME_FOR_SDG
CFV_SDG02_TER_002,SDG_GOAL_02,OUTCOME_FOR_SDG
CFV_SDG02_TER_003,SDG_GOAL_02,OUTCOME_FOR_SDG
CFV_SDG02_TER_004,SDG_GOAL_02,OUTCOME_FOR_SDG
CFV_SDG02_TER_005,SDG_GOAL_02,OUTCOME_FOR_SDG
CFV_SDG02_TER_006,SDG_GOAL_02,OUTCOME_FOR_SDG
CFV_SDG02_TER_007,SDG_GOAL_02,OUTCOME_FOR_SDG
CFV_SDG02_TER_008,SDG_GOAL_02,OUTCOME_FOR_SDG
CFV_SDG02_TVET_001,SDG_GOAL_02,OUTCOME_FOR_SDG
CFV_SDG02_TVET_002,SDG_GOAL_02,OUTCOME_FOR_SDG
CFV_SDG02_TVET_003,SDG_GOAL_02,OUTCOME_FOR_SDG
CFV_SDG02_TVET_004,SDG_GOAL_02,OUTCOME_FOR_SDG
CFV_SDG02_TVET_005,SDG_GOAL_02,OUTCOME_FOR_SDG
CFV_SDG02_TVET_006,SDG_GOAL_02,OUTCOME_FOR_SDG
CFV_SDG02_TVET_007,SDG_GOAL_02,OUTCOME_FOR_SDG
CFV_SDG02_TVET_008,SDG_GOAL_02,OUTCOME_FOR_SDG
CFV_SDG03_ADULT_001,SDG_GOAL_03,OUTCOME_FOR_SDG
CFV_SDG03_ADULT_002,SDG_GOAL_03,OUTCOME_FOR_SDG
CFV_SDG03_ADULT_003,SDG_GOAL_03,OUTCOME_FOR_SDG
CFV_SDG03_ADULT_004,SDG_GOAL_03,OUTCOME_FOR_SDG
CFV_SDG03_ADULT_005,SDG_GOAL_03,OUTCOME_FOR_SDG
CFV_SDG03_ADULT_006,SDG_GOAL_03,OUTCOME_FOR_SDG
CFV_SDG03_ADULT_007,SDG_GOAL_03,OUTCOME_FOR_SDG
CFV_SDG03_ADULT_008,SDG_GOAL_03,OUTCOME_FOR_SDG
CFV_SDG03_ADULT_009,SDG_GOAL_03,OUTCOME_FOR_SDG
CFV_SDG03_ADULT_010,SDG_GOAL_03,OUTCOME_FOR_SDG
CFV_SDG03_ADULT_011,SDG_GOAL_03,OUTCOME_FOR_SDG
CFV_SDG03_SEC_001,SDG_GOAL_03,OUTCOME_FOR_SDG
CFV_SDG03_SEC_002,SDG_GOAL_03,OUTCOME_FOR_SDG
CFV_SDG03_SEC_003,SDG_GOAL_03,OUTCOME_FOR_SDG
CFV_SDG03_SEC_004,SDG_GOAL_03,OUTCOME_FOR_SDG
CFV_SDG03_SEC_005,SDG_GOAL_03,OUTCOME_FOR_SDG
CFV_SDG03_SEC_006,SDG_GOAL_03,OUTCOME_FOR_SDG
CFV_SDG03_SEC_007,SDG_GOAL_03,OUTCOME_FOR_SDG
CFV_SDG03_SEC_008,SDG_GOAL_03,OUTCOME_FOR_SDG
CFV_SDG03_SEC_009,SDG_GOAL_03,OUTCOME_FOR_SDG
CFV_SDG03_SEC_010,SDG_GOAL_03,OUTCOME_FOR_SDG
CFV_SDG03_SEC_011,SDG_GOAL_03,OUTCOME_FOR_SDG
CFV_SDG03_SEC_012,SDG_GOAL_03,OUTCOME_FOR_SDG
CFV_SDG03_TER_001,SDG_GOAL_03,OUTCOME_FOR_SDG
CFV_SDG03_TER_002,SDG_GOAL_03,OUTCOME_FOR_SDG
CFV_SDG03_TER_003,SDG_GOAL_03,OUTCOME_FOR_SDG
CFV_SDG03_TER_004,SDG_GOAL_03,OUTCOME_FOR_SDG
CFV_SDG03_TER_005,SDG_GOAL_03,OUTCOME_FOR_SDG
CFV_SDG03_TER_006,SDG_GOAL_03,OUTCOME_FOR_SDG
CFV_SDG03_TER_007,SDG_GOAL_03,OUTCOME_FOR_SDG
CFV_SDG03_TER_008,SDG_GOAL_03,OUTCOME_FOR_SDG
CFV_SDG03_TER_009,SDG_GOAL_03,OUTCOME_FOR_SDG
CFV_SDG03_TER_010,SDG_GOAL_03,OUTCOME_FOR_SDG
CFV_SDG03_TER_011,SDG_GOAL_03,OUTCOME_FOR_SDG
CFV_SDG03_TER_012,SDG_GOAL_03,OUTCOME_FOR_SDG
CFV_SDG03_TER_013,SDG_GOAL_03,OUTCOME_FOR_SDG
CFV_SDG03_TER_014,SDG_GOAL_03,OUTCOME_FOR_SDG
CFV_SDG03_TER_015,SDG_GOAL_03,OUTCOME_FOR_SDG
CFV_SDG03_TER_016,SDG_GOAL_03,OUTCOME_FOR_SDG
CFV_SDG03_TER_017,SDG_GOAL_03,OUTCOME_FOR_SDG
CFV_SDG03_TER_018,SDG_GOAL_03,OUTCOME_FOR_SDG
CFV_SDG03_TER_019,SDG_GOAL_03,OUTCOME_FOR_SDG
CFV_SDG03_TER_020,SDG_GOAL_03,OUTCOME_FOR_SDG
CFV_SDG03_TVET_001,SDG_GOAL_03,OUTCOME_FOR_SDG
CFV_SDG03_TVET_002,SDG_GOAL_03,OUTCOME_FOR_SDG
CFV_SDG03_TVET_003,SDG_GOAL_03,OUTCOME_FOR_SDG
CFV_SDG03_TVET_004,SDG_GOAL_03,OUTCOME_FOR_SDG
CFV_SDG03_TVET_005,SDG_GOAL_03,OUTCOME_FOR_SDG
CFV_SDG03_TVET_006,SDG_GOAL_03,OUTCOME_FOR_SDG
CFV_SDG03_TVET_007,SDG_GOAL_03,OUTCOME_FOR_SDG
CFV_SDG03_TVET_008,SDG_GOAL_03,OUTCOME_FOR_SDG
CFV_SDG03_TVET_009,SDG_GOAL_03,OUTCOME_FOR_SDG
CFV_SDG03_TVET_010,SDG_GOAL_03,OUTCOME_FOR_SDG
CFV_SDG03_TVET_011,SDG_GOAL_03,OUTCOME_FOR_SDG
CFV_SDG03_TVET_012,SDG_GOAL_03,OUTCOME_FOR_SDG
CFV_SDG03_TVET_013,SDG_GOAL_03,OUTCOME_FOR_SDG
CFV_SDG03_TVET_014,SDG_GOAL_03,OUTCOME_FOR_SDG
CFV_SDG03_TVET_015,SDG_GOAL_03,OUTCOME_FOR_SDG
CFV_SDG03_TVET_016,SDG_GOAL_03,OUTCOME_FOR_SDG
CFV_SDG04_ADULT_001,SDG_GOAL_04,OUTCOME_FOR_SDG
CFV_SDG04_ADULT_002,SDG_GOAL_04,OUTCOME_FOR_SDG
CFV_SDG04_ADULT_003,SDG_GOAL_04,OUTCOME_FOR_SDG
CFV_SDG04_ADULT_004,SDG_GOAL_04,OUTCOME_FOR_SDG
CFV_SDG04_ADULT_005,SDG_GOAL_04,OUTCOME_FOR_SDG
CFV_SDG04_ADULT_006,SDG_GOAL_04,OUTCOME_FOR_SDG
CFV_SDG04_ADULT_007,SDG_GOAL_04,OUTCOME_FOR_SDG
CFV_SDG04_ADULT_008,SDG_GOAL_04,OUTCOME_FOR_SDG
CFV_SDG04_SEC_001,SDG_GOAL_04,OUTCOME_FOR_SDG
CFV_SDG04_SEC_002,SDG_GOAL_04,OUTCOME_FOR_SDG
CFV_SDG04_SEC_003,SDG_GOAL_04,OUTCOME_FOR_SDG
CFV_SDG04_SEC_004,SDG_GOAL_04,OUTCOME_FOR_SDG
CFV_SDG04_SEC_005,SDG_GOAL_04,OUTCOME_FOR_SDG
CFV_SDG04_SEC_006,SDG_GOAL_04,OUTCOME_FOR_SDG
CFV_SDG04_SEC_007,SDG_GOAL_04,OUTCOME_FOR_SDG
CFV_SDG04_SEC_008,SDG_GOAL_04,OUTCOME_FOR_SDG
CFV_SDG04_TER_001,SDG_GOAL_04,OUTCOME_FOR_SDG
CFV_SDG04_TER_002,SDG_GOAL_04,OUTCOME_FOR_SDG
CFV_SDG04_TER_003,SDG_GOAL_04,OUTCOME_FOR_SDG
CFV_SDG04_TER_004,SDG_GOAL_04,OUTCOME_FOR_SDG
CFV_SDG04_TER_005,SDG_GOAL_04,OUTCOME_FOR_SDG
CFV_SDG04_TER_006,SDG_GOAL_04,OUTCOME_FOR_SDG
CFV_SDG04_TER_007,SDG_GOAL_04,OUTCOME_FOR_SDG
CFV_SDG04_TER_008,SDG_GOAL_04,OUTCOME_FOR_SDG
CFV_SDG04_TER_009,SDG_GOAL_04,OUTCOME_FOR_SDG
CFV_SDG04_TER_010,SDG_GOAL_04,OUTCOME_FOR_SDG
CFV_SDG04_TVET_001,SDG_GOAL_04,OUTCOME_FOR_SDG
CFV_SDG04_TVET_002,SDG_GOAL_04,OUTCOME_FOR_SDG
CFV_SDG04_TVET_003,SDG_GOAL_04,OUTCOME_FOR_SDG
CFV_SDG04_TVET_004,SDG_GOAL_04,OUTCOME_FOR_SDG
CFV_SDG04_TVET_005,SDG_GOAL_04,OUTCOME_FOR_SDG
CFV_SDG04_TVET_006,SDG_GOAL_04,OUTCOME_FOR_SDG
CFV_SDG04_TVET_007,SDG_GOAL_04,OUTCOME_FOR_SDG
CFV_SDG04_TVET_008,SDG_GOAL_04,OUTCOME_FOR_SDG
CFV_SDG04_TVET_009,SDG_GOAL_04,OUTCOME_FOR_SDG
CFV_SDG04_TVET_010,SDG_GOAL_04,OUTCOME_FOR_SDG
CFV_SDG04_TVET_011,SDG_GOAL_04,OUTCOME_FOR_SDG
CFV_SDG04_TVET_012,SDG_GOAL_04,OUTCOME_FOR_SDG
CFV_SDG04_TVET_013,SDG_GOAL_04,OUTCOME_FOR_SDG
CFV_SDG04_TVET_014,SDG_GOAL_04,OUTCOME_FOR_SDG
CFV_SDG05_ADULT_001,SDG_GOAL_05,OUTCOME_FOR_SDG
CFV_SDG05_ADULT_002,SDG_GOAL_05,OUTCOME_FOR_SDG
CFV_SDG05_ADULT_003,SDG_GOAL_05,OUTCOME_FOR_SDG
CFV_SDG05_ADULT_004,SDG_GOAL_05,OUTCOME_FOR_SDG
CFV_SDG05_ADULT_005,SDG_GOAL_05,OUTCOME_FOR_SDG
CFV_SDG05_ADULT_006,SDG_GOAL_05,OUTCOME_FOR_SDG
CFV_SDG05_ADULT_007,SDG_GOAL_05,OUTCOME_FOR_SDG
CFV_SDG05_ADULT_008,SDG_GOAL_05,OUTCOME_FOR_SDG
CFV_SDG05_ADULT_009,SDG_GOAL_05,OUTCOME_FOR_SDG
CFV_SDG05_ADULT_010,SDG_GOAL_05,OUTCOME_FOR_SDG
CFV_SDG05_ADULT_011,SDG_GOAL_05,OUTCOME_FOR_SDG
CFV_SDG05_ADULT_012,SDG_GOAL_05,OUTCOME_FOR_SDG
CFV_SDG05_ADULT_013,SDG_GOAL_05,OUTCOME_FOR_SDG
CFV_SDG05_ADULT_014,SDG_GOAL_05,OUTCOME_FOR_SDG
CFV_SDG05_ADULT_015,SDG_GOAL_05,OUTCOME_FOR_SDG
CFV_SDG05_ADULT_016,SDG_GOAL_05,OUTCOME_FOR_SDG
CFV_SDG05_ADULT_017,SDG_GOAL_05,OUTCOME_FOR_SDG
CFV_SDG05_ADULT_018,SDG_GOAL_05,OUTCOME_FOR_SDG
CFV_SDG05_ADULT_019,SDG_GOAL_05,OUTCOME_FOR_SDG
CFV_SDG05_ADULT_020,SDG_GOAL_05,OUTCOME_FOR_SDG
CFV_SDG05_ADULT_021,SDG_GOAL_05,OUTCOME_FOR_SDG
CFV_SDG05_SEC_001,SDG_GOAL_05,OUTCOME_FOR_SDG
CFV_SDG05_SEC_002,SDG_GOAL_05,OUTCOME_FOR_SDG
CFV_SDG05_SEC_003,SDG_GOAL_05,OUTCOME_FOR_SDG
CFV_SDG05_SEC_004,SDG_GOAL_05,OUTCOME_FOR_SDG
CFV_SDG05_SEC_005,SDG_GOAL_05,OUTCOME_FOR_SDG
CFV_SDG05_SEC_006,SDG_GOAL_05,OUTCOME_FOR_SDG
CFV_SDG05_SEC_007,SDG_GOAL_05,OUTCOME_FOR_SDG
CFV_SDG05_SEC_008,SDG_GOAL_05,OUTCOME_FOR_SDG
CFV_SDG05_SEC_009,SDG_GOAL_05,OUTCOME_FOR_SDG
CFV_SDG05_SEC_010,SDG_GOAL_05,OUTCOME_FOR_SDG
CFV_SDG05_SEC_011,SDG_GOAL_05,OUTCOME_FOR_SDG
CFV_SDG05_SEC_012,SDG_GOAL_05,OUTCOME_FOR_SDG
CFV_SDG05_SEC_013,SDG_GOAL_05,OUTCOME_FOR_SDG
CFV_SDG05_SEC_014,SDG_GOAL_05,OUTCOME_FOR_SDG
CFV_SDG05_SEC_015,SDG_GOAL_05,OUTCOME_FOR_SDG
CFV_SDG05_SEC_016,SDG_GOAL_05,OUTCOME_FOR_SDG
CFV_SDG05_SEC_017,SDG_GOAL_05,OUTCOME_FOR_SDG
CFV_SDG05_SEC_018,SDG_GOAL_05,OUTCOME_FOR_SDG
CFV_SDG05_TER_001,SDG_GOAL_05,OUTCOME_FOR_SDG
CFV_SDG05_TER_002,SDG_GOAL_05,OUTCOME_FOR_SDG
CFV_SDG05_TER_003,SDG_GOAL_05,OUTCOME_FOR_SDG
CFV_SDG05_TER_004,SDG_GOAL_05,OUTCOME_FOR_SDG
CFV_SDG05_TER_005,SDG_GOAL_05,OUTCOME_FOR_SDG
CFV_SDG05_TER_006,SDG_GOAL_05,OUTCOME_FOR_SDG
CFV_SDG05_TER_007,SDG_GOAL_05,OUTCOME_FOR_SDG
CFV_SDG05_TER_008,SDG_GOAL_05,OUTCOME_FOR_SDG
CFV_SDG05_TER_009,SDG_GOAL_05,OUTCOME_FOR_SDG
CFV_SDG05_TER_010,SDG_GOAL_05,OUTCOME_FOR_SDG
CFV_SDG05_TER_011,SDG_GOAL_05,OUTCOME_FOR_SDG
CFV_SDG05_TER_012,SDG_GOAL_05,OUTCOME_FOR_SDG
CFV_SDG05_TER_013,SDG_GOAL_05,OUTCOME_FOR_SDG
CFV_SDG05_TER_014,SDG_GOAL_05,OUTCOME_FOR_SDG
CFV_SDG05_TER_015,SDG_GOAL_05,OUTCOME_FOR_SDG
CFV_SDG05_TER_016,SDG_GOAL_05,OUTCOME_FOR_SDG
CFV_SDG05_TER_017,SDG_GOAL_05,OUTCOME_FOR_SDG
CFV_SDG05_TER_018,SDG_GOAL_05,OUTCOME_FOR_SDG
CFV_SDG05_TER_019,SDG_GOAL_05,OUTCOME_FOR_SDG
CFV_SDG05_TER_020,SDG_GOAL_05,OUTCOME_FOR_SDG
CFV_SDG05_TER_021,SDG_GOAL_05,OUTCOME_FOR_SDG
CFV_SDG05_TER_022,SDG_GOAL_05,OUTCOME_FOR_SDG
CFV_SDG05_TER_023,SDG_GOAL_05,OUTCOME_FOR_SDG
CFV_SDG05_TER_024,SDG_GOAL_05,OUTCOME_FOR_SDG
CFV_SDG05_TER_025,SDG_GOAL_05,OUTCOME_FOR_SDG
CFV_SDG05_TVET_001,SDG_GOAL_05,OUTCOME_FOR_SDG
CFV_SDG05_TVET_002,SDG_GOAL_05,OUTCOME_FOR_SDG
CFV_SDG05_TVET_003,SDG_GOAL_05,OUTCOME_FOR_SDG
CFV_SDG05_TVET_004,SDG_GOAL_05,OUTCOME_FOR_SDG
CFV_SDG05_TVET_005,SDG_GOAL_05,OUTCOME_FOR_SDG
CFV_SDG05_TVET_006,SDG_GOAL_05,OUTCOME_FOR_SDG
CFV_SDG05_TVET_007,SDG_GOAL_05,OUTCOME_FOR_SDG
CFV_SDG05_TVET_008,SDG_GOAL_05,OUTCOME_FOR_SDG
CFV_SDG05_TVET_009,SDG_GOAL_05,OUTCOME_FOR_SDG
CFV_SDG05_TVET_010,SDG_GOAL_05,OUTCOME_FOR_SDG
CFV_SDG05_TVET_011,SDG_GOAL_05,OUTCOME_FOR_SDG
CFV_SDG05_TVET_012,SDG_GOAL_05,OUTCOME_FOR_SDG
CFV_SDG05_TVET_013,SDG_GOAL_05,OUTCOME_FOR_SDG
CFV_SDG05_TVET_014,SDG_GOAL_05,OUTCOME_FOR_SDG
CFV_SDG05_TVET_015,SDG_GOAL_05,OUTCOME_FOR_SDG
CFV_SDG05_TVET_016,SDG_GOAL_05,OUTCOME_FOR_SDG
CFV_SDG05_TVET_017,SDG_GOAL_05,OUTCOME_FOR_SDG
CFV_SDG05_TVET_018,SDG_GOAL_05,OUTCOME_FOR_SDG
CFV_SDG05_TVET_019,SDG_GOAL_05,OUTCOME_FOR_SDG
CFV_SDG05_TVET_020,SDG_GOAL_05,OUTCOME_FOR_SDG
CFV_SDG05_TVET_021,SDG_GOAL_05,OUTCOME_FOR_SDG
CFV_SDG05_TVET_022,SDG_GOAL_05,OUTCOME_FOR_SDG
CFV_SDG06_ADULT_001,SDG_GOAL_06,OUTCOME_FOR_SDG
CFV_SDG06_ADULT_002,SDG_GOAL_06,OUTCOME_FOR_SDG
CFV_SDG06_ADULT_003,SDG_GOAL_06,OUTCOME_FOR_SDG
CFV_SDG06_ADULT_004,SDG_GOAL_06,OUTCOME_FOR_SDG
CFV_SDG06_ADULT_005,SDG_GOAL_06,OUTCOME_FOR_SDG
CFV_SDG06_ADULT_006,SDG_GOAL_06,OUTCOME_FOR_SDG
CFV_SDG06_ADULT_007,SDG_GOAL_06,OUTCOME_FOR_SDG
CFV_SDG06_ADULT_008,SDG_GOAL_06,OUTCOME_FOR_SDG
CFV_SDG06_ADULT_009,SDG_GOAL_06,OUTCOME_FOR_SDG
CFV_SDG06_ADULT_010,SDG_GOAL_06,OUTCOME_FOR_SDG
CFV_SDG06_ADULT_011,SDG_GOAL_06,OUTCOME_FOR_SDG
CFV_SDG06_ADULT_012,SDG_GOAL_06,OUTCOME_FOR_SDG
CFV_SDG06_ADULT_013,SDG_GOAL_06,OUTCOME_FOR_SDG
CFV_SDG06_ADULT_014,SDG_GOAL_06,OUTCOME_FOR_SDG
CFV_SDG06_ADULT_015,SDG_GOAL_06,OUTCOME_FOR_SDG
CFV_SDG06_ADULT_016,SDG_GOAL_06,OUTCOME_FOR_SDG
CFV_SDG06_ADULT_017,SDG_GOAL_06,OUTCOME_FOR_SDG
CFV_SDG06_ADULT_018,SDG_GOAL_06,OUTCOME_FOR_SDG
CFV_SDG06_ADULT_019,SDG_GOAL_06,OUTCOME_FOR_SDG
CFV_SDG06_SEC_001,SDG_GOAL_06,OUTCOME_FOR_SDG
CFV_SDG06_SEC_002,SDG_GOAL_06,OUTCOME_FOR_SDG
CFV_SDG06_SEC_003,SDG_GOAL_06,OUTCOME_FOR_SDG
CFV_SDG06_SEC_004,SDG_GOAL_06,OUTCOME_FOR_SDG
CFV_SDG06_SEC_005,SDG_GOAL_06,OUTCOME_FOR_SDG
CFV_SDG06_SEC_006,SDG_GOAL_06,OUTCOME_FOR_SDG
CFV_SDG06_SEC_007,SDG_GOAL_06,OUTCOME_FOR_SDG
CFV_SDG06_SEC_008,SDG_GOAL_06,OUTCOME_FOR_SDG
CFV_SDG06_SEC_009,SDG_GOAL_06,OUTCOME_FOR_SDG
CFV_SDG06_SEC_010,SDG_GOAL_06,OUTCOME_FOR_SDG
CFV_SDG06_SEC_011,SDG_GOAL_06,OUTCOME_FOR_SDG
CFV_SDG06_SEC_012,SDG_GOAL_06,OUTCOME_FOR_SDG
CFV_SDG06_SEC_013,SDG_GOAL_06,OUTCOME_FOR_SDG
CFV_SDG06_SEC_014,SDG_GOAL_06,OUTCOME_FOR_SDG
CFV_SDG06_SEC_015,SDG_GOAL_06,OUTCOME_FOR_SDG
CFV_SDG06_SEC_016,SDG_GOAL_06,OUTCOME_FOR_SDG
CFV_SDG06_SEC_017,SDG_GOAL_06,OUTCOME_FOR_SDG
CFV_SDG06_SEC_018,SDG_GOAL_06,OUTCOME_FOR_SDG
CFV_SDG06_SEC_019,SDG_GOAL_06,OUTCOME_FOR_SDG
CFV_SDG06_SEC_020,SDG_GOAL_06,OUTCOME_FOR_SDG
CFV_SDG06_TER_001,SDG_GOAL_06,OUTCOME_FOR_SDG
CFV_SDG06_TER_002,SDG_GOAL_06,OUTCOME_FOR_SDG
CFV_SDG06_TER_003,SDG_GOAL_06,OUTCOME_FOR_SDG
CFV_SDG06_TER_004,SDG_GOAL_06,OUTCOME_FOR_SDG
CFV_SDG06_TER_005,SDG_GOAL_06,OUTCOME_FOR_SDG
CFV_SDG06_TER_006,SDG_GOAL_06,OUTCOME_FOR_SDG
CFV_SDG06_TER_007,SDG_GOAL_06,OUTCOME_FOR_SDG
CFV_SDG06_TER_008,SDG_GOAL_06,OUTCOME_FOR_SDG
CFV_SDG06_TER_009,SDG_GOAL_06,OUTCOME_FOR_SDG
CFV_SDG06_TER_010,SDG_GOAL_06,OUTCOME_FOR_SDG
CFV_SDG06_TER_011,SDG_GOAL_06,OUTCOME_FOR_SDG
CFV_SDG06_TER_012,SDG_GOAL_06,OUTCOME_FOR_SDG
CFV_SDG06_TER_013,SDG_GOAL_06,OUTCOME_FOR_SDG
CFV_SDG06_TER_014,SDG_GOAL_06,OUTCOME_FOR_SDG
CFV_SDG06_TER_015,SDG_GOAL_06,OUTCOME_FOR_SDG
CFV_SDG06_TER_016,SDG_GOAL_06,OUTCOME_FOR_SDG
CFV_SDG06_TER_017,SDG_GOAL_06,OUTCOME_FOR_SDG
CFV_SDG06_TER_018,SDG_GOAL_06,OUTCOME_FOR_SDG
CFV_SDG06_TVET_001,SDG_GOAL_06,OUTCOME_FOR_SDG
CFV_SDG06_TVET_002,SDG_GOAL_06,OUTCOME_FOR_SDG
CFV_SDG06_TVET_003,SDG_GOAL_06,OUTCOME_FOR_SDG
CFV_SDG06_TVET_004,SDG_GOAL_06,OUTCOME_FOR_SDG
CFV_SDG06_TVET_005,SDG_GOAL_06,OUTCOME_FOR_SDG
CFV_SDG06_TVET_006,SDG_GOAL_06,OUTCOME_FOR_SDG
CFV_SDG06_TVET_007,SDG_GOAL_06,OUTCOME_FOR_SDG
CFV_SDG06_TVET_008,SDG_GOAL_06,OUTCOME_FOR_SDG
CFV_SDG06_TVET_009,SDG_GOAL_06,OUTCOME_FOR_SDG
CFV_SDG06_TVET_010,SDG_GOAL_06,OUTCOME_FOR_SDG
CFV_SDG06_TVET_011,SDG_GOAL_06,OUTCOME_FOR_SDG
CFV_SDG06_TVET_012,SDG_GOAL_06,OUTCOME_FOR_SDG
CFV_SDG06_TVET_013,SDG_GOAL_06,OUTCOME_FOR_SDG
CFV_SDG06_TVET_014,SDG_GOAL_06,OUTCOME_FOR_SDG
CFV_SDG06_TVET_015,SDG_GOAL_06,OUTCOME_FOR_SDG
CFV_SDG06_TVET_016,SDG_GOAL_06,OUTCOME_FOR_SDG
CFV_SDG06_TVET_017,SDG_GOAL_06,OUTCOME_FOR_SDG
CFV_SDG07_ADULT_001,SDG_GOAL_07,OUTCOME_FOR_SDG
CFV_SDG07_ADULT_002,SDG_GOAL_07,OUTCOME_FOR_SDG
CFV_SDG07_ADULT_003,SDG_GOAL_07,OUTCOME_FOR_SDG
CFV_SDG07_ADULT_004,SDG_GOAL_07,OUTCOME_FOR_SDG
CFV_SDG07_ADULT_005,SDG_GOAL_07,OUTCOME_FOR_SDG
CFV_SDG07_ADULT_006,SDG_GOAL_07,OUTCOME_FOR_SDG
CFV_SDG07_ADULT_007,SDG_GOAL_07,OUTCOME_FOR_SDG
CFV_SDG07_ADULT_008,SDG_GOAL_07,OUTCOME_FOR_SDG
CFV_SDG07_ADULT_009,SDG_GOAL_07,OUTCOME_FOR_SDG
CFV_SDG07_ADULT_010,SDG_GOAL_07,OUTCOME_FOR_SDG
CFV_SDG07_ADULT_011,SDG_GOAL_07,OUTCOME_FOR_SDG
CFV_SDG07_ADULT_012,SDG_GOAL_07,OUTCOME_FOR_SDG
CFV_SDG07_SEC_001,SDG_GOAL_07,OUTCOME_FOR_SDG
CFV_SDG07_SEC_002,SDG_GOAL_07,OUTCOME_FOR_SDG
CFV_SDG07_SEC_003,SDG_GOAL_07,OUTCOME_FOR_SDG
CFV_SDG07_SEC_004,SDG_GOAL_07,OUTCOME_FOR_SDG
CFV_SDG07_SEC_005,SDG_GOAL_07,OUTCOME_FOR_SDG
CFV_SDG07_SEC_006,SDG_GOAL_07,OUTCOME_FOR_SDG
CFV_SDG07_SEC_007,SDG_GOAL_07,OUTCOME_FOR_SDG
CFV_SDG07_SEC_008,SDG_GOAL_07,OUTCOME_FOR_SDG
CFV_SDG07_SEC_009,SDG_GOAL_07,OUTCOME_FOR_SDG
CFV_SDG07_SEC_010,SDG_GOAL_07,OUTCOME_FOR_SDG
CFV_SDG07_SEC_011,SDG_GOAL_07,OUTCOME_FOR_SDG
CFV_SDG07_SEC_012,SDG_GOAL_07,OUTCOME_FOR_SDG
CFV_SDG07_TER_001,SDG_GOAL_07,OUTCOME_FOR_SDG
CFV_SDG07_TER_002,SDG_GOAL_07,OUTCOME_FOR_SDG
CFV_SDG07_TER_003,SDG_GOAL_07,OUTCOME_FOR_SDG
CFV_SDG07_TER_004,SDG_GOAL_07,OUTCOME_FOR_SDG
CFV_SDG07_TER_005,SDG_GOAL_07,OUTCOME_FOR_SDG
CFV_SDG07_TER_006,SDG_GOAL_07,OUTCOME_FOR_SDG
CFV_SDG07_TER_007,SDG_GOAL_07,OUTCOME_FOR_SDG
CFV_SDG07_TER_008,SDG_GOAL_07,OUTCOME_FOR_SDG
CFV_SDG07_TER_009,SDG_GOAL_07,OUTCOME_FOR_SDG
CFV_SDG07_TER_010,SDG_GOAL_07,OUTCOME_FOR_SDG
CFV_SDG07_TER_011,SDG_GOAL_07,OUTCOME_FOR_SDG
CFV_SDG07_TER_012,SDG_GOAL_07,OUTCOME_FOR_SDG
CFV_SDG07_TVET_001,SDG_GOAL_07,OUTCOME_FOR_SDG
CFV_SDG07_TVET_002,SDG_GOAL_07,OUTCOME_FOR_SDG
CFV_SDG07_TVET_003,SDG_GOAL_07,OUTCOME_FOR_SDG
CFV_SDG07_TVET_004,SDG_GOAL_07,OUTCOME_FOR_SDG
CFV_SDG07_TVET_005,SDG_GOAL_07,OUTCOME_FOR_SDG
CFV_SDG07_TVET_006,SDG_GOAL_07,OUTCOME_FOR_SDG
CFV_SDG07_TVET_007,SDG_GOAL_07,OUTCOME_FOR_SDG
CFV_SDG07_TVET_008,SDG_GOAL_07,OUTCOME_FOR_SDG
CFV_SDG07_TVET_009,SDG_GOAL_07,OUTCOME_FOR_SDG
CFV_SDG07_TVET_010,SDG_GOAL_07,OUTCOME_FOR_SDG
CFV_SDG07_TVET_011,SDG_GOAL_07,OUTCOME_FOR_SDG
CFV_SDG07_TVET_012,SDG_GOAL_07,OUTCOME_FOR_SDG
CFV_SDG08_ADULT_001,SDG_GOAL_08,OUTCOME_FOR_SDG
CFV_SDG08_ADULT_002,SDG_GOAL_08,OUTCOME_FOR_SDG
CFV_SDG08_ADULT_003,SDG_GOAL_08,OUTCOME_FOR_SDG
CFV_SDG08_ADULT_004,SDG_GOAL_08,OUTCOME_FOR_SDG
CFV_SDG08_ADULT_005,SDG_GOAL_08,OUTCOME_FOR_SDG
CFV_SDG08_ADULT_006,SDG_GOAL_08,OUTCOME_FOR_SDG
CFV_SDG08_ADULT_007,SDG_GOAL_08,OUTCOME_FOR_SDG
CFV_SDG08_ADULT_008,SDG_GOAL_08,OUTCOME_FOR_SDG
CFV_SDG08_ADULT_009,SDG_GOAL_08,OUTCOME_FOR_SDG
CFV_SDG08_ADULT_010,SDG_GOAL_08,OUTCOME_FOR_SDG
CFV_SDG08_ADULT_011,SDG_GOAL_08,OUTCOME_FOR_SDG
CFV_SDG08_ADULT_012,SDG_GOAL_08,OUTCOME_FOR_SDG
CFV_SDG08_ADULT_013,SDG_GOAL_08,OUTCOME_FOR_SDG
CFV_SDG08_ADULT_014,SDG_GOAL_08,OUTCOME_FOR_SDG
CFV_SDG08_ADULT_015,SDG_GOAL_08,OUTCOME_FOR_SDG
CFV_SDG08_ADULT_016,SDG_GOAL_08,OUTCOME_FOR_SDG
CFV_SDG08_ADULT_017,SDG_GOAL_08,OUTCOME_FOR_SDG
CFV_SDG08_ADULT_018,SDG_GOAL_08,OUTCOME_FOR_SDG
CFV_SDG08_ADULT_019,SDG_GOAL_08,OUTCOME_FOR_SDG
CFV_SDG08_ADULT_020,SDG_GOAL_08,OUTCOME_FOR_SDG
CFV_SDG08_ADULT_021,SDG_GOAL_08,OUTCOME_FOR_SDG
CFV_SDG08_ADULT_022,SDG_GOAL_08,OUTCOME_FOR_SDG
CFV_SDG08_ADULT_023,SDG_GOAL_08,OUTCOME_FOR_SDG
CFV_SDG08_ADULT_024,SDG_GOAL_08,OUTCOME_FOR_SDG
CFV_SDG08_SEC_001,SDG_GOAL_08,OUTCOME_FOR_SDG
CFV_SDG08_SEC_002,SDG_GOAL_08,OUTCOME_FOR_SDG
CFV_SDG08_SEC_003,SDG_GOAL_08,OUTCOME_FOR_SDG
CFV_SDG08_SEC_004,SDG_GOAL_08,OUTCOME_FOR_SDG
CFV_SDG08_SEC_005,SDG_GOAL_08,OUTCOME_FOR_SDG
CFV_SDG08_SEC_006,SDG_GOAL_08,OUTCOME_FOR_SDG
CFV_SDG08_SEC_007,SDG_GOAL_08,OUTCOME_FOR_SDG
CFV_SDG08_SEC_008,SDG_GOAL_08,OUTCOME_FOR_SDG
CFV_SDG08_SEC_009,SDG_GOAL_08,OUTCOME_FOR_SDG
CFV_SDG08_SEC_010,SDG_GOAL_08,OUTCOME_FOR_SDG
CFV_SDG08_SEC_011,SDG_GOAL_08,OUTCOME_FOR_SDG
CFV_SDG08_SEC_012,SDG_GOAL_08,OUTCOME_FOR_SDG
CFV_SDG08_SEC_013,SDG_GOAL_08,OUTCOME_FOR_SDG
CFV_SDG08_SEC_014,SDG_GOAL_08,OUTCOME_FOR_SDG
CFV_SDG08_SEC_015,SDG_GOAL_08,OUTCOME_FOR_SDG
CFV_SDG08_SEC_016,SDG_GOAL_08,OUTCOME_FOR_SDG
CFV_SDG08_SEC_017,SDG_GOAL_08,OUTCOME_FOR_SDG
CFV_SDG08_SEC_018,SDG_GOAL_08,OUTCOME_FOR_SDG
CFV_SDG08_SEC_019,SDG_GOAL_08,OUTCOME_FOR_SDG
CFV_SDG08_SEC_020,SDG_GOAL_08,OUTCOME_FOR_SDG
CFV_SDG08_SEC_021,SDG_GOAL_08,OUTCOME_FOR_SDG
CFV_SDG08_SEC_022,SDG_GOAL_08,OUTCOME_FOR_SDG
CFV_SDG08_SEC_023,SDG_GOAL_08,OUTCOME_FOR_SDG
CFV_SDG08_SEC_024,SDG_GOAL_08,OUTCOME_FOR_SDG
CFV_SDG08_TER_001,SDG_GOAL_08,OUTCOME_FOR_SDG
CFV_SDG08_TER_002,SDG_GOAL_08,OUTCOME_FOR_SDG
CFV_SDG08_TER_003,SDG_GOAL_08,OUTCOME_FOR_SDG
CFV_SDG08_TER_004,SDG_GOAL_08,OUTCOME_FOR_SDG
CFV_SDG08_TER_005,SDG_GOAL_08,OUTCOME_FOR_SDG
CFV_SDG08_TER_006,SDG_GOAL_08,OUTCOME_FOR_SDG
CFV_SDG08_TER_007,SDG_GOAL_08,OUTCOME_FOR_SDG
CFV_SDG08_TER_008,SDG_GOAL_08,OUTCOME_FOR_SDG
CFV_SDG08_TER_009,SDG_GOAL_08,OUTCOME_FOR_SDG
CFV_SDG08_TER_010,SDG_GOAL_08,OUTCOME_FOR_SDG
CFV_SDG08_TER_011,SDG_GOAL_08,OUTCOME_FOR_SDG
CFV_SDG08_TER_012,SDG_GOAL_08,OUTCOME_FOR_SDG
CFV_SDG08_TER_013,SDG_GOAL_08,OUTCOME_FOR_SDG
CFV_SDG08_TER_014,SDG_GOAL_08,OUTCOME_FOR_SDG
CFV_SDG08_TER_015,SDG_GOAL_08,OUTCOME_FOR_SDG
CFV_SDG08_TER_016,SDG_GOAL_08,OUTCOME_FOR_SDG
CFV_SDG08_TER_017,SDG_GOAL_08,OUTCOME_FOR_SDG
CFV_SDG08_TER_018,SDG_GOAL_08,OUTCOME_FOR_SDG
CFV_SDG08_TER_019,SDG_GOAL_08,OUTCOME_FOR_SDG
CFV_SDG08_TER_020,SDG_GOAL_08,OUTCOME_FOR_SDG
CFV_SDG08_TER_021,SDG_GOAL_08,OUTCOME_FOR_SDG
CFV_SDG08_TER_022,SDG_GOAL_08,OUTCOME_FOR_SDG
CFV_SDG08_TER_023,SDG_GOAL_08,OUTCOME_FOR_SDG
CFV_SDG08_TER_024,SDG_GOAL_08,OUTCOME_FOR_SDG
CFV_SDG08_TER_025,SDG_GOAL_08,OUTCOME_FOR_SDG
CFV_SDG08_TER_026,SDG_GOAL_08,OUTCOME_FOR_SDG
CFV_SDG08_TER_027,SDG_GOAL_08,OUTCOME_FOR_SDG
CFV_SDG08_TER_028,SDG_GOAL_08,OUTCOME_FOR_SDG
CFV_SDG08_TER_029,SDG_GOAL_08,OUTCOME_FOR_SDG
CFV_SDG08_TER_030,SDG_GOAL_08,OUTCOME_FOR_SDG
CFV_SDG08_TER_031,SDG_GOAL_08,OUTCOME_FOR_SDG
CFV_SDG08_TER_032,SDG_GOAL_08,OUTCOME_FOR_SDG
CFV_SDG08_TER_033,SDG_GOAL_08,OUTCOME_FOR_SDG
CFV_SDG08_TVET_001,SDG_GOAL_08,OUTCOME_FOR_SDG
CFV_SDG08_TVET_002,SDG_GOAL_08,OUTCOME_FOR_SDG
CFV_SDG08_TVET_003,SDG_GOAL_08,OUTCOME_FOR_SDG
CFV_SDG08_TVET_004,SDG_GOAL_08,OUTCOME_FOR_SDG
CFV_SDG08_TVET_005,SDG_GOAL_08,OUTCOME_FOR_SDG
CFV_SDG08_TVET_006,SDG_GOAL_08,OUTCOME_FOR_SDG
CFV_SDG08_TVET_007,SDG_GOAL_08,OUTCOME_FOR_SDG
CFV_SDG08_TVET_008,SDG_GOAL_08,OUTCOME_FOR_SDG
CFV_SDG08_TVET_009,SDG_GOAL_08,OUTCOME_FOR_SDG
CFV_SDG08_TVET_010,SDG_GOAL_08,OUTCOME_FOR_SDG
CFV_SDG08_TVET_011,SDG_GOAL_08,OUTCOME_FOR_SDG
CFV_SDG08_TVET_012,SDG_GOAL_08,OUTCOME_FOR_SDG
CFV_SDG08_TVET_013,SDG_GOAL_08,OUTCOME_FOR_SDG
CFV_SDG08_TVET_014,SDG_GOAL_08,OUTCOME_FOR_SDG
CFV_SDG08_TVET_015,SDG_GOAL_08,OUTCOME_FOR_SDG
CFV_SDG08_TVET_016,SDG_GOAL_08,OUTCOME_FOR_SDG
CFV_SDG08_TVET_017,SDG_GOAL_08,OUTCOME_FOR_SDG
CFV_SDG08_TVET_018,SDG_GOAL_08,OUTCOME_FOR_SDG
CFV_SDG08_TVET_019,SDG_GOAL_08,OUTCOME_FOR_SDG
CFV_SDG08_TVET_020,SDG_GOAL_08,OUTCOME_FOR_SDG
CFV_SDG08_TVET_021,SDG_GOAL_08,OUTCOME_FOR_SDG
CFV_SDG08_TVET_022,SDG_GOAL_08,OUTCOME_FOR_SDG
CFV_SDG08_TVET_023,SDG_GOAL_08,OUTCOME_FOR_SDG
CFV_SDG08_TVET_024,SDG_GOAL_08,OUTCOME_FOR_SDG
CFV_SDG08_TVET_025,SDG_GOAL_08,OUTCOME_FOR_SDG
CFV_SDG08_TVET_026,SDG_GOAL_08,OUTCOME_FOR_SDG
CFV_SDG08_TVET_027,SDG_GOAL_08,OUTCOME_FOR_SDG
CFV_SDG08_TVET_028,SDG_GOAL_08,OUTCOME_FOR_SDG
CFV_SDG08_TVET_029,SDG_GOAL_08,OUTCOME_FOR_SDG
CFV_SDG08_TVET_030,SDG_GOAL_08,OUTCOME_FOR_SDG
CFV_SDG08_TVET_031,SDG_GOAL_08,OUTCOME_FOR_SDG
CFV_SDG08_TVET_032,SDG_GOAL_08,OUTCOME_FOR_SDG
CFV_SDG08_TVET_033,SDG_GOAL_08,OUTCOME_FOR_SDG
CFV_SDG09_ADULT_001,SDG_GOAL_09,OUTCOME_FOR_SDG
CFV_SDG09_ADULT_002,SDG_GOAL_09,OUTCOME_FOR_SDG
CFV_SDG09_ADULT_003,SDG_GOAL_09,OUTCOME_FOR_SDG
CFV_SDG09_ADULT_004,SDG_GOAL_09,OUTCOME_FOR_SDG
CFV_SDG09_ADULT_005,SDG_GOAL_09,OUTCOME_FOR_SDG
CFV_SDG09_ADULT_006,SDG_GOAL_09,OUTCOME_FOR_SDG
CFV_SDG09_ADULT_007,SDG_GOAL_09,OUTCOME_FOR_SDG
CFV_SDG09_ADULT_008,SDG_GOAL_09,OUTCOME_FOR_SDG
CFV_SDG09_ADULT_009,SDG_GOAL_09,OUTCOME_FOR_SDG
CFV_SDG09_ADULT_010,SDG_GOAL_09,OUTCOME_FOR_SDG
CFV_SDG09_SEC_001,SDG_GOAL_09,OUTCOME_FOR_SDG
CFV_SDG09_SEC_002,SDG_GOAL_09,OUTCOME_FOR_SDG
CFV_SDG09_SEC_003,SDG_GOAL_09,OUTCOME_FOR_SDG
CFV_SDG09_SEC_004,SDG_GOAL_09,OUTCOME_FOR_SDG
CFV_SDG09_SEC_005,SDG_GOAL_09,OUTCOME_FOR_SDG
CFV_SDG09_SEC_006,SDG_GOAL_09,OUTCOME_FOR_SDG
CFV_SDG09_SEC_007,SDG_GOAL_09,OUTCOME_FOR_SDG
CFV_SDG09_SEC_008,SDG_GOAL_09,OUTCOME_FOR_SDG
CFV_SDG09_SEC_009,SDG_GOAL_09,OUTCOME_FOR_SDG
CFV_SDG09_SEC_010,SDG_GOAL_09,OUTCOME_FOR_SDG
CFV_SDG09_SEC_011,SDG_GOAL_09,OUTCOME_FOR_SDG
CFV_SDG09_SEC_012,SDG_GOAL_09,OUTCOME_FOR_SDG
CFV_SDG09_SEC_013,SDG_GOAL_09,OUTCOME_FOR_SDG
CFV_SDG09_SEC_014,SDG_GOAL_09,OUTCOME_FOR_SDG
CFV_SDG09_SEC_015,SDG_GOAL_09,OUTCOME_FOR_SDG
CFV_SDG09_TER_001,SDG_GOAL_09,OUTCOME_FOR_SDG
CFV_SDG09_TER_002,SDG_GOAL_09,OUTCOME_FOR_SDG
CFV_SDG09_TER_003,SDG_GOAL_09,OUTCOME_FOR_SDG
CFV_SDG09_TER_004,SDG_GOAL_09,OUTCOME_FOR_SDG
CFV_SDG09_TER_005,SDG_GOAL_09,OUTCOME_FOR_SDG
CFV_SDG09_TER_006,SDG_GOAL_09,OUTCOME_FOR_SDG
CFV_SDG09_TER_007,SDG_GOAL_09,OUTCOME_FOR_SDG
CFV_SDG09_TER_008,SDG_GOAL_09,OUTCOME_FOR_SDG
CFV_SDG09_TER_009,SDG_GOAL_09,OUTCOME_FOR_SDG
CFV_SDG09_TER_010,SDG_GOAL_09,OUTCOME_FOR_SDG
CFV_SDG09_TER_011,SDG_GOAL_09,OUTCOME_FOR_SDG
CFV_SDG09_TER_012,SDG_GOAL_09,OUTCOME_FOR_SDG
CFV_SDG09_TVET_001,SDG_GOAL_09,OUTCOME_FOR_SDG
CFV_SDG09_TVET_002,SDG_GOAL_09,OUTCOME_FOR_SDG
CFV_SDG09_TVET_003,SDG_GOAL_09,OUTCOME_FOR_SDG
CFV_SDG09_TVET_004,SDG_GOAL_09,OUTCOME_FOR_SDG
CFV_SDG09_TVET_005,SDG_GOAL_09,OUTCOME_FOR_SDG
CFV_SDG09_TVET_006,SDG_GOAL_09,OUTCOME_FOR_SDG
CFV_SDG09_TVET_007,SDG_GOAL_09,OUTCOME_FOR_SDG
CFV_SDG09_TVET_008,SDG_GOAL_09,OUTCOME_FOR_SDG
CFV_SDG09_TVET_009,SDG_GOAL_09,OUTCOME_FOR_SDG
CFV_SDG09_TVET_010,SDG_GOAL_09,OUTCOME_FOR_SDG
CFV_SDG09_TVET_011,SDG_GOAL_09,OUTCOME_FOR_SDG
CFV_SDG09_TVET_012,SDG_GOAL_09,OUTCOME_FOR_SDG
CFV_SDG10_ADULT_001,SDG_GOAL_10,OUTCOME_FOR_SDG
CFV_SDG10_ADULT_002,SDG_GOAL_10,OUTCOME_FOR_SDG
CFV_SDG10_ADULT_003,SDG_GOAL_10,OUTCOME_FOR_SDG
CFV_SDG10_ADULT_004,SDG_GOAL_10,OUTCOME_FOR_SDG
CFV_SDG10_ADULT_005,SDG_GOAL_10,OUTCOME_FOR_SDG
CFV_SDG10_SEC_001,SDG_GOAL_10,OUTCOME_FOR_SDG
CFV_SDG10_SEC_002,SDG_GOAL_10,OUTCOME_FOR_SDG
CFV_SDG10_SEC_003,SDG_GOAL_10,OUTCOME_FOR_SDG
CFV_SDG10_SEC_004,SDG_GOAL_10,OUTCOME_FOR_SDG
CFV_SDG10_SEC_005,SDG_GOAL_10,OUTCOME_FOR_SDG
CFV_SDG10_SEC_006,SDG_GOAL_10,OUTCOME_FOR_SDG
CFV_SDG10_SEC_007,SDG_GOAL_10,OUTCOME_FOR_SDG
CFV_SDG10_SEC_008,SDG_GOAL_10,OUTCOME_FOR_SDG
CFV_SDG10_SEC_009,SDG_GOAL_10,OUTCOME_FOR_SDG
CFV_SDG10_TER_001,SDG_GOAL_10,OUTCOME_FOR_SDG
CFV_SDG10_TER_002,SDG_GOAL_10,OUTCOME_FOR_SDG
CFV_SDG10_TER_003,SDG_GOAL_10,OUTCOME_FOR_SDG
CFV_SDG10_TER_004,SDG_GOAL_10,OUTCOME_FOR_SDG
CFV_SDG10_TER_005,SDG_GOAL_10,OUTCOME_FOR_SDG
CFV_SDG10_TER_006,SDG_GOAL_10,OUTCOME_FOR_SDG
CFV_SDG10_TVET_001,SDG_GOAL_10,OUTCOME_FOR_SDG
CFV_SDG10_TVET_002,SDG_GOAL_10,OUTCOME_FOR_SDG
CFV_SDG10_TVET_003,SDG_GOAL_10,OUTCOME_FOR_SDG
CFV_SDG10_TVET_004,SDG_GOAL_10,OUTCOME_FOR_SDG
CFV_SDG10_TVET_005,SDG_GOAL_10,OUTCOME_FOR_SDG
CFV_SDG10_TVET_006,SDG_GOAL_10,OUTCOME_FOR_SDG
CFV_SDG11_ADULT_001,SDG_GOAL_11,OUTCOME_FOR_SDG
CFV_SDG11_ADULT_002,SDG_GOAL_11,OUTCOME_FOR_SDG
CFV_SDG11_ADULT_003,SDG_GOAL_11,OUTCOME_FOR_SDG
CFV_SDG11_ADULT_004,SDG_GOAL_11,OUTCOME_FOR_SDG
CFV_SDG11_ADULT_005,SDG_GOAL_11,OUTCOME_FOR_SDG
CFV_SDG11_ADULT_006,SDG_GOAL_11,OUTCOME_FOR_SDG
CFV_SDG11_ADULT_007,SDG_GOAL_11,OUTCOME_FOR_SDG
CFV_SDG11_ADULT_008,SDG_GOAL_11,OUTCOME_FOR_SDG
CFV_SDG11_ADULT_009,SDG_GOAL_11,OUTCOME_FOR_SDG
CFV_SDG11_ADULT_010,SDG_GOAL_11,OUTCOME_FOR_SDG
CFV_SDG11_ADULT_011,SDG_GOAL_11,OUTCOME_FOR_SDG
CFV_SDG11_ADULT_012,SDG_GOAL_11,OUTCOME_FOR_SDG
CFV_SDG11_ADULT_013,SDG_GOAL_11,OUTCOME_FOR_SDG
CFV_SDG11_ADULT_014,SDG_GOAL_11,OUTCOME_FOR_SDG
CFV_SDG11_ADULT_015,SDG_GOAL_11,OUTCOME_FOR_SDG
CFV_SDG11_ADULT_016,SDG_GOAL_11,OUTCOME_FOR_SDG
CFV_SDG11_SEC_001,SDG_GOAL_11,OUTCOME_FOR_SDG
CFV_SDG11_SEC_002,SDG_GOAL_11,OUTCOME_FOR_SDG
CFV_SDG11_SEC_003,SDG_GOAL_11,OUTCOME_FOR_SDG
CFV_SDG11_SEC_004,SDG_GOAL_11,OUTCOME_FOR_SDG
CFV_SDG11_SEC_005,SDG_GOAL_11,OUTCOME_FOR_SDG
CFV_SDG11_SEC_006,SDG_GOAL_11,OUTCOME_FOR_SDG
CFV_SDG11_SEC_007,SDG_GOAL_11,OUTCOME_FOR_SDG
CFV_SDG11_SEC_008,SDG_GOAL_11,OUTCOME_FOR_SDG
CFV_SDG11_SEC_009,SDG_GOAL_11,OUTCOME_FOR_SDG
CFV_SDG11_SEC_010,SDG_GOAL_11,OUTCOME_FOR_SDG
CFV_SDG11_SEC_011,SDG_GOAL_11,OUTCOME_FOR_SDG
CFV_SDG11_SEC_012,SDG_GOAL_11,OUTCOME_FOR_SDG
CFV_SDG11_SEC_013,SDG_GOAL_11,OUTCOME_FOR_SDG
CFV_SDG11_SEC_014,SDG_GOAL_11,OUTCOME_FOR_SDG
CFV_SDG11_SEC_015,SDG_GOAL_11,OUTCOME_FOR_SDG
CFV_SDG11_SEC_016,SDG_GOAL_11,OUTCOME_FOR_SDG
CFV_SDG11_SEC_017,SDG_GOAL_11,OUTCOME_FOR_SDG
CFV_SDG11_SEC_018,SDG_GOAL_11,OUTCOME_FOR_SDG
CFV_SDG11_SEC_019,SDG_GOAL_11,OUTCOME_FOR_SDG
CFV_SDG11_SEC_020,SDG_GOAL_11,OUTCOME_FOR_SDG
CFV_SDG11_SEC_021,SDG_GOAL_11,OUTCOME_FOR_SDG
CFV_SDG11_SEC_022,SDG_GOAL_11,OUTCOME_FOR_SDG
CFV_SDG11_SEC_023,SDG_GOAL_11,OUTCOME_FOR_SDG
CFV_SDG11_TER_001,SDG_GOAL_11,OUTCOME_FOR_SDG
CFV_SDG11_TER_002,SDG_GOAL_11,OUTCOME_FOR_SDG
CFV_SDG11_TER_003,SDG_GOAL_11,OUTCOME_FOR_SDG
CFV_SDG11_TER_004,SDG_GOAL_11,OUTCOME_FOR_SDG
CFV_SDG11_TER_005,SDG_GOAL_11,OUTCOME_FOR_SDG
CFV_SDG11_TER_006,SDG_GOAL_11,OUTCOME_FOR_SDG
CFV_SDG11_TER_007,SDG_GOAL_11,OUTCOME_FOR_SDG
CFV_SDG11_TER_008,SDG_GOAL_11,OUTCOME_FOR_SDG
CFV_SDG11_TER_009,SDG_GOAL_11,OUTCOME_FOR_SDG
CFV_SDG11_TER_010,SDG_GOAL_11,OUTCOME_FOR_SDG
CFV_SDG11_TER_011,SDG_GOAL_11,OUTCOME_FOR_SDG
CFV_SDG11_TER_012,SDG_GOAL_11,OUTCOME_FOR_SDG
CFV_SDG11_TER_013,SDG_GOAL_11,OUTCOME_FOR_SDG
CFV_SDG11_TER_014,SDG_GOAL_11,OUTCOME_FOR_SDG
CFV_SDG11_TER_015,SDG_GOAL_11,OUTCOME_FOR_SDG
CFV_SDG11_TER_016,SDG_GOAL_11,OUTCOME_FOR_SDG
CFV_SDG11_TER_017,SDG_GOAL_11,OUTCOME_FOR_SDG
CFV_SDG11_TVET_001,SDG_GOAL_11,OUTCOME_FOR_SDG
CFV_SDG11_TVET_002,SDG_GOAL_11,OUTCOME_FOR_SDG
CFV_SDG11_TVET_003,SDG_GOAL_11,OUTCOME_FOR_SDG
CFV_SDG11_TVET_004,SDG_GOAL_11,OUTCOME_FOR_SDG
CFV_SDG11_TVET_005,SDG_GOAL_11,OUTCOME_FOR_SDG
CFV_SDG11_TVET_006,SDG_GOAL_11,OUTCOME_FOR_SDG
CFV_SDG11_TVET_007,SDG_GOAL_11,OUTCOME_FOR_SDG
CFV_SDG11_TVET_008,SDG_GOAL_11,OUTCOME_FOR_SDG
CFV_SDG11_TVET_009,SDG_GOAL_11,OUTCOME_FOR_SDG
CFV_SDG11_TVET_010,SDG_GOAL_11,OUTCOME_FOR_SDG
CFV_SDG11_TVET_011,SDG_GOAL_11,OUTCOME_FOR_SDG
CFV_SDG11_TVET_012,SDG_GOAL_11,OUTCOME_FOR_SDG
CFV_SDG11_TVET_013,SDG_GOAL_11,OUTCOME_FOR_SDG
CFV_SDG11_TVET_014,SDG_GOAL_11,OUTCOME_FOR_SDG
CFV_SDG11_TVET_015,SDG_GOAL_11,OUTCOME_FOR_SDG
CFV_SDG11_TVET_016,SDG_GOAL_11,OUTCOME_FOR_SDG
CFV_SDG11_TVET_017,SDG_GOAL_11,OUTCOME_FOR_SDG
CFV_SDG11_TVET_018,SDG_GOAL_11,OUTCOME_FOR_SDG
CFV_SDG11_TVET_019,SDG_GOAL_11,OUTCOME_FOR_SDG
CFV_SDG11_TVET_020,SDG_GOAL_11,OUTCOME_FOR_SDG
CFV_SDG12_ADULT_001,SDG_GOAL_12,OUTCOME_FOR_SDG
CFV_SDG12_ADULT_002,SDG_GOAL_12,OUTCOME_FOR_SDG
CFV_SDG12_ADULT_003,SDG_GOAL_12,OUTCOME_FOR_SDG
CFV_SDG12_ADULT_004,SDG_GOAL_12,OUTCOME_FOR_SDG
CFV_SDG12_ADULT_005,SDG_GOAL_12,OUTCOME_FOR_SDG
CFV_SDG12_ADULT_006,SDG_GOAL_12,OUTCOME_FOR_SDG
CFV_SDG12_ADULT_007,SDG_GOAL_12,OUTCOME_FOR_SDG
CFV_SDG12_ADULT_008,SDG_GOAL_12,OUTCOME_FOR_SDG
CFV_SDG12_SEC_001,SDG_GOAL_12,OUTCOME_FOR_SDG
CFV_SDG12_SEC_002,SDG_GOAL_12,OUTCOME_FOR_SDG
CFV_SDG12_SEC_003,SDG_GOAL_12,OUTCOME_FOR_SDG
CFV_SDG12_SEC_004,SDG_GOAL_12,OUTCOME_FOR_SDG
CFV_SDG12_SEC_005,SDG_GOAL_12,OUTCOME_FOR_SDG
CFV_SDG12_SEC_006,SDG_GOAL_12,OUTCOME_FOR_SDG
CFV_SDG12_SEC_007,SDG_GOAL_12,OUTCOME_FOR_SDG
CFV_SDG12_SEC_008,SDG_GOAL_12,OUTCOME_FOR_SDG
CFV_SDG12_TER_001,SDG_GOAL_12,OUTCOME_FOR_SDG
CFV_SDG12_TER_002,SDG_GOAL_12,OUTCOME_FOR_SDG
CFV_SDG12_TER_003,SDG_GOAL_12,OUTCOME_FOR_SDG
CFV_SDG12_TER_004,SDG_GOAL_12,OUTCOME_FOR_SDG
CFV_SDG12_TER_005,SDG_GOAL_12,OUTCOME_FOR_SDG
CFV_SDG12_TER_006,SDG_GOAL_12,OUTCOME_FOR_SDG
CFV_SDG12_TER_007,SDG_GOAL_12,OUTCOME_FOR_SDG
CFV_SDG12_TER_008,SDG_GOAL_12,OUTCOME_FOR_SDG
CFV_SDG12_TVET_001,SDG_GOAL_12,OUTCOME_FOR_SDG
CFV_SDG12_TVET_002,SDG_GOAL_12,OUTCOME_FOR_SDG
CFV_SDG12_TVET_003,SDG_GOAL_12,OUTCOME_FOR_SDG
CFV_SDG12_TVET_004,SDG_GOAL_12,OUTCOME_FOR_SDG
CFV_SDG12_TVET_005,SDG_GOAL_12,OUTCOME_FOR_SDG
CFV_SDG12_TVET_006,SDG_GOAL_12,OUTCOME_FOR_SDG
CFV_SDG12_TVET_007,SDG_GOAL_12,OUTCOME_FOR_SDG
CFV_SDG12_TVET_008,SDG_GOAL_12,OUTCOME_FOR_SDG
CFV_SDG13_ADULT_001,SDG_GOAL_13,OUTCOME_FOR_SDG
CFV_SDG13_ADULT_002,SDG_GOAL_13,OUTCOME_FOR_SDG
CFV_SDG13_ADULT_003,SDG_GOAL_13,OUTCOME_FOR_SDG
CFV_SDG13_ADULT_004,SDG_GOAL_13,OUTCOME_FOR_SDG
CFV_SDG13_ADULT_005,SDG_GOAL_13,OUTCOME_FOR_SDG
CFV_SDG13_ADULT_006,SDG_GOAL_13,OUTCOME_FOR_SDG
CFV_SDG13_ADULT_007,SDG_GOAL_13,OUTCOME_FOR_SDG
CFV_SDG13_ADULT_008,SDG_GOAL_13,OUTCOME_FOR_SDG
CFV_SDG13_ADULT_009,SDG_GOAL_13,OUTCOME_FOR_SDG
CFV_SDG13_ADULT_010,SDG_GOAL_13,OUTCOME_FOR_SDG
CFV_SDG13_ADULT_011,SDG_GOAL_13,OUTCOME_FOR_SDG
CFV_SDG13_ADULT_012,SDG_GOAL_13,OUTCOME_FOR_SDG
CFV_SDG13_ADULT_013,SDG_GOAL_13,OUTCOME_FOR_SDG
CFV_SDG13_SEC_001,SDG_GOAL_13,OUTCOME_FOR_SDG
CFV_SDG13_SEC_002,SDG_GOAL_13,OUTCOME_FOR_SDG
CFV_SDG13_SEC_003,SDG_GOAL_13,OUTCOME_FOR_SDG
CFV_SDG13_SEC_004,SDG_GOAL_13,OUTCOME_FOR_SDG
CFV_SDG13_SEC_005,SDG_GOAL_13,OUTCOME_FOR_SDG
CFV_SDG13_SEC_006,SDG_GOAL_13,OUTCOME_FOR_SDG
CFV_SDG13_SEC_007,SDG_GOAL_13,OUTCOME_FOR_SDG
CFV_SDG13_SEC_008,SDG_GOAL_13,OUTCOME_FOR_SDG
CFV_SDG13_SEC_009,SDG_GOAL_13,OUTCOME_FOR_SDG
CFV_SDG13_SEC_010,SDG_GOAL_13,OUTCOME_FOR_SDG
CFV_SDG13_SEC_011,SDG_GOAL_13,OUTCOME_FOR_SDG
CFV_SDG13_SEC_012,SDG_GOAL_13,OUTCOME_FOR_SDG
CFV_SDG13_SEC_013,SDG_GOAL_13,OUTCOME_FOR_SDG
CFV_SDG13_SEC_014,SDG_GOAL_13,OUTCOME_FOR_SDG
CFV_SDG13_SEC_015,SDG_GOAL_13,OUTCOME_FOR_SDG
CFV_SDG13_TER_001,SDG_GOAL_13,OUTCOME_FOR_SDG
CFV_SDG13_TER_002,SDG_GOAL_13,OUTCOME_FOR_SDG
CFV_SDG13_TER_003,SDG_GOAL_13,OUTCOME_FOR_SDG
CFV_SDG13_TER_004,SDG_GOAL_13,OUTCOME_FOR_SDG
CFV_SDG13_TER_005,SDG_GOAL_13,OUTCOME_FOR_SDG
CFV_SDG13_TER_006,SDG_GOAL_13,OUTCOME_FOR_SDG
CFV_SDG13_TER_007,SDG_GOAL_13,OUTCOME_FOR_SDG
CFV_SDG13_TER_008,SDG_GOAL_13,OUTCOME_FOR_SDG
CFV_SDG13_TER_009,SDG_GOAL_13,OUTCOME_FOR_SDG
CFV_SDG13_TER_010,SDG_GOAL_13,OUTCOME_FOR_SDG
CFV_SDG13_TER_011,SDG_GOAL_13,OUTCOME_FOR_SDG
CFV_SDG13_TER_012,SDG_GOAL_13,OUTCOME_FOR_SDG
CFV_SDG13_TER_013,SDG_GOAL_13,OUTCOME_FOR_SDG
CFV_SDG13_TER_014,SDG_GOAL_13,OUTCOME_FOR_SDG
CFV_SDG13_TER_015,SDG_GOAL_13,OUTCOME_FOR_SDG
CFV_SDG13_TER_016,SDG_GOAL_13,OUTCOME_FOR_SDG
CFV_SDG13_TVET_001,SDG_GOAL_13,OUTCOME_FOR_SDG
CFV_SDG13_TVET_002,SDG_GOAL_13,OUTCOME_FOR_SDG
CFV_SDG13_TVET_003,SDG_GOAL_13,OUTCOME_FOR_SDG
CFV_SDG13_TVET_004,SDG_GOAL_13,OUTCOME_FOR_SDG
CFV_SDG13_TVET_005,SDG_GOAL_13,OUTCOME_FOR_SDG
CFV_SDG13_TVET_006,SDG_GOAL_13,OUTCOME_FOR_SDG
CFV_SDG13_TVET_007,SDG_GOAL_13,OUTCOME_FOR_SDG
CFV_SDG13_TVET_008,SDG_GOAL_13,OUTCOME_FOR_SDG
CFV_SDG13_TVET_009,SDG_GOAL_13,OUTCOME_FOR_SDG
CFV_SDG13_TVET_010,SDG_GOAL_13,OUTCOME_FOR_SDG
CFV_SDG14_ADULT_001,SDG_GOAL_14,OUTCOME_FOR_SDG
CFV_SDG14_ADULT_002,SDG_GOAL_14,OUTCOME_FOR_SDG
CFV_SDG14_ADULT_003,SDG_GOAL_14,OUTCOME_FOR_SDG
CFV_SDG14_ADULT_004,SDG_GOAL_14,OUTCOME_FOR_SDG
CFV_SDG14_ADULT_005,SDG_GOAL_14,OUTCOME_FOR_SDG
CFV_SDG14_ADULT_006,SDG_GOAL_14,OUTCOME_FOR_SDG
CFV_SDG14_ADULT_007,SDG_GOAL_14,OUTCOME_FOR_SDG
CFV_SDG14_ADULT_008,SDG_GOAL_14,OUTCOME_FOR_SDG
CFV_SDG14_ADULT_009,SDG_GOAL_14,OUTCOME_FOR_SDG
CFV_SDG14_ADULT_010,SDG_GOAL_14,OUTCOME_FOR_SDG
CFV_SDG14_ADULT_011,SDG_GOAL_14,OUTCOME_FOR_SDG
CFV_SDG14_ADULT_012,SDG_GOAL_14,OUTCOME_FOR_SDG
CFV_SDG14_ADULT_013,SDG_GOAL_14,OUTCOME_FOR_SDG
CFV_SDG14_ADULT_014,SDG_GOAL_14,OUTCOME_FOR_SDG
CFV_SDG14_SEC_001,SDG_GOAL_14,OUTCOME_FOR_SDG
CFV_SDG14_SEC_002,SDG_GOAL_14,OUTCOME_FOR_SDG
CFV_SDG14_SEC_003,SDG_GOAL_14,OUTCOME_FOR_SDG
CFV_SDG14_SEC_004,SDG_GOAL_14,OUTCOME_FOR_SDG
CFV_SDG14_SEC_005,SDG_GOAL_14,OUTCOME_FOR_SDG
CFV_SDG14_SEC_006,SDG_GOAL_14,OUTCOME_FOR_SDG
CFV_SDG14_SEC_007,SDG_GOAL_14,OUTCOME_FOR_SDG
CFV_SDG14_SEC_008,SDG_GOAL_14,OUTCOME_FOR_SDG
CFV_SDG14_SEC_009,SDG_GOAL_14,OUTCOME_FOR_SDG
CFV_SDG14_SEC_010,SDG_GOAL_14,OUTCOME_FOR_SDG
CFV_SDG14_SEC_011,SDG_GOAL_14,OUTCOME_FOR_SDG
CFV_SDG14_SEC_012,SDG_GOAL_14,OUTCOME_FOR_SDG
CFV_SDG14_SEC_013,SDG_GOAL_14,OUTCOME_FOR_SDG
CFV_SDG14_SEC_014,SDG_GOAL_14,OUTCOME_FOR_SDG
CFV_SDG14_TER_001,SDG_GOAL_14,OUTCOME_FOR_SDG
CFV_SDG14_TER_002,SDG_GOAL_14,OUTCOME_FOR_SDG
CFV_SDG14_TER_003,SDG_GOAL_14,OUTCOME_FOR_SDG
CFV_SDG14_TER_004,SDG_GOAL_14,OUTCOME_FOR_SDG
CFV_SDG14_TER_005,SDG_GOAL_14,OUTCOME_FOR_SDG
CFV_SDG14_TER_006,SDG_GOAL_14,OUTCOME_FOR_SDG
CFV_SDG14_TER_007,SDG_GOAL_14,OUTCOME_FOR_SDG
CFV_SDG14_TER_008,SDG_GOAL_14,OUTCOME_FOR_SDG
CFV_SDG14_TER_009,SDG_GOAL_14,OUTCOME_FOR_SDG
CFV_SDG14_TER_010,SDG_GOAL_14,OUTCOME_FOR_SDG
CFV_SDG14_TVET_001,SDG_GOAL_14,OUTCOME_FOR_SDG
CFV_SDG14_TVET_002,SDG_GOAL_14,OUTCOME_FOR_SDG
CFV_SDG14_TVET_003,SDG_GOAL_14,OUTCOME_FOR_SDG
CFV_SDG14_TVET_004,SDG_GOAL_14,OUTCOME_FOR_SDG
CFV_SDG14_TVET_005,SDG_GOAL_14,OUTCOME_FOR_SDG
CFV_SDG14_TVET_006,SDG_GOAL_14,OUTCOME_FOR_SDG
CFV_SDG14_TVET_007,SDG_GOAL_14,OUTCOME_FOR_SDG
CFV_SDG14_TVET_008,SDG_GOAL_14,OUTCOME_FOR_SDG
CFV_SDG14_TVET_009,SDG_GOAL_14,OUTCOME_FOR_SDG
CFV_SDG14_TVET_010,SDG_GOAL_14,OUTCOME_FOR_SDG
CFV_SDG15_ADULT_001,SDG_GOAL_15,OUTCOME_FOR_SDG
CFV_SDG15_ADULT_002,SDG_GOAL_15,OUTCOME_FOR_SDG
CFV_SDG15_ADULT_003,SDG_GOAL_15,OUTCOME_FOR_SDG
CFV_SDG15_ADULT_004,SDG_GOAL_15,OUTCOME_FOR_SDG
CFV_SDG15_ADULT_005,SDG_GOAL_15,OUTCOME_FOR_SDG
CFV_SDG15_ADULT_006,SDG_GOAL_15,OUTCOME_FOR_SDG
CFV_SDG15_ADULT_007,SDG_GOAL_15,OUTCOME_FOR_SDG
CFV_SDG15_ADULT_008,SDG_GOAL_15,OUTCOME_FOR_SDG
CFV_SDG15_ADULT_009,SDG_GOAL_15,OUTCOME_FOR_SDG
CFV_SDG15_ADULT_010,SDG_GOAL_15,OUTCOME_FOR_SDG
CFV_SDG15_ADULT_011,SDG_GOAL_15,OUTCOME_FOR_SDG
CFV_SDG15_ADULT_012,SDG_GOAL_15,OUTCOME_FOR_SDG
CFV_SDG15_ADULT_013,SDG_GOAL_15,OUTCOME_FOR_SDG
CFV_SDG15_ADULT_014,SDG_GOAL_15,OUTCOME_FOR_SDG
CFV_SDG15_ADULT_015,SDG_GOAL_15,OUTCOME_FOR_SDG
CFV_SDG15_ADULT_016,SDG_GOAL_15,OUTCOME_FOR_SDG
CFV_SDG15_ADULT_017,SDG_GOAL_15,OUTCOME_FOR_SDG
CFV_SDG15_ADULT_018,SDG_GOAL_15,OUTCOME_FOR_SDG
CFV_SDG15_ADULT_019,SDG_GOAL_15,OUTCOME_FOR_SDG
CFV_SDG15_ADULT_020,SDG_GOAL_15,OUTCOME_FOR_SDG
CFV_SDG15_ADULT_021,SDG_GOAL_15,OUTCOME_FOR_SDG
CFV_SDG15_ADULT_022,SDG_GOAL_15,OUTCOME_FOR_SDG
CFV_SDG15_ADULT_023,SDG_GOAL_15,OUTCOME_FOR_SDG
CFV_SDG15_ADULT_024,SDG_GOAL_15,OUTCOME_FOR_SDG
CFV_SDG15_ADULT_025,SDG_GOAL_15,OUTCOME_FOR_SDG
CFV_SDG15_ADULT_026,SDG_GOAL_15,OUTCOME_FOR_SDG
CFV_SDG15_ADULT_027,SDG_GOAL_15,OUTCOME_FOR_SDG
CFV_SDG15_ADULT_028,SDG_GOAL_15,OUTCOME_FOR_SDG
CFV_SDG15_ADULT_029,SDG_GOAL_15,OUTCOME_FOR_SDG
CFV_SDG15_ADULT_030,SDG_GOAL_15,OUTCOME_FOR_SDG
CFV_SDG15_SEC_001,SDG_GOAL_15,OUTCOME_FOR_SDG
CFV_SDG15_SEC_002,SDG_GOAL_15,OUTCOME_FOR_SDG
CFV_SDG15_SEC_003,SDG_GOAL_15,OUTCOME_FOR_SDG
CFV_SDG15_SEC_004,SDG_GOAL_15,OUTCOME_FOR_SDG
CFV_SDG15_SEC_005,SDG_GOAL_15,OUTCOME_FOR_SDG
CFV_SDG15_SEC_006,SDG_GOAL_15,OUTCOME_FOR_SDG
CFV_SDG15_SEC_007,SDG_GOAL_15,OUTCOME_FOR_SDG
CFV_SDG15_SEC_008,SDG_GOAL_15,OUTCOME_FOR_SDG
CFV_SDG15_SEC_009,SDG_GOAL_15,OUTCOME_FOR_SDG
CFV_SDG15_SEC_010,SDG_GOAL_15,OUTCOME_FOR_SDG
CFV_SDG15_SEC_011,SDG_GOAL_15,OUTCOME_FOR_SDG
CFV_SDG15_SEC_012,SDG_GOAL_15,OUTCOME_FOR_SDG
CFV_SDG15_SEC_013,SDG_GOAL_15,OUTCOME_FOR_SDG
CFV_SDG15_SEC_014,SDG_GOAL_15,OUTCOME_FOR_SDG
CFV_SDG15_TER_001,SDG_GOAL_15,OUTCOME_FOR_SDG
CFV_SDG15_TER_002,SDG_GOAL_15,OUTCOME_FOR_SDG
CFV_SDG15_TER_003,SDG_GOAL_15,OUTCOME_FOR_SDG
CFV_SDG15_TER_004,SDG_GOAL_15,OUTCOME_FOR_SDG
CFV_SDG15_TER_005,SDG_GOAL_15,OUTCOME_FOR_SDG
CFV_SDG15_TER_006,SDG_GOAL_15,OUTCOME_FOR_SDG
CFV_SDG15_TER_007,SDG_GOAL_15,OUTCOME_FOR_SDG
CFV_SDG15_TER_008,SDG_GOAL_15,OUTCOME_FOR_SDG
CFV_SDG15_TER_009,SDG_GOAL_15,OUTCOME_FOR_SDG
CFV_SDG15_TER_010,SDG_GOAL_15,OUTCOME_FOR_SDG
CFV_SDG15_TER_011,SDG_GOAL_15,OUTCOME_FOR_SDG
CFV_SDG15_TER_012,SDG_GOAL_15,OUTCOME_FOR_SDG
CFV_SDG15_TER_013,SDG_GOAL_15,OUTCOME_FOR_SDG
CFV_SDG15_TER_014,SDG_GOAL_15,OUTCOME_FOR_SDG
CFV_SDG15_TER_015,SDG_GOAL_15,OUTCOME_FOR_SDG
CFV_SDG15_TER_016,SDG_GOAL_15,OUTCOME_FOR_SDG
CFV_SDG15_TER_017,SDG_GOAL_15,OUTCOME_FOR_SDG
CFV_SDG15_TER_018,SDG_GOAL_15,OUTCOME_FOR_SDG
CFV_SDG15_TVET_001,SDG_GOAL_15,OUTCOME_FOR_SDG
CFV_SDG15_TVET_002,SDG_GOAL_15,OUTCOME_FOR_SDG
CFV_SDG15_TVET_003,SDG_GOAL_15,OUTCOME_FOR_SDG
CFV_SDG15_TVET_004,SDG_GOAL_15,OUTCOME_FOR_SDG
CFV_SDG15_TVET_005,SDG_GOAL_15,OUTCOME_FOR_SDG
CFV_SDG15_TVET_006,SDG_GOAL_15,OUTCOME_FOR_SDG
CFV_SDG15_TVET_007,SDG_GOAL_15,OUTCOME_FOR_SDG
CFV_SDG15_TVET_008,SDG_GOAL_15,OUTCOME_FOR_SDG
CFV_SDG15_TVET_009,SDG_GOAL_15,OUTCOME_FOR_SDG
CFV_SDG15_TVET_010,SDG_GOAL_15,OUTCOME_FOR_SDG
CFV_SDG15_TVET_011,SDG_GOAL_15,OUTCOME_FOR_SDG
CFV_SDG15_TVET_012,SDG_GOAL_15,OUTCOME_FOR_SDG
CFV_SDG15_TVET_013,SDG_GOAL_15,OUTCOME_FOR_SDG
CFV_SDG15_TVET_014,SDG_GOAL_15,OUTCOME_FOR_SDG
CFV_SDG15_TVET_015,SDG_GOAL_15,OUTCOME_FOR_SDG
CFV_SDG15_TVET_016,SDG_GOAL_15,OUTCOME_FOR_SDG
CFV_SDG15_TVET_017,SDG_GOAL_15,OUTCOME_FOR_SDG
CFV_SDG15_TVET_018,SDG_GOAL_15,OUTCOME_FOR_SDG
CFV_SDG15_TVET_019,SDG_GOAL_15,OUTCOME_FOR_SDG
CFV_SDG15_TVET_020,SDG_GOAL_15,OUTCOME_FOR_SDG
CFV_SDG15_TVET_021,SDG_GOAL_15,OUTCOME_FOR_SDG
CFV_SDG15_TVET_022,SDG_GOAL_15,OUTCOME_FOR_SDG
CFV_SDG15_TVET_023,SDG_GOAL_15,OUTCOME_FOR_SDG
CFV_SDG16_ADULT_001,SDG_GOAL_16,OUTCOME_FOR_SDG
CFV_SDG16_ADULT_002,SDG_GOAL_16,OUTCOME_FOR_SDG
CFV_SDG16_ADULT_003,SDG_GOAL_16,OUTCOME_FOR_SDG
CFV_SDG16_ADULT_004,SDG_GOAL_16,OUTCOME_FOR_SDG
CFV_SDG16_ADULT_005,SDG_GOAL_16,OUTCOME_FOR_SDG
CFV_SDG16_ADULT_006,SDG_GOAL_16,OUTCOME_FOR_SDG
CFV_SDG16_ADULT_007,SDG_GOAL_16,OUTCOME_FOR_SDG
CFV_SDG16_ADULT_008,SDG_GOAL_16,OUTCOME_FOR_SDG
CFV_SDG16_ADULT_009,SDG_GOAL_16,OUTCOME_FOR_SDG
CFV_SDG16_ADULT_010,SDG_GOAL_16,OUTCOME_FOR_SDG
CFV_SDG16_ADULT_011,SDG_GOAL_16,OUTCOME_FOR_SDG
CFV_SDG16_ADULT_012,SDG_GOAL_16,OUTCOME_FOR_SDG
CFV_SDG16_ADULT_013,SDG_GOAL_16,OUTCOME_FOR_SDG
CFV_SDG16_ADULT_014,SDG_GOAL_16,OUTCOME_FOR_SDG
CFV_SDG16_ADULT_015,SDG_GOAL_16,OUTCOME_FOR_SDG
CFV_SDG16_ADULT_016,SDG_GOAL_16,OUTCOME_FOR_SDG
CFV_SDG16_SEC_001,SDG_GOAL_16,OUTCOME_FOR_SDG
CFV_SDG16_SEC_002,SDG_GOAL_16,OUTCOME_FOR_SDG
CFV_SDG16_SEC_003,SDG_GOAL_16,OUTCOME_FOR_SDG
CFV_SDG16_SEC_004,SDG_GOAL_16,OUTCOME_FOR_SDG
CFV_SDG16_SEC_005,SDG_GOAL_16,OUTCOME_FOR_SDG
CFV_SDG16_SEC_006,SDG_GOAL_16,OUTCOME_FOR_SDG
CFV_SDG16_SEC_007,SDG_GOAL_16,OUTCOME_FOR_SDG
CFV_SDG16_SEC_008,SDG_GOAL_16,OUTCOME_FOR_SDG
CFV_SDG16_SEC_009,SDG_GOAL_16,OUTCOME_FOR_SDG
CFV_SDG16_SEC_010,SDG_GOAL_16,OUTCOME_FOR_SDG
CFV_SDG16_SEC_011,SDG_GOAL_16,OUTCOME_FOR_SDG
CFV_SDG16_SEC_012,SDG_GOAL_16,OUTCOME_FOR_SDG
CFV_SDG16_TER_001,SDG_GOAL_16,OUTCOME_FOR_SDG
CFV_SDG16_TER_002,SDG_GOAL_16,OUTCOME_FOR_SDG
CFV_SDG16_TER_003,SDG_GOAL_16,OUTCOME_FOR_SDG
CFV_SDG16_TER_004,SDG_GOAL_16,OUTCOME_FOR_SDG
CFV_SDG16_TER_005,SDG_GOAL_16,OUTCOME_FOR_SDG
CFV_SDG16_TER_006,SDG_GOAL_16,OUTCOME_FOR_SDG
CFV_SDG16_TER_007,SDG_GOAL_16,OUTCOME_FOR_SDG
CFV_SDG16_TER_008,SDG_GOAL_16,OUTCOME_FOR_SDG
CFV_SDG16_TER_009,SDG_GOAL_16,OUTCOME_FOR_SDG
CFV_SDG16_TER_010,SDG_GOAL_16,OUTCOME_FOR_SDG
CFV_SDG16_TER_011,SDG_GOAL_16,OUTCOME_FOR_SDG
CFV_SDG16_TER_012,SDG_GOAL_16,OUTCOME_FOR_SDG
CFV_SDG16_TER_013,SDG_GOAL_16,OUTCOME_FOR_SDG
CFV_SDG16_TER_014,SDG_GOAL_16,OUTCOME_FOR_SDG
CFV_SDG16_TVET_001,SDG_GOAL_16,OUTCOME_FOR_SDG
CFV_SDG16_TVET_002,SDG_GOAL_16,OUTCOME_FOR_SDG
CFV_SDG16_TVET_003,SDG_GOAL_16,OUTCOME_FOR_SDG
CFV_SDG16_TVET_004,SDG_GOAL_16,OUTCOME_FOR_SDG
CFV_SDG16_TVET_005,SDG_GOAL_16,OUTCOME_FOR_SDG
CFV_SDG16_TVET_006,SDG_GOAL_16,OUTCOME_FOR_SDG
CFV_SDG16_TVET_007,SDG_GOAL_16,OUTCOME_FOR_SDG
CFV_SDG16_TVET_008,SDG_GOAL_16,OUTCOME_FOR_SDG
CFV_SDG16_TVET_009,SDG_GOAL_16,OUTCOME_FOR_SDG
CFV_SDG16_TVET_010,SDG_GOAL_16,OUTCOME_FOR_SDG
CFV_SDG16_TVET_011,SDG_GOAL_16,OUTCOME_FOR_SDG
CFV_SDG16_TVET_012,SDG_GOAL_16,OUTCOME_FOR_SDG
CFV_SDG17_ADULT_001,SDG_GOAL_17,OUTCOME_FOR_SDG
CFV_SDG17_ADULT_002,SDG_GOAL_17,OUTCOME_FOR_SDG
CFV_SDG17_ADULT_003,SDG_GOAL_17,OUTCOME_FOR_SDG
CFV_SDG17_ADULT_004,SDG_GOAL_17,OUTCOME_FOR_SDG
CFV_SDG17_ADULT_005,SDG_GOAL_17,OUTCOME_FOR_SDG
CFV_SDG17_ADULT_006,SDG_GOAL_17,OUTCOME_FOR_SDG
CFV_SDG17_ADULT_007,SDG_GOAL_17,OUTCOME_FOR_SDG
CFV_SDG17_ADULT_008,SDG_GOAL_17,OUTCOME_FOR_SDG
CFV_SDG17_ADULT_009,SDG_GOAL_17,OUTCOME_FOR_SDG
CFV_SDG17_ADULT_010,SDG_GOAL_17,OUTCOME_FOR_SDG
CFV_SDG17_ADULT_011,SDG_GOAL_17,OUTCOME_FOR_SDG
CFV_SDG17_ADULT_012,SDG_GOAL_17,OUTCOME_FOR_SDG
CFV_SDG17_ADULT_013,SDG_GOAL_17,OUTCOME_FOR_SDG
CFV_SDG17_ADULT_014,SDG_GOAL_17,OUTCOME_FOR_SDG
CFV_SDG17_SEC_001,SDG_GOAL_17,OUTCOME_FOR_SDG
CFV_SDG17_SEC_002,SDG_GOAL_17,OUTCOME_FOR_SDG
CFV_SDG17_SEC_003,SDG_GOAL_17,OUTCOME_FOR_SDG
CFV_SDG17_SEC_004,SDG_GOAL_17,OUTCOME_FOR_SDG
CFV_SDG17_SEC_005,SDG_GOAL_17,OUTCOME_FOR_SDG
CFV_SDG17_SEC_006,SDG_GOAL_17,OUTCOME_FOR_SDG
CFV_SDG17_SEC_007,SDG_GOAL_17,OUTCOME_FOR_SDG
CFV_SDG17_SEC_008,SDG_GOAL_17,OUTCOME_FOR_SDG
CFV_SDG17_SEC_009,SDG_GOAL_17,OUTCOME_FOR_SDG
CFV_SDG17_SEC_010,SDG_GOAL_17,OUTCOME_FOR_SDG
CFV_SDG17_SEC_011,SDG_GOAL_17,OUTCOME_FOR_SDG
CFV_SDG17_SEC_012,SDG_GOAL_17,OUTCOME_FOR_SDG
CFV_SDG17_SEC_013,SDG_GOAL_17,OUTCOME_FOR_SDG
CFV_SDG17_SEC_014,SDG_GOAL_17,OUTCOME_FOR_SDG
CFV_SDG17_TER_001,SDG_GOAL_17,OUTCOME_FOR_SDG
CFV_SDG17_TER_002,SDG_GOAL_17,OUTCOME_FOR_SDG
CFV_SDG17_TER_003,SDG_GOAL_17,OUTCOME_FOR_SDG
CFV_SDG17_TER_004,SDG_GOAL_17,OUTCOME_FOR_SDG
CFV_SDG17_TER_005,SDG_GOAL_17,OUTCOME_FOR_SDG
CFV_SDG17_TER_006,SDG_GOAL_17,OUTCOME_FOR_SDG
CFV_SDG17_TER_007,SDG_GOAL_17,OUTCOME_FOR_SDG
CFV_SDG17_TER_008,SDG_GOAL_17,OUTCOME_FOR_SDG
CFV_SDG17_TER_009,SDG_GOAL_17,OUTCOME_FOR_SDG
CFV_SDG17_TER_010,SDG_GOAL_17,OUTCOME_FOR_SDG
CFV_SDG17_TER_011,SDG_GOAL_17,OUTCOME_FOR_SDG
CFV_SDG17_TER_012,SDG_GOAL_17,OUTCOME_FOR_SDG
CFV_SDG17_TER_013,SDG_GOAL_17,OUTCOME_FOR_SDG
CFV_SDG17_TER_014,SDG_GOAL_17,OUTCOME_FOR_SDG
CFV_SDG17_TER_015,SDG_GOAL_17,OUTCOME_FOR_SDG
CFV_SDG17_TER_016,SDG_GOAL_17,OUTCOME_FOR_SDG
CFV_SDG17_TER_017,SDG_GOAL_17,OUTCOME_FOR_SDG
CFV_SDG17_TER_018,SDG_GOAL_17,OUTCOME_FOR_SDG
CFV_SDG17_TVET_001,SDG_GOAL_17,OUTCOME_FOR_SDG
CFV_SDG17_TVET_002,SDG_GOAL_17,OUTCOME_FOR_SDG
CFV_SDG17_TVET_003,SDG_GOAL_17,OUTCOME_FOR_SDG
CFV_SDG17_TVET_004,SDG_GOAL_17,OUTCOME_FOR_SDG
CFV_SDG17_TVET_005,SDG_GOAL_17,OUTCOME_FOR_SDG
CFV_SDG17_TVET_006,SDG_GOAL_17,OUTCOME_FOR_SDG
CFV_SDG17_TVET_007,SDG_GOAL_17,OUTCOME_FOR_SDG
CFV_SDG17_TVET_008,SDG_GOAL_17,OUTCOME_FOR_SDG
CFV_SDG17_TVET_009,SDG_GOAL_17,OUTCOME_FOR_SDG
CFV_SDG17_TVET_010,SDG_GOAL_17,OUTCOME_FOR_SDG
CFV_SDG17_TVET_011,SDG_GOAL_17,OUTCOME_FOR_SDG
CFV_SDG17_TVET_012,SDG_GOAL_17,OUTCOME_FOR_SDG
CFV_SDG17_TVET_013,SDG_GOAL_17,OUTCOME_FOR_SDG
CFV_SDG17_TVET_014,SDG_GOAL_17,OUTCOME_FOR_SDG
CFV_SDG17_TVET_015,SDG_GOAL_17,OUTCOME_FOR_SDG
CFV_SDG17_TVET_016,SDG_GOAL_17,OUTCOME_FOR_SDG
CFV_SDG17_TVET_017,SDG_GOAL_17,OUTCOME_FOR_SDG
CFV_SDG17_TVET_018,SDG_GOAL_17,OUTCOME_FOR_SDG
CFV_SDG17_TVET_019,SDG_GOAL_17,OUTCOME_FOR_SDG
CFV_SDG17_TVET_020,SDG_GOAL_17,OUTCOME_FOR_SDG
SCR_0001,SDG_INDICATOR_15_5_1,REFERENCES_SDG_INDICATOR
SCR_0002,SDG_INDICATOR_12_2_1,REFERENCES_SDG_INDICATOR
SCR_0002,SDG_INDICATOR_12_2_2,REFERENCES_SDG_INDICATOR
SCR_0002,SDG_INDICATOR_14_2_1,REFERENCES_SDG_INDICATOR
SCR_0002,SDG_INDICATOR_6_4_1,REFERENCES_SDG_INDICATOR
SCR_0002,SDG_INDICATOR_6_4_2,REFERENCES_SDG_INDICATOR
SCR_0003,SDG_INDICATOR_14_2_1,REFERENCES_SDG_INDICATOR
SCR_0004,SDG_INDICATOR_11_b_1,REFERENCES_SDG_INDICATOR
SCR_0004,SDG_INDICATOR_11_b_2,REFERENCES_SDG_INDICATOR
SCR_0004,SDG_INDICATOR_6_5_1,REFERENCES_SDG_INDICATOR
SCR_0004,SDG_INDICATOR_6_6_1,REFERENCES_SDG_INDICATOR
SCR_0005,SDG_INDICATOR_14_2_1,REFERENCES_SDG_INDICATOR
SCR_0005,SDG_INDICATOR_6_4_1,REFERENCES_SDG_INDICATOR
SCR_0005,SDG_INDICATOR_6_5_1,REFERENCES_SDG_INDICATOR
SCR_0006,SDG_INDICATOR_14_b_1,REFERENCES_SDG_INDICATOR
SCR_0006,SDG_INDICATOR_16_7_2,REFERENCES_SDG_INDICATOR
SCR_0006,SDG_INDICATOR_6_b_1,REFERENCES_SDG_INDICATOR
SCR_0007,SDG_INDICATOR_11_b_2,REFERENCES_SDG_INDICATOR
SCR_0007,SDG_INDICATOR_15_9_1,REFERENCES_SDG_INDICATOR
SCR_0007,SDG_INDICATOR_6_5_1,REFERENCES_SDG_INDICATOR
SCR_0008,SDG_INDICATOR_16_6_2,REFERENCES_SDG_INDICATOR
SCR_0008,SDG_INDICATOR_16_7_2,REFERENCES_SDG_INDICATOR
SCR_0008,SDG_INDICATOR_6_b_1,REFERENCES_SDG_INDICATOR
SCR_0009,SDG_INDICATOR_12_2_1,REFERENCES_SDG_INDICATOR
SCR_0009,SDG_INDICATOR_12_2_2,REFERENCES_SDG_INDICATOR
SCR_0009,SDG_INDICATOR_13_1_1,REFERENCES_SDG_INDICATOR
SCR_0010,SDG_INDICATOR_12_2_1,REFERENCES_SDG_INDICATOR
SCR_0010,SDG_INDICATOR_12_2_2,REFERENCES_SDG_INDICATOR
SCR_0010,SDG_INDICATOR_12_3_1,REFERENCES_SDG_INDICATOR
SCR_0010,SDG_INDICATOR_6_4_1,REFERENCES_SDG_INDICATOR
SCR_0010,SDG_INDICATOR_6_4_2,REFERENCES_SDG_INDICATOR
SCR_0010,SDG_INDICATOR_9_1_1,REFERENCES_SDG_INDICATOR
SCR_0011,SDG_INDICATOR_12_4_2,REFERENCES_SDG_INDICATOR
SCR_0011,SDG_INDICATOR_12_5_1,REFERENCES_SDG_INDICATOR
SCR_0012,SDG_INDICATOR_12_2_1,REFERENCES_SDG_INDICATOR
SCR_0012,SDG_INDICATOR_12_5_1,REFERENCES_SDG_INDICATOR
SCR_0013,SDG_INDICATOR_12_5_1,REFERENCES_SDG_INDICATOR
SCR_0014,SDG_INDICATOR_12_2_1,REFERENCES_SDG_INDICATOR
SCR_0014,SDG_INDICATOR_12_2_2,REFERENCES_SDG_INDICATOR
SCR_0015,SDG_INDICATOR_11_b_1,REFERENCES_SDG_INDICATOR
SCR_0015,SDG_INDICATOR_6_4_1,REFERENCES_SDG_INDICATOR
SCR_0016,SDG_INDICATOR_11_b_1,REFERENCES_SDG_INDICATOR
SCR_0016,SDG_INDICATOR_11_b_2,REFERENCES_SDG_INDICATOR
SCR_0016,SDG_INDICATOR_9_1_1,REFERENCES_SDG_INDICATOR
SCR_0017,SDG_INDICATOR_11_b_2,REFERENCES_SDG_INDICATOR
SCR_0017,SDG_INDICATOR_15_5_1,REFERENCES_SDG_INDICATOR
SCR_0017,SDG_INDICATOR_6_6_1,REFERENCES_SDG_INDICATOR
SCR_0018,SDG_INDICATOR_11_b_2,REFERENCES_SDG_INDICATOR
SCR_0018,SDG_INDICATOR_15_5_1,REFERENCES_SDG_INDICATOR
SCR_0019,SDG_INDICATOR_13_1_1,REFERENCES_SDG_INDICATOR
SCR_0019,SDG_INDICATOR_15_5_1,REFERENCES_SDG_INDICATOR
SCR_0019,SDG_INDICATOR_6_6_1,REFERENCES_SDG_INDICATOR
SCR_0020,SDG_INDICATOR_10_3_1,REFERENCES_SDG_INDICATOR
SCR_0020,SDG_INDICATOR_12_2_1,REFERENCES_SDG_INDICATOR
SCR_0020,SDG_INDICATOR_12_4_2,REFERENCES_SDG_INDICATOR
SCR_0021,SDG_INDICATOR_10_2_1,REFERENCES_SDG_INDICATOR
SCR_0021,SDG_INDICATOR_10_3_1,REFERENCES_SDG_INDICATOR
SCR_0022,SDG_INDICATOR_10_2_1,REFERENCES_SDG_INDICATOR
SCR_0022,SDG_INDICATOR_3_4_2,REFERENCES_SDG_INDICATOR
SCR_0022,SDG_INDICATOR_3_8_1,REFERENCES_SDG_INDICATOR
SCR_0023,SDG_INDICATOR_3_4_1,REFERENCES_SDG_INDICATOR
SCR_0023,SDG_INDICATOR_3_9_1,REFERENCES_SDG_INDICATOR
SCR_0023,SDG_INDICATOR_3_9_2,REFERENCES_SDG_INDICATOR
SCR_0023,SDG_INDICATOR_8_8_1,REFERENCES_SDG_INDICATOR
SCR_0024,SDG_INDICATOR_10_2_1,REFERENCES_SDG_INDICATOR
SCR_0024,SDG_INDICATOR_3_8_1,REFERENCES_SDG_INDICATOR
SCR_0025,SDG_INDICATOR_16_7_2,REFERENCES_SDG_INDICATOR
SCR_0026,SDG_INDICATOR_16_7_2,REFERENCES_SDG_INDICATOR
SCR_0026,SDG_INDICATOR_6_b_1,REFERENCES_SDG_INDICATOR
SCR_0027,SDG_INDICATOR_11_c_1,REFERENCES_SDG_INDICATOR
SCR_0027,SDG_INDICATOR_4_7_1,REFERENCES_SDG_INDICATOR
SCR_0027,SDG_INDICATOR_6_5_1,REFERENCES_SDG_INDICATOR
SCR_0028,SDG_INDICATOR_12_2_1,REFERENCES_SDG_INDICATOR
SCR_0028,SDG_INDICATOR_12_2_2,REFERENCES_SDG_INDICATOR
SCR_0028,SDG_INDICATOR_4_7_1,REFERENCES_SDG_INDICATOR
SCR_0029,SDG_INDICATOR_13_1_1,REFERENCES_SDG_INDICATOR
SCR_0030,SDG_INDICATOR_13_1_1,REFERENCES_SDG_INDICATOR
SCR_0030,SDG_INDICATOR_15_5_1,REFERENCES_SDG_INDICATOR
SCR_0030,SDG_INDICATOR_6_6_1,REFERENCES_SDG_INDICATOR
SCR_0031,SDG_INDICATOR_12_2_1,REFERENCES_SDG_INDICATOR
SCR_0031,SDG_INDICATOR_12_2_2,REFERENCES_SDG_INDICATOR
SCR_0031,SDG_INDICATOR_12_4_2,REFERENCES_SDG_INDICATOR
SCR_0032,SDG_INDICATOR_11_b_2,REFERENCES_SDG_INDICATOR
SCR_0032,SDG_INDICATOR_9_1_1,REFERENCES_SDG_INDICATOR
SCR_0033,SDG_INDICATOR_12_2_1,REFERENCES_SDG_INDICATOR
SCR_0033,SDG_INDICATOR_12_2_2,REFERENCES_SDG_INDICATOR
SCR_0034,SDG_INDICATOR_10_2_1,REFERENCES_SDG_INDICATOR
SCR_0034,SDG_INDICATOR_9_1_1,REFERENCES_SDG_INDICATOR
SCR_0035,SDG_INDICATOR_13_1_1,REFERENCES_SDG_INDICATOR
SCR_0035,SDG_INDICATOR_9_1_1,REFERENCES_SDG_INDICATOR
SCR_0036,SDG_INDICATOR_11_b_1,REFERENCES_SDG_INDICATOR
SCR_0036,SDG_INDICATOR_11_b_2,REFERENCES_SDG_INDICATOR
SCR_0036,SDG_INDICATOR_13_1_1,REFERENCES_SDG_INDICATOR
SCR_0037,SDG_INDICATOR_11_b_2,REFERENCES_SDG_INDICATOR
SCR_0037,SDG_INDICATOR_12_2_1,REFERENCES_SDG_INDICATOR
SCR_0037,SDG_INDICATOR_15_5_1,REFERENCES_SDG_INDICATOR
SCR_0038,SDG_INDICATOR_4_7_1,REFERENCES_SDG_INDICATOR
SCR_0039,SDG_INDICATOR_11_b_1,REFERENCES_SDG_INDICATOR
SCR_0039,SDG_INDICATOR_13_1_1,REFERENCES_SDG_INDICATOR
SCR_0039,SDG_INDICATOR_15_5_1,REFERENCES_SDG_INDICATOR
SCR_0040,SDG_INDICATOR_10_2_1,REFERENCES_SDG_INDICATOR
SCR_0040,SDG_INDICATOR_15_5_1,REFERENCES_SDG_INDICATOR
SCR_0040,SDG_INDICATOR_3_4_1,REFERENCES_SDG_INDICATOR
SCR_0040,SDG_INDICATOR_3_8_1,REFERENCES_SDG_INDICATOR
SCR_0040,SDG_INDICATOR_4_7_1,REFERENCES_SDG_INDICATOR
SCR_0041,SDG_INDICATOR_12_2_1,REFERENCES_SDG_INDICATOR
SCR_0041,SDG_INDICATOR_12_2_2,REFERENCES_SDG_INDICATOR
SCR_0041,SDG_INDICATOR_12_4_2,REFERENCES_SDG_INDICATOR
SCR_0042,SDG_INDICATOR_12_2_1,REFERENCES_SDG_INDICATOR
SCR_0042,SDG_INDICATOR_12_2_2,REFERENCES_SDG_INDICATOR
SCR_0042,SDG_INDICATOR_12_5_1,REFERENCES_SDG_INDICATOR
SCR_0043,SDG_INDICATOR_12_2_1,REFERENCES_SDG_INDICATOR
SCR_0043,SDG_INDICATOR_13_2_1,REFERENCES_SDG_INDICATOR
SCR_0043,SDG_INDICATOR_7_2_1,REFERENCES_SDG_INDICATOR
SCR_0043,SDG_INDICATOR_7_3_1,REFERENCES_SDG_INDICATOR
SCR_0044,SDG_INDICATOR_12_2_1,REFERENCES_SDG_INDICATOR
SCR_0044,SDG_INDICATOR_7_3_1,REFERENCES_SDG_INDICATOR
SCR_0044,SDG_INDICATOR_9_1_1,REFERENCES_SDG_INDICATOR
SCR_0045,SDG_INDICATOR_15_5_1,REFERENCES_SDG_INDICATOR
SCR_0045,SDG_INDICATOR_6_6_1,REFERENCES_SDG_INDICATOR
SCR_0046,SDG_INDICATOR_14_2_1,REFERENCES_SDG_INDICATOR
SCR_0046,SDG_INDICATOR_15_5_1,REFERENCES_SDG_INDICATOR
SCR_0047,SDG_INDICATOR_15_3_1,REFERENCES_SDG_INDICATOR
SCR_0047,SDG_INDICATOR_2_4_1,REFERENCES_SDG_INDICATOR
SCR_0048,SDG_INDICATOR_10_2_1,REFERENCES_SDG_INDICATOR
SCR_0048,SDG_INDICATOR_6_1_1,REFERENCES_SDG_INDICATOR
SCR_0048,SDG_INDICATOR_6_4_1,REFERENCES_SDG_INDICATOR
SCR_0048,SDG_INDICATOR_6_4_2,REFERENCES_SDG_INDICATOR
SCR_0048,SDG_INDICATOR_6_b_1,REFERENCES_SDG_INDICATOR
SCR_0049,SDG_INDICATOR_12_4_2,REFERENCES_SDG_INDICATOR
SCR_0049,SDG_INDICATOR_16_6_2,REFERENCES_SDG_INDICATOR
SCR_0050,SDG_INDICATOR_13_2_1,REFERENCES_SDG_INDICATOR
SCR_0050,SDG_INDICATOR_15_5_1,REFERENCES_SDG_INDICATOR
SCR_0051,SDG_INDICATOR_11_b_1,REFERENCES_SDG_INDICATOR
SCR_0051,SDG_INDICATOR_11_b_2,REFERENCES_SDG_INDICATOR
SCR_0051,SDG_INDICATOR_13_1_1,REFERENCES_SDG_INDICATOR
SCR_0051,SDG_INDICATOR_9_1_1,REFERENCES_SDG_INDICATOR
SCR_0052,SDG_INDICATOR_10_2_1,REFERENCES_SDG_INDICATOR
SCR_0052,SDG_INDICATOR_13_2_1,REFERENCES_SDG_INDICATOR
SCR_0052,SDG_INDICATOR_8_5_2,REFERENCES_SDG_INDICATOR
SCR_0053,SDG_INDICATOR_10_2_1,REFERENCES_SDG_INDICATOR
SCR_0053,SDG_INDICATOR_11_7_1,REFERENCES_SDG_INDICATOR
SCR_0053,SDG_INDICATOR_11_7_2,REFERENCES_SDG_INDICATOR
SCR_0054,SDG_INDICATOR_16_6_2,REFERENCES_SDG_INDICATOR
SCR_0054,SDG_INDICATOR_16_7_2,REFERENCES_SDG_INDICATOR
SCR_0055,SDG_INDICATOR_11_b_1,REFERENCES_SDG_INDICATOR
SCR_0055,SDG_INDICATOR_11_b_2,REFERENCES_SDG_INDICATOR
SCR_0055,SDG_INDICATOR_6_b_1,REFERENCES_SDG_INDICATOR
SCR_0055,SDG_INDICATOR_9_1_1,REFERENCES_SDG_INDICATOR
SCR_0056,SDG_INDICATOR_11_b_2,REFERENCES_SDG_INDICATOR
SCR_0056,SDG_INDICATOR_4_7_1,REFERENCES_SDG_INDICATOR
SCR_0057,SDG_INDICATOR_12_2_1,REFERENCES_SDG_INDICATOR
SCR_0057,SDG_INDICATOR_12_2_2,REFERENCES_SDG_INDICATOR
SCR_0057,SDG_INDICATOR_9_1_1,REFERENCES_SDG_INDICATOR
SCR_0058,SDG_INDICATOR_11_b_2,REFERENCES_SDG_INDICATOR
SCR_0058,SDG_INDICATOR_12_2_1,REFERENCES_SDG_INDICATOR
SCR_0058,SDG_INDICATOR_9_1_1,REFERENCES_SDG_INDICATOR
SCR_0059,SDG_INDICATOR_11_b_2,REFERENCES_SDG_INDICATOR
SCR_0059,SDG_INDICATOR_13_1_1,REFERENCES_SDG_INDICATOR
SCR_0059,SDG_INDICATOR_15_5_1,REFERENCES_SDG_INDICATOR
SCR_0059,SDG_INDICATOR_6_6_1,REFERENCES_SDG_INDICATOR
SCR_0060,SDG_INDICATOR_14_2_1,REFERENCES_SDG_INDICATOR
SCR_0060,SDG_INDICATOR_15_3_1,REFERENCES_SDG_INDICATOR
SCR_0060,SDG_INDICATOR_6_6_1,REFERENCES_SDG_INDICATOR
SCR_0091,SDG_INDICATOR_10_4_1,REFERENCES_SDG_INDICATOR
SCR_0091,SDG_INDICATOR_10_4_2,REFERENCES_SDG_INDICATOR
SCR_0091,SDG_INDICATOR_1_3_1,REFERENCES_SDG_INDICATOR
SCR_0091,SDG_INDICATOR_1_5_1,REFERENCES_SDG_INDICATOR
SCR_0092,SDG_INDICATOR_2_2_1,REFERENCES_SDG_INDICATOR
SCR_0092,SDG_INDICATOR_2_2_2,REFERENCES_SDG_INDICATOR
SCR_0092,SDG_INDICATOR_2_4_1,REFERENCES_SDG_INDICATOR
SCR_0093,SDG_INDICATOR_10_2_1,REFERENCES_SDG_INDICATOR
SCR_0093,SDG_INDICATOR_10_3_1,REFERENCES_SDG_INDICATOR
SCR_0093,SDG_INDICATOR_5_5_1,REFERENCES_SDG_INDICATOR
SCR_0093,SDG_INDICATOR_5_5_2,REFERENCES_SDG_INDICATOR
SCR_0093,SDG_INDICATOR_5_a_1,REFERENCES_SDG_INDICATOR
SCR_0093,SDG_INDICATOR_5_b_1,REFERENCES_SDG_INDICATOR
SCR_0094,SDG_INDICATOR_10_3_1,REFERENCES_SDG_INDICATOR
SCR_0094,SDG_INDICATOR_8_5_1,REFERENCES_SDG_INDICATOR
SCR_0094,SDG_INDICATOR_8_5_2,REFERENCES_SDG_INDICATOR
SCR_0094,SDG_INDICATOR_8_8_1,REFERENCES_SDG_INDICATOR
SCR_0094,SDG_INDICATOR_8_8_2,REFERENCES_SDG_INDICATOR
SCR_0095,SDG_INDICATOR_16_6_2,REFERENCES_SDG_INDICATOR
SCR_0095,SDG_INDICATOR_16_7_2,REFERENCES_SDG_INDICATOR
SCR_0095,SDG_INDICATOR_17_13_1,REFERENCES_SDG_INDICATOR
SCR_0095,SDG_INDICATOR_17_14_1,REFERENCES_SDG_INDICATOR
SCR_0095,SDG_INDICATOR_17_15_1,REFERENCES_SDG_INDICATOR
SCR_0096,SDG_INDICATOR_17_16_1,REFERENCES_SDG_INDICATOR
SCR_0096,SDG_INDICATOR_17_17_1,REFERENCES_SDG_INDICATOR
SCR_0096,SDG_INDICATOR_17_6_1,REFERENCES_SDG_INDICATOR
SCR_0096,SDG_INDICATOR_4_c_1,REFERENCES_SDG_INDICATOR
SCR_0096,SDG_INDICATOR_9_a_1,REFERENCES_SDG_INDICATOR
SCR_0096,SDG_INDICATOR_9_b_1,REFERENCES_SDG_INDICATOR
KPR_000002,KPR_000145,RELATED_TO_KPR
KPR_000004,KPR_000011,RELATED_TO_KPR
KPR_000004,KPR_000039,RELATED_TO_KPR
KPR_000005,KPR_000006,RELATED_TO_KPR
KPR_000005,KPR_000117,RELATED_TO_KPR
KPR_000005,KPR_000120,RELATED_TO_KPR
KPR_000005,KPR_000148,RELATED_TO_KPR
KPR_000007,KPR_000008,RELATED_TO_KPR
KPR_000007,KPR_000039,RELATED_TO_KPR
KPR_000007,KPR_000083,RELATED_TO_KPR
KPR_000009,KPR_000010,RELATED_TO_KPR
KPR_000010,KPR_000051,RELATED_TO_KPR
KPR_000010,KPR_000103,RELATED_TO_KPR
KPR_000010,KPR_000125,RELATED_TO_KPR
KPR_000011,KPR_000012,RELATED_TO_KPR
KPR_000011,KPR_000039,RELATED_TO_KPR
KPR_000013,KPR_000102,RELATED_TO_KPR
KPR_000015,KPR_000016,RELATED_TO_KPR
KPR_000015,KPR_000046,RELATED_TO_KPR
KPR_000018,KPR_000019,RELATED_TO_KPR
KPR_000021,KPR_000022,RELATED_TO_KPR
KPR_000023,KPR_000024,RELATED_TO_KPR
KPR_000023,KPR_000117,RELATED_TO_KPR
KPR_000023,KPR_000152,RELATED_TO_KPR
KPR_000023,KPR_000153,RELATED_TO_KPR
KPR_000027,KPR_000028,RELATED_TO_KPR
KPR_000027,KPR_000115,RELATED_TO_KPR
KPR_000028,KPR_000115,RELATED_TO_KPR
KPR_000030,KPR_000094,RELATED_TO_KPR
KPR_000030,KPR_000147,RELATED_TO_KPR
KPR_000031,KPR_000094,RELATED_TO_KPR
KPR_000040,KPR_000154,RELATED_TO_KPR
KPR_000043,KPR_000115,RELATED_TO_KPR
KPR_000043,KPR_000116,RELATED_TO_KPR
KPR_000043,KPR_000120,RELATED_TO_KPR
KPR_000047,KPR_000111,RELATED_TO_KPR
KPR_000055,KPR_000056,RELATED_TO_KPR
KPR_000055,KPR_000057,RELATED_TO_KPR
KPR_000055,KPR_000061,RELATED_TO_KPR
KPR_000055,KPR_000128,RELATED_TO_KPR
KPR_000056,KPR_000057,RELATED_TO_KPR
KPR_000057,KPR_000059,RELATED_TO_KPR
KPR_000057,KPR_000060,RELATED_TO_KPR
KPR_000057,KPR_000128,RELATED_TO_KPR
KPR_000059,KPR_000060,RELATED_TO_KPR
KPR_000062,KPR_000075,RELATED_TO_KPR
KPR_000062,KPR_000077,RELATED_TO_KPR
KPR_000064,KPR_000131,RELATED_TO_KPR
KPR_000070,KPR_000071,RELATED_TO_KPR
KPR_000071,KPR_000072,RELATED_TO_KPR
KPR_000071,KPR_000073,RELATED_TO_KPR
KPR_000072,KPR_000073,RELATED_TO_KPR
KPR_000074,KPR_000075,RELATED_TO_KPR
KPR_000074,KPR_000076,RELATED_TO_KPR
KPR_000075,KPR_000076,RELATED_TO_KPR
KPR_000075,KPR_000077,RELATED_TO_KPR
KPR_000075,KPR_000133,RELATED_TO_KPR
KPR_000076,KPR_000077,RELATED_TO_KPR
KPR_000076,KPR_000133,RELATED_TO_KPR
KPR_000077,KPR_000141,RELATED_TO_KPR
KPR_000078,KPR_000080,RELATED_TO_KPR
KPR_000081,KPR_000082,RELATED_TO_KPR
KPR_000081,KPR_000136,RELATED_TO_KPR
KPR_000081,KPR_000142,RELATED_TO_KPR
KPR_000081,KPR_000143,RELATED_TO_KPR
KPR_000081,KPR_000144,RELATED_TO_KPR
KPR_000086,KPR_000088,RELATED_TO_KPR
KPR_000087,KPR_000145,RELATED_TO_KPR
KPR_000089,KPR_000090,RELATED_TO_KPR
KPR_000089,KPR_000091,RELATED_TO_KPR
KPR_000089,KPR_000146,RELATED_TO_KPR
KPR_000090,KPR_000091,RELATED_TO_KPR
KPR_000090,KPR_000146,RELATED_TO_KPR
KPR_000091,KPR_000092,RELATED_TO_KPR
KPR_000098,KPR_000099,RELATED_TO_KPR
KPR_000115,KPR_000116,RELATED_TO_KPR
KPR_000125,KPR_000126,RELATED_TO_KPR
KPR_000125,KPR_000127,RELATED_TO_KPR
KPR_000126,KPR_000155,RELATED_TO_KPR
KPR_000134,KPR_000135,RELATED_TO_KPR
KPR_000137,KPR_000138,RELATED_TO_KPR
SCR_0001,SCR_0017,RELATED_TO_SCR
SCR_0001,SCR_0039,RELATED_TO_SCR
SCR_0002,SCR_0005,RELATED_TO_SCR
SCR_0002,SCR_0010,RELATED_TO_SCR
SCR_0002,SCR_0019,RELATED_TO_SCR
SCR_0002,SCR_0088,RELATED_TO_SCR
SCR_0003,SCR_0015,RELATED_TO_SCR
SCR_0003,SCR_0017,RELATED_TO_SCR
SCR_0004,SCR_0005,RELATED_TO_SCR
SCR_0004,SCR_0015,RELATED_TO_SCR
SCR_0004,SCR_0027,RELATED_TO_SCR
SCR_0004,SCR_0061,RELATED_TO_SCR
SCR_0004,SCR_0084,RELATED_TO_SCR
SCR_0004,SCR_0092,RELATED_TO_SCR
SCR_0005,SCR_0015,RELATED_TO_SCR
SCR_0005,SCR_0029,RELATED_TO_SCR
SCR_0005,SCR_0092,RELATED_TO_SCR
SCR_0006,SCR_0008,RELATED_TO_SCR
SCR_0006,SCR_0025,RELATED_TO_SCR
SCR_0006,SCR_0026,RELATED_TO_SCR
SCR_0006,SCR_0081,RELATED_TO_SCR
SCR_0007,SCR_0020,RELATED_TO_SCR
SCR_0007,SCR_0029,RELATED_TO_SCR
SCR_0007,SCR_0039,RELATED_TO_SCR
SCR_0007,SCR_0084,RELATED_TO_SCR
SCR_0008,SCR_0021,RELATED_TO_SCR
SCR_0008,SCR_0026,RELATED_TO_SCR
SCR_0008,SCR_0081,RELATED_TO_SCR
SCR_0009,SCR_0019,RELATED_TO_SCR
SCR_0009,SCR_0036,RELATED_TO_SCR
SCR_0009,SCR_0040,RELATED_TO_SCR
SCR_0010,SCR_0011,RELATED_TO_SCR
SCR_0010,SCR_0014,RELATED_TO_SCR
SCR_0010,SCR_0031,RELATED_TO_SCR
SCR_0010,SCR_0062,RELATED_TO_SCR
SCR_0010,SCR_0069,RELATED_TO_SCR
SCR_0010,SCR_0073,RELATED_TO_SCR
SCR_0010,SCR_0088,RELATED_TO_SCR
SCR_0010,SCR_0089,RELATED_TO_SCR
SCR_0011,SCR_0031,RELATED_TO_SCR
SCR_0011,SCR_0037,RELATED_TO_SCR
SCR_0011,SCR_0062,RELATED_TO_SCR
SCR_0011,SCR_0064,RELATED_TO_SCR
SCR_0011,SCR_0065,RELATED_TO_SCR
SCR_0011,SCR_0066,RELATED_TO_SCR
SCR_0011,SCR_0067,RELATED_TO_SCR
SCR_0011,SCR_0068,RELATED_TO_SCR
SCR_0011,SCR_0069,RELATED_TO_SCR
SCR_0011,SCR_0070,RELATED_TO_SCR
SCR_0011,SCR_0078,RELATED_TO_SCR
SCR_0012,SCR_0013,RELATED_TO_SCR
SCR_0012,SCR_0032,RELATED_TO_SCR
SCR_0012,SCR_0061,RELATED_TO_SCR
SCR_0012,SCR_0063,RELATED_TO_SCR
SCR_0012,SCR_0066,RELATED_TO_SCR
SCR_0012,SCR_0072,RELATED_TO_SCR
SCR_0013,SCR_0032,RELATED_TO_SCR
SCR_0013,SCR_0061,RELATED_TO_SCR
SCR_0013,SCR_0063,RELATED_TO_SCR
SCR_0013,SCR_0064,RELATED_TO_SCR
SCR_0013,SCR_0065,RELATED_TO_SCR
SCR_0013,SCR_0066,RELATED_TO_SCR
SCR_0013,SCR_0067,RELATED_TO_SCR
SCR_0013,SCR_0072,RELATED_TO_SCR
SCR_0013,SCR_0075,RELATED_TO_SCR
SCR_0014,SCR_0031,RELATED_TO_SCR
SCR_0014,SCR_0033,RELATED_TO_SCR
SCR_0014,SCR_0062,RELATED_TO_SCR
SCR_0014,SCR_0063,RELATED_TO_SCR
SCR_0014,SCR_0073,RELATED_TO_SCR
SCR_0014,SCR_0089,RELATED_TO_SCR
SCR_0015,SCR_0017,RELATED_TO_SCR
SCR_0016,SCR_0032,RELATED_TO_SCR
SCR_0016,SCR_0039,RELATED_TO_SCR
SCR_0017,SCR_0018,RELATED_TO_SCR
SCR_0017,SCR_0037,RELATED_TO_SCR
SCR_0017,SCR_0039,RELATED_TO_SCR
SCR_0018,SCR_0037,RELATED_TO_SCR
SCR_0019,SCR_0030,RELATED_TO_SCR
SCR_0019,SCR_0039,RELATED_TO_SCR
SCR_0019,SCR_0088,RELATED_TO_SCR
SCR_0020,SCR_0021,RELATED_TO_SCR
SCR_0020,SCR_0031,RELATED_TO_SCR
SCR_0020,SCR_0033,RELATED_TO_SCR
SCR_0020,SCR_0076,RELATED_TO_SCR
SCR_0020,SCR_0077,RELATED_TO_SCR
SCR_0020,SCR_0086,RELATED_TO_SCR
SCR_0021,SCR_0022,RELATED_TO_SCR
SCR_0021,SCR_0026,RELATED_TO_SCR
SCR_0021,SCR_0030,RELATED_TO_SCR
SCR_0021,SCR_0071,RELATED_TO_SCR
SCR_0021,SCR_0074,RELATED_TO_SCR
SCR_0021,SCR_0085,RELATED_TO_SCR
SCR_0021,SCR_0093,RELATED_TO_SCR
SCR_0021,SCR_0094,RELATED_TO_SCR
SCR_0022,SCR_0024,RELATED_TO_SCR
SCR_0022,SCR_0040,RELATED_TO_SCR
SCR_0022,SCR_0074,RELATED_TO_SCR
SCR_0022,SCR_0085,RELATED_TO_SCR
SCR_0022,SCR_0091,RELATED_TO_SCR
SCR_0022,SCR_0094,RELATED_TO_SCR
SCR_0023,SCR_0024,RELATED_TO_SCR
SCR_0023,SCR_0030,RELATED_TO_SCR
SCR_0023,SCR_0086,RELATED_TO_SCR
SCR_0023,SCR_0087,RELATED_TO_SCR
SCR_0024,SCR_0025,RELATED_TO_SCR
SCR_0025,SCR_0026,RELATED_TO_SCR
SCR_0026,SCR_0027,RELATED_TO_SCR
SCR_0026,SCR_0074,RELATED_TO_SCR
SCR_0026,SCR_0081,RELATED_TO_SCR
SCR_0026,SCR_0082,RELATED_TO_SCR
SCR_0026,SCR_0093,RELATED_TO_SCR
SCR_0027,SCR_0028,RELATED_TO_SCR
SCR_0027,SCR_0038,RELATED_TO_SCR
SCR_0027,SCR_0090,RELATED_TO_SCR
SCR_0028,SCR_0033,RELATED_TO_SCR
SCR_0029,SCR_0035,RELATED_TO_SCR
SCR_0029,SCR_0036,RELATED_TO_SCR
SCR_0029,SCR_0039,RELATED_TO_SCR
SCR_0029,SCR_0079,RELATED_TO_SCR
SCR_0029,SCR_0080,RELATED_TO_SCR
SCR_0029,SCR_0090,RELATED_TO_SCR
SCR_0030,SCR_0036,RELATED_TO_SCR
SCR_0030,SCR_0080,RELATED_TO_SCR
SCR_0031,SCR_0068,RELATED_TO_SCR
SCR_0031,SCR_0070,RELATED_TO_SCR
SCR_0031,SCR_0095,RELATED_TO_SCR
SCR_0032,SCR_0036,RELATED_TO_SCR
SCR_0032,SCR_0066,RELATED_TO_SCR
SCR_0033,SCR_0035,RELATED_TO_SCR
SCR_0033,SCR_0038,RELATED_TO_SCR
SCR_0033,SCR_0063,RELATED_TO_SCR
SCR_0033,SCR_0075,RELATED_TO_SCR
SCR_0033,SCR_0079,RELATED_TO_SCR
SCR_0033,SCR_0082,RELATED_TO_SCR
SCR_0033,SCR_0088,RELATED_TO_SCR
SCR_0033,SCR_0089,RELATED_TO_SCR
SCR_0034,SCR_0035,RELATED_TO_SCR
SCR_0034,SCR_0040,RELATED_TO_SCR
SCR_0034,SCR_0085,RELATED_TO_SCR
SCR_0035,SCR_0036,RELATED_TO_SCR
SCR_0035,SCR_0038,RELATED_TO_SCR
SCR_0035,SCR_0095,RELATED_TO_SCR
SCR_0036,SCR_0039,RELATED_TO_SCR
SCR_0036,SCR_0080,RELATED_TO_SCR
SCR_0036,SCR_0091,RELATED_TO_SCR
SCR_0039,SCR_0040,RELATED_TO_SCR
SCR_0041,SCR_0061,RELATED_TO_SCR
SCR_0041,SCR_0063,RELATED_TO_SCR
SCR_0041,SCR_0064,RELATED_TO_SCR
SCR_0041,SCR_0067,RELATED_TO_SCR
SCR_0041,SCR_0071,RELATED_TO_SCR
SCR_0041,SCR_0075,RELATED_TO_SCR
SCR_0041,SCR_0078,RELATED_TO_SCR
SCR_0042,SCR_0062,RELATED_TO_SCR
SCR_0042,SCR_0065,RELATED_TO_SCR
SCR_0042,SCR_0068,RELATED_TO_SCR
SCR_0042,SCR_0069,RELATED_TO_SCR
SCR_0042,SCR_0070,RELATED_TO_SCR
SCR_0044,SCR_0073,RELATED_TO_SCR
SCR_0049,SCR_0076,RELATED_TO_SCR
SCR_0049,SCR_0077,RELATED_TO_SCR
SCR_0049,SCR_0083,RELATED_TO_SCR
SCR_0049,SCR_0094,RELATED_TO_SCR
SCR_0053,SCR_0093,RELATED_TO_SCR
SCR_0054,SCR_0071,RELATED_TO_SCR
SCR_0054,SCR_0074,RELATED_TO_SCR
SCR_0054,SCR_0079,RELATED_TO_SCR
SCR_0054,SCR_0082,RELATED_TO_SCR
SCR_0054,SCR_0083,RELATED_TO_SCR
SCR_0055,SCR_0072,RELATED_TO_SCR
SCR_0055,SCR_0084,RELATED_TO_SCR
SCR_0055,SCR_0090,RELATED_TO_SCR
SCR_0055,SCR_0096,RELATED_TO_SCR
SCR_0056,SCR_0090,RELATED_TO_SCR
SCR_0057,SCR_0096,RELATED_TO_SCR
SCR_0061,SCR_0064,RELATED_TO_SCR
SCR_0061,SCR_0075,RELATED_TO_SCR
SCR_0061,SCR_0085,RELATED_TO_SCR
SCR_0061,SCR_0086,RELATED_TO_SCR
SCR_0062,SCR_0069,RELATED_TO_SCR
SCR_0062,SCR_0073,RELATED_TO_SCR
SCR_0063,SCR_0064,RELATED_TO_SCR
SCR_0063,SCR_0065,RELATED_TO_SCR
SCR_0064,SCR_0065,RELATED_TO_SCR
SCR_0064,SCR_0066,RELATED_TO_SCR
SCR_0064,SCR_0072,RELATED_TO_SCR
SCR_0065,SCR_0067,RELATED_TO_SCR
SCR_0066,SCR_0067,RELATED_TO_SCR
SCR_0067,SCR_0068,RELATED_TO_SCR
SCR_0067,SCR_0078,RELATED_TO_SCR
SCR_0068,SCR_0069,RELATED_TO_SCR
SCR_0068,SCR_0070,RELATED_TO_SCR
SCR_0069,SCR_0087,RELATED_TO_SCR
SCR_0070,SCR_0087,RELATED_TO_SCR
SCR_0071,SCR_0082,RELATED_TO_SCR
SCR_0071,SCR_0083,RELATED_TO_SCR
SCR_0072,SCR_0084,RELATED_TO_SCR
SCR_0073,SCR_0089,RELATED_TO_SCR
SCR_0074,SCR_0081,RELATED_TO_SCR
SCR_0074,SCR_0085,RELATED_TO_SCR
SCR_0074,SCR_0092,RELATED_TO_SCR
SCR_0076,SCR_0077,RELATED_TO_SCR
SCR_0076,SCR_0082,RELATED_TO_SCR
SCR_0077,SCR_0082,RELATED_TO_SCR
SCR_0077,SCR_0086,RELATED_TO_SCR
SCR_0078,SCR_0083,RELATED_TO_SCR
SCR_0079,SCR_0080,RELATED_TO_SCR
SCR_0079,SCR_0082,RELATED_TO_SCR
SCR_0082,SCR_0095,RELATED_TO_SCR
SCR_0083,SCR_0094,RELATED_TO_SCR
SCR_0083,SCR_0095,RELATED_TO_SCR
SCR_0084,SCR_0092,RELATED_TO_SCR
SCR_0085,SCR_0091,RELATED_TO_SCR
SCR_0085,SCR_0093,RELATED_TO_SCR
SCR_0087,SCR_0089,RELATED_TO_SCR
SCR_0088,SCR_0089,RELATED_TO_SCR
SCR_0090,SCR_0096,RELATED_TO_SCR
KCR_000002,KCR_000001,REQUIRES_KNOWLEDGE_OF
KCR_000003,KCR_000001,REQUIRES_KNOWLEDGE_OF
KCR_000004,KCR_000001,REQUIRES_KNOWLEDGE_OF
KCR_000006,KCR_000005,REQUIRES_KNOWLEDGE_OF
KCR_000009,KCR_000001,REQUIRES_KNOWLEDGE_OF
KCR_000016,KCR_000015,REQUIRES_KNOWLEDGE_OF
KCR_000017,KCR_000016,REQUIRES_KNOWLEDGE_OF
KCR_000018,KCR_000016,REQUIRES_KNOWLEDGE_OF
KCR_000019,KCR_000017,REQUIRES_KNOWLEDGE_OF
KCR_000020,KCR_000021,REQUIRES_KNOWLEDGE_OF
KCR_000027,KCR_000026,REQUIRES_KNOWLEDGE_OF
KCR_000028,KCR_000023,REQUIRES_KNOWLEDGE_OF
KCR_000030,KCR_000007,REQUIRES_KNOWLEDGE_OF
KCR_000036,KCR_000035,REQUIRES_KNOWLEDGE_OF
KCR_000037,KCR_000035,REQUIRES_KNOWLEDGE_OF
KCR_000039,KCR_000037,REQUIRES_KNOWLEDGE_OF
KCR_000041,KCR_000040,REQUIRES_KNOWLEDGE_OF
KCR_000042,KCR_000041,REQUIRES_KNOWLEDGE_OF
KCR_000043,KCR_000042,REQUIRES_KNOWLEDGE_OF
KCR_000044,KCR_000043,REQUIRES_KNOWLEDGE_OF
KCR_000046,KCR_000045,REQUIRES_KNOWLEDGE_OF
KCR_000047,KCR_000046,REQUIRES_KNOWLEDGE_OF
KCR_000048,KCR_000045,REQUIRES_KNOWLEDGE_OF
KCR_000049,KCR_000046,REQUIRES_KNOWLEDGE_OF
KCR_000053,KCR_000050,REQUIRES_KNOWLEDGE_OF
KCR_000054,KCR_000053,REQUIRES_KNOWLEDGE_OF
KCR_000056,KCR_000049,REQUIRES_KNOWLEDGE_OF
KCR_000057,KCR_000055,REQUIRES_KNOWLEDGE_OF
KCR_000058,KCR_000055,REQUIRES_KNOWLEDGE_OF
KCR_000059,KCR_000055,REQUIRES_KNOWLEDGE_OF
KCR_000062,KCR_000061,REQUIRES_KNOWLEDGE_OF
KCR_000063,KCR_000060,REQUIRES_KNOWLEDGE_OF
KCR_000064,KCR_000063,REQUIRES_KNOWLEDGE_OF
KCR_000067,KCR_000065,REQUIRES_KNOWLEDGE_OF
KCR_000068,KCR_000066,REQUIRES_KNOWLEDGE_OF
KCR_000071,KCR_000070,REQUIRES_KNOWLEDGE_OF
KCR_000072,KCR_000070,REQUIRES_KNOWLEDGE_OF
KCR_000074,KCR_000073,REQUIRES_KNOWLEDGE_OF
KCR_000076,KCR_000075,REQUIRES_KNOWLEDGE_OF
KCR_000077,KCR_000075,REQUIRES_KNOWLEDGE_OF
KCR_000079,KCR_000078,REQUIRES_KNOWLEDGE_OF
KCR_000082,KCR_000080,REQUIRES_KNOWLEDGE_OF
KCR_000083,KCR_000070,REQUIRES_KNOWLEDGE_OF
KCR_000084,KCR_000080,REQUIRES_KNOWLEDGE_OF
KCR_000086,KCR_000085,REQUIRES_KNOWLEDGE_OF
KCR_000087,KCR_000086,REQUIRES_KNOWLEDGE_OF
KCR_000088,KCR_000087,REQUIRES_KNOWLEDGE_OF
KCR_000089,KCR_000087,REQUIRES_KNOWLEDGE_OF
KCR_000091,KCR_000090,REQUIRES_KNOWLEDGE_OF
KCR_000092,KCR_000053,REQUIRES_KNOWLEDGE_OF
KCR_000093,KCR_000086,REQUIRES_KNOWLEDGE_OF
KCR_000094,KCR_000086,REQUIRES_KNOWLEDGE_OF
KCR_000096,KCR_000095,REQUIRES_KNOWLEDGE_OF
KCR_000100,KCR_000101,REQUIRES_KNOWLEDGE_OF
KCR_000101,KCR_000092,REQUIRES_KNOWLEDGE_OF
KCR_000103,KCR_000086,REQUIRES_KNOWLEDGE_OF
KCR_000104,KCR_000092,REQUIRES_KNOWLEDGE_OF
KCR_000108,KCR_000107,REQUIRES_KNOWLEDGE_OF
KCR_000116,KCR_000115,REQUIRES_KNOWLEDGE_OF
KCR_000117,KCR_000115,REQUIRES_KNOWLEDGE_OF
KCR_000121,KCR_000120,REQUIRES_KNOWLEDGE_OF
KCR_000122,KCR_000120,REQUIRES_KNOWLEDGE_OF
KCR_000123,KCR_000120,REQUIRES_KNOWLEDGE_OF
KCR_000124,KCR_000121,REQUIRES_KNOWLEDGE_OF
KCR_000135,KCR_000134,REQUIRES_KNOWLEDGE_OF
KCR_000136,KCR_000135,REQUIRES_KNOWLEDGE_OF
KCR_000137,KCR_000136,REQUIRES_KNOWLEDGE_OF
KCR_000138,KCR_000134,REQUIRES_KNOWLEDGE_OF
KCR_000138,KCR_000135,REQUIRES_KNOWLEDGE_OF
KCR_000139,KCR_000138,REQUIRES_KNOWLEDGE_OF
KCR_000140,KCR_000129,REQUIRES_KNOWLEDGE_OF
KCR_000141,KCR_000140,REQUIRES_KNOWLEDGE_OF
KCR_000143,KCR_000142,REQUIRES_KNOWLEDGE_OF
KCR_000144,KCR_000143,REQUIRES_KNOWLEDGE_OF
KCR_000146,KCR_000145,REQUIRES_KNOWLEDGE_OF
KCR_000148,KCR_000146,REQUIRES_KNOWLEDGE_OF
KCR_000149,KCR_000148,REQUIRES_KNOWLEDGE_OF
KCR_000150,KCR_000147,REQUIRES_KNOWLEDGE_OF
KCR_000150,KCR_000148,REQUIRES_KNOWLEDGE_OF
KCR_000152,KCR_000151,REQUIRES_KNOWLEDGE_OF
KCR_000153,KCR_000152,REQUIRES_KNOWLEDGE_OF
KCR_000155,KCR_000154,REQUIRES_KNOWLEDGE_OF
KCR_000158,KCR_000157,REQUIRES_KNOWLEDGE_OF
KCR_000159,KCR_000158,REQUIRES_KNOWLEDGE_OF
KCR_000160,KCR_000158,REQUIRES_KNOWLEDGE_OF
KCR_000160,KCR_000159,REQUIRES_KNOWLEDGE_OF
KCR_000161,KCR_000158,REQUIRES_KNOWLEDGE_OF
KCR_000162,KCR_000127,REQUIRES_KNOWLEDGE_OF
KCR_000162,KCR_000150,REQUIRES_KNOWLEDGE_OF
KCR_000163,KCR_000162,REQUIRES_KNOWLEDGE_OF
KCR_000164,KCR_000162,REQUIRES_KNOWLEDGE_OF
KCR_000165,KCR_000162,REQUIRES_KNOWLEDGE_OF
KCR_000166,KCR_000162,REQUIRES_KNOWLEDGE_OF
KCR_000167,KCR_000162,REQUIRES_KNOWLEDGE_OF
KCR_000168,KCR_000145,REQUIRES_KNOWLEDGE_OF
KCR_000169,KCR_000145,REQUIRES_KNOWLEDGE_OF
KCR_000170,KCR_000145,REQUIRES_KNOWLEDGE_OF
KCR_000171,KCR_000145,REQUIRES_KNOWLEDGE_OF
KCR_000172,KCR_000145,REQUIRES_KNOWLEDGE_OF
KCR_000174,KCR_000173,REQUIRES_KNOWLEDGE_OF
KCR_000175,KCR_000173,REQUIRES_KNOWLEDGE_OF
KCR_000176,KCR_000173,REQUIRES_KNOWLEDGE_OF
KCR_000177,KCR_000176,REQUIRES_KNOWLEDGE_OF
KCR_000178,KCR_000173,REQUIRES_KNOWLEDGE_OF
KCR_000179,KCR_000177,REQUIRES_KNOWLEDGE_OF
KCR_000180,KCR_000179,REQUIRES_KNOWLEDGE_OF
KCR_000181,KCR_000179,REQUIRES_KNOWLEDGE_OF
KCR_000182,KCR_000177,REQUIRES_KNOWLEDGE_OF
KCR_000183,KCR_000182,REQUIRES_KNOWLEDGE_OF
KCR_000184,KCR_000177,REQUIRES_KNOWLEDGE_OF
KCR_000186,KCR_000185,REQUIRES_KNOWLEDGE_OF
KCR_000187,KCR_000186,REQUIRES_KNOWLEDGE_OF
KCR_000188,KCR_000185,REQUIRES_KNOWLEDGE_OF
KCR_000189,KCR_000185,REQUIRES_KNOWLEDGE_OF
KCR_000190,KCR_000186,REQUIRES_KNOWLEDGE_OF
KCR_000193,KCR_000192,REQUIRES_KNOWLEDGE_OF
KCR_000194,KCR_000191,REQUIRES_KNOWLEDGE_OF
KCR_000195,KCR_000192,REQUIRES_KNOWLEDGE_OF
KCR_000197,KCR_000196,REQUIRES_KNOWLEDGE_OF
KCR_000198,KCR_000197,REQUIRES_KNOWLEDGE_OF
KCR_000199,KCR_000197,REQUIRES_KNOWLEDGE_OF
KCR_000200,KCR_000197,REQUIRES_KNOWLEDGE_OF
KCR_000201,KCR_000198,REQUIRES_KNOWLEDGE_OF
KCR_000202,KCR_000148,REQUIRES_KNOWLEDGE_OF
KCR_000204,KCR_000159,REQUIRES_KNOWLEDGE_OF
KCR_000205,KCR_000202,REQUIRES_KNOWLEDGE_OF
KCR_000216,KCR_000210,REQUIRES_KNOWLEDGE_OF
KCR_000217,KCR_000216,REQUIRES_KNOWLEDGE_OF
KCR_000218,KCR_000217,REQUIRES_KNOWLEDGE_OF
KCR_000220,KCR_000219,REQUIRES_KNOWLEDGE_OF
KCR_000221,KCR_000219,REQUIRES_KNOWLEDGE_OF
KCR_000222,KCR_000218,REQUIRES_KNOWLEDGE_OF
KCR_000223,KCR_000221,REQUIRES_KNOWLEDGE_OF
KCR_000225,KCR_000224,REQUIRES_KNOWLEDGE_OF
KCR_000226,KCR_000224,REQUIRES_KNOWLEDGE_OF
KCR_000227,KCR_000226,REQUIRES_KNOWLEDGE_OF
KCR_000228,KCR_000225,REQUIRES_KNOWLEDGE_OF
KCR_000230,KCR_000229,REQUIRES_KNOWLEDGE_OF
KCR_000231,KCR_000229,REQUIRES_KNOWLEDGE_OF
KCR_000233,KCR_000231,REQUIRES_KNOWLEDGE_OF
KCR_000234,KCR_000211,REQUIRES_KNOWLEDGE_OF
KCR_000235,KCR_000234,REQUIRES_KNOWLEDGE_OF
KCR_000236,KCR_000228,REQUIRES_KNOWLEDGE_OF
KCR_000237,KCR_000236,REQUIRES_KNOWLEDGE_OF
KCR_000238,KCR_000211,REQUIRES_KNOWLEDGE_OF
KCR_000239,KCR_000235,REQUIRES_KNOWLEDGE_OF
KCR_000240,KCR_000211,REQUIRES_KNOWLEDGE_OF
KCR_000241,KCR_000212,REQUIRES_KNOWLEDGE_OF
KCR_000243,KCR_000212,REQUIRES_KNOWLEDGE_OF
KCR_000245,KCR_000244,REQUIRES_KNOWLEDGE_OF
KCR_000246,KCR_000245,REQUIRES_KNOWLEDGE_OF
KCR_000247,KCR_000244,REQUIRES_KNOWLEDGE_OF
KCR_000248,KCR_000244,REQUIRES_KNOWLEDGE_OF
KCR_001247,KCR_000956,REQUIRES_KNOWLEDGE_OF
KCR_001248,KCR_000539,REQUIRES_KNOWLEDGE_OF
KCR_001249,KCR_000765,REQUIRES_KNOWLEDGE_OF
KCR_001250,KCR_000533,REQUIRES_KNOWLEDGE_OF
KCR_001251,KCR_000893,REQUIRES_KNOWLEDGE_OF
KCR_001252,KCR_001211,REQUIRES_KNOWLEDGE_OF
KCR_001253,KCR_000486,REQUIRES_KNOWLEDGE_OF
KCR_001254,KCR_000522,REQUIRES_KNOWLEDGE_OF
KCR_001255,KCR_000737,REQUIRES_KNOWLEDGE_OF
KCR_001256,KCR_000357,REQUIRES_KNOWLEDGE_OF
KCR_001257,KCR_000714,REQUIRES_KNOWLEDGE_OF
KCR_001258,KCR_000743,REQUIRES_KNOWLEDGE_OF
KCR_001259,KCR_000351,REQUIRES_KNOWLEDGE_OF
KCR_001260,KCR_000519,REQUIRES_KNOWLEDGE_OF
KCR_001260,KCR_001254,REQUIRES_KNOWLEDGE_OF
KCR_001261,KCR_000554,REQUIRES_KNOWLEDGE_OF
KCR_001262,KCR_000733,REQUIRES_KNOWLEDGE_OF
KCR_001263,KCR_000714,REQUIRES_KNOWLEDGE_OF
KCR_001264,KCR_000872,REQUIRES_KNOWLEDGE_OF
KCR_001265,KCR_001202,REQUIRES_KNOWLEDGE_OF
KCR_001266,KCR_001244,REQUIRES_KNOWLEDGE_OF
KCR_001267,KCR_000599,REQUIRES_KNOWLEDGE_OF
KPR_000006,KPR_000005,REQUIRES_PRINCIPLE
KPR_000011,KPR_000004,REQUIRES_PRINCIPLE
KPR_000012,KPR_000005,REQUIRES_PRINCIPLE
KPR_000012,KPR_000011,REQUIRES_PRINCIPLE
KPR_000013,KPR_000004,REQUIRES_PRINCIPLE
KPR_000016,KPR_000004,REQUIRES_PRINCIPLE
KPR_000018,KPR_000019,REQUIRES_PRINCIPLE
KPR_000019,KPR_000004,REQUIRES_PRINCIPLE
KPR_000021,KPR_000040,REQUIRES_PRINCIPLE
KPR_000022,KPR_000005,REQUIRES_PRINCIPLE
KPR_000023,KPR_000040,REQUIRES_PRINCIPLE
KPR_000024,KPR_000023,REQUIRES_PRINCIPLE
KPR_000025,KPR_000052,REQUIRES_PRINCIPLE
KPR_000026,KPR_000010,REQUIRES_PRINCIPLE
KPR_000027,KPR_000043,REQUIRES_PRINCIPLE
KPR_000028,KPR_000043,REQUIRES_PRINCIPLE
KPR_000049,KPR_000042,REQUIRES_PRINCIPLE
KPR_000050,KPR_000042,REQUIRES_PRINCIPLE
KPR_000084,KPR_000007,REQUIRES_PRINCIPLE
KPR_000087,KPR_000086,REQUIRES_PRINCIPLE
KPR_000088,KPR_000029,REQUIRES_PRINCIPLE
KPR_000116,KPR_000115,REQUIRES_PRINCIPLE
KPR_000126,KPR_000010,REQUIRES_PRINCIPLE
KPR_000146,KPR_000089,REQUIRES_PRINCIPLE
AC_000001,SDG_TARGET_12_5,SUPPORTS_SDG_TARGET
AC_000002,SDG_TARGET_12_5,SUPPORTS_SDG_TARGET
AC_000003,SDG_TARGET_12_5,SUPPORTS_SDG_TARGET
AC_000004,SDG_TARGET_11_6,SUPPORTS_SDG_TARGET
AC_000004,SDG_TARGET_9_1,SUPPORTS_SDG_TARGET
AC_000005,SDG_TARGET_6_4,SUPPORTS_SDG_TARGET
AC_000006,SDG_TARGET_17_18,SUPPORTS_SDG_TARGET
AC_000006,SDG_TARGET_6_b,SUPPORTS_SDG_TARGET
AC_000007,SDG_TARGET_16_7,SUPPORTS_SDG_TARGET
AC_000007,SDG_TARGET_6_b,SUPPORTS_SDG_TARGET
AC_000008,SDG_TARGET_6_5,SUPPORTS_SDG_TARGET
AC_000008,SDG_TARGET_9_a,SUPPORTS_SDG_TARGET
AC_000009,SDG_TARGET_10_2,SUPPORTS_SDG_TARGET
AC_000009,SDG_TARGET_1_4,SUPPORTS_SDG_TARGET
AC_000010,SDG_TARGET_17_6,SUPPORTS_SDG_TARGET
AC_000010,SDG_TARGET_4_c,SUPPORTS_SDG_TARGET
AC_000011,SDG_TARGET_10_4,SUPPORTS_SDG_TARGET
AC_000011,SDG_TARGET_1_3,SUPPORTS_SDG_TARGET
AC_000011,SDG_TARGET_1_5,SUPPORTS_SDG_TARGET
AC_000012,SDG_TARGET_2_2,SUPPORTS_SDG_TARGET
AC_000012,SDG_TARGET_2_4,SUPPORTS_SDG_TARGET
AC_000013,SDG_TARGET_10_2,SUPPORTS_SDG_TARGET
AC_000013,SDG_TARGET_10_3,SUPPORTS_SDG_TARGET
AC_000013,SDG_TARGET_5_5,SUPPORTS_SDG_TARGET
AC_000013,SDG_TARGET_5_a,SUPPORTS_SDG_TARGET
AC_000013,SDG_TARGET_5_b,SUPPORTS_SDG_TARGET
AC_000014,SDG_TARGET_10_3,SUPPORTS_SDG_TARGET
AC_000014,SDG_TARGET_8_5,SUPPORTS_SDG_TARGET
AC_000014,SDG_TARGET_8_8,SUPPORTS_SDG_TARGET
AC_000015,SDG_TARGET_16_6,SUPPORTS_SDG_TARGET
AC_000015,SDG_TARGET_16_7,SUPPORTS_SDG_TARGET
AC_000015,SDG_TARGET_17_13,SUPPORTS_SDG_TARGET
AC_000015,SDG_TARGET_17_14,SUPPORTS_SDG_TARGET
AC_000015,SDG_TARGET_17_15,SUPPORTS_SDG_TARGET
AC_000016,SDG_TARGET_17_16,SUPPORTS_SDG_TARGET
AC_000016,SDG_TARGET_17_17,SUPPORTS_SDG_TARGET
AC_000016,SDG_TARGET_17_6,SUPPORTS_SDG_TARGET
AC_000016,SDG_TARGET_4_c,SUPPORTS_SDG_TARGET
AC_000016,SDG_TARGET_9_a,SUPPORTS_SDG_TARGET
AC_000016,SDG_TARGET_9_b,SUPPORTS_SDG_TARGET
AC_000017,SDG_TARGET_12_2,SUPPORTS_SDG_TARGET
AC_000017,SDG_TARGET_12_3,SUPPORTS_SDG_TARGET
AC_000017,SDG_TARGET_6_4,SUPPORTS_SDG_TARGET
AC_000017,SDG_TARGET_9_1,SUPPORTS_SDG_TARGET
AC_000018,SDG_TARGET_11_b,SUPPORTS_SDG_TARGET
AC_000018,SDG_TARGET_12_2,SUPPORTS_SDG_TARGET
AC_000018,SDG_TARGET_14_2,SUPPORTS_SDG_TARGET
AC_000018,SDG_TARGET_6_4,SUPPORTS_SDG_TARGET
AC_000018,SDG_TARGET_6_5,SUPPORTS_SDG_TARGET
AC_000018,SDG_TARGET_6_6,SUPPORTS_SDG_TARGET
AC_000019,SDG_TARGET_10_2,SUPPORTS_SDG_TARGET
AC_000019,SDG_TARGET_16_6,SUPPORTS_SDG_TARGET
AC_000019,SDG_TARGET_1_4,SUPPORTS_SDG_TARGET
AC_000019,SDG_TARGET_6_1,SUPPORTS_SDG_TARGET
AC_000019,SDG_TARGET_6_2,SUPPORTS_SDG_TARGET
AC_000020,SDG_TARGET_12_2,SUPPORTS_SDG_TARGET
AC_000021,SDG_TARGET_12_6,SUPPORTS_SDG_TARGET
AC_000021,SDG_TARGET_16_6,SUPPORTS_SDG_TARGET
AC_000021,SDG_TARGET_16_7,SUPPORTS_SDG_TARGET
AC_000022,SDG_TARGET_16_6,SUPPORTS_SDG_TARGET
AC_000022,SDG_TARGET_16_7,SUPPORTS_SDG_TARGET
AC_000023,SDG_TARGET_12_5,SUPPORTS_SDG_TARGET
AC_000023,SDG_TARGET_9_4,SUPPORTS_SDG_TARGET
AC_000024,SDG_TARGET_11_6,SUPPORTS_SDG_TARGET
AC_000024,SDG_TARGET_12_2,SUPPORTS_SDG_TARGET
AC_000024,SDG_TARGET_9_4,SUPPORTS_SDG_TARGET
AC_000025,SDG_TARGET_12_4,SUPPORTS_SDG_TARGET
AC_000025,SDG_TARGET_13_1,SUPPORTS_SDG_TARGET
AC_000025,SDG_TARGET_3_9,SUPPORTS_SDG_TARGET
AC_000025,SDG_TARGET_6_3,SUPPORTS_SDG_TARGET
AC_000026,SDG_TARGET_3_4,SUPPORTS_SDG_TARGET
AC_000026,SDG_TARGET_3_9,SUPPORTS_SDG_TARGET
AC_000026,SDG_TARGET_8_8,SUPPORTS_SDG_TARGET
AC_000027,SDG_TARGET_16_7,SUPPORTS_SDG_TARGET
AC_000027,SDG_TARGET_6_b,SUPPORTS_SDG_TARGET
AC_000028,SDG_TARGET_14_b,SUPPORTS_SDG_TARGET
AC_000028,SDG_TARGET_16_7,SUPPORTS_SDG_TARGET
AC_000028,SDG_TARGET_6_b,SUPPORTS_SDG_TARGET
AC_000029,SDG_TARGET_16_6,SUPPORTS_SDG_TARGET
AC_000029,SDG_TARGET_16_7,SUPPORTS_SDG_TARGET
AC_000029,SDG_TARGET_6_b,SUPPORTS_SDG_TARGET
AC_000030,SDG_TARGET_12_4,SUPPORTS_SDG_TARGET
AC_000030,SDG_TARGET_16_6,SUPPORTS_SDG_TARGET
AC_000031,SDG_TARGET_12_4,SUPPORTS_SDG_TARGET
AC_000031,SDG_TARGET_16_3,SUPPORTS_SDG_TARGET
AC_000031,SDG_TARGET_16_6,SUPPORTS_SDG_TARGET
AC_000032,SDG_TARGET_12_2,SUPPORTS_SDG_TARGET
AC_000032,SDG_TARGET_12_4,SUPPORTS_SDG_TARGET
AC_000032,SDG_TARGET_12_5,SUPPORTS_SDG_TARGET
AC_000032,SDG_TARGET_9_4,SUPPORTS_SDG_TARGET
AC_000033,SDG_TARGET_12_2,SUPPORTS_SDG_TARGET
AC_000033,SDG_TARGET_12_5,SUPPORTS_SDG_TARGET
AC_000033,SDG_TARGET_9_4,SUPPORTS_SDG_TARGET
AC_000034,SDG_TARGET_12_2,SUPPORTS_SDG_TARGET
AC_000034,SDG_TARGET_9_4,SUPPORTS_SDG_TARGET
AC_000035,SDG_TARGET_13_1,SUPPORTS_SDG_TARGET
AC_000036,SDG_TARGET_13_1,SUPPORTS_SDG_TARGET
AC_000036,SDG_TARGET_13_3,SUPPORTS_SDG_TARGET
AC_000036,SDG_TARGET_14_2,SUPPORTS_SDG_TARGET
AC_000036,SDG_TARGET_15_9,SUPPORTS_SDG_TARGET
AC_000037,SDG_TARGET_11_b,SUPPORTS_SDG_TARGET
AC_000037,SDG_TARGET_15_5,SUPPORTS_SDG_TARGET
AC_000037,SDG_TARGET_6_6,SUPPORTS_SDG_TARGET
AC_000038,SDG_TARGET_11_b,SUPPORTS_SDG_TARGET
AC_000038,SDG_TARGET_15_5,SUPPORTS_SDG_TARGET
AC_000039,SDG_TARGET_12_2,SUPPORTS_SDG_TARGET
AC_000039,SDG_TARGET_12_4,SUPPORTS_SDG_TARGET
AC_000040,SDG_TARGET_11_b,SUPPORTS_SDG_TARGET
AC_000040,SDG_TARGET_6_b,SUPPORTS_SDG_TARGET
AC_000040,SDG_TARGET_9_1,SUPPORTS_SDG_TARGET
SCR_0001,SDG_TARGET_15_5,SUPPORTS_SDG_TARGET
SCR_0002,SDG_TARGET_12_2,SUPPORTS_SDG_TARGET
SCR_0002,SDG_TARGET_14_2,SUPPORTS_SDG_TARGET
SCR_0002,SDG_TARGET_6_4,SUPPORTS_SDG_TARGET
SCR_0002,SDG_TARGET_6_5,SUPPORTS_SDG_TARGET
SCR_0003,SDG_TARGET_14_2,SUPPORTS_SDG_TARGET
SCR_0004,SDG_TARGET_11_b,SUPPORTS_SDG_TARGET
SCR_0004,SDG_TARGET_6_5,SUPPORTS_SDG_TARGET
SCR_0004,SDG_TARGET_6_6,SUPPORTS_SDG_TARGET
SCR_0005,SDG_TARGET_14_2,SUPPORTS_SDG_TARGET
SCR_0005,SDG_TARGET_6_4,SUPPORTS_SDG_TARGET
SCR_0005,SDG_TARGET_6_5,SUPPORTS_SDG_TARGET
SCR_0006,SDG_TARGET_14_b,SUPPORTS_SDG_TARGET
SCR_0006,SDG_TARGET_16_7,SUPPORTS_SDG_TARGET
SCR_0006,SDG_TARGET_6_b,SUPPORTS_SDG_TARGET
SCR_0007,SDG_TARGET_11_b,SUPPORTS_SDG_TARGET
SCR_0007,SDG_TARGET_15_9,SUPPORTS_SDG_TARGET
SCR_0007,SDG_TARGET_6_5,SUPPORTS_SDG_TARGET
SCR_0008,SDG_TARGET_16_6,SUPPORTS_SDG_TARGET
SCR_0008,SDG_TARGET_16_7,SUPPORTS_SDG_TARGET
SCR_0008,SDG_TARGET_6_b,SUPPORTS_SDG_TARGET
SCR_0009,SDG_TARGET_12_2,SUPPORTS_SDG_TARGET
SCR_0009,SDG_TARGET_13_1,SUPPORTS_SDG_TARGET
SCR_0010,SDG_TARGET_12_2,SUPPORTS_SDG_TARGET
SCR_0010,SDG_TARGET_12_3,SUPPORTS_SDG_TARGET
SCR_0010,SDG_TARGET_6_4,SUPPORTS_SDG_TARGET
SCR_0010,SDG_TARGET_9_1,SUPPORTS_SDG_TARGET
SCR_0011,SDG_TARGET_12_4,SUPPORTS_SDG_TARGET
SCR_0011,SDG_TARGET_12_5,SUPPORTS_SDG_TARGET
SCR_0012,SDG_TARGET_12_2,SUPPORTS_SDG_TARGET
SCR_0012,SDG_TARGET_12_5,SUPPORTS_SDG_TARGET
SCR_0013,SDG_TARGET_12_5,SUPPORTS_SDG_TARGET
SCR_0014,SDG_TARGET_12_2,SUPPORTS_SDG_TARGET
SCR_0015,SDG_TARGET_11_b,SUPPORTS_SDG_TARGET
SCR_0015,SDG_TARGET_6_4,SUPPORTS_SDG_TARGET
SCR_0016,SDG_TARGET_11_b,SUPPORTS_SDG_TARGET
SCR_0016,SDG_TARGET_9_1,SUPPORTS_SDG_TARGET
SCR_0017,SDG_TARGET_11_b,SUPPORTS_SDG_TARGET
SCR_0017,SDG_TARGET_15_5,SUPPORTS_SDG_TARGET
SCR_0017,SDG_TARGET_6_6,SUPPORTS_SDG_TARGET
SCR_0018,SDG_TARGET_11_b,SUPPORTS_SDG_TARGET
SCR_0018,SDG_TARGET_15_5,SUPPORTS_SDG_TARGET
SCR_0019,SDG_TARGET_13_1,SUPPORTS_SDG_TARGET
SCR_0019,SDG_TARGET_15_5,SUPPORTS_SDG_TARGET
SCR_0019,SDG_TARGET_6_6,SUPPORTS_SDG_TARGET
SCR_0020,SDG_TARGET_10_3,SUPPORTS_SDG_TARGET
SCR_0020,SDG_TARGET_12_2,SUPPORTS_SDG_TARGET
SCR_0020,SDG_TARGET_12_4,SUPPORTS_SDG_TARGET
SCR_0021,SDG_TARGET_10_2,SUPPORTS_SDG_TARGET
SCR_0021,SDG_TARGET_10_3,SUPPORTS_SDG_TARGET
SCR_0022,SDG_TARGET_10_2,SUPPORTS_SDG_TARGET
SCR_0022,SDG_TARGET_3_4,SUPPORTS_SDG_TARGET
SCR_0022,SDG_TARGET_3_8,SUPPORTS_SDG_TARGET
SCR_0023,SDG_TARGET_3_4,SUPPORTS_SDG_TARGET
SCR_0023,SDG_TARGET_3_9,SUPPORTS_SDG_TARGET
SCR_0023,SDG_TARGET_8_8,SUPPORTS_SDG_TARGET
SCR_0024,SDG_TARGET_10_2,SUPPORTS_SDG_TARGET
SCR_0024,SDG_TARGET_3_8,SUPPORTS_SDG_TARGET
SCR_0025,SDG_TARGET_16_7,SUPPORTS_SDG_TARGET
SCR_0026,SDG_TARGET_16_7,SUPPORTS_SDG_TARGET
SCR_0026,SDG_TARGET_6_b,SUPPORTS_SDG_TARGET
SCR_0027,SDG_TARGET_11_c,SUPPORTS_SDG_TARGET
SCR_0027,SDG_TARGET_4_7,SUPPORTS_SDG_TARGET
SCR_0027,SDG_TARGET_6_5,SUPPORTS_SDG_TARGET
SCR_0028,SDG_TARGET_12_2,SUPPORTS_SDG_TARGET
SCR_0028,SDG_TARGET_4_7,SUPPORTS_SDG_TARGET
SCR_0029,SDG_TARGET_13_1,SUPPORTS_SDG_TARGET
SCR_0030,SDG_TARGET_13_1,SUPPORTS_SDG_TARGET
SCR_0030,SDG_TARGET_15_5,SUPPORTS_SDG_TARGET
SCR_0030,SDG_TARGET_6_6,SUPPORTS_SDG_TARGET
SCR_0031,SDG_TARGET_12_2,SUPPORTS_SDG_TARGET
SCR_0031,SDG_TARGET_12_4,SUPPORTS_SDG_TARGET
SCR_0032,SDG_TARGET_11_b,SUPPORTS_SDG_TARGET
SCR_0032,SDG_TARGET_9_1,SUPPORTS_SDG_TARGET
SCR_0033,SDG_TARGET_12_2,SUPPORTS_SDG_TARGET
SCR_0034,SDG_TARGET_10_2,SUPPORTS_SDG_TARGET
SCR_0034,SDG_TARGET_9_1,SUPPORTS_SDG_TARGET
SCR_0035,SDG_TARGET_13_1,SUPPORTS_SDG_TARGET
SCR_0035,SDG_TARGET_9_1,SUPPORTS_SDG_TARGET
SCR_0036,SDG_TARGET_11_b,SUPPORTS_SDG_TARGET
SCR_0036,SDG_TARGET_13_1,SUPPORTS_SDG_TARGET
SCR_0037,SDG_TARGET_11_b,SUPPORTS_SDG_TARGET
SCR_0037,SDG_TARGET_12_2,SUPPORTS_SDG_TARGET
SCR_0037,SDG_TARGET_15_5,SUPPORTS_SDG_TARGET
SCR_0038,SDG_TARGET_4_7,SUPPORTS_SDG_TARGET
SCR_0039,SDG_TARGET_11_b,SUPPORTS_SDG_TARGET
SCR_0039,SDG_TARGET_13_1,SUPPORTS_SDG_TARGET
SCR_0039,SDG_TARGET_15_5,SUPPORTS_SDG_TARGET
SCR_0040,SDG_TARGET_10_2,SUPPORTS_SDG_TARGET
SCR_0040,SDG_TARGET_15_5,SUPPORTS_SDG_TARGET
SCR_0040,SDG_TARGET_3_4,SUPPORTS_SDG_TARGET
SCR_0040,SDG_TARGET_3_8,SUPPORTS_SDG_TARGET
SCR_0040,SDG_TARGET_4_7,SUPPORTS_SDG_TARGET
SCR_0041,SDG_TARGET_12_2,SUPPORTS_SDG_TARGET
SCR_0041,SDG_TARGET_12_4,SUPPORTS_SDG_TARGET
SCR_0042,SDG_TARGET_12_2,SUPPORTS_SDG_TARGET
SCR_0042,SDG_TARGET_12_5,SUPPORTS_SDG_TARGET
SCR_0043,SDG_TARGET_12_2,SUPPORTS_SDG_TARGET
SCR_0043,SDG_TARGET_13_2,SUPPORTS_SDG_TARGET
SCR_0043,SDG_TARGET_7_2,SUPPORTS_SDG_TARGET
SCR_0043,SDG_TARGET_7_3,SUPPORTS_SDG_TARGET
SCR_0044,SDG_TARGET_12_2,SUPPORTS_SDG_TARGET
SCR_0044,SDG_TARGET_7_3,SUPPORTS_SDG_TARGET
SCR_0044,SDG_TARGET_9_1,SUPPORTS_SDG_TARGET
SCR_0045,SDG_TARGET_15_5,SUPPORTS_SDG_TARGET
SCR_0045,SDG_TARGET_6_6,SUPPORTS_SDG_TARGET
SCR_0046,SDG_TARGET_14_2,SUPPORTS_SDG_TARGET
SCR_0046,SDG_TARGET_15_5,SUPPORTS_SDG_TARGET
SCR_0047,SDG_TARGET_15_3,SUPPORTS_SDG_TARGET
SCR_0047,SDG_TARGET_2_4,SUPPORTS_SDG_TARGET
SCR_0048,SDG_TARGET_10_2,SUPPORTS_SDG_TARGET
SCR_0048,SDG_TARGET_6_1,SUPPORTS_SDG_TARGET
SCR_0048,SDG_TARGET_6_4,SUPPORTS_SDG_TARGET
SCR_0048,SDG_TARGET_6_b,SUPPORTS_SDG_TARGET
SCR_0049,SDG_TARGET_12_4,SUPPORTS_SDG_TARGET
SCR_0049,SDG_TARGET_16_6,SUPPORTS_SDG_TARGET
SCR_0050,SDG_TARGET_13_2,SUPPORTS_SDG_TARGET
SCR_0050,SDG_TARGET_15_5,SUPPORTS_SDG_TARGET
SCR_0051,SDG_TARGET_11_b,SUPPORTS_SDG_TARGET
SCR_0051,SDG_TARGET_13_1,SUPPORTS_SDG_TARGET
SCR_0051,SDG_TARGET_9_1,SUPPORTS_SDG_TARGET
SCR_0052,SDG_TARGET_10_2,SUPPORTS_SDG_TARGET
SCR_0052,SDG_TARGET_13_2,SUPPORTS_SDG_TARGET
SCR_0052,SDG_TARGET_8_5,SUPPORTS_SDG_TARGET
SCR_0053,SDG_TARGET_10_2,SUPPORTS_SDG_TARGET
SCR_0053,SDG_TARGET_11_7,SUPPORTS_SDG_TARGET
SCR_0054,SDG_TARGET_16_6,SUPPORTS_SDG_TARGET
SCR_0054,SDG_TARGET_16_7,SUPPORTS_SDG_TARGET
SCR_0055,SDG_TARGET_11_b,SUPPORTS_SDG_TARGET
SCR_0055,SDG_TARGET_6_b,SUPPORTS_SDG_TARGET
SCR_0055,SDG_TARGET_9_1,SUPPORTS_SDG_TARGET
SCR_0056,SDG_TARGET_11_b,SUPPORTS_SDG_TARGET
SCR_0056,SDG_TARGET_4_7,SUPPORTS_SDG_TARGET
SCR_0057,SDG_TARGET_12_2,SUPPORTS_SDG_TARGET
SCR_0057,SDG_TARGET_9_1,SUPPORTS_SDG_TARGET
SCR_0058,SDG_TARGET_11_b,SUPPORTS_SDG_TARGET
SCR_0058,SDG_TARGET_12_2,SUPPORTS_SDG_TARGET
SCR_0058,SDG_TARGET_9_1,SUPPORTS_SDG_TARGET
SCR_0059,SDG_TARGET_11_b,SUPPORTS_SDG_TARGET
SCR_0059,SDG_TARGET_13_1,SUPPORTS_SDG_TARGET
SCR_0059,SDG_TARGET_15_5,SUPPORTS_SDG_TARGET
SCR_0059,SDG_TARGET_6_6,SUPPORTS_SDG_TARGET
SCR_0060,SDG_TARGET_14_2,SUPPORTS_SDG_TARGET
SCR_0060,SDG_TARGET_15_3,SUPPORTS_SDG_TARGET
SCR_0060,SDG_TARGET_6_6,SUPPORTS_SDG_TARGET
SCR_0061,SDG_TARGET_12_2,SUPPORTS_SDG_TARGET
SCR_0061,SDG_TARGET_12_4,SUPPORTS_SDG_TARGET
SCR_0061,SDG_TARGET_12_5,SUPPORTS_SDG_TARGET
SCR_0061,SDG_TARGET_9_4,SUPPORTS_SDG_TARGET
SCR_0062,SDG_TARGET_12_2,SUPPORTS_SDG_TARGET
SCR_0062,SDG_TARGET_12_5,SUPPORTS_SDG_TARGET
SCR_0062,SDG_TARGET_8_4,SUPPORTS_SDG_TARGET
SCR_0062,SDG_TARGET_9_4,SUPPORTS_SDG_TARGET
SCR_0063,SDG_TARGET_12_2,SUPPORTS_SDG_TARGET
SCR_0063,SDG_TARGET_12_5,SUPPORTS_SDG_TARGET
SCR_0063,SDG_TARGET_9_4,SUPPORTS_SDG_TARGET
SCR_0064,SDG_TARGET_12_5,SUPPORTS_SDG_TARGET
SCR_0064,SDG_TARGET_9_4,SUPPORTS_SDG_TARGET
SCR_0065,SDG_TARGET_12_5,SUPPORTS_SDG_TARGET
SCR_0065,SDG_TARGET_9_4,SUPPORTS_SDG_TARGET
SCR_0066,SDG_TARGET_11_6,SUPPORTS_SDG_TARGET
SCR_0066,SDG_TARGET_12_2,SUPPORTS_SDG_TARGET
SCR_0066,SDG_TARGET_12_5,SUPPORTS_SDG_TARGET
SCR_0067,SDG_TARGET_12_5,SUPPORTS_SDG_TARGET
SCR_0067,SDG_TARGET_9_4,SUPPORTS_SDG_TARGET
SCR_0068,SDG_TARGET_12_2,SUPPORTS_SDG_TARGET
SCR_0068,SDG_TARGET_12_5,SUPPORTS_SDG_TARGET
SCR_0068,SDG_TARGET_15_2,SUPPORTS_SDG_TARGET
SCR_0069,SDG_TARGET_12_3,SUPPORTS_SDG_TARGET
SCR_0069,SDG_TARGET_12_4,SUPPORTS_SDG_TARGET
SCR_0069,SDG_TARGET_12_5,SUPPORTS_SDG_TARGET
SCR_0070,SDG_TARGET_12_2,SUPPORTS_SDG_TARGET
SCR_0070,SDG_TARGET_12_5,SUPPORTS_SDG_TARGET
SCR_0070,SDG_TARGET_9_4,SUPPORTS_SDG_TARGET
SCR_0071,SDG_TARGET_12_7,SUPPORTS_SDG_TARGET
SCR_0071,SDG_TARGET_16_6,SUPPORTS_SDG_TARGET
SCR_0071,SDG_TARGET_8_4,SUPPORTS_SDG_TARGET
SCR_0072,SDG_TARGET_11_6,SUPPORTS_SDG_TARGET
SCR_0072,SDG_TARGET_12_2,SUPPORTS_SDG_TARGET
SCR_0072,SDG_TARGET_9_4,SUPPORTS_SDG_TARGET
SCR_0073,SDG_TARGET_11_6,SUPPORTS_SDG_TARGET
SCR_0073,SDG_TARGET_12_2,SUPPORTS_SDG_TARGET
SCR_0073,SDG_TARGET_6_4,SUPPORTS_SDG_TARGET
SCR_0073,SDG_TARGET_7_3,SUPPORTS_SDG_TARGET
SCR_0074,SDG_TARGET_10_2,SUPPORTS_SDG_TARGET
SCR_0074,SDG_TARGET_16_6,SUPPORTS_SDG_TARGET
SCR_0074,SDG_TARGET_1_4,SUPPORTS_SDG_TARGET
SCR_0074,SDG_TARGET_6_1,SUPPORTS_SDG_TARGET
SCR_0074,SDG_TARGET_6_2,SUPPORTS_SDG_TARGET
SCR_0075,SDG_TARGET_12_2,SUPPORTS_SDG_TARGET
SCR_0075,SDG_TARGET_9_4,SUPPORTS_SDG_TARGET
SCR_0076,SDG_TARGET_12_6,SUPPORTS_SDG_TARGET
SCR_0076,SDG_TARGET_13_2,SUPPORTS_SDG_TARGET
SCR_0076,SDG_TARGET_16_6,SUPPORTS_SDG_TARGET
SCR_0077,SDG_TARGET_12_4,SUPPORTS_SDG_TARGET
SCR_0077,SDG_TARGET_16_3,SUPPORTS_SDG_TARGET
SCR_0077,SDG_TARGET_16_6,SUPPORTS_SDG_TARGET
SCR_0078,SDG_TARGET_12_5,SUPPORTS_SDG_TARGET
SCR_0079,SDG_TARGET_12_6,SUPPORTS_SDG_TARGET
SCR_0079,SDG_TARGET_13_3,SUPPORTS_SDG_TARGET
SCR_0079,SDG_TARGET_16_6,SUPPORTS_SDG_TARGET
SCR_0079,SDG_TARGET_6_3,SUPPORTS_SDG_TARGET
SCR_0080,SDG_TARGET_13_1,SUPPORTS_SDG_TARGET
SCR_0080,SDG_TARGET_13_3,SUPPORTS_SDG_TARGET
SCR_0080,SDG_TARGET_14_2,SUPPORTS_SDG_TARGET
SCR_0080,SDG_TARGET_15_9,SUPPORTS_SDG_TARGET
SCR_0081,SDG_TARGET_10_2,SUPPORTS_SDG_TARGET
SCR_0081,SDG_TARGET_16_7,SUPPORTS_SDG_TARGET
SCR_0081,SDG_TARGET_6_b,SUPPORTS_SDG_TARGET
SCR_0082,SDG_TARGET_12_6,SUPPORTS_SDG_TARGET
SCR_0082,SDG_TARGET_16_6,SUPPORTS_SDG_TARGET
SCR_0082,SDG_TARGET_16_7,SUPPORTS_SDG_TARGET
SCR_0083,SDG_TARGET_12_6,SUPPORTS_SDG_TARGET
SCR_0083,SDG_TARGET_12_7,SUPPORTS_SDG_TARGET
SCR_0083,SDG_TARGET_16_6,SUPPORTS_SDG_TARGET
SCR_0083,SDG_TARGET_8_4,SUPPORTS_SDG_TARGET
SCR_0084,SDG_TARGET_10_2,SUPPORTS_SDG_TARGET
SCR_0084,SDG_TARGET_11_3,SUPPORTS_SDG_TARGET
SCR_0084,SDG_TARGET_9_1,SUPPORTS_SDG_TARGET
SCR_0085,SDG_TARGET_10_2,SUPPORTS_SDG_TARGET
SCR_0085,SDG_TARGET_11_1,SUPPORTS_SDG_TARGET
SCR_0085,SDG_TARGET_1_4,SUPPORTS_SDG_TARGET
SCR_0085,SDG_TARGET_6_1,SUPPORTS_SDG_TARGET
SCR_0085,SDG_TARGET_7_1,SUPPORTS_SDG_TARGET
SCR_0086,SDG_TARGET_12_4,SUPPORTS_SDG_TARGET
SCR_0086,SDG_TARGET_3_9,SUPPORTS_SDG_TARGET
SCR_0086,SDG_TARGET_6_3,SUPPORTS_SDG_TARGET
SCR_0087,SDG_TARGET_12_2,SUPPORTS_SDG_TARGET
SCR_0087,SDG_TARGET_6_4,SUPPORTS_SDG_TARGET
SCR_0087,SDG_TARGET_7_3,SUPPORTS_SDG_TARGET
SCR_0088,SDG_TARGET_12_4,SUPPORTS_SDG_TARGET
SCR_0088,SDG_TARGET_13_1,SUPPORTS_SDG_TARGET
SCR_0088,SDG_TARGET_3_9,SUPPORTS_SDG_TARGET
SCR_0088,SDG_TARGET_6_3,SUPPORTS_SDG_TARGET
SCR_0089,SDG_TARGET_11_3,SUPPORTS_SDG_TARGET
SCR_0089,SDG_TARGET_12_2,SUPPORTS_SDG_TARGET
SCR_0089,SDG_TARGET_9_4,SUPPORTS_SDG_TARGET
SCR_0090,SDG_TARGET_11_3,SUPPORTS_SDG_TARGET
SCR_0090,SDG_TARGET_12_8,SUPPORTS_SDG_TARGET
SCR_0090,SDG_TARGET_4_4,SUPPORTS_SDG_TARGET
SCR_0091,SDG_TARGET_10_4,SUPPORTS_SDG_TARGET
SCR_0091,SDG_TARGET_1_3,SUPPORTS_SDG_TARGET
SCR_0091,SDG_TARGET_1_5,SUPPORTS_SDG_TARGET
SCR_0092,SDG_TARGET_2_1,SUPPORTS_SDG_TARGET
SCR_0092,SDG_TARGET_2_2,SUPPORTS_SDG_TARGET
SCR_0092,SDG_TARGET_2_4,SUPPORTS_SDG_TARGET
SCR_0092,SDG_TARGET_3_4,SUPPORTS_SDG_TARGET
SCR_0093,SDG_TARGET_10_2,SUPPORTS_SDG_TARGET
SCR_0093,SDG_TARGET_10_3,SUPPORTS_SDG_TARGET
SCR_0093,SDG_TARGET_5_5,SUPPORTS_SDG_TARGET
SCR_0093,SDG_TARGET_5_a,SUPPORTS_SDG_TARGET
SCR_0093,SDG_TARGET_5_b,SUPPORTS_SDG_TARGET
SCR_0094,SDG_TARGET_10_3,SUPPORTS_SDG_TARGET
SCR_0094,SDG_TARGET_8_5,SUPPORTS_SDG_TARGET
SCR_0094,SDG_TARGET_8_8,SUPPORTS_SDG_TARGET
SCR_0095,SDG_TARGET_16_6,SUPPORTS_SDG_TARGET
SCR_0095,SDG_TARGET_16_7,SUPPORTS_SDG_TARGET
SCR_0095,SDG_TARGET_17_13,SUPPORTS_SDG_TARGET
SCR_0095,SDG_TARGET_17_14,SUPPORTS_SDG_TARGET
SCR_0095,SDG_TARGET_17_15,SUPPORTS_SDG_TARGET
SCR_0096,SDG_TARGET_17_16,SUPPORTS_SDG_TARGET
SCR_0096,SDG_TARGET_17_17,SUPPORTS_SDG_TARGET
SCR_0096,SDG_TARGET_17_6,SUPPORTS_SDG_TARGET
SCR_0096,SDG_TARGET_4_c,SUPPORTS_SDG_TARGET
SCR_0096,SDG_TARGET_9_a,SUPPORTS_SDG_TARGET
SCR_0096,SDG_TARGET_9_b,SUPPORTS_SDG_TARGET
